appearance_id,game_id,player_id,player_club_id,player_current_club_id,date,player_name,competition_id,yellow_cards,red_cards,goals,assists,minutes_played
2718983_249513,2718983,249513,1244,3709,2017-03-19,Diego Rico,ES1,0,0,0,0,90
2486678_39532,2486678,39532,984,289,2015-01-10,Victor Anichebe,GB1,0,0,0,1,17
3886639_115333,3886639,115333,12321,12321,2023-04-22,Juanpe,ES1,0,0,0,0,90
3886601_378139,3886601,378139,150,150,2023-04-02,Aitor Ruibal,ES1,0,0,0,0,90
2486741_67063,2486741,67063,11,1237,2015-03-04,Danny Welbeck,GB1,0,0,0,0,1
3611517_380598,3611517,380598,367,1050,2022-05-20,Santi Comesaña,ES1,0,0,0,0,29
3886298_31909,3886298,31909,418,418,2022-09-11,Toni Kroos,ES1,0,0,0,1,90
2594629_85258,2594629,85258,621,621,2015-12-20,Mikel Balenziaga,ES1,0,0,0,0,90
3079498_126737,3079498,126737,681,3709,2018-12-15,Juanmi,ES1,0,0,0,0,78
2719016_137174,2719016,137174,897,897,2017-04-08,Alejandro Arribas,ES1,1,0,0,0,90
3050283_105470,3050283,105470,31,31,2018-11-11,Alisson,GB1,0,0,0,0,90
2718909_126737,2718909,126737,681,3709,2017-02-05,Juanmi,ES1,0,0,1,0,13
3080764_207924,3080764,207924,940,940,2019-01-19,Jozabed Sánchez,ES1,1,0,0,0,90
3451197_298575,3451197,298575,331,331,2021-03-06,Kike Barja,ES1,0,0,0,0,62
3208678_177467,3208678,177467,1050,1050,2019-09-21,Gerard Moreno,ES1,0,0,0,0,90
3605331_142021,3605331,142021,714,237,2021-10-23,Sergi Darder,ES1,0,0,0,0,67
3081098_284857,3081098,284857,1533,631,2019-04-28,Marc Cucurella,ES1,0,0,0,0,90
3838712_425334,3838712,425334,405,405,2023-03-18,Matty Cash,GB1,0,0,0,0,90
3429787_67420,3429787,67420,399,399,2021-04-03,Luke Ayling,GB1,0,0,0,0,90
3838274_391005,3838274,391005,1148,180,2023-01-02,Mads Roerslev,GB1,0,0,0,0,90
3050236_206040,3050236,206040,543,931,2018-09-29,Raúl Jiménez,GB1,0,0,0,1,90
4113061_251896,4113061,251896,16795,418,2023-10-08,Jesús Vallejo,ES1,1,0,0,0,6
3592276_392765,3592276,392765,11,931,2022-05-01,Emile Smith Rowe,GB1,0,0,0,0,3
3209805_255653,3209805,255653,940,940,2020-02-09,Santi Mina,ES1,0,0,0,0,2
3605050_349836,3605050,349836,1531,1531,2021-08-22,Diego González,ES1,0,0,0,0,4
3838640_184573,3838640,184573,985,405,2023-04-30,Victor Lindelöf,GB1,0,0,0,0,90
3219124_192080,3219124,192080,1132,762,2020-07-11,Nick Pope,GB1,1,0,0,0,90
3886646_331496,3886646,331496,12321,237,2023-04-25,Valery Fernández,ES1,0,0,0,0,18
3080894_225122,3080894,225122,1049,681,2019-04-21,Gonçalo Guedes,ES1,0,0,2,0,77
2594629_59349,2594629,59349,3368,3302,2015-12-20,Diego Mariño,ES1,0,0,0,0,90
3610291_353032,3610291,353032,1049,289,2022-01-22,Omar Alderete,ES1,0,0,0,0,54
2594584_351478,2594584,351478,681,681,2015-11-21,Mikel Oyarzabal,ES1,0,0,0,0,27
2594708_65243,2594708,65243,714,714,2016-02-13,Abraham González,ES1,1,0,0,0,90
2698175_45330,2698175,45330,984,984,2016-11-06,Claudio Yacob,GB1,0,0,0,0,90
3607621_42920,3607621,42920,714,714,2022-01-10,Fran Mérida,ES1,1,0,0,0,5
4095239_467623,4095239,467623,1132,1132,2023-12-16,Lyle Foster,GB1,0,0,0,0,45
3451156_251897,3451156,251897,621,1108,2021-02-21,Asier Villalibre,ES1,0,0,0,0,7
2899675_158795,2899675,158795,12321,3709,2017-11-25,David Timor,ES1,0,0,0,0,55
2698432_85475,2698432,85475,2288,762,2017-02-25,Federico Fernández,GB1,0,0,0,0,90
2899787_223068,2899787,223068,472,472,2018-02-09,Tana,ES1,0,0,0,0,57
3451464_255508,3451464,255508,621,621,2021-05-16,Iñaki Williams,ES1,0,0,0,0,65
3838752_730893,3838752,730893,873,873,2023-02-18,Tyrick Mitchell,GB1,0,0,0,0,82
2719065_204097,2719065,204097,16795,16795,2017-05-06,Juanan Entrena,ES1,0,0,0,0,9
3421741_171679,3421741,171679,148,543,2020-11-01,Matt Doherty,GB1,0,0,0,0,90
3219146_249356,3219146,249356,989,989,2020-07-19,Jack Stacey,GB1,0,0,0,0,90
2475436_39381,2475436,39381,418,418,2015-03-07,Gareth Bale,ES1,0,0,0,0,90
2475437_37399,2475437,37399,1533,1533,2015-03-06,Manu del Moral,ES1,1,0,0,0,90
2578008_36814,2578008,36814,984,984,2015-10-24,Chris Brunt,GB1,1,0,0,0,90
4095148_485585,4095148,485585,631,405,2023-10-07,Ian Maatsen,GB1,0,0,0,0,4
3050294_63494,3050294,63494,1010,1050,2018-11-24,Étienne Capoue,GB1,0,0,0,0,90
3079408_64598,3079408,64598,12321,12321,2018-09-30,Bernardo Espinosa,ES1,1,0,0,0,90
3592195_333241,3592195,333241,762,762,2022-05-22,Joelinton,GB1,0,0,0,0,11
4112845_536030,4112845,536030,3302,3302,2023-12-17,Arnau Puigmal,ES1,0,0,0,0,5
3605063_252667,3605063,252667,2687,2687,2021-08-29,Fali,ES1,1,0,0,0,90
3886324_193784,3886324,193784,1531,1531,2022-10-15,Carlos Clerc,ES1,0,0,0,1,90
2577964_3881,2577964,3881,512,512,2015-09-19,Glen Johnson,GB1,0,0,0,0,90
2475395_57876,2475395,57876,897,897,2015-02-06,Laure,ES1,0,0,0,0,9
2899600_27487,2899600,27487,3709,3709,2017-09-24,Francisco Molinero,ES1,0,0,0,0,7
2899834_64598,2899834,64598,12321,12321,2018-03-09,Bernardo Espinosa,ES1,0,0,0,0,90
2594819_255501,2594819,255501,621,621,2016-04-24,Iñigo Lekue,ES1,0,0,0,0,35
3429838_341051,3429838,341051,180,379,2021-05-08,Kyle Walker-Peters,GB1,0,0,0,0,90
3885859_295622,3885859,295622,714,714,2022-09-04,Keidi Bare,ES1,0,0,0,0,16
2475445_101742,2475445,101742,3302,3368,2015-03-15,Ángel Trujillo,ES1,0,0,0,0,90
3451039_192009,3451039,192009,621,367,2020-12-12,Unai López,ES1,1,0,0,0,45
3050529_241641,3050529,241641,281,281,2019-04-20,Bernardo Silva,GB1,0,0,0,0,90
3886600_298976,3886600,298976,3709,3709,2023-04-01,Borja Mayoral,ES1,0,0,0,0,90
3210111_18944,3210111,18944,131,131,2020-07-05,Gerard Piqué,ES1,0,0,0,0,82
3219125_477758,3219125,477758,985,379,2020-07-04,Aaron Wan-Bissaka,GB1,0,0,0,0,90
3610407_108390,3610407,108390,418,418,2022-03-05,Thibaut Courtois,ES1,0,0,0,0,90
2872138_121398,2872138,121398,1110,1110,2017-08-26,Tommy Smith,GB1,0,0,0,0,90
2872132_202984,2872132,202984,2288,366,2017-08-19,Roque Mesa,GB1,0,0,0,0,67
2486721_12814,2486721,12814,873,873,2015-02-21,Julián Speroni,GB1,0,0,0,0,90
3219368_31835,3219368,31835,379,379,2019-11-09,Mark Noble,GB1,0,0,0,0,20
2698247_13507,2698247,13507,29,29,2017-02-01,Leighton Baines,GB1,0,0,0,0,90
2578240_3838,2578240,3838,984,984,2015-12-28,Boaz Myhill,GB1,0,0,0,0,90
2899762_37501,2899762,37501,681,681,2018-02-02,Imanol Agirretxe,ES1,0,0,0,0,5
3592090_346483,3592090,346483,631,985,2021-12-19,Mason Mount,GB1,0,0,0,0,90
3050484_128901,3050484,128901,543,1003,2019-04-24,Conor Coady,GB1,0,0,0,0,90
3605222_15956,3605222,15956,368,368,2021-09-22,Jesús Navas,ES1,0,0,0,0,34
3838622_111422,3838622,111422,931,931,2023-05-13,Neeskens Kebano,GB1,0,0,0,0,12
3592151_253677,3592151,253677,405,405,2021-12-26,Tyrone Mings,GB1,1,0,0,0,90
2594842_242548,2594842,242548,897,897,2016-05-14,Fede Cartabia,ES1,0,0,0,0,90
2718787_56777,2718787,56777,897,5358,2016-10-15,Luísinho,ES1,0,0,0,0,27
3838027_257455,3838027,257455,931,148,2022-10-09,João Palhinha,GB1,0,0,0,0,90
3050316_250478,3050316,250478,180,762,2018-12-05,Matt Targett,GB1,0,0,0,0,90
3208797_227805,3208797,227805,1049,1049,2019-12-07,Jaume Doménech,ES1,0,0,0,0,63
3429821_314875,3429821,314875,379,379,2021-04-24,Jarrod Bowen,GB1,0,0,0,0,90
3219169_35518,3219169,35518,281,681,2020-06-22,David Silva,GB1,0,0,1,0,90
3886411_351809,3886411,351809,681,13,2022-11-06,Robin Le Normand,ES1,0,0,0,0,90
3219164_92571,3219164,92571,379,379,2020-06-20,Aaron Cresswell,GB1,0,0,0,0,90
3451422_126716,3451422,126716,1050,1050,2021-04-25,Paco Alcácer,ES1,0,0,0,0,60
4113092_783396,4113092,783396,1050,714,2023-11-12,Ramón Terrats,ES1,0,0,0,0,54
3080871_225122,3080871,225122,1049,681,2019-04-03,Gonçalo Guedes,ES1,0,0,1,0,73
3451462_111961,3451462,111961,368,368,2021-05-12,Suso,ES1,0,0,0,0,84
2578160_65255,2578160,65255,1123,1123,2016-03-01,Timm Klose,GB1,1,0,0,0,90
3592071_343052,3592071,343052,11,1050,2021-12-11,Nicolas Pépé,GB1,0,0,0,0,7
3079311_319745,3079311,319745,418,418,2018-08-19,Dani Ceballos,ES1,0,0,0,0,71
2718720_37403,2718720,37403,714,366,2016-08-26,Roberto,ES1,0,0,0,0,90
2719015_126716,2719015,126716,131,1050,2017-04-08,Paco Alcácer,ES1,0,0,0,0,29
3079386_255488,3079386,255488,621,621,2018-09-23,Yeray Álvarez,ES1,1,0,0,0,90
2718857_175446,2718857,175446,940,1108,2016-12-11,Jonny Otto,ES1,0,0,0,0,90
2872416_108390,2872416,108390,631,418,2018-04-19,Thibaut Courtois,GB1,0,0,0,0,90
3080883_121483,3080883,121483,13,13,2019-04-13,Jan Oblak,ES1,0,0,0,0,90
2594707_51426,2594707,51426,681,3709,2016-02-14,Markel Bergara,ES1,0,0,0,0,13
3421756_75067,3421756,75067,399,399,2020-11-22,Liam Cooper,GB1,1,0,0,0,90
3886291_334222,3886291,334222,1531,1108,2022-10-03,Lucas Boyé,ES1,1,0,1,0,84
3219362_241641,3219362,241641,281,281,2019-11-02,Bernardo Silva,GB1,0,0,0,0,84
2872426_128969,2872426,128969,1237,3368,2018-03-31,Mathew Ryan,GB1,0,0,0,0,90
3838004_163744,3838004,163744,989,180,2022-09-17,Jack Stephens,GB1,0,0,0,0,1
3886634_552425,3886634,552425,331,331,2023-04-22,Jon Moncayola,ES1,0,0,1,0,90
2718834_351478,2718834,351478,681,681,2016-11-27,Mikel Oyarzabal,ES1,0,0,0,0,85
3429863_435338,3429863,435338,11,11,2021-05-23,Gabriel,GB1,0,0,0,0,90
3421750_48066,3421750,48066,762,762,2020-11-06,Andy Carroll,GB1,0,0,0,0,12
2719019_85258,2719019,85258,621,621,2017-04-14,Mikel Balenziaga,ES1,0,0,0,0,52
2594554_60890,2594554,60890,940,366,2015-10-24,Fabián Orellana,ES1,0,0,0,0,82
4095146_177476,4095146,177476,281,281,2023-10-08,Nathan Aké,GB1,0,0,0,0,90
3886671_284884,3886671,284884,940,1244,2023-05-14,Óscar Rodríguez,ES1,0,0,0,0,35
2594614_223725,2594614,223725,131,1244,2015-12-12,Munir El Haddadi,ES1,0,0,0,0,22
3837991_346314,3837991,346314,631,631,2023-01-12,Trevoh Chalobah,GB1,1,0,0,0,79
2718712_27374,2718712,27374,897,150,2016-08-19,Sidnei,ES1,0,0,0,0,90
3219166_398065,3219166,398065,1003,762,2020-07-16,Harvey Barnes,GB1,0,0,0,0,76
2594541_13872,2594541,13872,367,367,2015-10-17,Zé Castro,ES1,0,0,0,0,90
2578248_42412,2578248,42412,984,985,2016-04-30,Jonny Evans,GB1,0,0,0,0,90
3838759_52570,3838759,52570,148,989,2023-02-19,Fraser Forster,GB1,0,0,0,0,90
2486686_3160,2486686,3160,631,631,2015-01-17,John Terry,GB1,0,0,0,0,90
3886307_371998,3886307,371998,418,418,2022-10-08,Vinicius Junior,ES1,0,0,0,0,90
2698002_77760,2698002,77760,148,148,2016-08-20,Victor Wanyama,GB1,0,0,1,0,90
3208652_131667,3208652,131667,16795,16795,2019-09-01,Ramon Azeez,ES1,0,0,1,0,34
3451016_50202,3451016,50202,418,418,2020-11-28,Eden Hazard,ES1,0,0,0,0,28
2698434_258923,2698434,258923,985,131,2017-03-04,Marcus Rashford,GB1,1,0,0,0,20
3050279_131978,3050279,131978,631,405,2018-11-11,Ross Barkley,GB1,0,0,0,0,8
4095150_730861,4095150,730861,989,31,2023-10-07,Milos Kerkez,GB1,0,0,0,0,67
3208788_99922,3208788,99922,150,150,2019-11-30,Marc Bartra,ES1,0,0,0,0,90
3219395_193116,3219395,193116,405,405,2019-10-19,John McGinn,GB1,0,0,0,0,90
3050370_162029,3050370,162029,762,940,2019-01-12,Javier Manquillo,GB1,0,0,0,0,8
3050353_253677,3050353,253677,989,405,2018-12-30,Tyrone Mings,GB1,0,0,0,0,8
3592151_413403,3592151,413403,405,405,2021-12-26,Ezri Konsa,GB1,1,0,0,0,90
3081120_616369,3081120,616369,681,681,2019-05-12,Ander Barrenetxea,ES1,0,0,1,0,87
2899858_7767,2899858,7767,13,13,2018-04-22,Fernando Torres,ES1,0,0,0,0,90
2594560_40442,2594560,40442,714,714,2015-10-23,Paco Montañés,ES1,0,0,0,0,26
3592195_95810,3592195,95810,762,762,2022-05-22,Kieran Trippier,GB1,0,0,0,0,90
2594505_17491,2594505,17491,3709,3709,2015-09-18,Roberto Lago,ES1,1,0,0,0,67
2594558_238717,2594558,238717,2448,2448,2015-10-26,Pablo Pérez,ES1,0,0,0,0,20
3451391_255508,3451391,255508,621,621,2021-04-07,Iñaki Williams,ES1,0,0,0,0,90
3209986_114060,3209986,114060,331,331,2020-03-01,Enric Gallego,ES1,1,0,0,0,90
3079311_31909,3079311,31909,418,418,2018-08-19,Toni Kroos,ES1,0,0,0,0,90
3050373_61560,3050373,61560,1003,1003,2019-01-12,Marc Albrighton,GB1,0,0,0,0,45
3886303_167721,3886303,167721,331,150,2022-09-12,Chimy Ávila,ES1,0,0,1,0,74
2594524_74230,2594524,74230,3709,543,2015-09-27,Pablo Sarabia,ES1,0,0,0,1,24
2475420_189458,2475420,189458,3709,367,2015-02-28,Emiliano Velázquez,ES1,0,0,0,1,90
3592117_378710,3592117,378710,29,148,2022-01-15,Richarlison,GB1,0,0,1,0,36
4087932_534033,4087932,534033,31,31,2023-08-13,Alexis Mac Allister,GB1,1,0,0,0,90
3431942_349856,3431942,349856,3368,3368,2020-10-01,Son,ES1,1,0,0,0,90
2872185_130164,2872185,130164,29,29,2017-10-15,Jordan Pickford,GB1,0,0,0,0,90
3592196_420002,3592196,420002,873,873,2022-02-09,Jean-Philippe Mateta,GB1,1,0,0,0,80
2594691_46215,2594691,46215,367,367,2016-02-06,Javi Guerra,ES1,0,0,0,0,5
3219219_447661,3219219,447661,405,405,2020-02-16,Douglas Luiz,GB1,0,0,0,0,90
2577863_12384,2577863,12384,1123,1123,2015-08-08,Alexander Tettey,GB1,1,0,0,0,54
3429728_61651,3429728,61651,31,1148,2021-02-13,Jordan Henderson,GB1,0,0,0,0,90
3885862_743589,3885862,743589,3302,3302,2022-09-05,Kaiky,ES1,1,0,0,0,14
3219347_48002,3219347,48002,379,379,2019-11-30,Angelo Ogbonna,GB1,0,0,0,0,90
2872265_40613,2872265,40613,1132,1132,2017-12-09,Jack Cork,GB1,0,0,0,0,90
3838632_295313,3838632,295313,703,703,2023-05-08,Taiwo Awoniyi,GB1,0,0,2,0,81
2578038_9966,2578038,9966,1010,1010,2015-11-21,Almen Abdi,GB1,0,0,0,0,90
2872208_70950,2872208,70950,762,762,2017-10-30,Mohamed Diamé,GB1,0,0,0,0,83
3210077_448844,3210077,448844,16795,16795,2020-06-22,Carlos Neva,ES1,1,0,0,0,77
3451012_225593,3451012,225593,1531,714,2020-11-28,Pere Milla,ES1,1,0,0,1,90
2475456_65237,2475456,65237,940,940,2015-03-21,Andreu Fontàs,ES1,0,0,0,0,90
3210137_127554,3210137,127554,366,366,2020-07-16,Nacho Martínez,ES1,0,0,0,0,90
3429857_130164,3429857,130164,29,29,2021-05-19,Jordan Pickford,GB1,0,0,0,0,90
3451373_127837,3451373,127837,621,621,2021-03-20,Ibai Gómez,ES1,0,0,0,0,15
3431936_326416,3431936,326416,1531,2497,2020-09-30,Dani Calvo,ES1,0,0,0,0,90
2698235_73491,2698235,73491,1003,631,2016-11-19,Danny Drinkwater,GB1,1,0,0,0,90
3208670_129473,3208670,129473,940,681,2019-09-21,Rafinha,ES1,0,0,0,0,90
3421825_392768,3421825,392768,631,703,2020-12-28,Callum Hudson-Odoi,GB1,0,0,0,0,90
2872324_67063,2872324,67063,11,1237,2017-12-31,Danny Welbeck,GB1,0,0,0,0,16
2698241_66333,2698241,66333,3008,405,2016-12-30,Ahmed Elmohamady,GB1,1,0,0,0,90
2698416_39679,2698416,39679,985,985,2017-04-16,Marouane Fellaini,GB1,0,0,0,0,90
3050410_242631,3050410,242631,11,931,2019-02-09,Alex Iwobi,GB1,0,0,1,0,88
3050481_192765,3050481,192765,148,148,2019-04-03,Ben Davies,GB1,0,0,0,0,90
2578026_31720,2578026,31720,289,289,2015-11-23,Sebastian Larsson,GB1,0,0,0,0,60
3886536_188854,3886536,188854,1050,1050,2023-02-12,Manu Trigueros,ES1,0,0,0,0,7
2578020_111508,2578020,111508,1010,3709,2015-10-31,Allan Nyom,GB1,1,0,0,0,90
2486809_203460,2486809,203460,405,29,2015-05-02,Jack Grealish,GB1,0,0,0,0,90
3886644_307519,3886644,307519,2687,2687,2023-04-25,Fede San Emeterio,ES1,0,0,0,0,68
3081100_67546,3081100,67546,5358,5358,2019-04-28,Jorge Pulido,ES1,0,1,0,0,90
2594650_21725,2594650,21725,13,13,2016-01-02,Filipe Luís,ES1,0,0,0,0,90
3208732_455181,3208732,455181,366,367,2019-10-26,Jorge de Frutos,ES1,0,0,0,0,21
2872415_13572,2872415,13572,984,1010,2018-03-17,Ben Foster,GB1,0,0,0,0,90
2718810_29124,2718810,29124,621,621,2016-11-06,Aritz Aduriz,ES1,0,0,0,0,61
2872478_148455,2872478,148455,31,31,2018-05-06,Mohamed Salah,GB1,1,0,0,0,90
2872253_241641,2872253,241641,281,281,2017-11-29,Bernardo Silva,GB1,0,0,0,0,10
3592143_505194,3592143,505194,1003,1003,2022-03-05,Luke Thomas,GB1,0,0,0,0,90
2719035_19979,2719035,19979,897,897,2017-04-23,Germán Lux,ES1,0,0,0,0,90
2719043_74857,2719043,74857,131,12321,2017-04-26,Marc-André ter Stegen,ES1,0,0,0,0,90
2486799_6710,2486799,6710,11,11,2015-04-26,Per Mertesacker,GB1,0,0,0,0,90
2578056_148368,2578056,148368,31,703,2015-12-06,Divock Origi,GB1,0,0,0,0,15
3079306_459463,3079306,459463,5358,150,2018-08-19,Cucho Hernández,ES1,0,0,0,0,77
3607624_31909,3607624,31909,418,418,2022-01-08,Toni Kroos,ES1,0,0,0,0,90
3592102_134294,3592102,134294,405,379,2022-02-19,Danny Ings,GB1,0,0,0,0,90
3885843_248738,3885843,248738,331,331,2022-08-26,Sergio Herrera,ES1,0,0,0,0,90
3844089_246204,3844089,246204,367,714,2022-08-13,Salvi Sánchez,ES1,0,0,0,0,11
3605053_527350,3605053,527350,1049,12321,2021-08-21,Manu Vallejo,ES1,0,0,0,0,11
2872361_92469,2872361,92469,762,762,2018-01-31,Matt Ritchie,GB1,0,0,0,0,18
3838025_333241,3838025,333241,762,762,2022-10-08,Joelinton,GB1,0,0,0,0,24
3429744_226973,3429744,226973,931,931,2021-02-28,Harrison Reed,GB1,0,0,0,0,90
2698176_31835,2698176,31835,379,379,2016-10-30,Mark Noble,GB1,0,0,0,0,90
3607574_338425,3607574,338425,621,621,2021-12-06,Álex Berenguer,ES1,0,0,0,0,7
2594618_8184,2594618,8184,3368,331,2015-12-12,Rubén Martínez,ES1,0,0,0,0,90
2872395_128969,2872395,128969,1237,3368,2018-03-04,Mathew Ryan,GB1,0,0,0,0,90
3886701_212862,3886701,212862,681,681,2023-05-28,Álex Remiro,ES1,0,0,0,0,90
3219087_480987,3219087,480987,989,984,2019-08-25,Chris Mepham,GB1,0,0,0,0,90
2578132_129627,2578132,129627,180,984,2016-02-06,Charlie Austin,GB1,0,0,0,0,18
3583521_434207,3583521,434207,1237,1237,2021-08-21,Aaron Connolly,GB1,0,0,0,0,45
3451078_254037,3451078,254037,2687,2687,2021-01-04,Iza Carcelén,ES1,0,0,0,0,90
4095065_184573,4095065,184573,985,405,2023-09-23,Victor Lindelöf,GB1,0,0,0,0,90
3050406_148455,3050406,148455,31,31,2019-02-04,Mohamed Salah,GB1,0,0,0,0,90
3420824_251912,3420824,251912,984,3008,2020-09-13,Semi Ajayi,GB1,1,0,0,0,90
4095137_111195,4095137,111195,1237,1237,2023-09-30,Joël Veltman,GB1,0,0,0,0,90
4095183_375885,4095183,375885,703,703,2023-11-05,Ibrahim Sangaré,GB1,0,0,0,0,90
2899895_127837,2899895,127837,1108,621,2018-03-04,Ibai Gómez,ES1,0,0,0,0,80
3592121_433177,3592121,433177,11,11,2022-01-23,Bukayo Saka,GB1,0,0,0,0,90
3210099_25557,3210099,25557,418,368,2020-07-02,Sergio Ramos,ES1,1,0,1,0,90
2899767_221322,2899767,221322,1049,1049,2018-02-11,José Gayà,ES1,1,0,0,0,90
3208850_396894,3208850,396894,1049,2687,2020-01-25,Maxi Gómez,ES1,0,0,1,1,80
3210041_71579,3210041,71579,331,331,2020-06-17,Iñigo Pérez,ES1,1,0,0,0,90
3886471_502676,3886471,502676,1049,31,2022-12-31,Giorgi Mamardashvili,ES1,0,0,0,0,90
2872228_148262,2872228,148262,1132,762,2017-11-18,Jeff Hendrick,GB1,0,0,0,1,80
2475480_142021,2475480,142021,1084,237,2015-04-11,Sergi Darder,ES1,1,0,0,0,90
2899770_67548,2899770,67548,3368,16795,2018-02-18,Rubén Rochina,ES1,0,0,0,0,35
3050298_199528,3050298,199528,603,603,2018-11-30,Josh Murphy,GB1,0,0,0,0,66
3079425_230784,3079425,230784,13,1050,2018-10-20,Thomas Partey,ES1,0,0,0,0,90
4113089_527966,4113089,527966,367,367,2023-11-25,Andrei Rațiu,ES1,0,0,0,0,12
3421699_67420,3421699,67420,399,399,2020-09-27,Luke Ayling,GB1,0,0,0,0,90
3208681_423444,3208681,423444,940,12321,2019-09-26,Fran Beltrán,ES1,0,0,0,0,90
3451480_238868,3451480,238868,1050,331,2021-05-22,Rubén Peña,ES1,0,0,0,0,24
4112868_162027,4112868,162027,2687,2687,2023-12-21,David Gil,ES1,0,0,0,0,90
2578264_331726,2578264,331726,631,405,2016-05-15,Tammy Abraham,GB1,0,0,0,0,37
3429841_272622,3429841,272622,379,931,2021-05-09,Issa Diop,GB1,0,0,0,0,90
2872275_63200,2872275,63200,1132,1132,2017-12-12,Ashley Barnes,GB1,0,0,1,0,19
3210017_238486,3210017,238486,940,940,2020-06-13,Filip Bradaric,ES1,0,0,0,0,90
2698144_44675,2698144,44675,512,512,2016-11-19,Bojan Krkic,GB1,0,0,0,0,73
2475538_175446,2475538,175446,940,1108,2015-05-10,Jonny Otto,ES1,0,0,0,0,90
2594545_263856,2594545,263856,3368,150,2015-10-17,Víctor Camarasa,ES1,0,0,0,0,90
2698343_63200,2698343,63200,1132,1132,2017-04-15,Ashley Barnes,GB1,0,0,0,0,83
2698144_4072,2698144,4072,512,1132,2016-11-19,Peter Crouch,GB1,0,0,0,0,22
3605202_182579,3605202,182579,368,368,2021-12-21,Karim Rekik,ES1,0,0,0,0,90
2578072_47995,2578072,47995,873,1110,2015-12-19,Jason Puncheon,GB1,0,0,0,0,79
3219256_258919,3219256,258919,350,873,2020-01-10,Dean Henderson,GB1,0,0,0,0,90
3607592_255653,3607592,255653,940,940,2021-12-10,Santi Mina,ES1,0,0,0,0,19
3079314_175449,3079314,175449,5358,331,2018-08-27,Moi Gómez,ES1,0,0,0,0,61
3886590_250845,3886590,250845,13,13,2023-03-18,José María Giménez,ES1,0,0,0,0,90
2475482_57935,2475482,57935,1531,2687,2015-04-12,Álvaro Giménez,ES1,0,0,0,0,16
2718885_57693,2718885,57693,331,331,2017-01-15,Mario Fernández,ES1,0,0,0,0,90
4113094_423444,4113094,423444,940,12321,2023-11-25,Fran Beltrán,ES1,0,0,0,0,90
2718831_158795,2718831,158795,1244,3709,2016-11-26,David Timor,ES1,0,0,0,0,90
3050277_429014,3050277,429014,543,703,2018-11-11,Morgan Gibbs-White,GB1,0,0,0,0,5
3610567_396894,3610567,396894,1049,2687,2022-03-19,Maxi Gómez,ES1,0,0,0,0,86
3209960_99353,3209960,99353,681,12321,2020-03-10,Portu,ES1,0,0,0,1,23
2719025_44069,2719025,44069,897,5358,2017-04-15,Pedro Mosquera,ES1,0,0,1,0,27
2872234_112515,2872234,112515,631,940,2017-11-18,Marcos Alonso,GB1,0,0,1,0,90
3607597_170472,3607597,170472,1049,1049,2021-12-11,Dimitri Foulquier,ES1,1,0,0,0,90
3208762_251106,3208762,251106,366,989,2019-11-09,Enes Ünal,ES1,0,0,0,0,90
2486669_6710,2486669,6710,11,11,2015-01-11,Per Mertesacker,GB1,0,0,0,0,90
3844088_256267,3844088,256267,237,237,2022-08-15,Vedat Muriqi,ES1,0,0,0,0,87
3208667_351478,3208667,351478,681,681,2019-09-14,Mikel Oyarzabal,ES1,0,0,0,0,90
3208787_252677,3208787,252677,3368,3368,2019-12-01,José Luis Morales,ES1,0,0,0,0,90
2872397_238407,2872397,238407,873,13,2018-03-05,Alexander Sørloth,GB1,0,0,0,0,90
3208847_45383,3208847,45383,331,331,2020-01-24,Adrián López,ES1,0,0,0,0,69
2475497_127554,2475497,127554,367,366,2015-04-19,Nacho Martínez,ES1,0,0,0,0,90
4095070_203460,4095070,203460,281,29,2023-09-23,Jack Grealish,GB1,1,0,0,0,3
3838242_64399,3838242,64399,873,940,2022-11-12,Vicente Guaita,GB1,0,0,0,0,90
3837825_336869,3837825,336869,399,150,2022-08-13,Marc Roca,GB1,0,0,0,0,88
3592083_474701,3592083,474701,399,379,2021-12-18,Crysencio Summerville,GB1,0,0,0,0,50
2899909_70934,2899909,70934,368,940,2018-05-19,Nolito,ES1,0,0,0,0,81
3208804_95810,3208804,95810,13,762,2019-12-14,Kieran Trippier,ES1,0,0,0,1,90
3208749_16306,3208749,16306,418,985,2019-10-30,Casemiro,ES1,0,0,0,0,90
3451467_203516,3451467,203516,1531,472,2021-05-16,Nuke Mfulu,ES1,0,0,0,0,77
2872399_61651,2872399,61651,31,1148,2018-03-03,Jordan Henderson,GB1,0,0,0,0,90
2698307_43763,2698307,43763,512,1132,2017-03-08,Erik Pieters,GB1,0,0,0,0,90
2486837_36814,2486837,36814,984,984,2015-05-18,Chris Brunt,GB1,0,0,1,0,90
3886492_617074,3886492,617074,1049,940,2023-02-02,Ilaix Moriba,ES1,0,0,0,0,20
2475390_63290,2475390,63290,714,714,2015-02-08,Víctor Sánchez,ES1,1,0,0,0,70
4095213_503733,4095213,503733,762,762,2023-12-02,Anthony Gordon,GB1,0,0,1,0,90
3081098_443222,3081098,443222,1533,472,2019-04-28,Marc Cardona,ES1,0,0,0,0,19
3611465_263727,3611465,263727,368,368,2022-04-21,Joan Jordán,ES1,1,0,0,0,55
2698204_111455,2698204,111455,11,289,2016-12-26,Granit Xhaka,GB1,0,0,0,0,90
3610574_95963,3610574,95963,16795,16795,2022-04-03,Germán Sánchez,ES1,0,0,0,1,90
3219399_392768,3219399,392768,631,703,2019-10-06,Callum Hudson-Odoi,GB1,0,0,0,1,80
2486744_49655,2486744,49655,31,984,2015-03-04,Rickie Lambert,GB1,0,0,0,0,1
2594618_63689,2594618,63689,16795,1533,2015-12-12,Fran Rico,ES1,1,0,0,0,76
3450973_203516,3450973,203516,1531,472,2020-10-23,Nuke Mfulu,ES1,0,0,0,0,1
2475528_88490,2475528,88490,368,714,2015-05-02,Aleix Vidal,ES1,1,0,0,2,90
3219373_427568,3219373,427568,989,762,2019-10-26,Aaron Ramsdale,GB1,0,0,0,0,90
2594675_85258,2594675,85258,621,621,2016-01-24,Mikel Balenziaga,ES1,0,0,0,1,90
3886335_40423,3886335,40423,150,150,2022-10-19,Claudio Bravo,ES1,0,0,0,0,90
2577958_256178,2577958,256178,31,31,2015-09-12,Joe Gomez,GB1,0,0,0,0,90
2578070_54170,2578070,54170,631,631,2015-12-19,Ramires,GB1,0,0,0,0,8
3050479_158623,3050479,158623,931,931,2019-03-17,Cyrus Christie,GB1,0,0,0,0,17
3886673_277533,3886673,277533,1531,1531,2023-05-14,Josan,ES1,0,0,0,0,23
3858319_30321,3858319,30321,367,367,2022-09-17,Óscar Trejo,ES1,0,0,1,0,90
2577972_41416,2577972,41416,873,873,2015-09-20,James McArthur,GB1,0,0,0,0,76
2578111_40433,2578111,40433,11,368,2016-01-24,Alexis Sánchez,GB1,0,0,0,0,33
4113047_585700,4113047,585700,150,1244,2023-09-02,Juan Cruz,ES1,0,0,0,0,14
2578084_45330,2578084,45330,984,984,2016-01-13,Claudio Yacob,GB1,1,0,0,0,60
2872227_119164,2872227,119164,1237,1237,2017-11-20,Ezequiel Schelotto,GB1,0,0,0,0,6
2578145_45330,2578145,45330,984,984,2016-02-06,Claudio Yacob,GB1,0,0,0,0,90
3451100_67080,3451100,67080,1108,1108,2021-01-23,Víctor Laguardia,ES1,1,0,0,0,90
3610367_108390,3610367,108390,418,418,2022-02-19,Thibaut Courtois,ES1,0,0,0,0,90
3050515_41416,3050515,41416,873,873,2019-04-14,James McArthur,GB1,0,0,0,0,85
3219204_392768,3219204,392768,631,703,2020-07-04,Callum Hudson-Odoi,GB1,0,0,0,0,14
3431936_149231,3431936,149231,1531,1531,2020-09-30,Fidel,ES1,0,0,0,0,90
2719017_320271,2719017,320271,1049,237,2017-04-09,Toni Lato,ES1,0,0,0,0,90
3451466_125781,3451466,125781,131,13,2021-05-16,Antoine Griezmann,ES1,0,0,0,0,70
3844088_520840,3844088,520840,237,1049,2022-08-15,José Copete,ES1,1,0,0,0,90
2872302_108354,2872302,108354,2288,1003,2017-12-23,Jordan Ayew,GB1,0,0,1,0,24
3208831_189453,3208831,189453,1244,3709,2020-01-03,Jonathan Silva,ES1,1,0,0,0,90
2578259_33544,2578259,33544,985,985,2016-05-17,Antonio Valencia,GB1,0,0,0,1,90
2486724_33785,2486724,33785,762,762,2015-02-21,Ryan Taylor,GB1,0,0,0,0,19
3208729_213260,3208729,213260,331,331,2019-10-27,Rubén García,ES1,0,0,1,1,90
2577887_57500,2577887,57500,631,368,2015-08-16,César Azpilicueta,GB1,0,0,0,0,90
3050276_192765,3050276,192765,148,148,2018-11-03,Ben Davies,GB1,0,0,0,0,90
3050370_246968,3050370,246968,762,1050,2019-01-12,Ayoze Pérez,GB1,0,0,0,0,82
2718779_177467,2718779,177467,714,1050,2016-10-14,Gerard Moreno,ES1,0,0,0,0,90
2698225_111455,2698225,111455,11,289,2017-01-01,Granit Xhaka,GB1,0,0,0,0,90
2475411_56134,2475411,56134,1049,1050,2015-02-21,Javi Fuego,ES1,0,0,0,0,90
3886520_455349,3886520,455349,621,621,2023-02-03,Jon Morcillo,ES1,0,0,0,0,6
2698160_139208,2698160,139208,180,31,2016-11-06,Virgil van Dijk,GB1,0,0,0,0,90
3886386_235412,3886386,235412,366,142,2022-10-30,Jawad El Yamiq,ES1,0,0,0,0,90
3079408_225015,3079408,225015,5358,2687,2018-09-30,Carlos Akapo,ES1,0,0,0,0,22
3592251_108725,3592251,108725,762,703,2022-04-03,Chris Wood,GB1,0,0,0,0,70
2594602_35539,2594602,35539,3709,1084,2015-12-05,Mehdi Lacen,ES1,0,0,0,0,90
3080780_71918,3080780,71918,5358,5358,2019-01-27,David Ferreiro,ES1,0,0,0,0,1
2475344_58070,2475344,58070,16795,16795,2015-01-05,Diego Maínz,ES1,0,0,0,0,90
2872259_3332,2872259,3332,29,985,2017-12-02,Wayne Rooney,GB1,0,0,0,1,80
3050321_406635,3050321,406635,281,281,2018-12-08,Phil Foden,GB1,0,0,0,0,6
2486833_22165,2486833,22165,405,405,2015-05-16,Charles N'Zogbia,GB1,0,0,0,0,56
2577956_15220,2577956,15220,989,989,2015-09-12,Artur Boruc,GB1,0,0,0,0,90
3208782_39381,3208782,39381,418,418,2019-11-30,Gareth Bale,ES1,0,0,0,0,67
2899903_120095,2899903,120095,3368,472,2018-04-19,José Campaña,ES1,0,0,0,0,83
3611441_423444,3611441,423444,940,12321,2022-04-10,Fran Beltrán,ES1,0,0,0,0,90
3050235_14086,3050235,14086,985,29,2018-09-29,Ashley Young,GB1,1,0,0,0,90
3592096_74300,3592096,74300,873,873,2021-11-27,Luka Milivojevic,GB1,1,0,0,0,60
2718723_131505,2718723,131505,1049,399,2016-08-27,Rodrigo,ES1,0,0,0,0,77
3208765_199321,3208765,199321,940,12321,2019-11-09,Rubén Blanco,ES1,0,0,0,0,90
2577984_68390,2577984,68390,29,29,2015-10-17,Séamus Coleman,GB1,1,0,0,0,90
3219173_111873,3219173,111873,11,405,2020-07-01,Emiliano Martínez,GB1,1,0,0,0,90
3208688_216464,3208688,216464,16795,681,2019-09-24,Carlos Fernández,ES1,0,0,1,0,90
4113113_378293,4113113,378293,12321,681,2023-10-22,Yangel Herrera,ES1,0,0,0,0,90
2698426_148262,2698426,148262,1132,762,2017-03-12,Jeff Hendrick,GB1,0,0,0,0,90
3611503_525578,3611503,525578,367,367,2022-05-15,Pathé Ciss,ES1,0,0,1,0,75
2899571_262980,2899571,262980,3368,873,2017-09-09,Jefferson Lerma,ES1,1,0,0,0,90
4113105_195488,4113105,195488,12321,12321,2023-11-11,Paulo Gazzaniga,ES1,0,0,0,0,90
3219120_128969,3219120,128969,1237,3368,2020-07-11,Mathew Ryan,GB1,0,0,0,0,90
3886593_398163,3886593,398163,3709,1531,2023-03-19,Gonzalo Villar,ES1,1,0,0,0,20
4095138_392591,4095138,392591,1031,350,2023-09-30,Chiedozie Ogbene,GB1,0,0,0,0,90
2872275_34691,2872275,34691,1132,1132,2017-12-12,Stephen Ward,GB1,0,0,0,0,41
2698012_37304,2698012,37304,180,180,2016-08-27,Shane Long,GB1,0,0,0,0,23
3837857_336869,3837857,336869,399,150,2022-08-30,Marc Roca,GB1,0,0,0,0,90
3050175_49755,3050175,49755,1237,1132,2018-08-11,Dale Stephens,GB1,1,0,0,0,90
3210115_42920,3210115,42920,331,714,2020-07-08,Fran Mérida,ES1,1,0,0,0,78
3050526_192279,3050526,192279,631,11,2019-04-22,Kepa Arrizabalaga,GB1,0,0,0,0,90
3219158_53360,3219158,53360,1132,1132,2020-06-25,Jay Rodríguez,GB1,0,0,1,0,81
2698280_9988,2698280,9988,3008,3008,2017-01-22,Michael Dawson,GB1,1,0,0,0,90
2899574_177847,2899574,177847,681,368,2017-09-10,Adnan Januzaj,ES1,0,0,0,0,74
2718905_56134,2718905,56134,714,1050,2017-01-29,Javi Fuego,ES1,0,0,0,0,90
2578159_57207,2578159,57207,873,873,2016-02-27,Jordon Mutch,GB1,0,0,0,0,90
3209803_230784,3209803,230784,13,1050,2020-02-08,Thomas Partey,ES1,1,0,0,0,90
3081124_102423,3081124,102423,3709,714,2019-05-18,Leandro Cabrera,ES1,0,0,0,0,90
3421826_730893,3421826,730893,873,873,2020-12-28,Tyrick Mitchell,GB1,0,0,0,0,90
2718923_59561,2718923,59561,1049,1050,2017-02-11,Dani Parejo,ES1,1,0,0,0,90
4095136_340324,4095136,340324,11,873,2023-09-30,Eddie Nketiah,GB1,0,0,0,0,69
3837818_262226,3837818,262226,1003,931,2022-08-07,Timothy Castagne,GB1,0,0,1,0,90
3420842_131505,3420842,131505,399,399,2020-09-19,Rodrigo,GB1,0,0,0,0,45
3592124_61651,3592124,61651,31,1148,2022-01-23,Jordan Henderson,GB1,0,0,0,0,90
2872245_249089,2872245,249089,989,989,2017-11-29,Lewis Cook,GB1,0,0,0,0,32
4095256_277033,4095256,277033,989,989,2023-12-26,David Brooks,GB1,0,0,0,1,2
3050366_142310,3050366,142310,543,703,2019-01-02,Willy Boly,GB1,1,0,0,0,90
4087934_663225,4087934,663225,29,29,2023-08-20,Tyler Onyango,GB1,0,0,0,0,1
2578158_76799,2578158,76799,1010,1010,2016-02-27,Miguel Britos,GB1,0,0,0,0,90
3421787_92571,3421787,92571,379,379,2020-12-11,Aaron Cresswell,GB1,0,0,0,1,90
2899906_5856,2899906,5856,1050,1050,2018-04-09,Daniele Bonera,ES1,1,0,0,0,45
3050373_95976,3050373,95976,180,180,2019-01-12,Alex McCarthy,GB1,0,0,0,0,90
2578277_31835,2578277,31835,379,379,2016-01-02,Mark Noble,GB1,0,0,0,1,90
3886706_221309,3886706,221309,366,366,2023-05-28,Óscar Plano,ES1,0,0,0,0,73
3429867_262226,3429867,262226,1003,931,2021-05-23,Timothy Castagne,GB1,0,0,0,0,90
2899863_37917,2899863,37917,1244,1244,2018-04-28,Nabil El Zhar,ES1,0,0,0,0,90
2719069_156808,2719069,156808,1244,1244,2017-05-14,Unai Bustinza,ES1,1,0,0,0,90
3050208_192279,3050208,192279,631,11,2018-09-15,Kepa Arrizabalaga,GB1,0,0,0,0,90
3429843_92571,3429843,92571,379,379,2021-05-15,Aaron Cresswell,GB1,0,0,0,0,90
3451029_330352,3451029,330352,1531,1531,2020-12-06,Raúl Guti,ES1,0,0,0,0,90
2486813_11680,2486813,11680,1039,631,2015-05-02,Rob Green,GB1,0,0,0,0,90
3050516_194460,3050516,194460,931,931,2019-04-13,Joe Bryan,GB1,0,0,0,0,90
3451436_284430,3451436,284430,16795,2497,2021-05-02,Aarón Escandell,ES1,1,0,0,0,90
2872429_241641,2872429,241641,281,281,2018-03-31,Bernardo Silva,GB1,0,0,0,0,26
3838601_226973,3838601,226973,931,931,2023-05-28,Harrison Reed,GB1,0,0,0,0,24
3219394_272622,3219394,272622,379,931,2019-10-05,Issa Diop,GB1,0,0,0,0,90
3079522_175449,3079522,175449,5358,331,2019-01-05,Moi Gómez,ES1,1,0,0,0,90
2486795_66550,2486795,66550,2288,2288,2015-04-18,Ángel Rangel,GB1,0,0,0,0,90
3610572_144128,3610572,144128,940,1531,2022-04-02,Matías Dituro,ES1,0,0,0,0,90
3210080_316264,3210080,316264,681,11,2020-06-24,Martin Ødegaard,ES1,0,0,0,0,58
2698263_66219,2698263,66219,2288,2288,2016-12-31,Kyle Naughton,GB1,0,0,0,0,90
2872210_67355,2872210,67355,29,29,2017-10-29,Ashley Williams,GB1,0,0,0,0,90
4112968_70245,4112968,70245,16795,16795,2023-10-01,Ignasi Miquel,ES1,0,0,0,0,45
2594503_125931,2594503,125931,3368,3368,2015-09-20,Toño García,ES1,0,0,0,0,90
3886386_169497,3886386,169497,331,331,2022-10-30,Juan Cruz,ES1,0,0,0,0,3
2486777_29692,2486777,29692,2288,379,2015-04-04,Lukasz Fabianski,GB1,0,0,0,0,90
2475348_88490,2475348,88490,368,714,2015-01-03,Aleix Vidal,ES1,0,0,0,0,90
2486734_6150,2486734,6150,762,762,2015-02-28,Fabricio Coloccini,GB1,0,0,0,0,90
3451395_158791,3451395,158791,3368,3368,2021-04-10,Sergio Postigo,ES1,1,0,0,0,90
3081088_81988,3081088,81988,1533,1533,2019-04-23,Sergi Enrich,ES1,0,0,0,0,20
2698165_73067,2698165,73067,641,641,2016-10-22,Adam Clayton,GB1,0,0,0,0,90
2698300_63200,2698300,63200,1132,1132,2017-04-01,Ashley Barnes,GB1,1,0,0,0,90
3838658_168157,3838658,168157,405,2497,2023-04-25,Leander Dendoncker,GB1,0,0,0,0,90
3451434_71548,3451434,71548,1533,1533,2021-05-01,Anaitz Arbilla,ES1,0,0,0,0,90
2594778_22969,2594778,22969,13,13,2016-04-02,Gabi,ES1,0,0,0,0,90
3219227_272622,3219227,272622,379,931,2020-02-01,Issa Diop,GB1,0,0,1,0,90
3838737_148153,3838737,148153,1237,1237,2023-03-04,Lewis Dunk,GB1,0,0,0,0,90
3886363_709187,3886363,709187,621,621,2022-10-23,Nico Williams,ES1,0,0,0,0,90
3081106_51667,3081106,51667,366,366,2019-05-05,Kiko Olivas,ES1,0,0,0,0,90
2872150_26267,2872150,26267,281,281,2017-09-09,Fernandinho,GB1,1,0,0,0,90
3610409_334222,3610409,334222,1531,1108,2022-03-06,Lucas Boyé,ES1,0,0,0,0,65
3208828_188854,3208828,188854,1050,1050,2020-01-05,Manu Trigueros,ES1,0,0,1,0,90
3451434_127108,3451434,127108,1108,367,2021-05-01,Florian Lejeune,ES1,0,0,0,0,90
2594537_156814,2594537,156814,621,1244,2015-10-04,Javi Eraso,ES1,0,0,0,0,6
3451071_102146,3451071,102146,1531,1531,2021-01-03,Édgar Badía,ES1,0,0,0,0,90
2719013_125781,2719013,125781,13,13,2017-04-08,Antoine Griezmann,ES1,0,0,1,0,90
4113131_254037,4113131,254037,2687,2687,2023-08-20,Iza Carcelén,ES1,0,0,0,0,90
2594717_96718,2594717,96718,621,621,2016-02-21,Óscar de Marcos,ES1,1,0,0,0,90
4095201_241641,4095201,241641,281,281,2023-11-25,Bernardo Silva,GB1,1,0,0,0,90
2698248_123682,2698248,123682,989,379,2017-01-14,Callum Wilson,GB1,0,0,0,0,35
2698093_2857,2698093,2857,3008,29,2016-09-10,Eldin Jakupovic,GB1,0,0,0,0,90
2718817_59561,2718817,59561,1049,1050,2016-11-06,Dani Parejo,ES1,0,0,1,0,90
3451078_311044,3451078,311044,2687,367,2021-01-04,Alfonso Espino,ES1,0,0,0,0,90
2577857_32617,2577857,32617,405,405,2015-08-08,Micah Richards,GB1,0,0,0,0,90
3607550_59561,3607550,59561,1050,1050,2021-11-07,Dani Parejo,ES1,0,0,0,0,90
2899620_74857,2899620,74857,131,12321,2017-10-01,Marc-André ter Stegen,ES1,0,0,0,0,90
2594637_72315,2594637,72315,16795,16795,2015-12-30,Javi Márquez,ES1,1,0,0,0,90
3451405_284857,3451405,284857,3709,631,2021-04-22,Marc Cucurella,ES1,0,0,0,0,45
3429728_246968,3429728,246968,1003,1050,2021-02-13,Ayoze Pérez,GB1,0,0,0,0,16
3837848_51471,3837848,51471,631,281,2022-08-27,Mateo Kovacic,GB1,0,0,0,0,15
2698161_18227,2698161,18227,3008,3008,2016-11-26,Curtis Davies,GB1,0,0,0,0,90
2578063_19085,2578063,19085,873,873,2015-12-12,Marouane Chamakh,GB1,0,0,0,0,1
3079374_27493,3079374,27493,1244,237,2018-09-16,Iván Cuéllar,ES1,0,0,0,0,90
3610577_18644,3610577,18644,2687,2687,2022-04-03,Álvaro Negredo,ES1,0,0,0,0,90
2872444_121279,2872444,121279,2288,2288,2018-04-07,Tom Carroll,GB1,0,0,0,0,90
3886580_411975,3886580,411975,131,131,2023-03-12,Jules Koundé,ES1,0,0,0,0,90
3844088_442805,3844088,442805,237,3302,2022-08-15,Iddrisu Baba,ES1,0,0,0,0,7
3844094_138803,3844094,138803,3302,3302,2022-08-14,Francisco Portillo,ES1,0,0,0,0,9
3050264_66100,3050264,66100,180,12321,2018-10-27,Oriol Romeu,GB1,0,0,0,0,78
4113164_375382,4113164,375382,1049,1049,2023-08-18,André Almeida,ES1,0,0,0,0,56
2697995_107427,2697995,107427,1010,1010,2016-08-13,Ikechi Anya,GB1,0,0,0,0,9
2872121_192765,2872121,192765,148,148,2017-08-13,Ben Davies,GB1,1,0,1,0,90
3886674_74857,3886674,74857,131,12321,2023-05-14,Marc-André ter Stegen,ES1,0,0,0,0,90
2594607_188838,2594607,188838,150,366,2015-12-05,Bruno González,ES1,1,0,0,0,90
2594828_45912,2594828,45912,940,940,2016-05-01,Sergio Álvarez,ES1,0,0,0,0,90
3451098_248738,3451098,248738,331,331,2021-01-21,Sergio Herrera,ES1,0,0,0,0,90
3208818_213260,3208818,213260,331,331,2019-12-22,Rubén García,ES1,0,0,0,0,90
2698273_19368,2698273,19368,148,148,2017-02-04,Mousa Dembélé,GB1,0,0,0,0,90
2578069_12384,2578069,12384,1123,1123,2015-12-12,Alexander Tettey,GB1,0,0,0,0,90
2872483_74960,2872483,74960,762,1132,2018-05-05,Martin Dúbravka,GB1,0,0,0,0,90
2475376_74954,2475376,74954,1533,1533,2015-01-24,Saúl Berjón,ES1,0,0,0,0,90
2718927_125781,2718927,125781,13,13,2017-02-12,Antoine Griezmann,ES1,0,0,1,0,90
3079434_26065,3079434,26065,681,681,2018-10-27,Miguel Ángel Moyá,ES1,0,0,0,0,90
3451104_262939,3451104,262939,1531,237,2021-01-24,Johan Mojica,ES1,0,0,0,0,90
2872358_87672,2872358,87672,989,989,2018-01-31,Junior Stanislas,GB1,0,0,1,0,71
3592161_655488,3592161,655488,11,11,2022-05-22,Gabriel Martinelli,GB1,0,0,1,1,90
2475502_58074,2475502,58074,681,681,2015-04-25,Carlos Martínez,ES1,0,0,0,0,90
2698275_47995,2698275,47995,873,1110,2017-02-04,Jason Puncheon,GB1,1,0,0,0,90
4095142_95810,4095142,95810,762,762,2023-09-30,Kieran Trippier,GB1,0,0,0,1,90
3219129_53360,3219129,53360,1132,1132,2020-07-15,Jay Rodríguez,GB1,0,0,0,0,51
4095270_648195,4095270,648195,631,631,2023-12-30,Enzo Fernández,GB1,0,0,0,0,9
3591971_413403,3591971,413403,405,405,2021-10-31,Ezri Konsa,GB1,0,1,0,0,50
3886709_537382,3886709,537382,368,12321,2023-05-27,Bryan Gil,ES1,0,0,0,0,62
3886296_538996,3886296,538996,368,368,2022-09-10,Tanguy Nianzou,ES1,0,0,0,0,23
2475489_18091,2475489,18091,1533,1533,2015-04-11,Derek Boateng,ES1,1,0,0,0,13
3208769_177452,3208769,177452,237,237,2019-11-10,Abdón Prats,ES1,0,0,0,0,8
3837990_477758,3837990,477758,985,379,2023-01-18,Aaron Wan-Bissaka,GB1,0,0,0,0,90
2577950_33873,2577950,33873,631,29,2015-09-12,Asmir Begovic,GB1,0,0,0,0,90
3219237_65477,3219237,65477,1010,1010,2020-01-21,Troy Deeney,GB1,0,0,1,0,90
2698328_181579,2698328,181579,180,1132,2017-05-17,James Ward-Prowse,GB1,0,0,0,0,77
2594671_291247,2594671,291247,940,940,2016-01-23,Dejan Drazic,ES1,1,0,0,0,66
3208726_162074,3208726,162074,16795,714,2019-10-27,Álvaro Vadillo,ES1,0,0,1,0,74
3421791_52495,3421791,52495,350,350,2020-12-13,Chris Basham,GB1,0,0,0,0,70
3429713_503749,3429713,503749,405,762,2021-02-06,Jacob Ramsey,GB1,0,0,0,0,12
3219412_148262,3219412,148262,1132,762,2019-09-21,Jeff Hendrick,GB1,0,0,0,0,90
2486731_27511,2486731,27511,631,873,2015-04-29,Gary Cahill,GB1,0,0,0,0,90
2594677_177467,2594677,177467,714,1050,2016-01-23,Gerard Moreno,ES1,2,0,1,0,90
3837832_128901,3837832,128901,29,1003,2022-08-13,Conor Coady,GB1,0,0,0,0,81
3079442_357884,3079442,357884,366,714,2018-11-03,Fernando Calero,ES1,0,0,0,0,90
3838679_748319,3838679,748319,180,29,2023-04-15,Carlos Alcaraz,GB1,0,0,0,0,80
3886612_413112,3886612,413112,418,418,2023-04-08,Aurélien Tchouaméni,ES1,0,0,0,0,72
3208625_62144,3208625,62144,366,366,2019-08-18,Antoñito,ES1,1,0,0,0,55
3838211_332705,3838211,332705,399,989,2022-10-29,Tyler Adams,GB1,0,0,0,0,90
3429727_126664,3429727,126664,29,405,2021-02-14,Lucas Digne,GB1,0,0,0,0,90
3838657_183288,3838657,183288,985,985,2023-04-27,Luke Shaw,GB1,0,0,0,0,90
3886471_375382,3886471,375382,1049,1049,2022-12-31,André Almeida,ES1,0,0,0,0,90
3886636_442805,3886636,442805,237,3302,2023-04-23,Iddrisu Baba,ES1,0,0,0,0,16
3837977_16306,3837977,16306,985,985,2022-09-04,Casemiro,GB1,0,0,0,0,10
3421715_148455,3421715,148455,31,31,2020-10-17,Mohamed Salah,GB1,0,0,1,0,90
4087965_108354,4087965,108354,873,1003,2023-09-16,Jordan Ayew,GB1,0,0,0,0,25
3838759_568693,3838759,568693,148,148,2023-02-19,Pape Matar Sarr,GB1,0,0,0,0,1
3081121_331496,3081121,331496,12321,237,2019-05-18,Valery Fernández,ES1,0,0,0,0,90
2718730_44412,2718730,44412,1050,1050,2016-09-10,Bruno Soriano,ES1,0,0,0,0,90
3219167_413403,3219167,413403,405,405,2020-06-24,Ezri Konsa,GB1,0,0,0,0,77
3210073_213260,3210073,213260,331,331,2020-06-24,Rubén García,ES1,0,0,0,0,81
3209986_61546,3209986,61546,331,331,2020-03-01,Facundo Roncaglia,ES1,0,0,0,0,90
2594653_62920,2594653,62920,1050,150,2016-01-10,Víctor Ruiz,ES1,1,0,0,0,90
2718991_71671,2718991,71671,331,331,2017-04-01,Oriol Riera,ES1,1,0,0,0,66
3421765_472423,3421765,472423,631,631,2020-11-29,Reece James,GB1,1,0,0,0,90
3081098_59561,3081098,59561,1049,1050,2019-04-28,Dani Parejo,ES1,0,0,0,0,90
3050452_40433,3050452,40433,985,368,2019-03-02,Alexis Sánchez,GB1,0,0,0,0,52
3079511_227961,3079511,227961,3709,472,2018-12-21,Jaime Mata,ES1,0,0,0,0,90
3838211_474701,3838211,474701,399,379,2022-10-29,Crysencio Summerville,GB1,1,0,1,0,90
3605209_65318,3605209,65318,237,237,2021-09-19,Jaume Costa,ES1,0,0,0,0,90
2872297_111114,2872297,111114,1132,1132,2017-12-23,Kevin Long,GB1,0,0,0,0,90
2578184_36939,2578184,36939,989,989,2016-03-20,Marc Pugh,GB1,0,0,0,0,20
3219383_128900,3219383,128900,1010,931,2019-10-19,Nathaniel Chalobah,GB1,0,0,0,0,90
3219388_201574,3219388,201574,180,703,2019-10-19,Angus Gunn,GB1,0,0,0,0,90
3081095_138927,3081095,138927,418,418,2019-04-28,Daniel Carvajal,ES1,1,0,0,0,90
3837833_111455,3837833,111455,11,289,2022-08-13,Granit Xhaka,GB1,0,0,1,1,90
2718876_351478,2718876,351478,681,681,2017-01-07,Mikel Oyarzabal,ES1,0,0,0,0,90
3080887_162056,3080887,162056,5358,3302,2019-04-13,Gonzalo Melero,ES1,0,0,0,0,30
3844094_657430,3844094,657430,3302,237,2022-08-14,Samú Costa,ES1,0,0,0,0,90
3886385_257376,3886385,257376,3709,3709,2022-10-31,Domingos Duarte,ES1,1,0,0,0,90
2577955_51226,2577955,51226,405,379,2015-09-13,Carlos Sánchez,GB1,0,0,0,0,90
4113088_423444,4113088,423444,940,12321,2023-11-10,Fran Beltrán,ES1,0,0,0,0,69
3607521_298197,3607521,298197,1108,1108,2021-10-26,Antonio Sivera,ES1,0,0,0,0,6
3611484_449796,3611484,449796,367,331,2022-05-08,Alejandro Catena,ES1,0,0,0,0,90
3886299_142031,3886299,142031,1531,237,2022-09-11,Omar Mascarell,ES1,1,0,0,0,38
3591960_82105,3591960,82105,31,31,2021-11-07,Joel Matip,GB1,0,0,0,0,90
2486847_33027,2486847,33027,762,1031,2015-05-24,Tim Krul,GB1,0,0,0,0,90
2486687_36866,2486687,36866,289,289,2015-01-17,Billy Jones,GB1,1,0,0,0,90
3451007_169497,3451007,169497,331,331,2020-11-20,Juan Cruz,ES1,0,0,0,0,45
3592075_296986,3592075,296986,399,399,2021-12-11,Tyler Roberts,GB1,0,0,0,1,90
2594774_59375,2594774,59375,681,681,2016-04-03,David Zurutuza,ES1,0,0,0,0,59
3451480_175449,3451480,175449,1050,331,2021-05-22,Moi Gómez,ES1,0,0,0,0,4
4087960_105470,4087960,105470,31,31,2023-09-03,Alisson,GB1,0,0,0,0,90
3886640_111961,3886640,111961,368,368,2023-04-27,Suso,ES1,0,0,0,0,56
2594603_23338,2594603,23338,1533,1533,2015-12-06,Asier Riesgo,ES1,0,0,0,0,90
4095241_478573,4095241,478573,31,31,2023-12-17,Ryan Gravenberch,GB1,0,0,0,0,61
4095183_394327,4095183,394327,405,405,2023-11-05,Boubacar Kamara,GB1,1,0,0,0,78
2594759_319745,2594759,319745,150,418,2016-03-13,Dani Ceballos,ES1,0,0,0,0,39
2719001_145769,2719001,145769,331,366,2017-04-05,Sergio León,ES1,0,0,0,0,77
3219421_73484,3219421,73484,1010,1010,2019-08-31,Tom Cleverley,GB1,0,0,0,0,90
2698180_92572,2698180,92572,873,873,2016-11-05,Joel Ward,GB1,0,0,0,0,90
3050513_15220,3050513,15220,989,989,2019-04-13,Artur Boruc,GB1,1,0,0,0,90
3050354_163744,3050354,163744,180,180,2018-12-30,Jack Stephens,GB1,0,0,0,0,90
4095168_77757,4095168,77757,1031,1031,2023-10-29,Thomas Kaminski,GB1,0,0,0,0,90
3886480_82503,3886480,82503,331,367,2023-01-09,Aridane Hernández,ES1,0,0,0,0,90
3210016_44779,3210016,44779,13,543,2020-06-14,Diego Costa,ES1,0,0,1,0,63
2486826_35518,2486826,35518,281,681,2015-05-10,David Silva,GB1,0,0,1,2,90
3611439_282411,3611439,282411,13,13,2022-04-09,Marcos Llorente,ES1,0,0,0,0,90
4095068_434675,4095068,434675,31,31,2023-09-24,Cody Gakpo,GB1,0,0,0,0,9
3080859_154059,3080859,154059,1533,1533,2019-03-31,Charles,ES1,0,0,0,0,27
3208775_262365,3208775,262365,16795,16795,2019-11-23,Antonio Puertas,ES1,1,0,0,0,90
3858326_538996,3858326,538996,368,368,2022-09-18,Tanguy Nianzou,ES1,0,0,0,0,45
3079397_221309,3079397,221309,366,366,2018-09-27,Óscar Plano,ES1,0,0,0,0,70
2697996_6636,2697996,6636,1003,1003,2016-08-20,Christian Fuchs,GB1,0,0,0,0,90
2899762_59344,2899762,59344,681,681,2018-02-02,Asier Illarramendi,ES1,0,0,2,0,90
3838657_357147,3838657,357147,985,985,2023-04-27,Diogo Dalot,GB1,0,0,0,0,90
3451059_34601,3451059,34601,621,621,2020-12-22,Raúl García,ES1,0,0,0,0,12
3610323_448628,3610323,448628,940,331,2022-02-05,Javi Galán,ES1,0,0,0,0,90
2594553_165007,2594553,165007,1050,1108,2015-10-25,Denis Suárez,ES1,0,0,0,0,90
3429739_99397,3429739,99397,762,399,2021-02-21,Karl Darlow,GB1,0,0,0,0,90
3079423_423444,3079423,423444,940,12321,2018-10-19,Fran Beltrán,ES1,0,0,0,0,63
3837997_250478,3837997,250478,762,762,2023-04-05,Matt Targett,GB1,0,0,0,0,5
3209976_338424,3209976,338424,681,11,2020-02-22,Mikel Merino,ES1,1,0,1,0,90
4095243_503733,4095243,503733,762,762,2023-12-16,Anthony Gordon,GB1,0,0,0,1,84
3208783_192009,3208783,192009,621,367,2019-12-01,Unai López,ES1,0,0,0,1,90
3610299_568157,3610299,568157,1050,873,2022-01-22,Yéremy Pino,ES1,0,0,0,0,68
3838695_357119,3838695,357119,31,31,2023-04-09,Ibrahima Konaté,GB1,0,0,0,0,90
3429731_77274,3429731,77274,984,984,2021-02-14,Matt Phillips,GB1,0,0,0,0,3
3079416_129473,3079416,129473,131,681,2018-10-07,Rafinha,ES1,0,0,0,0,2
3610328_573775,3610328,573775,1049,1049,2022-02-06,Hugo Duro,ES1,0,0,0,0,10
4095141_413039,4095141,413039,1148,985,2023-10-01,Bryan Mbeumo,GB1,0,0,0,0,90
3607549_527350,3607549,527350,1049,12321,2021-11-07,Manu Vallejo,ES1,0,0,0,0,5
3838614_431755,3838614,431755,148,148,2023-05-13,Dejan Kulusevski,GB1,0,0,0,0,28
3421710_192080,3421710,192080,1132,762,2020-10-03,Nick Pope,GB1,0,0,0,0,90
2698208_48066,2698208,48066,379,762,2016-12-03,Andy Carroll,GB1,0,0,1,0,17
3079386_61812,3079386,61812,621,621,2018-09-23,Yuri Berchiche,ES1,1,0,0,0,90
4113156_297194,4113156,297194,940,940,2023-08-19,Iván Villar,ES1,0,0,0,0,90
3219121_240306,3219121,240306,985,985,2020-07-13,Bruno Fernandes,GB1,0,0,0,1,84
2718780_63056,2718780,63056,331,331,2016-10-17,Roberto Torres,ES1,0,0,1,0,90
2475414_27374,2475414,27374,897,150,2015-02-21,Sidnei,ES1,0,0,0,0,90
2899824_59323,2899824,59323,12321,12321,2018-03-03,Cristhian Stuani,ES1,0,0,1,0,71
3451441_396894,3451441,396894,1049,2687,2021-05-02,Maxi Gómez,ES1,0,0,0,0,90
3451198_27374,3451198,27374,150,150,2021-03-08,Sidnei,ES1,0,0,0,0,90
3050569_341051,3050569,341051,148,379,2019-05-12,Kyle Walker-Peters,GB1,0,0,0,0,90
3441592_193784,3441592,193784,3368,1531,2020-10-04,Carlos Clerc,ES1,0,0,0,0,90
2698235_6636,2698235,6636,1003,1003,2016-11-19,Christian Fuchs,GB1,1,0,0,0,68
3838257_249994,3838257,249994,543,543,2022-12-26,José Sá,GB1,0,0,0,0,90
3421721_314875,3421721,314875,379,379,2020-10-18,Jarrod Bowen,GB1,0,0,0,0,90
3886518_481084,3886518,481084,1049,366,2023-01-29,Marcos André,ES1,0,0,0,0,8
3610370_205562,3610370,205562,13,12321,2022-02-26,Thomas Lemar,ES1,0,0,0,0,22
4095210_973085,4095210,973085,1237,1237,2023-12-03,Carlos Baleba,GB1,0,0,0,0,57
3838628_192080,3838628,192080,762,762,2023-05-07,Nick Pope,GB1,0,0,0,0,90
4095225_811779,4095225,811779,985,631,2023-12-06,Alejandro Garnacho,GB1,1,0,0,1,90
2899842_26065,2899842,26065,681,681,2018-04-08,Miguel Ángel Moyá,ES1,0,0,0,0,45
3208672_46413,3208672,46413,237,331,2019-09-22,Ante Budimir,ES1,0,0,2,0,90
3080887_167721,3080887,167721,5358,150,2019-04-13,Chimy Ávila,ES1,0,0,0,0,88
3886410_634131,3886410,634131,331,331,2022-11-05,Aimar Oroz,ES1,1,0,0,0,73
2872153_108354,2872153,108354,2288,1003,2017-09-10,Jordan Ayew,GB1,0,0,0,0,90
3451436_58330,3451436,58330,16795,16795,2021-05-02,Víctor Díaz,ES1,0,0,0,0,45
2872430_258923,2872430,258923,985,131,2018-03-31,Marcus Rashford,GB1,0,0,0,0,14
3611478_216870,3611478,216870,331,2497,2022-05-01,Nacho Vidal,ES1,0,0,0,0,90
2718767_175449,2718767,175449,2448,331,2016-09-24,Moi Gómez,ES1,0,0,0,0,68
3837827_183302,3837827,183302,989,989,2022-08-13,Ben Pearson,GB1,0,0,0,0,90
3219269_184528,3219269,184528,762,762,2020-01-01,Emil Krafth,GB1,0,0,0,0,45
3451437_349066,3451437,349066,681,31,2021-05-01,Alexander Isak,ES1,0,0,0,0,81
2577948_92572,2577948,92572,873,873,2015-08-29,Joel Ward,GB1,0,0,1,0,90
3592061_505194,3592061,505194,1003,1003,2021-12-05,Luke Thomas,GB1,0,0,0,0,90
3592248_13572,3592248,13572,1010,1010,2022-03-13,Ben Foster,GB1,0,0,0,0,90
2698222_122011,2698222,122011,3008,3008,2016-12-10,Markus Henriksen,GB1,0,0,0,0,1
3080880_162056,3080880,162056,5358,3302,2019-04-07,Gonzalo Melero,ES1,0,0,0,0,2
3050484_175446,3050484,175446,543,1108,2019-04-24,Jonny Otto,GB1,0,0,0,1,90
2899571_39381,2899571,39381,418,418,2017-09-09,Gareth Bale,ES1,0,0,0,0,62
3605210_99353,3605210,99353,681,12321,2021-09-19,Portu,ES1,0,0,0,0,74
3208653_51426,3208653,51426,3709,3709,2019-08-31,Markel Bergara,ES1,1,0,0,0,21
2594635_319745,2594635,319745,150,418,2015-12-30,Dani Ceballos,ES1,0,0,0,0,90
3219325_392768,3219325,392768,631,703,2019-12-04,Callum Hudson-Odoi,GB1,0,0,0,0,4
3451148_246204,3451148,246204,2687,714,2021-02-15,Salvi Sánchez,ES1,0,0,0,0,45
3420826_309400,3420826,309400,631,11,2020-09-14,Kai Havertz,GB1,0,0,0,0,80
3050328_64399,3050328,64399,873,940,2018-12-15,Vicente Guaita,GB1,1,0,0,0,90
3838733_470607,3838733,470607,703,873,2023-03-05,Brennan Johnson,GB1,0,0,2,0,90
3592199_260827,3592199,260827,873,931,2022-04-10,Joachim Andersen,GB1,0,0,0,0,90
2578062_33713,2578062,33713,11,180,2015-12-13,Theo Walcott,GB1,0,0,0,1,64
3451436_378293,3451436,378293,16795,681,2021-05-02,Yangel Herrera,ES1,0,0,0,0,54
3080817_126737,3080817,126737,681,3709,2019-02-25,Juanmi,ES1,0,0,0,0,73
2578127_65255,2578127,65255,1123,1123,2016-02-06,Timm Klose,GB1,1,0,0,0,90
3421719_135343,3421719,135343,762,762,2020-10-17,Fabian Schär,GB1,0,0,0,0,41
3607523_349066,3607523,349066,681,31,2021-10-28,Alexander Isak,ES1,0,0,1,0,78
3838204_140191,3838204,140191,989,989,2022-10-29,Ryan Fredericks,GB1,0,0,0,0,12
3080887_374077,3080887,374077,5358,1244,2019-04-13,Christian Rivera,ES1,0,0,0,0,90
2578014_12384,2578014,12384,1123,1123,2015-10-31,Alexander Tettey,GB1,1,0,0,0,90
3838017_357885,3838017,357885,379,150,2022-10-01,Pablo Fornals,GB1,0,0,0,0,56
3219202_348795,3219202,348795,148,150,2020-03-01,Giovani Lo Celso,GB1,1,0,0,0,90
2872130_26267,2872130,26267,281,281,2017-08-21,Fernandinho,GB1,0,0,0,0,90
2578110_61651,2578110,61651,31,1148,2016-01-23,Jordan Henderson,GB1,0,0,1,0,76
2899801_59375,2899801,59375,681,681,2018-03-01,David Zurutuza,ES1,0,0,0,0,66
3421781_74300,3421781,74300,873,873,2020-12-06,Luka Milivojevic,GB1,1,0,0,0,90
3420839_250478,3420839,250478,405,762,2020-09-21,Matt Targett,GB1,1,0,0,0,90
3838629_394327,3838629,394327,405,405,2023-05-06,Boubacar Kamara,GB1,0,0,0,0,5
4113139_248738,4113139,248738,331,331,2023-12-02,Sergio Herrera,ES1,0,0,0,0,90
2594765_70934,2594765,70934,940,940,2016-03-20,Nolito,ES1,0,0,0,0,89
4113088_834752,4113088,834752,621,621,2023-11-10,Unai Gómez,ES1,0,0,0,0,5
3208674_154059,3208674,154059,1533,1533,2019-09-21,Charles,ES1,0,0,0,0,4
3592064_583189,3592064,583189,985,762,2021-12-05,Anthony Elanga,GB1,0,0,0,0,14
3605046_480763,3605046,480763,1050,1050,2021-08-16,Juan Foyth,ES1,2,0,0,0,82
3838628_427568,3838628,427568,11,762,2023-05-07,Aaron Ramsdale,GB1,0,0,0,0,90
3605201_401530,3605201,401530,418,418,2021-09-12,Éder Militão,ES1,0,0,0,0,90
3451017_351478,3451017,351478,681,681,2020-11-29,Mikel Oyarzabal,ES1,0,0,1,0,81
3219393_314210,3219393,314210,29,350,2019-10-19,Tom Davies,GB1,1,0,0,0,90
2899756_351478,2899756,351478,681,681,2018-01-27,Mikel Oyarzabal,ES1,0,0,0,0,90
2899627_255653,2899627,255653,1049,940,2017-10-01,Santi Mina,ES1,0,0,0,0,17
3079496_207924,3079496,207924,940,940,2018-12-14,Jozabed Sánchez,ES1,0,0,0,0,62
2475364_7923,2475364,7923,367,367,2015-01-17,Roberto Trashorras,ES1,1,0,0,1,90
3838609_363205,3838609,363205,11,11,2023-05-20,Gabriel Jesus,GB1,1,0,0,0,90
4095193_346483,4095193,346483,985,985,2023-11-11,Mason Mount,GB1,0,0,0,0,50
3591967_507700,3591967,507700,1123,985,2021-09-18,Brandon Williams,GB1,1,0,0,0,90
3050562_108725,3050562,108725,1132,703,2019-05-12,Chris Wood,GB1,0,0,0,0,77
3050265_363205,3050265,363205,281,11,2018-10-29,Gabriel Jesus,GB1,0,0,0,0,1
2698117_66550,2698117,66550,2288,2288,2016-10-01,Ángel Rangel,GB1,0,0,0,0,90
3607614_225015,3607614,225015,2687,2687,2022-01-03,Carlos Akapo,ES1,0,0,0,0,90
3837814_433177,3837814,433177,11,11,2022-08-05,Bukayo Saka,GB1,0,0,0,0,90
3610431_213670,3610431,213670,331,331,2022-03-13,Lucas Torró,ES1,0,0,0,0,45
3611496_630995,3611496,630995,150,150,2022-05-10,Rodri Sánchez,ES1,0,0,0,0,63
3607539_255653,3607539,255653,940,940,2021-11-01,Santi Mina,ES1,0,0,0,0,23
3592027_61560,3592027,61560,1003,1003,2021-09-11,Marc Albrighton,GB1,0,0,0,0,90
3209969_175449,3209969,175449,1050,331,2020-02-23,Moi Gómez,ES1,0,0,0,0,84
2872269_95424,2872269,95424,281,1132,2017-12-10,Kyle Walker,GB1,1,0,0,0,90
3838797_533657,3838797,533657,1003,1003,2023-01-14,Lewis Brunt,GB1,0,0,0,0,22
3858323_367466,3858323,367466,1049,1049,2022-09-17,Thierry Correia,ES1,0,0,0,0,90
3208709_16306,3208709,16306,418,985,2019-10-05,Casemiro,ES1,1,0,0,0,90
4095250_74960,4095250,74960,762,1132,2023-12-23,Martin Dúbravka,GB1,0,0,0,0,90
2718826_74230,2718826,74230,368,543,2016-11-19,Pablo Sarabia,ES1,0,0,0,0,76
2698195_148262,2698195,148262,1132,762,2016-12-26,Jeff Hendrick,GB1,1,0,0,0,90
3080815_378293,3080815,378293,5358,681,2019-02-22,Yangel Herrera,ES1,0,0,0,0,22
3838752_392757,3838752,392757,873,281,2023-02-18,Marc Guéhi,GB1,0,0,0,0,90
3838009_406638,3838009,406638,148,1003,2022-10-01,Oliver Skipp,GB1,0,0,0,0,15
4095174_173504,4095174,173504,29,29,2023-10-29,James Tarkowski,GB1,0,0,0,0,90
3451108_355628,3451108,355628,681,681,2021-01-23,Igor Zubeldia,ES1,0,0,0,0,90
2594501_37917,2594501,37917,472,1244,2015-09-20,Nabil El Zhar,ES1,0,0,0,0,29
3050354_66100,3050354,66100,180,12321,2018-12-30,Oriol Romeu,GB1,0,0,0,0,59
2594713_45912,2594713,45912,940,940,2016-02-20,Sergio Álvarez,ES1,0,0,0,0,90
3838703_333241,3838703,333241,762,762,2023-04-02,Joelinton,GB1,0,0,0,0,22
3219223_38145,3219223,38145,1010,1010,2020-02-08,Adrian Mariappa,GB1,1,0,0,0,90
3451397_199369,3451397,199369,5358,472,2021-04-09,Sandro Ramírez,ES1,0,0,1,0,58
3610404_311044,3610404,311044,2687,367,2022-03-06,Alfonso Espino,ES1,0,0,0,0,90
2872289_3332,2872289,3332,29,985,2017-12-18,Wayne Rooney,GB1,0,0,1,1,89
3886632_423443,3886632,423443,3302,3302,2023-04-22,Álex Centelles,ES1,0,0,1,0,90
2719061_277093,2719061,277093,2448,2448,2017-05-06,Carlos Castro,ES1,0,0,0,0,45
3610296_290249,3610296,290249,3709,3709,2022-01-23,Mauro Arambarri,ES1,0,0,0,0,90
3219398_90836,3219398,90836,989,703,2019-10-19,Steve Cook,GB1,0,0,0,0,90
3610558_262365,3610558,262365,16795,16795,2022-03-19,Antonio Puertas,ES1,0,0,1,0,28
2899666_208890,2899666,208890,3368,3368,2017-11-19,Samu García,ES1,0,0,0,0,1
2698371_392770,2698371,392770,985,543,2017-05-21,Angel Gomes,GB1,0,0,0,0,2
3837831_391005,3837831,391005,1148,180,2022-08-13,Mads Roerslev,GB1,0,0,0,0,90
3451031_252667,3451031,252667,2687,2687,2020-12-14,Fali,ES1,0,0,0,0,90
3838024_366930,3838024,366930,281,681,2022-10-08,Sergio Gómez,GB1,0,0,0,0,20
3844598_289255,3844598,289255,681,621,2022-08-21,Andoni Gorosabel,ES1,0,0,0,0,12
3219071_256178,3219071,256178,31,31,2019-09-22,Joe Gomez,GB1,0,0,0,0,1
3592189_162029,3592189,162029,762,940,2022-03-13,Javier Manquillo,GB1,0,0,0,0,90
2718968_127048,2718968,127048,1050,150,2017-03-12,Cédric Bakambu,ES1,0,0,0,0,81
4113098_246968,4113098,246968,150,1050,2023-11-12,Ayoze Pérez,ES1,0,0,1,0,90
2475421_153427,2475421,153427,993,367,2015-02-27,Bebé,ES1,0,0,0,0,45
2486731_3160,2486731,3160,631,631,2015-04-29,John Terry,GB1,0,0,1,0,90
2899675_262939,2899675,262939,12321,237,2017-11-25,Johan Mojica,ES1,0,0,0,0,24
3421770_288255,3421770,288255,985,12321,2020-11-29,Donny van de Beek,GB1,0,0,0,0,90
3844091_338285,3844091,338285,940,1049,2022-08-13,Unai Núñez,ES1,0,0,0,0,90
2899564_223068,2899564,223068,472,472,2017-08-18,Tana,ES1,0,0,0,0,78
2899636_71571,2899636,71571,621,714,2017-10-22,Ander Iturraspe,ES1,1,0,0,0,45
2698377_66219,2698377,66219,2288,2288,2017-04-22,Kyle Naughton,GB1,1,0,0,0,90
3219322_279455,3219322,279455,989,931,2019-12-03,Harry Wilson,GB1,0,0,0,0,90
3429745_378710,3429745,378710,29,148,2021-03-01,Richarlison,GB1,0,0,1,0,90
3886653_257376,3886653,257376,3709,3709,2023-04-30,Domingos Duarte,ES1,1,0,0,0,90
2899718_262939,2899718,262939,12321,237,2017-12-21,Johan Mojica,ES1,0,0,0,0,90
3429812_392771,3429812,392771,350,399,2021-04-17,Ethan Ampadu,GB1,0,0,0,0,83
2594534_188854,2594534,188854,1050,1050,2015-10-04,Manu Trigueros,ES1,0,0,0,0,90
3079406_61812,3079406,61812,621,621,2018-09-29,Yuri Berchiche,ES1,0,0,0,0,90
3429824_195633,3429824,195633,1132,180,2021-05-03,Charlie Taylor,GB1,0,0,0,0,90
3592112_212847,3592112,212847,1237,1237,2022-01-14,Adam Webster,GB1,0,0,0,0,90
3838277_68390,3838277,68390,29,29,2023-01-03,Séamus Coleman,GB1,0,0,0,0,27
3081091_337066,3081091,337066,366,12321,2019-04-27,Toni Villa,ES1,0,0,0,0,27
2578237_258923,2578237,258923,985,131,2016-05-10,Marcus Rashford,GB1,0,0,0,1,90
3838058_148455,3838058,148455,31,31,2022-10-19,Mohamed Salah,GB1,0,0,0,0,90
3610406_127032,3610406,127032,1050,703,2022-03-05,Serge Aurier,ES1,0,0,0,0,77
3592033_262226,3592033,262226,1003,931,2021-11-20,Timothy Castagne,GB1,0,0,0,0,90
2578085_85475,2578085,85475,2288,762,2016-01-13,Federico Fernández,GB1,0,0,0,0,90
3219434_29975,3219434,29975,989,989,2019-08-17,Andrew Surman,GB1,0,0,0,0,45
3079532_289286,3079532,289286,681,681,2019-01-14,Luca Sangalli,ES1,0,0,0,0,62
3592276_357662,3592276,357662,379,11,2022-05-01,Declan Rice,GB1,0,0,0,0,90
3611507_527350,3611507,527350,1108,12321,2022-05-15,Manu Vallejo,ES1,0,0,0,0,20
3451133_158791,3451133,158791,3368,3368,2021-02-06,Sergio Postigo,ES1,0,0,0,0,8
3219242_168157,3219242,168157,543,2497,2020-02-01,Leander Dendoncker,GB1,0,0,0,0,1
3611508_212862,3611508,212862,681,681,2022-05-15,Álex Remiro,ES1,0,0,0,0,90
3450991_125781,3450991,125781,131,13,2020-11-07,Antoine Griezmann,ES1,0,0,1,1,78
2899810_212391,2899810,212391,3368,2687,2018-03-01,Roger Martí,ES1,0,0,0,0,45
3210117_189453,3210117,189453,1244,3709,2020-07-09,Jonathan Silva,ES1,0,0,0,0,90
2872396_74810,2872396,74810,1132,1148,2018-03-03,Ben Mee,GB1,0,0,0,0,90
4095173_602105,4095173,602105,985,150,2023-10-29,Antony,GB1,1,0,0,0,4
3844551_538996,3844551,538996,368,368,2023-06-04,Tanguy Nianzou,ES1,0,0,0,0,45
3610369_102146,3610369,102146,1531,1531,2022-02-18,Édgar Badía,ES1,0,0,0,0,90
2719007_42373,2719007,42373,1049,940,2017-04-06,Diego Alves,ES1,0,0,0,0,90
2486702_41416,2486702,41416,873,873,2015-02-07,James McArthur,GB1,0,0,0,0,90
3886691_331496,3886691,331496,12321,237,2023-05-23,Valery Fernández,ES1,0,0,0,0,74
3451068_82503,3451068,82503,331,367,2020-12-31,Aridane Hernández,ES1,0,0,0,0,90
2872267_57842,2872267,57842,1110,1110,2017-12-09,Christopher Schindler,GB1,0,0,0,1,90
3421733_66333,3421733,66333,405,405,2020-11-01,Ahmed Elmohamady,GB1,0,0,0,0,23
3209792_127837,3209792,127837,621,621,2020-02-02,Ibai Gómez,ES1,0,0,0,0,22
3050497_126664,3050497,126664,29,405,2019-04-07,Lucas Digne,GB1,0,0,0,0,90
3429700_66100,3429700,66100,180,12321,2021-01-30,Oriol Romeu,GB1,0,0,0,0,89
3421851_102258,3421851,102258,1132,1132,2021-01-21,Matthew Lowton,GB1,0,0,0,0,90
3441593_213260,3441593,213260,331,331,2020-10-04,Rubén García,ES1,1,0,0,0,90
3605056_95641,3605056,95641,331,1244,2021-08-23,Darko Brasanac,ES1,1,0,0,0,83
3838761_537860,3838761,537860,631,631,2023-02-11,Mykhaylo Mudryk,GB1,0,0,0,0,67
3219099_33027,3219099,33027,1123,1031,2020-07-26,Tim Krul,GB1,0,0,0,0,90
3838604_628451,3838604,628451,180,631,2023-05-21,Roméo Lavia,GB1,0,0,0,0,84
3451395_175323,3451395,175323,3368,3368,2021-04-10,Óscar Duarte,ES1,0,0,0,0,90
4113095_169497,4113095,169497,331,331,2023-08-27,Juan Cruz,ES1,0,0,0,0,90
3838651_576024,3838651,576024,281,13,2023-04-26,Julián Alvarez,GB1,0,0,0,0,10
3441594_459463,3441594,459463,3709,150,2020-10-03,Cucho Hernández,ES1,1,0,0,0,61
2486755_3878,2486755,3878,985,985,2015-03-15,Michael Carrick,GB1,0,0,1,1,87
4113093_12282,4113093,12282,12321,12321,2023-08-26,Daley Blind,ES1,0,0,0,0,90
2872353_29692,2872353,29692,2288,379,2018-01-22,Lukasz Fabianski,GB1,0,0,0,0,90
2594584_43264,2594584,43264,368,368,2015-11-21,Benoît Trémoulinas,ES1,0,0,0,0,90
2872317_47995,2872317,47995,873,1110,2017-12-31,Jason Puncheon,GB1,1,0,0,0,15
3838035_250426,3838035,250426,180,543,2022-10-16,Adam Armstrong,GB1,0,0,0,0,74
2594582_120629,2594582,120629,1050,379,2015-11-22,Alphonse Areola,ES1,0,0,0,0,90
2872445_14221,2872445,14221,1132,1132,2018-04-14,Aaron Lennon,GB1,1,0,0,0,90
2698095_43003,2698095,43003,11,681,2016-09-10,Nacho Monreal,GB1,1,0,0,0,90
2899856_99353,2899856,99353,12321,12321,2018-04-13,Portu,ES1,1,0,0,0,90
3451181_412363,3451181,412363,418,418,2021-03-01,Rodrygo,ES1,0,0,0,0,29
3451050_176591,3451050,176591,1108,1108,2020-12-23,Jota Peleteiro,ES1,0,0,0,0,1
3050261_177907,3050261,177907,1003,985,2018-10-27,Harry Maguire,GB1,0,0,0,0,90
4095266_467623,4095266,467623,1132,1132,2023-12-30,Lyle Foster,GB1,0,0,1,0,90
2718825_357885,2718825,357885,1084,150,2016-11-19,Pablo Fornals,ES1,0,0,0,0,90
3079387_256429,3079387,256429,3709,367,2018-09-22,Sergi Guardiola,ES1,0,0,0,0,20
4113092_568157,4113092,568157,1050,873,2023-11-12,Yéremy Pino,ES1,0,0,0,0,45
3441595_126737,3441595,126737,150,3709,2020-10-03,Juanmi,ES1,0,0,0,0,1
3050450_33713,3050450,33713,29,180,2019-03-03,Theo Walcott,GB1,1,0,0,0,59
2899712_27924,2899712,27924,1050,1050,2017-12-23,Antonio Rukavina,ES1,1,0,0,0,90
3050513_90836,3050513,90836,989,703,2019-04-13,Steve Cook,GB1,0,0,0,0,87
2594761_197545,2594761,197545,1533,621,2016-03-18,Ander Capa,ES1,0,0,0,0,90
2594771_263627,2594771,263627,3709,1108,2016-04-01,Carlos Vigaray,ES1,1,0,0,0,90
2872213_378710,2872213,378710,1010,148,2017-10-28,Richarlison,GB1,1,0,0,0,90
3219100_341051,3219100,341051,180,379,2020-07-26,Kyle Walker-Peters,GB1,0,0,0,0,90
4095207_316264,4095207,316264,11,11,2023-12-02,Martin Ødegaard,GB1,0,0,1,0,90
3208663_26066,3208663,26066,1533,1533,2019-09-15,Iván Ramis,ES1,0,0,1,0,76
3838696_249089,3838696,249089,989,989,2023-04-08,Lewis Cook,GB1,0,0,0,0,31
2578058_25248,2578058,25248,984,984,2015-12-05,Jonas Olsson,GB1,0,0,0,0,90
3451133_175323,3451133,175323,3368,3368,2021-02-06,Óscar Duarte,ES1,0,0,0,0,90
2594816_319745,2594816,319745,150,418,2016-04-24,Dani Ceballos,ES1,0,0,0,0,90
2594737_28171,2594737,28171,1084,1084,2016-03-02,Chory Castro,ES1,0,0,0,0,90
3838031_336869,3838031,336869,399,150,2022-10-16,Marc Roca,GB1,0,0,0,0,84
3451154_111961,3451154,111961,368,368,2021-02-13,Suso,ES1,0,0,0,0,15
2872168_177476,2872168,177476,989,281,2017-09-23,Nathan Aké,GB1,0,0,0,0,83
4095179_461883,4095179,461883,931,931,2023-11-04,Calvin Bassey,GB1,0,0,0,0,90
4095136_61841,4095136,61841,989,989,2023-09-30,Adam Smith,GB1,0,0,0,0,7
3219229_92571,3219229,92571,379,379,2020-02-19,Aaron Cresswell,GB1,0,0,0,0,90
2718949_193784,2718949,193784,331,1531,2017-03-01,Carlos Clerc,ES1,0,0,0,0,76
2718898_44065,2718898,44065,681,714,2017-01-29,Esteban Granero,ES1,0,0,0,0,13
2475554_51426,2475554,51426,681,3709,2015-05-23,Markel Bergara,ES1,0,0,0,0,60
3451212_277533,3451212,277533,1531,1531,2021-03-13,Josan,ES1,0,0,0,0,15
2718725_300168,2718725,300168,621,621,2016-08-28,Mikel Vesga,ES1,0,0,0,0,28
2698095_191217,2698095,191217,11,150,2016-09-10,Héctor Bellerín,GB1,0,0,0,0,90
2718772_96718,2718772,96718,621,621,2016-10-02,Óscar de Marcos,ES1,1,0,0,1,90
3886553_227961,3886553,227961,3709,472,2023-02-20,Jaime Mata,ES1,0,0,0,0,1
2486720_3924,2486720,3924,631,631,2015-02-21,Didier Drogba,GB1,0,0,0,0,4
2872165_77274,2872165,77274,984,984,2017-09-25,Matt Phillips,GB1,0,0,0,0,16
4113094_170472,4113094,170472,1049,1049,2023-11-25,Dimitri Foulquier,ES1,0,0,0,0,1
3607528_63040,3607528,63040,331,331,2021-10-27,Oier Sanjurjo,ES1,0,0,0,0,1
2475559_22550,2475559,22550,1084,1084,2015-05-23,Weligton,ES1,0,1,0,0,26
3050230_105470,3050230,105470,31,31,2018-09-29,Alisson,GB1,0,0,0,0,90
3886410_118997,3886410,118997,331,331,2022-11-05,Aitor Fernández,ES1,1,0,0,0,90
4095197_403898,4095197,403898,1132,1132,2023-11-25,Jordan Beyer,GB1,1,0,0,0,90
3050537_111051,3050537,111051,1003,1010,2019-04-28,Nampalys Mendy,GB1,0,0,0,0,11
2719057_74230,2719057,74230,368,543,2017-05-01,Pablo Sarabia,ES1,1,0,0,0,90
3421823_111455,3421823,111455,11,289,2020-12-29,Granit Xhaka,GB1,0,0,0,0,90
3219187_168157,3219187,168157,543,2497,2020-02-14,Leander Dendoncker,GB1,1,0,0,0,90
3210094_18944,3210094,18944,131,131,2020-06-30,Gerard Piqué,ES1,1,0,0,0,90
3050190_61573,3050190,61573,1110,1110,2018-08-25,Jonathan Hogg,GB1,0,1,0,0,63
2594561_64399,2594561,64399,3709,940,2015-10-31,Vicente Guaita,ES1,0,0,0,0,90
3451001_262396,3451001,262396,621,621,2020-11-23,Unai Simón,ES1,0,0,0,0,90
4095204_249089,4095204,249089,989,989,2023-11-25,Lewis Cook,GB1,0,0,0,0,90
3591986_351749,3591986,351749,399,677,2021-09-25,Kalvin Phillips,GB1,0,0,0,0,90
2718748_39907,2718748,39907,714,1533,2016-09-22,Pape Diop,ES1,1,0,0,0,90
3209811_65263,3209811,65263,366,366,2020-02-08,Jordi Masip,ES1,0,0,0,0,90
2899848_145769,2899848,145769,150,366,2018-04-19,Sergio León,ES1,1,0,0,0,66
3079440_27493,3079440,27493,1244,237,2018-10-27,Iván Cuéllar,ES1,0,0,0,0,90
3209802_39907,3209802,39907,1533,1533,2020-02-07,Pape Diop,ES1,0,0,0,0,90
3838798_226973,3838798,226973,931,931,2023-01-15,Harrison Reed,GB1,0,0,0,0,90
3592035_126664,3592035,126664,29,405,2021-11-21,Lucas Digne,GB1,0,0,0,0,90
3050201_129078,3050201,129078,180,1132,2018-09-01,Nathan Redmond,GB1,0,0,0,0,90
3451377_213260,3451377,213260,331,331,2021-03-20,Rubén García,ES1,0,0,0,0,24
3441597_207922,3441597,207922,1531,366,2020-10-03,Luismi Sánchez,ES1,0,0,0,0,45
2872320_181579,2872320,181579,180,1132,2017-12-30,James Ward-Prowse,GB1,1,0,0,0,90
3421695_49755,3421695,49755,1132,1132,2020-09-26,Dale Stephens,GB1,0,0,0,0,90
3050364_135343,3050364,135343,762,762,2019-01-02,Fabian Schär,GB1,0,0,0,0,81
3838652_126665,3838652,126665,29,29,2023-04-27,Idrissa Gueye,GB1,0,0,0,0,83
3429772_105470,3429772,105470,31,31,2021-03-15,Alisson,GB1,0,0,0,0,90
4113071_548111,4113071,548111,1050,13,2023-09-27,Álex Baena,ES1,1,0,0,0,90
2872291_241641,2872291,241641,281,281,2017-12-16,Bernardo Silva,GB1,0,0,0,1,5
2594732_18006,2594732,18006,368,897,2016-03-02,Michael Krohn-Dehli,ES1,0,0,0,1,90
2899835_26065,2899835,26065,681,681,2018-04-01,Miguel Ángel Moyá,ES1,0,0,0,0,90
2577947_37526,2577947,37526,379,379,2015-08-29,Winston Reid,GB1,0,0,0,0,90
3421854_447661,3421854,447661,405,405,2021-05-13,Douglas Luiz,GB1,0,0,0,0,90
3592149_626724,3592149,626724,1010,631,2022-03-06,João Pedro,GB1,0,0,0,0,90
4113094_834764,4113094,834764,1049,1049,2023-11-25,Javi Guerra,ES1,0,0,0,0,90
3886570_398184,3886570,398184,131,131,2023-03-05,Ferran Torres,ES1,0,0,0,0,90
4113148_196948,4113148,196948,131,131,2023-12-03,Andreas Christensen,ES1,0,0,0,0,90
3886654_213260,3886654,213260,331,331,2023-04-28,Rubén García,ES1,0,0,0,0,21
4112972_59323,4112972,59323,12321,12321,2023-09-30,Cristhian Stuani,ES1,1,0,0,0,30
3592098_105470,3592098,105470,31,31,2021-11-27,Alisson,GB1,0,0,0,0,90
2578042_51226,2578042,51226,405,379,2015-11-21,Carlos Sánchez,GB1,0,0,0,0,45
3451192_95963,3451192,95963,16795,16795,2021-03-07,Germán Sánchez,ES1,0,0,0,0,90
3451479_351478,3451479,351478,681,681,2021-05-22,Mikel Oyarzabal,ES1,0,0,0,0,82
4113096_291417,4113096,291417,418,418,2023-11-11,Ferland Mendy,ES1,0,0,0,0,71
3210131_238868,3210131,238868,1050,331,2020-07-13,Rubén Peña,ES1,0,0,0,0,90
2578114_50174,2578114,50174,148,1010,2016-01-23,Danny Rose,GB1,0,0,0,0,90
3451426_57825,3451426,57825,16795,16795,2021-04-29,Jorge Molina,ES1,0,0,1,0,29
3050233_176553,3050233,176553,281,621,2018-09-29,Aymeric Laporte,GB1,0,0,0,0,90
4095224_61841,4095224,61841,989,989,2023-12-06,Adam Smith,GB1,0,0,0,0,90
2578121_39532,2578121,39532,984,289,2016-02-02,Victor Anichebe,GB1,0,0,0,0,21
3219076_258889,3219076,258889,989,148,2019-09-20,Dominic Solanke,GB1,0,0,0,0,77
3886295_320271,3886295,320271,1049,237,2022-09-10,Toni Lato,ES1,0,0,0,0,26
2594601_62920,2594601,62920,1050,150,2015-12-06,Víctor Ruiz,ES1,0,0,0,0,90
3420829_186590,3420829,186590,281,281,2021-01-20,John Stones,GB1,0,0,0,0,90
2475438_55135,2475438,55135,367,367,2015-03-08,Cristian Álvarez,ES1,0,0,0,0,90
3592056_406638,3592056,406638,148,1003,2022-01-19,Oliver Skipp,GB1,0,0,0,0,90
3592158_525247,3592158,525247,543,379,2022-02-24,Maximilian Kilman,GB1,0,0,0,0,90
2578191_108354,2578191,108354,405,1003,2016-03-19,Jordan Ayew,GB1,0,0,0,0,90
3886505_40423,3886505,40423,150,150,2023-01-21,Claudio Bravo,ES1,0,0,0,0,90
3592120_249994,3592120,249994,543,543,2022-01-15,José Sá,GB1,0,0,0,0,90
3610293_142021,3610293,142021,714,237,2022-01-21,Sergi Darder,ES1,0,0,0,0,90
2698380_4063,2698380,4063,641,641,2017-04-22,Stewart Downing,GB1,0,0,0,0,90
2698179_57500,2698179,57500,631,368,2016-11-20,César Azpilicueta,GB1,1,0,0,0,90
4112973_213260,4112973,213260,331,331,2023-10-01,Rubén García,ES1,0,0,0,0,90
3611442_328480,3611442,328480,3368,1049,2022-04-10,Pepelu,ES1,0,0,0,0,90
3421841_351749,3421841,351749,399,677,2021-01-02,Kalvin Phillips,GB1,1,0,0,0,90
2899839_7600,2899839,7600,131,131,2018-04-14,Andrés Iniesta,ES1,0,0,0,0,84
3605063_63056,3605063,63056,331,331,2021-08-29,Roberto Torres,ES1,0,0,1,1,17
2577945_33713,2577945,33713,11,180,2015-09-12,Theo Walcott,GB1,0,0,1,0,75
3050245_186186,3050245,186186,603,1003,2018-10-06,Bobby De Cordova-Reid,GB1,0,0,0,0,5
2718911_51710,2718911,51710,1050,366,2017-02-05,Sergio Asenjo,ES1,0,0,0,0,90
3219140_13572,3219140,13572,1010,1010,2020-06-20,Ben Foster,GB1,0,0,0,0,90
3607616_408471,3607616,408471,714,714,2021-12-31,Javi Puado,ES1,0,0,1,0,29
3219274_33027,3219274,33027,1123,1031,2020-01-01,Tim Krul,GB1,0,0,0,0,90
2594838_176133,2594838,176133,472,472,2016-05-08,Hernán Santana,ES1,0,0,0,0,82
3429777_51471,3429777,51471,631,281,2021-03-04,Mateo Kovacic,GB1,0,0,0,0,9
3610439_401922,3610439,401922,1050,931,2022-03-12,Samuel Chukwueze,ES1,0,0,0,0,90
3451099_281989,3451099,281989,16795,3709,2021-01-20,Luis Milla,ES1,1,0,0,0,90
3885858_127108,3885858,127108,367,367,2022-09-04,Florian Lejeune,ES1,0,0,1,0,90
3611463_89733,3611463,89733,2687,2687,2022-04-21,Álex Fernández,ES1,0,0,0,0,16
2475419_40423,2475419,40423,131,150,2015-02-21,Claudio Bravo,ES1,0,0,0,0,90
2578029_45861,2578029,45861,512,512,2015-11-21,Ryan Shawcross,GB1,0,0,0,0,90
2475365_29065,2475365,29065,993,993,2015-01-16,Abel Gómez,ES1,0,0,0,0,27
2872326_36939,2872326,36939,989,989,2018-01-01,Marc Pugh,GB1,0,0,0,0,60
2899620_77262,2899620,77262,472,472,2017-10-01,Michel Macedo,ES1,0,0,0,0,90
2578112_39532,2578112,39532,984,289,2016-01-23,Victor Anichebe,GB1,0,0,0,0,26
3219117_39372,3219117,39372,1123,1123,2020-03-07,Mario Vrancic,GB1,0,0,0,0,24
2872176_148153,2872176,148153,1237,1237,2017-10-01,Lewis Dunk,GB1,0,0,0,0,90
2594546_59344,2594546,59344,681,681,2015-10-18,Asier Illarramendi,ES1,0,0,0,0,90
3451018_422460,3451018,422460,3368,1049,2020-11-27,Dani Gómez,ES1,1,0,0,0,19
2594792_74230,2594792,74230,3709,543,2016-04-16,Pablo Sarabia,ES1,0,0,1,0,90
3081100_228917,3081100,228917,5358,3368,2019-04-28,Jorge Miramón,ES1,0,0,0,0,35
3210091_127554,3210091,127554,366,366,2020-06-26,Nacho Martínez,ES1,0,0,0,0,21
3050556_183288,3050556,183288,985,985,2019-05-05,Luke Shaw,GB1,0,0,0,0,90
2698362_50202,2698362,50202,631,418,2017-05-08,Eden Hazard,GB1,0,0,0,0,72
3886449_226261,3886449,226261,3302,366,2022-11-09,César de la Hoz,ES1,1,0,0,0,90
2475390_40442,2475390,40442,714,714,2015-02-08,Paco Montañés,ES1,1,0,0,0,12
3219314_173504,3219314,173504,1132,29,2019-12-14,James Tarkowski,GB1,0,0,0,0,90
2899812_45383,2899812,45383,897,331,2018-03-03,Adrián López,ES1,0,0,0,0,90
2872230_35518,2872230,35518,281,681,2017-11-18,David Silva,GB1,0,0,0,1,90
3050226_50202,3050226,50202,631,418,2018-09-23,Eden Hazard,GB1,0,0,0,0,90
3219123_65477,3219123,65477,1010,1010,2020-07-11,Troy Deeney,GB1,0,0,2,0,85
3429853_357565,3429853,357565,281,281,2021-05-18,Rodri,GB1,1,0,0,0,90
3451470_177847,3451470,177847,681,368,2021-05-16,Adnan Januzaj,ES1,1,0,1,1,60
4112884_238407,4112884,238407,1050,13,2023-12-09,Alexander Sørloth,ES1,0,0,0,0,16
3451003_281755,3451003,281755,2687,2687,2020-11-22,Iván Alejo,ES1,0,0,0,0,33
2475499_25557,2475499,25557,418,368,2015-04-18,Sergio Ramos,ES1,0,0,1,0,90
2899710_71559,2899710,71559,621,3709,2018-01-07,Xabi Etxeita,ES1,1,0,1,0,90
3219423_73547,3219423,73547,350,350,2019-08-31,Oliver Norwood,GB1,0,0,0,0,90
2899651_15693,2899651,15693,681,681,2017-11-05,Xabi Prieto,ES1,0,0,0,0,90
2872221_45861,2872221,45861,512,512,2017-11-04,Ryan Shawcross,GB1,0,0,0,0,90
4095222_406638,4095222,406638,148,1003,2023-12-07,Oliver Skipp,GB1,0,0,0,0,23
3838766_335721,3838766,335721,11,11,2023-02-11,Ben White,GB1,0,0,0,0,90
3886336_202984,3886336,202984,366,366,2022-10-19,Roque Mesa,ES1,0,0,1,0,82
3844555_286779,3844555,286779,2687,2687,2023-06-04,Jorge Meré,ES1,0,0,0,0,90
3050226_51471,3050226,51471,631,281,2018-09-23,Mateo Kovacic,GB1,0,0,0,0,79
3838602_250426,3838602,250426,180,543,2023-05-28,Adam Armstrong,GB1,0,0,1,0,27
2718859_139434,2718859,139434,1108,366,2016-12-16,Raúl Carnero,ES1,1,0,0,0,17
3451199_177847,3451199,177847,681,368,2021-03-07,Adnan Januzaj,ES1,0,0,0,0,73
4095275_578391,4095275,578391,543,281,2023-12-30,Rayan Aït-Nouri,GB1,1,0,0,0,73
3050292_14086,3050292,14086,985,29,2018-11-24,Ashley Young,GB1,1,0,0,0,90
3208836_57825,3208836,57825,3709,16795,2020-01-17,Jorge Molina,ES1,0,0,0,1,84
3838794_479999,3838794,479999,873,11,2023-01-15,Eberechi Eze,GB1,1,0,0,0,69
3050275_29692,3050275,29692,379,379,2018-11-03,Lukasz Fabianski,GB1,0,0,0,0,90
3611452_307519,3611452,307519,2687,2687,2022-04-18,Fede San Emeterio,ES1,0,0,0,0,26
4112882_262365,4112882,262365,16795,16795,2023-12-10,Antonio Puertas,ES1,0,0,0,0,1
4087951_236490,4087951,236490,703,703,2023-08-26,Ola Aina,GB1,1,0,0,0,90
2577861_57079,2577861,57079,289,350,2015-08-08,Jack Rodwell,GB1,1,0,0,0,90
3208620_266795,3208620,266795,1533,2687,2019-08-17,Gonzalo Escalante,ES1,0,0,0,0,32
2872182_129627,2872182,129627,180,984,2017-09-30,Charlie Austin,GB1,0,0,0,0,4
3592179_328658,3592179,328658,1148,1148,2022-04-02,Kristoffer Ajer,GB1,0,0,0,0,90
4095180_451276,4095180,451276,31,31,2023-11-05,Dominik Szoboszlai,GB1,0,0,0,0,66
3592191_296986,3592191,296986,399,399,2022-02-23,Tyler Roberts,GB1,0,0,0,0,45
3421846_181579,3421846,181579,180,1132,2021-02-23,James Ward-Prowse,GB1,0,0,0,0,90
3079512_98322,3079512,98322,1049,1049,2018-12-23,Denis Cheryshev,ES1,1,0,0,1,90
2594756_56134,2594756,56134,1049,1050,2016-03-13,Javi Fuego,ES1,1,0,0,0,90
3592294_236953,3592294,236953,1123,399,2021-12-28,Sam Byram,GB1,1,0,0,0,90
4113090_82503,4113090,82503,367,367,2023-08-28,Aridane Hernández,ES1,0,0,0,0,90
3886638_355628,3886638,355628,681,681,2023-04-22,Igor Zubeldia,ES1,0,0,0,0,90
2475427_51504,2475427,51504,1533,1533,2015-03-01,Jaime Jiménez,ES1,0,0,0,0,90
2899597_127837,2899597,127837,1108,621,2017-09-20,Ibai Gómez,ES1,0,0,0,0,90
2486823_3620,2486823,3620,29,29,2015-05-09,Leon Osman,GB1,0,0,0,0,90
2578225_90836,2578225,90836,989,703,2015-12-28,Steve Cook,GB1,0,0,0,0,90
3886287_826224,3886287,826224,12321,12321,2022-10-02,Arnau Martínez,ES1,0,0,1,0,79
3838672_321247,3838672,321247,405,405,2023-04-22,Emiliano Buendía,GB1,0,0,0,1,90
3592240_584769,3592240,584769,1132,29,2022-05-15,Dwight McNeil,GB1,0,0,0,0,90
2719061_246277,2719061,246277,2448,1108,2017-05-06,Burgui,ES1,0,0,0,0,83
3838026_429014,3838026,429014,703,703,2022-10-10,Morgan Gibbs-White,GB1,0,0,0,1,90
2594745_59344,2594745,59344,681,681,2016-03-06,Asier Illarramendi,ES1,0,0,0,0,90
3837830_340329,3837830,340329,762,762,2022-08-13,Joe Willock,GB1,0,0,0,0,76
3450975_118997,3450975,118997,3368,331,2020-10-26,Aitor Fernández,ES1,0,0,0,0,90
3886292_93936,3886292,93936,331,714,2022-10-02,Kike García,ES1,1,0,1,0,82
3451103_39907,3451103,39907,1533,1533,2021-01-24,Pape Diop,ES1,0,0,0,0,14
3885853_85383,3885853,85383,2687,2687,2022-09-02,Rubén Sobrino,ES1,0,0,0,0,27
3583477_173504,3583477,173504,1132,29,2021-08-14,James Tarkowski,GB1,1,0,1,0,90
3050560_175446,3050560,175446,543,1108,2019-05-04,Jonny Otto,GB1,0,0,0,0,90
4112874_331505,4112874,331505,940,940,2023-12-20,Óscar Mingueza,ES1,1,0,0,0,45
2578271_15956,2578271,15956,281,368,2016-04-16,Jesús Navas,GB1,0,0,0,0,90
3592269_410225,3592269,410225,1010,873,2022-04-30,Ismaïla Sarr,GB1,0,0,0,0,90
2594629_7874,2594629,7874,621,12321,2015-12-20,Gorka Iraizoz,ES1,0,0,0,0,90
3219246_123682,3219246,123682,989,379,2020-01-18,Callum Wilson,GB1,1,0,0,0,90
3838717_48002,3838717,48002,379,379,2023-05-03,Angelo Ogbonna,GB1,0,0,0,0,90
2578202_33544,2578202,33544,985,985,2016-03-20,Antonio Valencia,GB1,0,0,0,0,28
3605312_258475,3605312,258475,367,1108,2021-10-17,Nikola Maras,ES1,0,0,0,0,7
3219125_44983,3219125,44983,989,1010,2020-07-04,Dan Gosling,GB1,0,0,0,0,24
3611490_398184,3611490,398184,131,131,2022-05-10,Ferran Torres,ES1,0,0,0,0,45
3838639_123682,3838639,123682,762,379,2023-04-30,Callum Wilson,GB1,0,0,2,0,45
3451452_126716,3451452,126716,1050,1050,2021-05-09,Paco Alcácer,ES1,0,0,0,0,24
3605197_193098,3605197,193098,150,12321,2021-09-13,Álex Moreno,ES1,0,0,0,0,90
2578222_2998,2578222,2998,1003,1003,2016-01-02,Robert Huth,GB1,0,0,0,0,90
3050301_57842,3050301,57842,1110,1110,2018-12-01,Christopher Schindler,GB1,0,0,0,0,90
3451059_59561,3451059,59561,1050,1050,2020-12-22,Dani Parejo,ES1,0,0,0,0,90
3451117_531829,3451117,531829,5358,5358,2021-01-29,Dani Escriche,ES1,0,0,0,1,36
2698242_31835,2698242,31835,379,379,2017-02-01,Mark Noble,GB1,0,0,0,0,90
2578040_3547,2578040,3547,984,512,2015-11-21,Darren Fletcher,GB1,0,0,0,0,90
3429802_31835,3429802,31835,379,379,2021-04-11,Mark Noble,GB1,0,0,0,0,82
2475372_13872,2475372,13872,367,367,2015-01-24,Zé Castro,ES1,0,0,0,0,90
2698313_51321,2698313,51321,379,989,2017-03-11,Darren Randolph,GB1,0,0,0,0,90
3592146_111195,3592146,111195,1237,1237,2022-03-05,Joël Veltman,GB1,0,0,0,0,90
3219369_472423,3219369,472423,631,631,2019-11-09,Reece James,GB1,0,0,0,0,90
4113162_257062,4113162,257062,367,367,2023-11-05,Álvaro García,ES1,0,0,0,0,75
4095146_309400,4095146,309400,11,11,2023-10-08,Kai Havertz,GB1,0,0,0,1,15
3081097_207924,3081097,207924,940,940,2019-04-27,Jozabed Sánchez,ES1,0,0,0,0,90
3079521_57825,3079521,57825,3709,16795,2019-01-06,Jorge Molina,ES1,0,0,0,0,32
3421694_183288,3421694,183288,985,985,2020-09-26,Luke Shaw,GB1,0,0,0,0,90
3607628_188854,3607628,188854,1050,1050,2022-01-09,Manu Trigueros,ES1,0,0,0,0,74
3050387_72476,3050387,72476,11,931,2019-01-29,Bernd Leno,GB1,0,0,0,0,90
2594488_188838,2594488,188838,150,366,2015-08-29,Bruno González,ES1,0,0,0,0,90
2718776_27493,2718776,27493,2448,237,2016-10-01,Iván Cuéllar,ES1,0,0,0,0,90
3592016_241641,3592016,241641,281,281,2021-10-16,Bernardo Silva,GB1,0,0,1,0,90
3592102_59606,3592102,59606,1010,1010,2022-02-19,Craig Cathcart,GB1,0,0,0,0,90
3838008_469781,3838008,469781,989,989,2022-10-01,Marcos Senesi,GB1,0,0,0,0,90
3592033_475188,3592033,475188,1003,29,2021-11-20,Kiernan Dewsbury-Hall,GB1,0,0,0,0,15
2698172_258923,2698172,258923,985,131,2016-12-04,Marcus Rashford,GB1,0,0,0,0,7
2718745_127837,2718745,127837,1108,621,2016-09-19,Ibai Gómez,ES1,0,0,0,0,71
3050425_480763,3050425,480763,148,1050,2018-12-26,Juan Foyth,GB1,0,0,0,0,90
3421756_67420,3421756,67420,399,399,2020-11-22,Luke Ayling,GB1,0,0,0,0,70
3451176_89733,3451176,89733,2687,2687,2021-02-28,Álex Fernández,ES1,0,0,0,0,90
3886684_81997,3886684,81997,3302,3302,2023-05-20,Fernando Martínez,ES1,0,0,0,0,90
2475344_81743,2475344,81743,993,993,2015-01-05,Fausto Rossi,ES1,0,0,0,0,90
3837854_249089,3837854,249089,989,989,2022-08-31,Lewis Cook,GB1,0,0,0,0,90
2872223_19368,2872223,19368,148,148,2017-11-05,Mousa Dembélé,GB1,0,0,0,0,45
3607541_242497,3607541,242497,1108,1108,2021-11-06,Pere Pons,ES1,0,0,0,0,68
3886620_616369,3886620,616369,681,681,2023-04-15,Ander Barrenetxea,ES1,0,0,0,0,45
3219116_324882,3219116,324882,405,1031,2020-07-09,Marvelous Nakamba,GB1,1,0,0,0,31
3451415_423440,3451415,423440,681,11,2021-04-26,Martín Zubimendi,ES1,1,0,0,0,90
3080879_69660,3080879,69660,12321,331,2019-04-06,Jonás Ramalho,ES1,1,0,0,0,2
3431904_40423,3431904,40423,150,150,2020-09-13,Claudio Bravo,ES1,0,0,0,0,90
2872452_13507,2872452,13507,29,29,2018-04-14,Leighton Baines,GB1,0,0,0,0,90
3080767_59344,3080767,59344,681,681,2019-01-20,Asier Illarramendi,ES1,0,0,0,1,90
2486740_29152,2486740,29152,289,289,2015-03-03,Danny Graham,GB1,0,0,0,0,74
2475348_165007,2475348,165007,368,1108,2015-01-03,Denis Suárez,ES1,0,0,0,0,54
2594827_63689,2594827,63689,16795,1533,2016-04-30,Fran Rico,ES1,0,0,0,0,16
3219205_175446,3219205,175446,543,1108,2020-07-04,Jonny Otto,GB1,0,0,0,0,90
3208814_311287,3208814,311287,16795,1533,2019-12-20,José Antonio Martínez,ES1,0,0,0,0,90
2872248_10003,2872248,10003,1003,1003,2017-11-28,Wes Morgan,GB1,0,0,0,0,90
3450991_342385,3450991,342385,150,1049,2020-11-07,Guido Rodríguez,ES1,0,0,0,0,90
3219146_249089,3219146,249089,989,989,2020-07-19,Lewis Cook,GB1,1,0,0,0,21
3050347_130164,3050347,130164,29,29,2018-12-29,Jordan Pickford,GB1,0,0,0,0,90
3219337_67252,3219337,67252,543,1003,2019-12-04,Ryan Bennett,GB1,0,0,0,0,1
3050179_61694,3050179,61694,603,603,2018-08-18,Neil Etheridge,GB1,0,0,0,0,90
3592096_64399,3592096,64399,873,940,2021-11-27,Vicente Guaita,GB1,0,0,0,0,90
3208808_158791,3208808,158791,3368,3368,2019-12-14,Sergio Postigo,ES1,1,0,0,0,90
2594848_203043,2594848,203043,472,1531,2016-05-15,Pedro Bigas,ES1,0,0,0,0,90
2872161_183318,2872161,183318,762,762,2017-09-16,Jamaal Lascelles,GB1,0,0,1,0,90
2872296_51528,2872296,51528,1237,1237,2017-12-23,Bruno Saltor,GB1,0,0,0,0,90
3079448_102423,3079448,102423,3709,714,2018-11-04,Leandro Cabrera,ES1,0,0,0,0,90
3080807_288318,3080807,288318,367,367,2019-02-16,Adrián Embarba,ES1,0,0,0,0,57
3610322_480763,3610322,480763,1050,1050,2022-02-06,Juan Foyth,ES1,0,0,0,0,64
2698217_48078,2698217,48078,1132,1132,2016-12-18,Sam Vokes,GB1,0,0,0,0,10
3592164_324358,3592164,324358,405,405,2022-04-09,Ollie Watkins,GB1,0,0,0,0,90
2578152_15220,2578152,15220,989,989,2016-02-13,Artur Boruc,GB1,0,0,0,0,90
2475462_35539,2475462,35539,3709,1084,2015-04-05,Mehdi Lacen,ES1,0,0,0,0,90
3208708_177467,3208708,177467,1050,1050,2019-10-05,Gerard Moreno,ES1,0,0,0,0,90
2718989_127108,2718989,127108,1533,367,2017-04-01,Florian Lejeune,ES1,0,0,0,0,90
3080878_284857,3080878,284857,1533,631,2019-04-06,Marc Cucurella,ES1,0,0,0,0,84
3219329_357565,3219329,357565,281,281,2019-12-07,Rodri,GB1,0,0,0,0,86
2719084_336869,2719084,336869,714,150,2017-05-19,Marc Roca,ES1,1,0,0,0,90
2719032_21725,2719032,21725,13,13,2017-04-22,Filipe Luís,ES1,0,0,0,0,90
2872470_81999,2872470,81999,762,418,2018-04-28,Joselu,GB1,0,0,0,0,12
2698193_226968,2698193,226968,180,180,2016-12-11,Sam McQueen,GB1,0,0,0,0,90
2719019_153236,2719019,153236,472,472,2017-04-14,Vicente Gómez,ES1,0,0,0,0,90
3079419_175449,3079419,175449,5358,331,2018-10-07,Moi Gómez,ES1,0,0,0,0,90
3838189_192279,3838189,192279,631,11,2022-10-22,Kepa Arrizabalaga,GB1,0,0,0,0,90
3050405_135343,3050405,135343,762,762,2019-02-02,Fabian Schär,GB1,0,0,0,0,90
3219331_74810,3219331,74810,1132,1148,2019-12-03,Ben Mee,GB1,0,0,0,0,90
2899709_396894,2899709,396894,940,2687,2017-12-17,Maxi Gómez,ES1,0,0,0,0,90
3208638_247250,3208638,247250,366,2687,2020-07-19,Rubén Alcaraz,ES1,0,0,0,1,90
3219121_444208,3219121,444208,180,1132,2020-07-13,Michael Obafemi,GB1,0,0,1,0,3
4112972_31909,4112972,31909,418,418,2023-09-30,Toni Kroos,ES1,0,0,0,1,90
3592309_520624,3592309,520624,762,762,2022-03-10,Bruno Guimarães,GB1,0,0,1,0,67
3209970_71548,3209970,71548,1533,1533,2020-02-22,Anaitz Arbilla,ES1,0,0,0,0,90
2899834_176067,2899834,176067,897,897,2018-03-09,Borja Valle,ES1,0,0,0,0,6
2475526_71548,2475526,71548,714,1533,2015-05-03,Anaitz Arbilla,ES1,1,0,0,0,90
3607561_423444,3607561,423444,940,12321,2021-11-27,Fran Beltrán,ES1,0,0,0,0,90
2577952_25553,2577952,25553,873,873,2015-09-12,Brede Hangeland,GB1,1,0,0,0,90
3451152_349856,3451152,349856,3368,3368,2021-02-14,Son,ES1,0,0,0,0,4
2698351_36939,2698351,36939,989,989,2017-04-01,Marc Pugh,GB1,0,0,0,0,90
3605327_295065,3605327,295065,1108,1108,2021-10-23,Toni Moya,ES1,0,0,0,0,85
3450966_71918,3450966,71918,5358,5358,2020-10-18,David Ferreiro,ES1,0,0,0,0,90
2698091_121477,2698091,121477,984,543,2016-09-10,Craig Dawson,GB1,0,0,0,0,90
3838731_487465,3838731,487465,543,631,2023-03-04,Pedro Neto,GB1,0,0,0,0,45
2578146_3291,2578146,3291,29,984,2016-02-13,Gareth Barry,GB1,1,0,0,0,90
2872470_85935,2872470,85935,984,984,2018-04-28,James McClean,GB1,1,0,0,0,90
3886649_353032,3886649,353032,3709,289,2023-04-26,Omar Alderete,ES1,1,0,0,0,90
3421861_29692,3421861,29692,379,379,2021-01-16,Lukasz Fabianski,GB1,0,0,0,0,90
2698402_78966,2698402,78966,641,641,2017-04-17,Daniel Ayala,GB1,0,0,0,0,90
2899568_158791,2899568,158791,3368,3368,2017-08-21,Sergio Postigo,ES1,0,0,0,0,90
3050493_13572,3050493,13572,1010,1010,2019-03-30,Ben Foster,GB1,0,0,0,0,90
2718894_63723,2718894,63723,16795,1533,2017-01-21,David Lombán,ES1,0,0,0,0,90
2486721_92572,2486721,92572,873,873,2015-02-21,Joel Ward,GB1,0,0,0,0,90
3838788_340321,3838788,340321,1148,1148,2023-01-22,Josh Dasilva,GB1,0,0,0,0,60
3210077_131667,3210077,131667,16795,16795,2020-06-22,Ramon Azeez,ES1,0,0,0,0,45
3208624_131505,3208624,131505,1049,399,2019-08-17,Rodrigo,ES1,0,0,0,0,85
3208841_399776,3208841,399776,1050,405,2020-01-19,Pau Torres,ES1,0,0,0,0,90
2578127_45395,2578127,45395,1123,1123,2016-02-06,Jonathan Howson,GB1,1,0,0,0,90
2594781_44412,2594781,44412,1050,1050,2016-04-10,Bruno Soriano,ES1,1,0,0,0,90
2594633_141835,2594633,141835,3709,714,2015-12-30,Álvaro Vázquez,ES1,0,0,0,0,74
2475379_76699,2475379,76699,993,993,2015-01-24,Adrián Gunino,ES1,0,0,0,0,90
3209965_74294,3209965,74294,368,368,2020-02-16,Nemanja Gudelj,ES1,1,0,0,0,36
3080900_128295,3080900,128295,367,367,2019-04-20,Tito,ES1,1,0,0,0,90
2594499_54231,2594499,54231,2448,2448,2015-09-12,Isma López,ES1,1,0,0,0,90
2872477_209212,2872477,209212,1237,1237,2018-05-04,Solly March,GB1,0,0,0,0,2
3219419_398065,3219419,398065,1003,762,2019-09-14,Harvey Barnes,GB1,0,0,0,0,22
3050438_169555,3050438,169555,603,603,2019-02-26,Callum Paterson,GB1,0,0,0,0,21
2697997_148368,2697997,148368,31,703,2016-08-20,Divock Origi,GB1,0,0,0,0,25
3429776_158764,3429776,158764,399,399,2021-03-19,Stuart Dallas,GB1,0,0,0,0,90
3837855_193116,3837855,193116,405,405,2022-08-31,John McGinn,GB1,1,0,0,0,73
3219368_140191,3219368,140191,379,989,2019-11-09,Ryan Fredericks,GB1,1,0,0,0,90
3838647_188077,3838647,188077,989,989,2023-04-30,Ryan Christie,GB1,0,0,0,0,90
2594761_23338,2594761,23338,1533,1533,2016-03-18,Asier Riesgo,ES1,0,0,0,0,90
3451391_338425,3451391,338425,621,621,2021-04-07,Álex Berenguer,ES1,0,0,0,1,90
2718710_29124,2718710,29124,621,621,2016-08-21,Aritz Aduriz,ES1,0,0,0,0,90
3886565_193784,3886565,193784,1531,1531,2023-02-24,Carlos Clerc,ES1,0,0,0,0,75
3838720_735570,3838720,735570,543,543,2023-03-18,João Gomes,GB1,1,0,0,0,90
3591989_292246,3591989,292246,543,543,2021-09-26,Hee-chan Hwang,GB1,0,0,0,0,88
4087959_207014,4087959,207014,873,873,2023-09-03,Will Hughes,GB1,0,0,0,0,1
2594546_121483,2594546,121483,13,13,2015-10-18,Jan Oblak,ES1,0,0,0,0,90
3592252_51471,3592252,51471,631,281,2022-04-09,Mateo Kovacic,GB1,0,0,0,0,90
4113158_785353,4113158,785353,331,1108,2023-09-17,Pablo Ibáñez,ES1,0,0,0,0,11
2899769_93935,2899769,93935,368,366,2018-02-11,Sergio Escudero,ES1,0,0,0,0,90
3605301_63040,3605301,63040,331,331,2021-10-02,Oier Sanjurjo,ES1,0,0,0,0,9
3208666_120095,3208666,120095,3368,472,2019-09-14,José Campaña,ES1,0,0,0,1,90
3080808_140436,3080808,140436,714,714,2019-02-17,Lei Wu,ES1,0,0,0,0,72
2718938_73636,2718938,73636,714,714,2017-02-26,Hernán Pérez,ES1,0,0,0,0,73
2475494_263856,2475494,263856,3368,150,2015-04-17,Víctor Camarasa,ES1,0,0,0,0,90
3451440_111961,3451440,111961,368,368,2021-05-03,Suso,ES1,0,0,0,0,68
2698257_66550,2698257,66550,2288,2288,2017-01-03,Ángel Rangel,GB1,0,0,1,0,19
3421725_146509,3421725,146509,984,677,2020-10-26,Conor Townsend,GB1,0,0,0,0,90
2872253_40611,2872253,40611,180,1003,2017-11-29,Ryan Bertrand,GB1,0,0,0,0,90
3208731_15799,3208731,15799,1050,2497,2019-10-25,Santi Cazorla,ES1,0,0,0,1,90
3219324_40611,3219324,40611,180,1003,2019-12-08,Ryan Bertrand,GB1,0,0,0,0,90
2872434_61832,2872434,61832,984,984,2018-03-31,Jake Livermore,GB1,0,0,0,0,90
3838788_442248,3838788,442248,1148,1148,2023-01-22,Ethan Pinnock,GB1,0,0,0,0,90
2594629_40888,2594629,40888,621,621,2015-12-20,Beñat Etxebarria,ES1,0,0,0,0,90
3837992_66934,3837992,66934,703,703,2023-04-04,Cheikhou Kouyaté,GB1,1,0,0,0,26
2718939_188854,2718939,188854,1050,1050,2017-02-26,Manu Trigueros,ES1,0,0,1,0,75
3429724_413403,3429724,413403,405,405,2021-02-13,Ezri Konsa,GB1,0,0,0,0,90
3838641_553875,3838641,553875,148,148,2023-04-30,Pedro Porro,GB1,0,0,0,0,90
3050245_79723,3050245,79723,603,603,2018-10-06,Sean Morrison,GB1,0,0,0,0,90
3079500_65263,3079500,65263,366,366,2018-12-15,Jordi Masip,ES1,0,0,0,0,90
4113116_74857,4113116,74857,131,12321,2023-11-12,Marc-André ter Stegen,ES1,0,0,0,0,90
3219147_175446,3219147,175446,543,1108,2020-07-20,Jonny Otto,GB1,0,0,1,0,90
2872243_3291,2872243,3291,984,984,2017-11-25,Gareth Barry,GB1,1,0,0,0,79
3208676_31909,3208676,31909,418,418,2019-09-22,Toni Kroos,ES1,0,0,0,0,90
3208805_58799,3208805,58799,237,237,2019-12-15,Salva Sevilla,ES1,0,0,1,0,62
3219100_128909,3219100,128909,350,350,2020-07-26,Jack Robinson,GB1,0,0,0,0,90
3592004_262226,3592004,262226,1003,931,2021-10-03,Timothy Castagne,GB1,0,0,0,0,90
3421703_298477,3421703,298477,350,472,2020-10-04,Oli McBurnie,GB1,0,0,0,0,34
3451148_610083,3451148,610083,621,3368,2021-02-15,Unai Vencedor,ES1,0,0,0,0,14
3420846_341051,3420846,341051,180,379,2020-09-20,Kyle Walker-Peters,GB1,0,0,0,1,90
2718853_338425,2718853,338425,331,621,2016-12-10,Álex Berenguer,ES1,0,0,0,0,90
3208636_177452,3208636,177452,237,237,2020-07-19,Abdón Prats,ES1,0,0,0,0,3
3219230_12384,3219230,12384,1123,1123,2020-02-15,Alexander Tettey,GB1,0,0,0,0,84
3079414_51426,3079414,51426,3709,3709,2018-10-06,Markel Bergara,ES1,0,0,0,0,36
3429778_95424,3429778,95424,281,1132,2021-03-02,Kyle Walker,GB1,0,0,0,0,90
2578091_42411,2578091,42411,873,873,2015-12-26,Fraizer Campbell,GB1,0,0,0,0,67
3451209_99353,3451209,99353,681,12321,2021-03-14,Portu,ES1,1,0,0,0,27
3219207_119269,3219207,119269,1237,931,2020-07-04,Shane Duffy,GB1,0,0,0,0,1
3219409_78959,3219409,78959,873,873,2019-09-28,Martin Kelly,GB1,0,0,0,0,90
3451098_618809,3451098,618809,331,3368,2021-01-21,Manu Sánchez,ES1,1,0,0,0,15
2899559_57825,2899559,57825,3709,16795,2017-08-20,Jorge Molina,ES1,0,0,0,0,80
2698323_31835,2698323,31835,379,379,2017-02-25,Mark Noble,GB1,0,0,0,0,90
2475401_141835,2475401,141835,3709,714,2015-02-15,Álvaro Vázquez,ES1,1,0,0,0,90
3838232_585550,3838232,585550,180,512,2022-11-06,Gavin Bazunu,GB1,0,0,0,0,90
3592228_435338,3592228,435338,11,11,2022-02-10,Gabriel,GB1,1,0,1,0,90
3208715_282411,3208715,282411,13,13,2019-10-19,Marcos Llorente,ES1,0,0,0,0,22
3838016_314210,3838016,314210,29,350,2022-10-01,Tom Davies,GB1,0,0,0,0,16
2594620_128295,2594620,128295,367,367,2015-12-13,Tito,ES1,0,0,0,0,90
3886517_203043,3886517,203043,1531,1531,2023-01-28,Pedro Bigas,ES1,0,1,0,0,41
3050226_57500,3050226,57500,631,368,2018-09-23,César Azpilicueta,GB1,0,0,0,0,90
3607538_573775,3607538,573775,1049,1049,2021-10-30,Hugo Duro,ES1,0,0,0,0,8
3219085_61651,3219085,61651,31,1148,2019-08-31,Jordan Henderson,GB1,0,0,0,0,71
3886633_112515,3886633,112515,131,940,2023-04-23,Marcos Alonso,ES1,1,0,0,0,61
2594705_65318,2594705,65318,1050,237,2016-02-13,Jaume Costa,ES1,0,0,0,0,90
3886387_358250,3886387,358250,940,940,2022-10-29,Joseph Aidoo,ES1,0,0,0,0,90
2899739_73180,2899739,73180,1244,5358,2018-01-15,Martín Mantovani,ES1,0,0,0,0,66
3050271_33713,3050271,33713,29,180,2018-11-03,Theo Walcott,GB1,0,0,0,0,85
2475393_61812,2475393,61812,681,621,2015-02-07,Yuri Berchiche,ES1,0,0,0,0,90
2719022_250845,2719022,250845,13,13,2017-04-15,José María Giménez,ES1,1,0,0,0,90
3451402_480763,3451402,480763,1050,1050,2021-04-11,Juan Foyth,ES1,0,0,0,0,90
2698178_35518,2698178,35518,281,681,2016-11-19,David Silva,GB1,0,0,0,0,23
3607528_95641,3607528,95641,331,1244,2021-10-27,Darko Brasanac,ES1,0,0,0,0,23
3421735_342048,3421735,342048,984,1531,2020-11-02,Grady Diangana,GB1,0,0,0,0,90
3451419_247366,3451419,247366,2687,2687,2021-04-24,Marcos Mauro,ES1,0,0,0,0,90
3050540_480987,3050540,480987,989,984,2019-04-27,Chris Mepham,GB1,0,0,0,0,23
4113169_935230,4113169,935230,418,418,2023-12-02,Gonzalo García,ES1,0,0,0,0,5
2475504_20346,2475504,20346,3368,16795,2015-04-25,David Barral,ES1,0,0,0,0,90
3886481_411975,3886481,411975,131,131,2023-01-08,Jules Koundé,ES1,0,0,0,0,90
2698254_177847,2698254,177847,289,368,2017-01-21,Adnan Januzaj,GB1,0,0,0,0,66
2899632_223725,2899632,223725,1108,1244,2017-10-21,Munir El Haddadi,ES1,1,0,0,0,80
3451051_95641,3451051,95641,331,1244,2020-12-22,Darko Brasanac,ES1,0,0,1,0,74
3886598_351478,3886598,351478,681,681,2023-03-19,Mikel Oyarzabal,ES1,0,0,0,0,26
3208619_423444,3208619,423444,940,12321,2019-08-17,Fran Beltrán,ES1,0,0,0,0,83
3607608_278837,3607608,278837,1108,1049,2021-12-18,Luis Rioja,ES1,0,0,0,0,76
3838726_357662,3838726,357662,379,11,2023-03-12,Declan Rice,GB1,0,0,0,0,90
4087959_110864,4087959,110864,873,543,2023-09-03,Sam Johnstone,GB1,0,0,0,0,90
2718740_351478,2718740,351478,681,681,2016-09-18,Mikel Oyarzabal,ES1,0,0,0,0,82
3838004_134270,3838004,134270,762,762,2022-09-17,Dan Burn,GB1,1,0,0,0,90
3460087_206746,3460087,206746,931,931,2020-09-28,Kenny Tete,GB1,0,0,0,0,39
2594743_127048,2594743,127048,1050,150,2016-03-05,Cédric Bakambu,ES1,0,0,0,0,21
3050348_34130,3050348,34130,1132,985,2018-12-30,Tom Heaton,GB1,0,0,0,0,90
2872220_40611,2872220,40611,180,1003,2017-11-04,Ryan Bertrand,GB1,0,0,0,0,90
3050257_206040,3050257,206040,543,931,2018-10-27,Raúl Jiménez,GB1,0,0,0,0,61
2475434_101742,2475434,101742,3302,3368,2015-03-07,Ángel Trujillo,ES1,0,0,0,0,90
4113150_74294,4113150,74294,368,368,2023-08-21,Nemanja Gudelj,ES1,1,0,0,0,90
2578009_131978,2578009,131978,29,405,2015-11-01,Ross Barkley,GB1,0,0,0,0,90
2899740_16306,2899740,16306,418,985,2018-01-13,Casemiro,ES1,0,0,0,0,90
3208662_95963,3208662,95963,16795,16795,2019-09-15,Germán Sánchez,ES1,1,0,1,0,90
2872310_195633,2872310,195633,1132,180,2017-12-26,Charlie Taylor,GB1,1,0,0,0,90
2899642_81988,2899642,81988,1533,1533,2017-10-22,Sergi Enrich,ES1,0,0,0,0,11
2475428_207924,2475428,207924,367,940,2015-02-28,Jozabed Sánchez,ES1,0,0,0,0,12
2698411_47995,2698411,47995,873,1110,2017-04-01,Jason Puncheon,GB1,0,0,0,0,90
3886390_907813,3886390,907813,681,681,2022-10-30,Pablo Marín,ES1,1,0,0,0,60
3837824_204103,3837824,204103,543,379,2022-08-13,Adama Traoré,GB1,0,0,0,0,11
2577994_78959,2577994,78959,873,873,2015-10-03,Martin Kelly,GB1,0,0,0,0,90
2578067_31642,2578067,31642,512,512,2015-12-05,Geoff Cameron,GB1,0,0,0,0,90
3079438_336869,3079438,336869,714,150,2018-10-26,Marc Roca,ES1,0,0,0,0,90
2899813_61546,2899813,61546,940,331,2018-03-18,Facundo Roncaglia,ES1,0,0,0,0,90
2872475_331726,2872475,331726,2288,405,2018-05-05,Tammy Abraham,GB1,0,0,0,0,31
3886289_278296,3886289,278296,237,237,2022-10-01,Antonio Raíllo,ES1,0,0,0,0,90
2899905_59375,2899905,59375,681,681,2018-05-04,David Zurutuza,ES1,1,0,0,0,90
2475386_7923,2475386,7923,367,367,2015-01-30,Roberto Trashorras,ES1,0,0,0,0,90
4095232_583255,4095232,583255,989,281,2023-12-09,Antoine Semenyo,GB1,0,0,0,0,58
4113133_339820,4113133,339820,237,366,2023-09-23,Amath Ndiaye,ES1,0,0,0,0,45
3429756_306024,3429756,306024,29,399,2021-03-08,Dominic Calvert-Lewin,GB1,0,0,0,0,90
3610575_282700,3610575,282700,3368,1244,2022-04-02,Enric Franquesa,ES1,0,0,0,0,45
2594646_246277,2594646,246277,714,1108,2016-01-02,Burgui,ES1,0,0,0,0,60
3607621_277533,3607621,277533,1531,1531,2022-01-10,Josan,ES1,0,0,0,0,20
2698203_191217,2698203,191217,11,150,2016-12-13,Héctor Bellerín,GB1,0,0,0,0,90
2872137_78959,2872137,78959,873,873,2017-08-26,Martin Kelly,GB1,0,0,0,0,49
2475549_7945,2475549,7945,3302,3302,2015-05-17,Miguel Ángel Corona,ES1,1,0,0,0,64
3611457_617074,3611457,617074,1049,940,2022-04-16,Ilaix Moriba,ES1,0,0,0,0,65
3219132_258889,3219132,258889,989,148,2020-07-15,Dominic Solanke,GB1,0,0,0,0,69
3431915_221309,3431915,221309,366,366,2020-09-20,Óscar Plano,ES1,0,0,0,0,45
3838213_193116,3838213,193116,405,405,2022-10-29,John McGinn,GB1,0,0,0,0,21
2698387_31835,2698387,31835,379,379,2017-04-29,Mark Noble,GB1,0,0,0,0,20
2872242_123682,2872242,123682,989,379,2017-11-25,Callum Wilson,GB1,0,0,0,0,79
3050171_50935,3050171,50935,379,379,2018-08-12,Chicharito,GB1,0,0,0,0,28
3451008_70934,3451008,70934,940,940,2020-11-21,Nolito,ES1,0,0,1,0,68
3451072_203043,3451072,203043,1533,1531,2021-01-03,Pedro Bigas,ES1,0,0,0,0,90
3451429_158791,3451429,158791,3368,3368,2021-04-18,Sergio Postigo,ES1,0,0,0,0,90
2872435_249089,2872435,249089,989,989,2018-04-07,Lewis Cook,GB1,0,0,0,0,80
2486668_4115,2486668,4115,984,984,2015-01-01,Chris Baird,GB1,0,0,0,0,90
3838772_74810,3838772,74810,1148,1148,2023-02-04,Ben Mee,GB1,0,0,1,0,90
3611497_153427,3611497,153427,367,367,2022-05-12,Bebé,ES1,0,0,0,0,59
3050182_378710,3050182,378710,29,148,2018-08-18,Richarlison,GB1,0,0,1,0,86
2872194_65477,2872194,65477,1010,1010,2017-10-14,Troy Deeney,GB1,0,0,1,0,27
2578156_15220,2578156,15220,989,989,2016-03-01,Artur Boruc,GB1,0,0,0,0,90
2718902_51587,2718902,51587,1533,1533,2017-01-28,Pedro León,ES1,0,0,0,0,90
2475466_6585,2475466,6585,3368,3368,2015-04-04,Kalu Uche,ES1,0,0,0,0,4
3079468_73250,3079468,73250,1050,1050,2018-11-25,Mario Gaspar,ES1,0,0,0,0,67
2578080_3160,2578080,3160,631,631,2015-12-26,John Terry,GB1,0,0,0,1,90
4095137_73564,4095137,73564,1237,1237,2023-09-30,Jason Steele,GB1,0,0,0,0,90
2872305_90836,2872305,90836,989,703,2017-12-26,Steve Cook,GB1,0,0,0,0,90
2718936_126664,2718936,126664,131,405,2017-02-19,Lucas Digne,ES1,0,0,0,0,81
3451192_257376,3451192,257376,16795,3709,2021-03-07,Domingos Duarte,ES1,0,0,0,0,90
3219074_44794,3219074,44794,405,405,2019-09-22,Henri Lansbury,GB1,0,0,0,0,2
4095153_319859,4095153,319859,1148,1148,2023-10-07,Mathias Jensen,GB1,0,0,1,0,83
3592224_294057,3592224,294057,1003,148,2022-05-22,James Maddison,GB1,0,0,1,1,82
3080823_67090,3080823,67090,714,714,2019-03-02,Dídac Vilà,ES1,0,0,0,0,90
2719063_56134,2719063,56134,714,1050,2017-05-07,Javi Fuego,ES1,0,0,0,0,69
3605328_59551,3605328,59551,16795,16795,2021-10-22,Ángel Montoro,ES1,0,0,1,0,7
2719002_85288,2719002,85288,418,150,2017-04-05,Isco,ES1,0,0,0,0,18
2698005_44983,2698005,44983,989,1010,2016-08-21,Dan Gosling,GB1,0,0,0,0,4
3219372_234803,3219372,234803,31,31,2019-11-02,Andrew Robertson,GB1,0,0,1,0,90
4113125_125781,4113125,125781,13,13,2023-10-21,Antoine Griezmann,ES1,0,0,3,0,76
3210104_44779,3210104,44779,13,543,2020-07-03,Diego Costa,ES1,1,0,0,0,28
3429811_444208,3429811,444208,180,1132,2021-05-11,Michael Obafemi,GB1,0,0,0,0,14
3610402_99922,3610402,99922,150,150,2022-03-06,Marc Bartra,ES1,1,0,0,0,90
3208763_52469,3208763,52469,621,621,2019-11-10,Mikel San José,ES1,0,0,0,0,23
4087956_123682,4087956,123682,762,379,2023-09-02,Callum Wilson,GB1,0,0,1,0,32
3421703_35416,3421703,35416,350,350,2020-10-04,David McGoldrick,GB1,0,0,1,0,90
3886615_341264,3886615,341264,367,418,2023-04-09,Fran García,ES1,0,0,1,0,90
2594778_65301,2594778,65301,150,2448,2016-04-02,Xavi Torres,ES1,1,0,0,0,19
2899745_51474,2899745,51474,621,5358,2018-01-19,Mikel Rico,ES1,0,0,0,0,90
3079410_280730,3079410,280730,418,681,2018-10-06,Álvaro Odriozola,ES1,0,0,0,0,90
3451175_358250,3451175,358250,940,940,2021-02-28,Joseph Aidoo,ES1,1,0,0,0,23
2475403_197135,2475403,197135,681,2687,2015-02-13,Joseba Zaldua,ES1,0,0,0,0,90
3886589_15956,3886589,15956,368,368,2023-03-12,Jesús Navas,ES1,0,0,0,0,90
2872311_70950,2872311,70950,762,762,2017-12-27,Mohamed Diamé,GB1,0,0,0,0,90
3886522_636688,3886522,636688,131,131,2023-02-05,Alejandro Balde,ES1,0,0,0,0,7
3886302_177467,3886302,177467,1050,1050,2022-09-11,Gerard Moreno,ES1,0,0,0,0,54
4112972_331496,4112972,331496,12321,237,2023-09-30,Valery Fernández,ES1,0,0,0,0,45
2698349_102258,2698349,102258,1132,1132,2017-04-04,Matthew Lowton,GB1,0,0,0,0,90
3886586_348795,3886586,348795,1050,150,2023-03-12,Giovani Lo Celso,ES1,0,0,0,0,1
3208716_71548,3208716,71548,1533,1533,2019-10-19,Anaitz Arbilla,ES1,0,0,0,0,90
3210019_76746,3210019,76746,3709,3709,2020-06-12,Damián Suárez,ES1,1,0,0,0,90
3080778_337066,3080778,337066,366,12321,2019-01-27,Toni Villa,ES1,1,0,0,0,69
3219069_363205,3219069,363205,281,11,2019-09-28,Gabriel Jesus,GB1,0,0,1,0,66
3421783_340324,3421783,340324,11,873,2020-12-13,Eddie Nketiah,GB1,0,0,0,0,8
2899865_262939,2899865,262939,12321,237,2018-05-05,Johan Mojica,ES1,0,0,0,0,90
3592296_447661,3592296,447661,405,405,2022-03-10,Douglas Luiz,GB1,1,0,0,0,87
3886321_442805,3886321,442805,237,3302,2022-10-15,Iddrisu Baba,ES1,0,0,0,0,57
3209966_67082,3209966,67082,13,13,2020-02-14,Vitolo,ES1,0,0,0,0,90
3610373_81999,3610373,81999,1108,418,2022-02-26,Joselu,ES1,0,0,0,0,90
3605204_216870,3605204,216870,331,2497,2021-09-18,Nacho Vidal,ES1,0,0,0,0,90
2872432_242606,2872432,242606,379,1132,2018-03-31,Josh Cullen,GB1,0,0,0,0,1
3886532_88490,3886532,88490,714,714,2023-02-13,Aleix Vidal,ES1,0,0,0,0,69
3219324_170321,3219324,170321,762,762,2019-12-08,Paul Dummett,GB1,0,0,0,0,90
3451076_423444,3451076,423444,940,12321,2021-01-02,Fran Beltrán,ES1,0,0,0,0,39
2475375_27486,2475375,27486,714,3709,2015-01-25,Kiko Casilla,ES1,0,0,0,0,90
2718794_16635,2718794,16635,13,13,2016-10-23,Juanfran Torres,ES1,0,0,0,0,90
2872481_121398,2872481,121398,1110,1110,2018-05-06,Tommy Smith,GB1,1,0,0,0,90
4113173_417913,4113173,417913,472,150,2023-09-17,Álvaro Valles,ES1,0,0,0,0,90
3421718_230784,3421718,230784,11,1050,2020-10-17,Thomas Partey,GB1,1,0,0,0,7
3080871_35939,3080871,35939,1049,1049,2019-04-03,Ezequiel Garay,ES1,0,0,1,0,90
3219166_246968,3219166,246968,1003,1050,2020-07-16,Ayoze Pérez,GB1,0,0,1,0,71
3886512_102423,3886512,102423,714,714,2023-01-27,Leandro Cabrera,ES1,0,0,0,0,90
4112866_35047,4112866,35047,13,12321,2023-12-19,Axel Witsel,ES1,0,0,0,0,90
3886307_404839,3886307,404839,418,418,2022-10-08,Andriy Lunin,ES1,0,0,0,0,90
3450992_169249,3450992,169249,1531,1531,2020-11-06,Juan Sánchez Miño,ES1,0,0,0,0,51
2578149_65255,2578149,65255,1123,1123,2016-02-13,Timm Klose,GB1,0,0,0,0,90
3421814_64399,3421814,64399,873,940,2020-12-26,Vicente Guaita,GB1,0,0,0,0,90
3886635_640428,3886635,640428,418,418,2023-04-22,Eduardo Camavinga,ES1,0,0,0,0,90
2594608_262980,2594608,262980,3368,873,2015-12-07,Jefferson Lerma,ES1,1,0,1,0,90
3611459_257376,3611459,257376,16795,3709,2022-04-20,Domingos Duarte,ES1,1,0,0,0,90
3050278_114093,3050278,114093,603,603,2018-11-10,Greg Cunningham,GB1,1,0,0,0,90
3592025_74810,3592025,74810,1132,1148,2021-09-13,Ben Mee,GB1,0,0,1,0,90
3838753_226973,3838753,226973,931,931,2023-02-18,Harrison Reed,GB1,0,0,0,0,90
3605297_338424,3605297,338424,681,11,2021-10-03,Mikel Merino,ES1,1,0,0,0,90
3050185_45882,3050185,45882,931,931,2018-08-18,Fabri,GB1,0,0,0,0,90
2594541_15951,2594541,15951,131,131,2015-10-17,Dani Alves,ES1,0,0,0,0,78
3611450_423444,3611450,423444,940,12321,2022-04-17,Fran Beltrán,ES1,0,0,1,0,90
3079310_125781,3079310,125781,13,13,2018-08-20,Antoine Griezmann,ES1,0,0,0,1,72
3050292_61592,3050292,61592,873,873,2018-11-24,James Tomkins,GB1,0,0,0,0,90
2475559_38270,2475559,38270,1084,714,2015-05-23,Sergio Sánchez,ES1,0,0,0,0,32
3838656_249994,3838656,249994,543,543,2023-04-25,José Sá,GB1,1,0,0,0,90
3050256_13572,3050256,13572,1010,1010,2018-10-20,Ben Foster,GB1,0,0,0,0,90
3837988_209212,3837988,209212,1237,1237,2023-04-04,Solly March,GB1,0,0,0,0,90
3886523_448628,3886523,448628,940,331,2023-02-04,Javi Galán,ES1,0,0,0,0,90
4112865_61812,4112865,61812,621,621,2023-12-20,Yuri Berchiche,ES1,0,0,0,0,90
3838277_173504,3838277,173504,29,29,2023-01-03,James Tarkowski,GB1,0,0,0,0,90
3431917_298575,3431917,298575,331,331,2020-09-19,Kike Barja,ES1,0,0,0,0,14
2486801_9988,2486801,9988,3008,3008,2015-04-25,Michael Dawson,GB1,0,0,0,0,90
3610574_262365,3610574,262365,16795,16795,2022-04-03,Antonio Puertas,ES1,0,0,0,0,90
3886525_251876,3886525,251876,237,237,2023-02-05,Pablo Maffeo,ES1,1,0,0,0,90
3050313_196948,3050313,196948,631,131,2018-12-05,Andreas Christensen,GB1,1,0,0,0,90
3050552_123682,3050552,123682,989,379,2019-05-04,Callum Wilson,GB1,0,0,0,0,90
3429792_168157,3429792,168157,543,2497,2021-04-05,Leander Dendoncker,GB1,0,0,1,0,90
3451458_127837,3451458,127837,621,621,2021-05-12,Ibai Gómez,ES1,0,0,0,0,66
3079470_178187,3079470,178187,367,237,2018-11-24,Álex Alegría,ES1,0,0,0,0,17
3837842_175446,3837842,175446,543,1108,2022-08-20,Jonny Otto,GB1,0,0,0,0,90
3050177_166240,3050177,166240,1237,1237,2018-08-19,Jürgen Locadia,GB1,0,0,0,0,1
2475380_126737,2475380,126737,1084,3709,2015-02-02,Juanmi,ES1,0,0,0,0,90
2872409_57842,2872409,57842,1110,1110,2018-03-10,Christopher Schindler,GB1,0,0,0,0,90
3208707_405398,3208707,405398,237,681,2019-10-06,Takefusa Kubo,ES1,0,0,0,0,33
2578114_34409,2578114,34409,873,873,2016-01-23,Joe Ledley,GB1,0,0,0,0,90
3219296_48002,3219296,48002,379,379,2019-12-26,Angelo Ogbonna,GB1,0,0,0,0,90
3210082_57825,3210082,57825,3709,16795,2020-06-23,Jorge Molina,ES1,0,0,0,0,26
4095149_207014,4095149,207014,873,873,2023-10-07,Will Hughes,GB1,0,0,0,0,90
2899791_71548,2899791,71548,1533,1533,2018-02-17,Anaitz Arbilla,ES1,0,0,0,0,90
3886623_256429,3886623,256429,2687,367,2023-04-15,Sergi Guardiola,ES1,0,0,0,0,70
3219329_319301,3219329,319301,985,399,2019-12-07,Daniel James,GB1,0,0,0,1,90
2698310_48078,2698310,48078,1132,1132,2017-03-18,Sam Vokes,GB1,0,0,0,0,25
3421751_251912,3421751,251912,984,3008,2020-11-08,Semi Ajayi,GB1,0,0,0,0,90
2718948_65237,2718948,65237,940,940,2017-03-01,Andreu Fontàs,ES1,2,0,0,0,43
2486722_68390,2486722,68390,29,29,2015-02-22,Séamus Coleman,GB1,0,0,0,0,90
3838004_340329,3838004,340329,762,762,2022-09-17,Joe Willock,GB1,0,0,0,0,90
3079474_67823,3079474,67823,5358,5358,2018-12-01,Damián Musto,ES1,1,0,0,0,45
2577866_61711,2577866,61711,984,984,2015-08-10,Callum McManaman,GB1,0,0,0,0,10
3591977_131505,3591977,131505,399,399,2021-10-31,Rodrigo,GB1,1,0,1,0,88
2594696_44412,2594696,44412,1050,1050,2016-02-06,Bruno Soriano,ES1,0,0,0,0,90
3592118_427568,3592118,427568,11,762,2022-05-12,Aaron Ramsdale,GB1,0,0,0,0,90
3607574_227961,3607574,227961,3709,472,2021-12-06,Jaime Mata,ES1,1,0,0,0,17
4112865_223725,4112865,223725,472,1244,2023-12-20,Munir El Haddadi,ES1,0,0,0,0,90
3429770_503749,3429770,503749,405,762,2021-03-12,Jacob Ramsey,GB1,0,0,0,0,59
3451068_139895,3451068,139895,1108,1108,2020-12-31,Tomás Pina,ES1,1,0,0,0,76
3429734_505194,3429734,505194,1003,1003,2021-02-21,Luke Thomas,GB1,0,0,0,0,90
3451458_96718,3451458,96718,621,621,2021-05-12,Óscar de Marcos,ES1,0,0,0,0,90
2698327_36814,2698327,36814,984,984,2017-03-11,Chris Brunt,GB1,0,0,0,0,15
3844601_634131,3844601,634131,331,331,2022-08-20,Aimar Oroz,ES1,0,0,0,0,84
3592068_363205,3592068,363205,281,11,2021-12-04,Gabriel Jesus,GB1,0,0,0,0,15
2578148_57500,2578148,57500,631,368,2016-02-27,César Azpilicueta,GB1,0,0,0,0,90
2872148_67355,2872148,67355,29,29,2017-09-09,Ashley Williams,GB1,1,0,0,0,90
2578194_39037,2578194,39037,762,1010,2016-03-20,Rob Elliot,GB1,0,0,0,0,90
4087933_487465,4087933,487465,543,631,2023-08-14,Pedro Neto,GB1,1,0,0,0,90
3885845_177452,3885845,177452,237,237,2022-08-27,Abdón Prats,ES1,0,0,0,0,3
4087951_470607,4087951,470607,703,873,2023-08-26,Brennan Johnson,GB1,0,0,0,0,70
3080765_448344,3080765,448344,714,16795,2019-01-21,Óscar Melendo,ES1,0,0,0,0,75
2872367_44741,2872367,44741,1237,1237,2018-02-03,Beram Kayal,GB1,0,0,0,0,7
3210092_225122,3210092,225122,1049,681,2020-06-28,Gonçalo Guedes,ES1,0,0,0,0,45
2718946_7600,2718946,7600,131,131,2017-02-26,Andrés Iniesta,ES1,0,0,0,0,71
3591968_309400,3591968,309400,631,11,2021-09-19,Kai Havertz,GB1,0,0,0,0,70
3050216_108725,3050216,108725,1132,703,2018-09-16,Chris Wood,GB1,0,0,0,0,20
3219225_50174,3219225,50174,762,1010,2020-02-16,Danny Rose,GB1,0,0,0,0,90
3208656_263727,3208656,263727,368,368,2019-08-30,Joan Jordán,ES1,0,0,0,0,71
3451069_177467,3451069,177467,1050,1050,2020-12-29,Gerard Moreno,ES1,0,0,0,0,90
3431920_74229,3431920,74229,13,13,2021-02-17,Koke,ES1,0,0,0,1,81
3209987_401624,3209987,401624,150,3302,2020-02-29,Edgar González,ES1,0,0,0,0,72
3592084_403151,3592084,403151,1237,631,2022-02-15,Robert Sánchez,GB1,0,0,0,0,90
3886697_188854,3886697,188854,1050,1050,2023-05-24,Manu Trigueros,ES1,0,0,0,0,90
4095202_472423,4095202,472423,631,631,2023-11-25,Reece James,GB1,2,0,0,0,73
2578096_67252,2578096,67252,1123,1003,2016-01-16,Ryan Bennett,GB1,0,0,0,0,90
2577984_3332,2577984,3332,985,985,2015-10-17,Wayne Rooney,GB1,0,0,1,0,90
2872303_20007,2872303,20007,379,379,2017-12-23,Pablo Zabaleta,GB1,0,0,0,0,90
3451211_256429,3451211,256429,366,367,2021-03-13,Sergi Guardiola,ES1,1,0,0,0,90
2719011_129444,2719011,129444,714,12321,2017-04-08,David López,ES1,0,0,0,1,90
2475520_38270,2475520,38270,1084,714,2015-05-03,Sergio Sánchez,ES1,0,0,0,0,90
3605040_121483,3605040,121483,13,13,2021-08-15,Jan Oblak,ES1,0,0,0,0,90
3592144_3333,3592144,3333,31,1237,2022-03-05,James Milner,GB1,0,0,0,0,1
2475414_71671,2475414,71671,897,331,2015-02-21,Oriol Riera,ES1,0,0,0,0,90
2698267_27114,2698267,27114,1010,1010,2017-01-03,Younès Kaboul,GB1,0,0,0,0,90
3421783_435338,3421783,435338,11,11,2020-12-13,Gabriel,GB1,0,0,0,0,90
3838021_606718,3838021,606718,543,543,2022-10-08,Toti,GB1,0,0,0,0,90
3081130_51667,3081130,51667,366,366,2019-05-18,Kiko Olivas,ES1,0,0,0,0,90
3079331_67808,3079331,67808,12321,12321,2018-08-31,Borja García,ES1,0,0,0,1,81
2594628_63689,2594628,63689,16795,1533,2015-12-20,Fran Rico,ES1,0,0,0,0,45
3429771_40611,3429771,40611,180,1003,2021-03-14,Ryan Bertrand,GB1,0,0,0,0,90
2719019_167228,2719019,167228,472,472,2017-04-14,Raúl Lizoain,ES1,0,0,0,0,90
2475447_50935,2475447,50935,418,379,2015-03-15,Chicharito,ES1,0,0,0,0,8
4087946_148367,4087946,148367,1148,11,2023-08-26,Christian Nørgaard,GB1,0,0,0,1,90
3592099_468002,3592099,468002,379,677,2021-11-28,Ben Johnson,GB1,0,0,0,0,90
2899935_229804,2899935,229804,681,681,2017-08-25,Aritz Elustondo,ES1,1,0,0,1,90
3607628_121483,3607628,121483,13,13,2022-01-09,Jan Oblak,ES1,0,0,0,0,90
2719069_40888,2719069,40888,621,621,2017-05-14,Beñat Etxebarria,ES1,1,0,0,0,90
2486670_4205,2486670,4205,1039,1039,2015-01-10,Bobby Zamora,GB1,0,0,0,0,21
2899760_139434,2899760,139434,1244,366,2018-01-28,Raúl Carnero,ES1,0,0,0,1,90
2594479_57816,2594479,57816,2448,2448,2015-08-23,Alberto Lora,ES1,0,0,0,0,90
2872187_92572,2872187,92572,873,873,2017-10-14,Joel Ward,GB1,0,0,0,0,90
2718770_138927,2718770,138927,418,418,2016-10-02,Daniel Carvajal,ES1,1,0,0,0,90
3219078_410225,3219078,410225,1010,873,2019-09-15,Ismaïla Sarr,GB1,0,0,0,0,36
3886703_76746,3886703,76746,3709,3709,2023-05-28,Damián Suárez,ES1,0,0,0,0,90
2899655_319745,2899655,319745,418,418,2017-11-05,Dani Ceballos,ES1,0,0,0,0,12
3219284_207014,3219284,207014,1010,873,2019-12-26,Will Hughes,GB1,0,0,0,0,90
3838729_341051,3838729,341051,180,379,2023-03-12,Kyle Walker-Peters,GB1,0,0,0,0,90
2718948_175323,2718948,175323,714,3368,2017-03-01,Óscar Duarte,ES1,0,0,0,0,90
2872170_62688,2872170,62688,873,873,2017-09-23,Scott Dann,GB1,0,0,0,0,90
2899928_21725,2899928,21725,13,13,2017-11-25,Filipe Luís,ES1,0,0,0,0,90
4113103_571020,4113103,571020,621,621,2023-09-16,Oihan Sancet,ES1,0,0,0,0,81
3429858_240306,3429858,240306,985,985,2021-05-18,Bruno Fernandes,GB1,1,0,0,0,90
2594564_37917,2594564,37917,472,1244,2015-10-31,Nabil El Zhar,ES1,0,0,0,1,68
3838799_811779,3838799,811779,985,631,2023-01-14,Alejandro Garnacho,GB1,0,0,0,1,18
3219310_74300,3219310,74300,873,873,2019-12-07,Luka Milivojevic,GB1,0,0,0,0,90
4095261_463603,4095261,463603,631,631,2023-12-27,Benoît Badiashile,GB1,0,0,0,0,90
3080766_8176,3080766,8176,3368,714,2019-01-20,Oier Olazábal,ES1,0,0,0,0,90
3431906_184779,3431906,184779,1531,1531,2021-02-24,Gonzalo Verdú,ES1,0,0,0,0,90
3219198_67252,3219198,67252,1003,1003,2020-07-07,Ryan Bennett,GB1,0,0,0,0,76
3420825_357662,3420825,357662,379,11,2020-09-12,Declan Rice,GB1,0,0,0,0,90
2594566_8184,2594566,8184,3368,331,2015-10-31,Rubén Martínez,ES1,1,0,0,0,90
3209801_71579,3209801,71579,331,331,2020-02-02,Iñigo Pérez,ES1,0,0,0,0,90
3886525_72479,3886525,72479,237,237,2023-02-05,Clément Grenier,ES1,0,0,0,0,1
4087964_568177,4087964,568177,631,631,2023-09-17,Cole Palmer,GB1,0,0,0,0,27
3886506_278296,3886506,278296,237,237,2023-01-20,Antonio Raíllo,ES1,0,0,0,0,90
3431940_337066,3431940,337066,366,12321,2020-09-30,Toni Villa,ES1,0,0,0,0,16
3219395_49755,3219395,49755,1237,1132,2019-10-19,Dale Stephens,GB1,0,0,0,0,90
2872229_13507,2872229,13507,29,29,2017-11-18,Leighton Baines,GB1,0,0,1,0,90
3421697_111455,3421697,111455,11,289,2020-09-28,Granit Xhaka,GB1,0,0,0,0,60
2486790_39471,2486790,39471,405,641,2015-04-07,Brad Guzan,GB1,0,0,0,0,90
3886576_520840,3886576,520840,237,1049,2023-03-04,José Copete,ES1,1,0,0,0,90
3208807_221309,3208807,221309,366,366,2019-12-15,Óscar Plano,ES1,0,0,0,0,90
2899724_62611,2899724,62611,3709,3709,2018-01-06,Sergio Mora,ES1,0,0,0,0,64
2872249_184573,2872249,184573,985,405,2017-11-28,Victor Lindelöf,GB1,0,0,0,0,90
3592245_392757,3592245,392757,873,281,2022-04-30,Marc Guéhi,GB1,0,0,0,0,90
3208777_405398,3208777,405398,237,681,2019-11-22,Takefusa Kubo,ES1,0,0,0,0,90
3079418_447661,3079418,447661,12321,405,2018-10-06,Douglas Luiz,ES1,0,0,0,0,90
3886636_223725,3886636,223725,3709,1244,2023-04-23,Munir El Haddadi,ES1,0,0,0,0,68
2475429_67089,2475429,67089,16795,2687,2015-02-28,Juan Cala,ES1,0,0,0,0,90
3592066_66100,3592066,66100,180,12321,2021-12-04,Oriol Romeu,GB1,1,0,0,0,90
2594619_255508,2594619,255508,621,621,2015-12-13,Iñaki Williams,ES1,0,0,0,0,86
2872483_170321,2872483,170321,762,762,2018-05-05,Paul Dummett,GB1,0,0,0,0,90
3838244_29692,3838244,29692,379,379,2022-11-12,Lukasz Fabianski,GB1,0,0,0,0,90
3079311_25557,3079311,25557,418,368,2018-08-19,Sergio Ramos,ES1,0,0,0,0,90
2594609_170472,2594609,170472,16795,1049,2015-12-05,Dimitri Foulquier,ES1,1,0,0,0,90
3838645_525247,3838645,525247,543,379,2023-04-29,Maximilian Kilman,GB1,0,0,0,0,90
3079444_154059,3079444,154059,1533,1533,2018-11-04,Charles,ES1,0,0,0,0,49
3611499_255488,3611499,255488,621,621,2022-05-15,Yeray Álvarez,ES1,0,0,0,0,90
3080776_35939,3080776,35939,1049,1049,2019-01-26,Ezequiel Garay,ES1,0,0,0,0,90
3079473_289255,3079473,289255,681,621,2018-12-02,Andoni Gorosabel,ES1,0,0,0,0,90
2578222_54890,2578222,54890,1003,1003,2016-01-02,Leonardo Ulloa,GB1,0,0,0,0,45
4112849_59016,4112849,59016,418,418,2023-12-17,David Alaba,ES1,0,0,0,0,35
4095246_583199,4095246,583199,350,703,2023-12-22,James McAtee,GB1,0,0,0,0,14
3838643_186590,3838643,186590,281,281,2023-04-30,John Stones,GB1,0,0,0,0,90
4113076_551182,4113076,551182,150,150,2023-11-26,Fran Vieites,ES1,0,0,0,0,90
2486752_47995,2486752,47995,873,1110,2015-03-14,Jason Puncheon,GB1,0,0,0,0,56
3611487_252677,3611487,252677,3368,3368,2022-05-06,José Luis Morales,ES1,0,0,0,0,90
2899880_398184,2899880,398184,1049,131,2018-05-05,Ferran Torres,ES1,0,0,0,0,19
2594601_58001,2594601,58001,367,367,2015-12-06,Miku Fedor,ES1,1,0,0,0,16
2718720_336869,2718720,336869,714,150,2016-08-26,Marc Roca,ES1,0,0,0,0,87
2718773_74230,2718773,74230,368,543,2016-10-01,Pablo Sarabia,ES1,0,0,0,0,32
2594719_246277,2594719,246277,714,1108,2016-02-20,Burgui,ES1,0,0,0,1,71
4112873_196948,4112873,196948,131,131,2023-12-20,Andreas Christensen,ES1,1,0,0,0,45
2486740_40612,2486740,40612,289,289,2015-03-03,Liam Bridcutt,GB1,1,0,0,0,90
2899729_223725,2899729,223725,1108,1244,2018-01-14,Munir El Haddadi,ES1,0,0,0,1,85
3838241_361093,3838241,361093,762,762,2022-11-12,Sven Botman,GB1,0,0,0,0,87
3080850_118997,3080850,118997,3368,331,2019-03-15,Aitor Fernández,ES1,0,0,0,0,90
2718879_158795,2718879,158795,1244,3709,2017-01-14,David Timor,ES1,0,0,0,0,90
2698335_36814,2698335,36814,984,984,2017-02-25,Chris Brunt,GB1,0,0,0,0,90
3886500_338425,3886500,338425,621,621,2023-01-22,Álex Berenguer,ES1,0,0,0,0,67
3050211_241641,3050211,241641,281,281,2018-09-15,Bernardo Silva,GB1,0,0,0,0,90
2872408_128969,2872408,128969,1237,3368,2018-03-10,Mathew Ryan,GB1,0,0,0,0,90
3610434_481084,3610434,481084,1049,366,2022-03-12,Marcos André,ES1,0,0,0,0,1
2577965_71271,2577965,71271,379,150,2015-09-19,Adrián San Miguel,GB1,0,0,0,0,90
2899572_281755,2899572,281755,1533,2687,2017-09-09,Iván Alejo,ES1,0,0,0,0,40
2872407_57500,2872407,57500,631,368,2018-03-10,César Azpilicueta,GB1,0,0,0,0,90
2697996_111051,2697996,111051,1003,1010,2016-08-20,Nampalys Mendy,GB1,1,0,0,0,53
3592018_134270,3592018,134270,1237,762,2021-10-16,Dan Burn,GB1,1,0,0,0,90
2718868_76273,2718868,76273,1108,1108,2017-01-08,Manu García,ES1,0,0,0,0,90
2698175_10003,2698175,10003,1003,1003,2016-11-06,Wes Morgan,GB1,0,0,0,0,90
2872197_38383,2872197,38383,1110,1110,2017-10-21,Danny Williams,GB1,1,0,0,0,90
3592153_413039,3592153,413039,1148,985,2022-02-12,Bryan Mbeumo,GB1,0,0,0,0,90
2899870_225122,2899870,225122,1049,681,2018-04-21,Gonçalo Guedes,ES1,0,0,0,1,78
4095191_262980,4095191,262980,873,873,2023-11-11,Jefferson Lerma,GB1,0,0,0,1,90
2577883_40043,2577883,40043,2288,2288,2015-08-15,Leon Britton,GB1,0,0,0,0,4
3591974_209212,3591974,209212,1237,1237,2021-10-30,Solly March,GB1,0,0,0,1,90
4112973_289255,4112973,289255,1108,621,2023-10-01,Andoni Gorosabel,ES1,0,0,0,0,35
3208673_95963,3208673,95963,16795,16795,2019-09-21,Germán Sánchez,ES1,0,0,0,0,90
3429730_168157,3429730,168157,543,2497,2021-02-14,Leander Dendoncker,GB1,0,0,0,0,90
3080800_537382,3080800,537382,368,12321,2019-02-10,Bryan Gil,ES1,0,0,0,0,16
3421754_66934,3421754,66934,873,703,2020-11-23,Cheikhou Kouyaté,GB1,0,0,0,0,90
2698255_65477,2698255,65477,1010,1010,2017-01-21,Troy Deeney,GB1,0,0,1,0,90
3429770_333241,3429770,333241,762,762,2021-03-12,Joelinton,GB1,0,0,0,0,90
3610437_423440,3610437,423440,681,11,2022-03-13,Martín Zubimendi,ES1,0,0,1,0,45
3219264_246968,3219264,246968,1003,1050,2020-01-19,Ayoze Pérez,GB1,0,0,0,0,74
3219328_66333,3219328,66333,405,405,2019-12-08,Ahmed Elmohamady,GB1,0,0,0,0,90
3886687_184779,3886687,184779,1531,1531,2023-05-20,Gonzalo Verdú,ES1,0,0,0,0,11
3050316_129078,3050316,129078,180,1132,2018-12-05,Nathan Redmond,GB1,0,0,0,0,90
2899613_54245,2899613,54245,621,621,2017-10-14,Markel Susaeta,ES1,0,0,0,0,90
3219304_37304,3219304,37304,180,180,2019-12-21,Shane Long,GB1,0,0,0,1,82
3421777_128901,3421777,128901,543,1003,2020-12-06,Conor Coady,GB1,0,0,0,0,90
2872218_5658,2872218,5658,11,11,2017-11-05,Petr Cech,GB1,0,0,0,0,90
3079523_125931,3079523,125931,3368,3368,2019-01-04,Toño García,ES1,1,0,0,1,85
3079393_203617,3079393,203617,1244,1244,2018-09-26,Rodri Tarín,ES1,0,0,0,0,90
3429812_85706,3429812,85706,350,350,2021-04-17,Enda Stevens,GB1,1,0,0,0,90
3079397_212391,3079397,212391,3368,2687,2018-09-27,Roger Martí,ES1,0,0,0,0,68
3611507_228917,3611507,228917,3368,3368,2022-05-15,Jorge Miramón,ES1,0,0,0,0,11
3050193_50202,3050193,50202,631,418,2018-08-26,Eden Hazard,GB1,0,0,1,0,90
2594489_27493,2594489,27493,2448,237,2015-08-29,Iván Cuéllar,ES1,1,0,0,0,90
3611457_573775,3611457,573775,1049,1049,2022-04-16,Hugo Duro,ES1,0,0,0,0,90
3219311_357885,3219311,357885,379,150,2019-12-09,Pablo Fornals,GB1,0,0,0,1,90
3208819_338285,3208819,338285,621,1049,2019-12-22,Unai Núñez,ES1,0,0,0,0,90
3056407_357147,3056407,357147,985,985,2018-12-05,Diogo Dalot,GB1,0,0,0,0,90
2486836_66333,2486836,66333,3008,405,2015-05-16,Ahmed Elmohamady,GB1,0,0,0,0,90
3451092_67089,3451092,67089,2687,2687,2021-01-19,Juan Cala,ES1,1,0,1,0,90
3450994_366930,3450994,366930,5358,681,2020-11-07,Sergio Gómez,ES1,0,0,0,0,7
3431924_568158,3431924,568158,1108,2497,2020-09-26,Javi López,ES1,0,0,0,0,22
3208665_217144,3208665,217144,237,1531,2019-09-13,Aleix Febas,ES1,0,0,0,0,84
3886596_61812,3886596,61812,621,621,2023-03-17,Yuri Berchiche,ES1,1,0,0,0,90
3429824_63200,3429824,63200,1132,1132,2021-05-03,Ashley Barnes,GB1,0,0,0,0,4
3886485_192009,3886485,192009,367,367,2023-01-08,Unai López,ES1,0,0,0,0,62
2872322_50935,2872322,50935,379,379,2018-01-04,Chicharito,GB1,0,0,0,0,64
3429806_127032,3429806,127032,148,703,2021-04-16,Serge Aurier,GB1,0,0,0,0,90
3591994_105470,3591994,105470,31,31,2021-08-28,Alisson,GB1,0,0,0,0,90
3838649_503987,3838649,503987,631,11,2023-04-26,Noni Madueke,GB1,0,0,0,0,11
3208761_65263,3208761,65263,366,366,2019-11-03,Jordi Masip,ES1,0,0,0,0,90
3451201_63494,3451201,63494,1050,1050,2021-03-05,Étienne Capoue,ES1,1,0,0,0,72
3050294_13572,3050294,13572,1010,1010,2018-11-24,Ben Foster,GB1,0,0,0,0,90
3219269_206225,3219269,206225,762,1039,2020-01-01,Isaac Hayden,GB1,0,0,0,0,90
3844558_125781,3844558,125781,13,13,2023-06-04,Antoine Griezmann,ES1,0,0,0,2,90
4113172_61253,4113172,61253,16795,16795,2023-09-18,José Callejón,ES1,0,0,0,0,62
3838031_474701,3838031,474701,399,379,2022-10-16,Crysencio Summerville,GB1,0,0,0,0,6
3429692_148455,3429692,148455,31,31,2021-01-28,Mohamed Salah,GB1,0,0,0,0,90
2719085_126252,2719085,126252,331,331,2017-05-20,Juan Rafael Fuentes,ES1,0,0,0,0,29
3080855_156808,3080855,156808,1244,1244,2019-03-30,Unai Bustinza,ES1,0,0,0,0,90
2899713_221899,2899713,221899,714,3302,2018-01-08,Léo Baptistão,ES1,0,0,0,0,65
3210041_230784,3210041,230784,13,1050,2020-06-17,Thomas Partey,ES1,0,0,0,0,21
2577985_19059,2577985,19059,1010,1010,2015-09-27,Heurelho Gomes,GB1,0,0,0,0,90
3886674_501418,3886674,501418,714,1531,2023-05-14,Adrià Pedrosa,ES1,0,0,0,0,35
2899799_156808,2899799,156808,1244,1244,2018-02-28,Unai Bustinza,ES1,1,0,0,0,90
3080829_351478,3080829,351478,681,681,2019-03-03,Mikel Oyarzabal,ES1,0,0,0,0,90
2899887_139895,2899887,139895,1108,1108,2018-04-01,Tomás Pina,ES1,0,0,0,0,90
2718780_35600,2718780,35600,331,331,2016-10-17,Miguel Flaño,ES1,0,0,0,0,90
3886285_355861,3886285,355861,1050,1049,2022-10-01,Arnaut Danjuma,ES1,0,0,0,0,23
3451477_251876,3451477,251876,5358,237,2021-05-22,Pablo Maffeo,ES1,0,0,0,0,75
4113081_353032,4113081,353032,3709,289,2023-11-25,Omar Alderete,ES1,1,0,0,1,45
2475354_170472,2475354,170472,16795,1049,2015-01-11,Dimitri Foulquier,ES1,0,0,0,0,45
2475470_197135,2475470,197135,681,2687,2015-04-07,Joseba Zaldua,ES1,0,0,0,0,90
3219161_74300,3219161,74300,873,873,2020-06-24,Luka Milivojevic,GB1,0,0,0,0,24
2486832_3807,2486832,3807,1039,1039,2015-05-16,Richard Dunne,GB1,0,0,0,0,90
2594771_7923,2594771,7923,367,367,2016-04-01,Roberto Trashorras,ES1,0,0,0,0,90
3421791_33713,3421791,33713,180,180,2020-12-13,Theo Walcott,GB1,0,0,0,0,80
2594653_73250,2594653,73250,1050,1050,2016-01-10,Mario Gaspar,ES1,0,0,0,0,90
2594521_207924,2594521,207924,367,940,2015-09-26,Jozabed Sánchez,ES1,0,0,0,0,90
3844550_85295,3844550,85295,367,367,2023-06-04,Iván Balliu,ES1,0,0,0,0,73
3885851_481084,3885851,481084,1049,366,2022-08-29,Marcos André,ES1,1,0,0,0,74
2475422_32522,2475422,32522,1049,1531,2015-03-01,Antonio Barragán,ES1,0,0,0,0,90
2578014_26267,2578014,26267,281,281,2015-10-31,Fernandinho,GB1,0,0,0,0,90
2698333_2857,2698333,2857,3008,29,2017-02-25,Eldin Jakupovic,GB1,0,0,0,0,90
2486691_47995,2486691,47995,873,1110,2015-01-31,Jason Puncheon,GB1,0,0,0,0,90
3079462_40888,3079462,40888,621,621,2018-11-25,Beñat Etxebarria,ES1,0,0,0,1,90
4095167_465717,4095167,465717,350,399,2023-10-28,Jayden Bogle,GB1,1,0,0,0,71
3611463_255508,3611463,255508,621,621,2022-04-21,Iñaki Williams,ES1,0,0,0,1,90
2899680_280730,2899680,280730,681,681,2017-12-02,Álvaro Odriozola,ES1,0,0,0,0,90
2698227_4072,2698227,4072,512,1132,2016-12-31,Peter Crouch,GB1,0,0,1,1,90
4095151_505194,4095151,505194,350,1003,2023-10-07,Luke Thomas,GB1,0,0,0,0,66
3451089_569866,3451089,569866,681,1244,2021-01-09,Roberto López,ES1,0,0,0,0,12
3611466_31909,3611466,31909,418,418,2022-04-20,Toni Kroos,ES1,0,0,0,0,19
3208785_65331,3208785,65331,366,366,2019-11-29,Míchel Herrero,ES1,0,0,0,0,74
2486728_19368,2486728,19368,148,148,2015-02-22,Mousa Dembélé,GB1,0,0,0,0,45
3431908_311044,3431908,311044,2687,367,2020-09-12,Alfonso Espino,ES1,0,0,0,0,90
2718962_89313,2718962,89313,621,897,2017-03-05,Eneko Bóveda,ES1,0,0,0,0,13
3592164_111873,3592164,111873,405,405,2022-04-09,Emiliano Martínez,GB1,0,0,0,0,90
3838613_687626,3838613,687626,1237,631,2023-05-14,Moisés Caicedo,GB1,0,0,0,0,90
3838005_470607,3838005,470607,703,873,2022-09-16,Brennan Johnson,GB1,0,0,0,0,90
2899595_59323,2899595,59323,12321,12321,2017-09-20,Cristhian Stuani,ES1,1,0,0,0,90
3838653_75067,3838653,75067,399,399,2023-04-25,Liam Cooper,GB1,1,0,0,0,90
2899783_51471,2899783,51471,418,281,2018-02-24,Mateo Kovacic,ES1,0,0,0,0,73
2698383_287431,2698383,287431,2288,931,2017-04-05,Alfie Mawson,GB1,0,0,0,0,90
2486754_73522,2486754,73522,1003,1003,2015-03-14,Matty James,GB1,0,0,0,0,90
3209975_257376,3209975,257376,16795,3709,2020-02-23,Domingos Duarte,ES1,0,0,0,0,90
3592149_13572,3592149,13572,1010,1010,2022-03-06,Ben Foster,GB1,0,0,0,0,90
2899730_413262,2899730,413262,1050,1049,2018-01-20,Dani Raba,ES1,0,0,0,0,25
3080891_59561,3080891,59561,1049,1050,2019-04-14,Dani Parejo,ES1,0,0,0,0,71
3210090_248738,3210090,248738,331,331,2020-06-27,Sergio Herrera,ES1,0,0,0,0,90
3838596_503733,3838596,503733,762,762,2023-05-28,Anthony Gordon,GB1,0,0,1,0,69
3080808_278359,3080808,278359,714,940,2019-02-17,Borja Iglesias,ES1,0,0,0,0,78
3429801_99331,3429801,99331,180,1003,2021-04-12,Jannik Vestergaard,GB1,0,0,0,0,90
2718911_357565,2718911,357565,1050,281,2017-02-05,Rodri,ES1,0,0,0,0,90
3886368_221309,3886368,221309,366,366,2022-10-22,Óscar Plano,ES1,1,0,0,0,75
3610567_170472,3610567,170472,1049,1049,2022-03-19,Dimitri Foulquier,ES1,1,0,0,0,90
3886508_330659,3886508,330659,1049,989,2023-01-23,Justin Kluivert,ES1,0,0,1,0,88
4095159_335721,4095159,335721,11,11,2023-10-21,Ben White,GB1,1,0,0,0,90
3079377_348795,3079377,348795,150,150,2018-09-15,Giovani Lo Celso,ES1,0,0,0,0,13
3429688_57500,3429688,57500,631,368,2021-01-27,César Azpilicueta,GB1,0,0,0,0,90
3219230_126600,3219230,126600,1123,1123,2020-02-15,Kenny McLean,GB1,0,0,0,0,90
2719006_221986,2719006,221986,16795,1108,2017-04-05,Héctor Hernández,ES1,1,0,0,0,84
2486679_37148,2486679,37148,405,405,2015-01-17,Gabriel Agbonlahor,GB1,0,0,0,0,90
3886528_320271,3886528,320271,1049,237,2023-02-05,Toni Lato,ES1,0,0,0,0,83
3837989_144028,3837989,144028,11,11,2023-03-01,Leandro Trossard,GB1,0,0,0,1,72
3194820_82873,3194820,82873,1237,1237,2019-08-10,Pascal Groß,GB1,0,0,0,0,90
3592245_64399,3592245,64399,873,940,2022-04-30,Vicente Guaita,GB1,0,0,0,0,90
2718893_59561,2718893,59561,1049,1050,2017-01-21,Dani Parejo,ES1,0,0,0,0,90
2899648_71571,2899648,71571,621,714,2017-11-05,Ander Iturraspe,ES1,0,0,0,0,45
3844088_251876,3844088,251876,237,237,2022-08-15,Pablo Maffeo,ES1,0,0,0,0,90
2718860_93936,2718860,93936,1533,714,2016-12-18,Kike García,ES1,0,0,0,0,33
3208651_7663,3208651,7663,150,150,2019-08-31,Joaquín,ES1,0,0,0,0,72
2872325_27511,2872325,27511,631,873,2018-01-03,Gary Cahill,GB1,0,0,0,0,90
3451409_175323,3451409,175323,3368,3368,2021-04-21,Óscar Duarte,ES1,0,0,0,0,90
3611495_72479,3611495,72479,237,237,2022-05-11,Clément Grenier,ES1,0,0,0,0,3
3610438_85295,3610438,85295,367,367,2022-03-13,Iván Balliu,ES1,0,0,0,1,90
3611467_326330,3611467,326330,131,131,2022-04-21,Frenkie de Jong,ES1,0,0,0,0,90
3050383_92469,3050383,92469,762,762,2019-01-19,Matt Ritchie,GB1,0,0,0,0,85
4095064_730861,4095064,730861,989,31,2023-09-24,Milos Kerkez,GB1,0,0,0,0,90
3450989_65263,3450989,65263,366,366,2020-11-02,Jordi Masip,ES1,0,0,0,0,90
3838710_474701,3838710,474701,399,379,2023-04-01,Crysencio Summerville,GB1,0,0,0,0,74
3219142_82105,3219142,82105,31,31,2020-06-21,Joel Matip,GB1,0,0,0,0,73
3079478_47647,3079478,47647,367,367,2018-11-30,Gorka Elustondo,ES1,1,0,0,0,17
2899704_223068,2899704,223068,472,472,2017-12-17,Tana,ES1,1,0,0,0,69
3610275_59344,3610275,59344,681,681,2022-03-02,Asier Illarramendi,ES1,0,0,0,0,5
3886670_40423,3886670,40423,150,150,2023-05-15,Claudio Bravo,ES1,1,0,0,0,90
3607574_251106,3607574,251106,3709,989,2021-12-06,Enes Ünal,ES1,0,0,0,0,73
3886284_93935,3886284,93935,366,366,2022-10-01,Sergio Escudero,ES1,0,0,0,0,90
4113069_143559,4113069,143559,237,1244,2023-09-26,Matija Nastasić,ES1,1,0,0,0,90
2872283_37442,2872283,37442,1003,1003,2017-12-13,Danny Simpson,GB1,0,0,0,0,90
2475501_15790,2475501,15790,1531,1531,2015-04-25,Ferrán Corominas,ES1,0,0,0,0,90
3605309_221150,3605309,221150,3709,3709,2021-10-16,Dakonam Djené,ES1,0,0,0,0,90
4095188_249565,4095188,249565,405,405,2023-11-12,Youri Tielemans,GB1,0,0,0,0,90
2578041_126737,2578041,126737,180,3709,2015-11-28,Juanmi,GB1,0,0,0,0,13
3837989_584769,3837989,584769,29,29,2023-03-01,Dwight McNeil,GB1,0,0,0,0,90
3592124_3333,3592124,3333,31,1237,2022-01-23,James Milner,GB1,0,0,0,0,1
2475360_52469,2475360,52469,621,621,2015-01-17,Mikel San José,ES1,1,0,0,0,90
2475492_76699,2475492,76699,993,993,2015-04-19,Adrián Gunino,ES1,1,0,0,0,90
3050364_117996,3050364,117996,985,985,2019-01-02,Phil Jones,GB1,0,0,0,0,90
2475540_7782,2475540,7782,1084,1084,2015-05-17,Duda,ES1,0,0,0,0,20
3607615_255488,3607615,255488,621,621,2022-01-03,Yeray Álvarez,ES1,1,0,0,0,90
3610560_144128,3610560,144128,940,1531,2022-03-20,Matías Dituro,ES1,0,0,0,0,90
2698211_41416,2698211,41416,873,873,2016-12-17,James McArthur,GB1,0,0,0,0,90
2594569_52345,2594569,52345,150,331,2015-11-01,Didier Digard,ES1,0,0,0,0,45
2594830_22969,2594830,22969,13,13,2016-04-30,Gabi,ES1,0,0,0,0,45
2578122_61841,2578122,61841,989,989,2016-02-02,Adam Smith,GB1,1,0,0,0,90
4113139_555143,4113139,555143,681,681,2023-12-02,Arsen Zakharyan,ES1,0,0,0,0,72
3429835_63200,3429835,63200,1132,1132,2021-05-10,Ashley Barnes,GB1,0,0,0,0,4
3050267_314353,3050267,314353,31,418,2018-11-03,Trent Alexander-Arnold,GB1,0,0,0,0,90
2718712_56777,2718712,56777,897,5358,2016-08-19,Luísinho,ES1,0,0,0,0,23
2899644_242497,2899644,242497,12321,1108,2017-10-29,Pere Pons,ES1,0,0,0,0,90
3591961_503733,3591961,503733,29,762,2021-09-18,Anthony Gordon,GB1,0,0,0,0,18
2698102_37442,2698102,37442,1003,1003,2016-09-17,Danny Simpson,GB1,0,0,0,0,90
2577955_54890,2577955,54890,1003,1003,2015-09-13,Leonardo Ulloa,GB1,0,0,0,0,26
3081111_255508,3081111,255508,621,621,2019-05-12,Iñaki Williams,ES1,0,0,1,0,82
3421833_43530,3421833,43530,1237,180,2021-01-02,Adam Lallana,GB1,0,0,0,0,21
3079474_167721,3079474,167721,5358,150,2018-12-01,Chimy Ávila,ES1,0,0,0,0,28
2718955_42373,2718955,42373,1049,940,2017-02-28,Diego Alves,ES1,0,0,0,0,90
3429690_183318,3429690,183318,762,762,2021-01-26,Jamaal Lascelles,GB1,0,0,0,0,90
2578099_74088,2578099,74088,1123,1123,2016-01-13,Declan Rudd,GB1,0,0,0,0,90
2475446_175446,2475446,175446,940,1108,2015-03-14,Jonny Otto,ES1,0,0,0,0,90
2475556_93935,2475556,93935,3709,366,2015-05-23,Sergio Escudero,ES1,0,0,1,0,90
2486714_57229,2486714,57229,148,131,2015-02-10,Paulinho,GB1,1,0,0,0,21
2718928_207924,2718928,207924,940,940,2017-02-19,Jozabed Sánchez,ES1,0,0,1,1,29
2718916_71394,2718916,71394,2448,2448,2017-02-05,Carlos Carmona,ES1,1,0,0,1,90
4113119_709187,4113119,709187,621,621,2023-10-29,Nico Williams,ES1,0,0,0,1,69
2899762_280730,2899762,280730,681,681,2018-02-02,Álvaro Odriozola,ES1,0,0,0,0,90
3592147_442248,3592147,442248,1148,1148,2022-03-05,Ethan Pinnock,GB1,0,0,0,0,90
2718938_28261,2718938,28261,714,714,2017-02-26,José Manuel Jurado,ES1,0,0,1,0,64
2872250_246968,2872250,246968,762,1050,2017-11-28,Ayoze Pérez,GB1,0,0,0,0,90
3219091_95435,3219091,95435,873,873,2019-08-18,Connor Wickham,GB1,0,0,0,0,8
3605040_309110,3605040,309110,940,681,2021-08-15,Brais Méndez,ES1,0,0,0,0,74
2594654_67089,2594654,67089,3709,2687,2016-01-09,Juan Cala,ES1,0,0,0,0,90
3592296_503980,3592296,503980,399,399,2022-03-10,Joe Gelhardt,GB1,1,0,0,0,45
3421781_64399,3421781,64399,873,940,2020-12-06,Vicente Guaita,GB1,0,0,0,0,90
2872272_85935,2872272,85935,984,984,2017-12-09,James McClean,GB1,0,0,0,0,45
2698414_27511,2698414,27511,631,873,2017-05-21,Gary Cahill,GB1,0,0,0,0,64
2698337_226968,2698337,226968,180,180,2017-04-05,Sam McQueen,GB1,0,0,0,0,90
4113147_175449,4113147,175449,331,331,2023-10-20,Moi Gómez,ES1,0,0,0,0,90
3451407_142027,3451407,142027,366,366,2021-04-21,Pablo Hervías,ES1,0,0,0,0,14
3592204_192080,3592204,192080,1132,762,2022-04-24,Nick Pope,GB1,0,0,0,0,90
2578213_92469,2578213,92469,989,762,2016-04-02,Matt Ritchie,GB1,0,0,0,0,90
2872379_14086,2872379,14086,985,29,2018-02-11,Ashley Young,GB1,0,0,0,0,90
2698278_128904,2698278,128904,641,1123,2016-12-31,Ben Gibson,GB1,0,0,0,0,90
3837853_292246,3837853,292246,543,543,2022-08-28,Hee-chan Hwang,GB1,0,0,0,0,6
3451117_366930,3451117,366930,5358,681,2021-01-29,Sergio Gómez,ES1,0,0,0,0,3
3451164_256429,3451164,256429,366,367,2021-02-20,Sergi Guardiola,ES1,0,0,0,0,73
4113116_636688,4113116,636688,131,131,2023-11-12,Alejandro Balde,ES1,0,0,0,0,20
2578125_6150,2578125,6150,762,762,2016-02-03,Fabricio Coloccini,GB1,0,0,0,0,90
4112967_298976,4112967,298976,3709,3709,2023-09-30,Borja Mayoral,ES1,0,0,0,0,82
4113125_623524,4113125,623524,940,940,2023-10-21,Carlos Dotor,ES1,0,0,0,0,9
3451404_67808,3451404,67808,5358,12321,2021-04-22,Borja García,ES1,0,0,0,0,5
3838012_393323,3838012,393323,399,399,2022-10-02,Brenden Aaronson,GB1,0,0,0,0,79
2718788_153238,2718788,153238,472,3302,2016-10-23,Jonathan Viera,ES1,0,0,0,0,90
4113109_617060,4113109,617060,472,472,2023-10-22,Mika Mármol,ES1,0,0,0,0,90
3886632_34601,3886632,34601,621,621,2023-04-22,Raúl García,ES1,0,0,0,0,9
3080824_175449,3080824,175449,5358,331,2019-03-02,Moi Gómez,ES1,0,0,0,0,90
2594801_44412,2594801,44412,1050,1050,2016-04-20,Bruno Soriano,ES1,0,0,0,0,90
3838724_655488,3838724,655488,11,11,2023-03-12,Gabriel Martinelli,GB1,0,0,1,0,77
3080882_96718,3080882,96718,621,621,2019-04-14,Óscar de Marcos,ES1,0,0,0,0,90
3050261_92571,3050261,92571,379,379,2018-10-27,Aaron Cresswell,GB1,0,0,0,0,15
2577990_15799,2577990,15799,11,2497,2015-10-17,Santi Cazorla,GB1,0,0,0,0,90
3219201_162029,3219201,162029,762,940,2020-07-05,Javier Manquillo,GB1,0,0,0,0,90
2475534_57800,2475534,57800,16795,16795,2015-05-09,Roberto Fernández,ES1,0,0,0,0,90
3886301_423444,3886301,423444,940,12321,2022-09-10,Fran Beltrán,ES1,0,0,0,0,90
3451456_139895,3451456,139895,1108,1108,2021-05-11,Tomás Pina,ES1,1,0,0,0,90
3208777_442805,3208777,442805,237,3302,2019-11-22,Iddrisu Baba,ES1,0,0,0,0,90
3607621_330352,3607621,330352,1531,1531,2022-01-10,Raúl Guti,ES1,0,0,0,0,2
3219234_64399,3219234,64399,873,940,2020-01-21,Vicente Guaita,GB1,0,0,0,0,90
4095142_242606,4095142,242606,1132,1132,2023-09-30,Josh Cullen,GB1,0,0,0,0,90
3844089_127108,3844089,127108,367,367,2022-08-13,Florian Lejeune,ES1,1,0,0,0,90
2719035_177065,2719035,177065,897,1237,2017-04-23,Florin Andone,ES1,0,0,0,0,90
3421807_433177,3421807,433177,11,11,2020-12-19,Bukayo Saka,GB1,0,0,0,0,90
3079385_189458,3079385,189458,367,367,2018-09-22,Emiliano Velázquez,ES1,0,0,0,0,17
3441594_251106,3441594,251106,3709,989,2020-10-03,Enes Ünal,ES1,0,0,0,0,10
2718904_294568,2718904,294568,16795,16795,2017-01-28,Omer Atzili,ES1,0,0,0,0,9
2872184_122223,2872184,122223,2288,2288,2017-09-30,Sam Clucas,GB1,0,0,0,0,3
2718947_207924,2718947,207924,940,940,2017-02-26,Jozabed Sánchez,ES1,0,0,0,0,60
3050415_38145,3050415,38145,1010,1010,2019-02-09,Adrian Mariappa,GB1,0,0,0,0,90
2475485_37917,2475485,37917,3368,1244,2015-04-13,Nabil El Zhar,ES1,0,0,0,0,58
3886335_278359,3886335,278359,150,940,2022-10-19,Borja Iglesias,ES1,0,0,0,0,22
3079442_108390,3079442,108390,418,418,2018-11-03,Thibaut Courtois,ES1,0,0,0,0,90
2698118_7589,2698118,7589,641,641,2016-10-01,Víctor Valdés,GB1,0,0,0,0,90
3050242_176553,3050242,176553,281,621,2018-10-07,Aymeric Laporte,GB1,0,0,0,0,90
3219293_346483,3219293,346483,631,985,2019-12-26,Mason Mount,GB1,0,0,0,0,45
2872381_54890,2872381,54890,1237,1003,2018-02-10,Leonardo Ulloa,GB1,0,0,0,0,19
2899724_44779,2899724,44779,13,543,2018-01-06,Diego Costa,ES1,2,0,1,0,68
2718906_154059,2718906,154059,1084,1533,2017-01-27,Charles,ES1,0,0,0,0,45
4095200_344830,4095200,344830,1031,1031,2023-11-25,Tahith Chong,GB1,0,0,0,0,29
2577964_34838,2577964,34838,512,512,2015-09-19,Stephen Ireland,GB1,0,0,0,0,12
3610372_170472,3610372,170472,1049,1049,2022-02-26,Dimitri Foulquier,ES1,0,0,0,0,90
2578178_15956,2578178,15956,281,368,2016-03-02,Jesús Navas,GB1,1,0,0,0,90
2719004_298983,2719004,298983,1084,331,2017-04-05,Javi Ontiveros,ES1,0,0,0,0,15
2899630_126716,2899630,126716,131,1050,2017-10-21,Paco Alcácer,ES1,0,0,0,0,7
2718995_182904,2718995,182904,368,13,2017-04-02,Clément Lenglet,ES1,0,0,0,0,90
3050295_50362,3050295,50362,281,29,2018-11-24,Fabian Delph,GB1,0,0,0,0,90
3081084_351478,3081084,351478,681,681,2019-04-25,Mikel Oyarzabal,ES1,1,0,0,0,90
2698187_148368,2698187,148368,31,703,2016-12-04,Divock Origi,GB1,0,0,1,0,90
3451153_527350,3451153,527350,1049,12321,2021-02-14,Manu Vallejo,ES1,0,0,0,0,45
3838691_472423,3838691,472423,631,631,2023-04-08,Reece James,GB1,0,0,0,0,90
2718985_246277,2718985,246277,2448,1108,2017-03-19,Burgui,ES1,0,0,0,1,84
3838266_126665,3838266,126665,29,29,2022-12-31,Idrissa Gueye,GB1,0,0,0,1,78
2899898_56067,2899898,56067,714,1531,2018-03-04,Pablo Piatti,ES1,0,0,0,0,66
3219408_357885,3219408,357885,379,150,2019-09-28,Pablo Fornals,GB1,0,0,0,0,67
2899778_56777,2899778,56777,897,5358,2018-02-12,Luísinho,ES1,0,0,0,0,90
4095232_811779,4095232,811779,985,631,2023-12-09,Alejandro Garnacho,GB1,0,0,0,0,79
3838269_413403,3838269,413403,405,405,2023-01-01,Ezri Konsa,GB1,1,0,0,0,82
3079327_227961,3079327,227961,3709,472,2018-08-31,Jaime Mata,ES1,0,0,0,0,58
2578222_15220,2578222,15220,989,989,2016-01-02,Artur Boruc,GB1,0,0,0,0,90
2718804_21725,2718804,21725,13,13,2016-10-29,Filipe Luís,ES1,0,0,0,0,90
3219245_65477,3219245,65477,1010,1010,2020-01-18,Troy Deeney,GB1,0,0,0,0,90
2872382_331726,2872382,331726,2288,405,2018-02-10,Tammy Abraham,GB1,0,0,0,0,16
3592024_192765,3592024,192765,148,148,2021-09-11,Ben Davies,GB1,0,0,0,0,30
3838777_82105,3838777,82105,31,31,2023-02-04,Joel Matip,GB1,0,0,0,0,90
2578214_44983,2578214,44983,989,1010,2016-04-09,Dan Gosling,GB1,0,0,0,0,90
2486783_66333,2486783,66333,3008,405,2015-04-11,Ahmed Elmohamady,GB1,0,0,0,0,90
3607576_167721,3607576,167721,331,150,2021-12-05,Chimy Ávila,ES1,0,0,0,0,62
3592036_135343,3592036,135343,762,762,2021-11-20,Fabian Schär,GB1,0,0,0,0,71
3429857_68390,3429857,68390,29,29,2021-05-19,Séamus Coleman,GB1,0,0,0,0,82
4113074_338285,4113074,338285,940,1049,2023-09-28,Unai Núñez,ES1,0,0,0,0,90
3838623_469781,3838623,469781,989,989,2023-05-06,Marcos Senesi,GB1,1,0,0,0,90
2899744_139895,2899744,139895,1108,1108,2018-01-21,Tomás Pina,ES1,1,0,0,0,90
3886303_298575,3886303,298575,331,331,2022-09-12,Kike Barja,ES1,0,0,0,0,1
3592256_171679,3592256,171679,148,543,2022-02-13,Matt Doherty,GB1,0,0,0,0,82
3610562_162038,3610562,162038,714,367,2022-03-20,Raúl de Tomás,ES1,0,0,1,0,86
3886362_331496,3886362,331496,12321,237,2022-10-23,Valery Fernández,ES1,0,0,0,0,35
4087930_425334,4087930,425334,405,405,2023-08-12,Matty Cash,GB1,1,0,0,0,87
3219148_140191,3219148,140191,379,989,2020-07-11,Ryan Fredericks,GB1,0,0,0,1,90
2899606_65237,2899606,65237,940,940,2017-09-24,Andreu Fontàs,ES1,0,0,0,0,26
3592253_406638,3592253,406638,148,1003,2021-12-26,Oliver Skipp,GB1,0,0,0,0,90
2594682_101742,2594682,101742,3368,3368,2016-01-31,Ángel Trujillo,ES1,0,0,0,0,90
3219175_427568,3219175,427568,989,762,2020-06-24,Aaron Ramsdale,GB1,0,0,0,0,90
3838190_74300,3838190,74300,873,873,2022-10-22,Luka Milivojevic,GB1,0,0,0,0,62
3886643_277533,3886643,277533,1531,1531,2023-04-26,Josan,ES1,0,0,0,0,86
3592279_249994,3592279,249994,543,543,2022-03-10,José Sá,GB1,0,0,0,0,90
3450985_63040,3450985,63040,331,331,2020-10-31,Oier Sanjurjo,ES1,0,0,0,0,59
2899638_125781,2899638,125781,13,13,2017-10-22,Antoine Griezmann,ES1,0,0,0,0,90
3050240_116648,3050240,116648,931,281,2018-10-07,Marcus Bettinelli,GB1,0,0,0,0,90
3838653_542586,3838653,542586,399,399,2023-04-25,Illan Meslier,GB1,0,0,0,0,90
3886323_640428,3886323,640428,418,418,2022-10-16,Eduardo Camavinga,ES1,0,0,0,0,12
2475427_15804,2475427,15804,621,621,2015-03-01,Andoni Iraola,ES1,0,0,0,0,15
3429872_258919,3429872,258919,985,873,2021-05-23,Dean Henderson,GB1,1,0,0,0,90
2698431_55742,2698431,55742,989,703,2017-02-04,Harry Arter,GB1,1,0,1,0,90
3605331_27486,3605331,27486,1531,3709,2021-10-23,Kiko Casilla,ES1,0,0,0,0,90
3837834_357658,3837834,357658,989,29,2022-08-20,Mark Travers,GB1,0,0,0,0,90
3210128_252677,3210128,252677,3368,3368,2020-07-12,José Luis Morales,ES1,0,0,0,0,62
3838273_525247,3838273,525247,543,379,2023-01-04,Maximilian Kilman,GB1,1,0,0,0,90
3050284_241641,3050284,241641,281,281,2018-11-11,Bernardo Silva,GB1,1,0,0,2,90
3420828_258923,3420828,258923,985,131,2021-01-12,Marcus Rashford,GB1,0,0,0,1,80
2578107_45861,2578107,45861,512,512,2016-01-23,Ryan Shawcross,GB1,0,0,0,0,30
4095263_413403,4095263,413403,405,405,2023-12-26,Ezri Konsa,GB1,1,0,0,0,90
3605198_335225,3605198,335225,714,237,2021-09-12,Manu Morlanes,ES1,0,0,0,0,58
3886391_282410,3886391,282410,714,714,2022-10-28,José Carlos Lazo,ES1,0,0,1,0,29
2577890_31642,2577890,31642,512,512,2015-08-15,Geoff Cameron,GB1,0,0,0,0,90
2475411_29065,2475411,29065,993,993,2015-02-21,Abel Gómez,ES1,0,0,0,0,55
3219131_182712,3219131,182712,281,131,2020-07-08,João Cancelo,GB1,0,0,0,0,45
3592239_241641,3592239,241641,281,281,2022-02-12,Bernardo Silva,GB1,0,0,0,0,75
2486846_15956,2486846,15956,281,368,2015-05-24,Jesús Navas,GB1,0,0,0,0,13
3080780_351478,3080780,351478,681,681,2019-01-27,Mikel Oyarzabal,ES1,0,0,0,0,90
2594696_120629,2594696,120629,1050,379,2016-02-06,Alphonse Areola,ES1,0,0,0,0,90
2698305_192765,2698305,192765,148,148,2017-03-19,Ben Davies,GB1,0,0,0,0,90
2872175_61560,2872175,61560,1003,1003,2017-09-30,Marc Albrighton,GB1,0,0,0,0,75
3450986_62920,3450986,62920,150,150,2020-11-01,Víctor Ruiz,ES1,0,0,0,0,15
2475369_7782,2475369,7782,1084,1084,2015-01-18,Duda,ES1,0,0,0,0,58
3208833_257376,3208833,257376,16795,3709,2020-01-19,Domingos Duarte,ES1,0,0,0,0,90
2872298_177907,2872298,177907,1003,985,2017-12-23,Harry Maguire,GB1,0,0,1,0,90
3081090_88490,3081090,88490,368,714,2019-04-25,Aleix Vidal,ES1,0,0,0,0,17
3591954_196948,3591954,196948,631,131,2021-11-06,Andreas Christensen,GB1,0,0,0,0,90
3838735_139208,3838735,139208,31,31,2023-03-05,Virgil van Dijk,GB1,0,0,0,0,90
4113143_341264,4113143,341264,418,418,2023-10-21,Fran García,ES1,0,0,0,0,2
3421819_182712,3421819,182712,281,131,2020-12-26,João Cancelo,GB1,1,0,0,0,90
3219218_472423,3219218,472423,631,631,2020-02-17,Reece James,GB1,0,0,0,0,90
3079525_255508,3079525,255508,621,621,2019-01-13,Iñaki Williams,ES1,0,0,2,0,90
3838714_401173,3838714,401173,985,405,2023-05-04,Jadon Sancho,GB1,0,0,0,0,14
2872123_314353,2872123,314353,31,418,2017-08-12,Trent Alexander-Arnold,GB1,1,0,0,0,90
2578237_66934,2578237,66934,379,703,2016-05-10,Cheikhou Kouyaté,GB1,0,0,0,0,90
2577900_40613,2577900,40613,2288,1132,2015-08-22,Jack Cork,GB1,0,0,0,0,90
3451393_262396,3451393,262396,621,621,2021-04-10,Unai Simón,ES1,0,0,0,0,90
3219337_31835,3219337,31835,379,379,2019-12-04,Mark Noble,GB1,0,0,0,0,71
2486822_12814,2486822,12814,873,873,2015-05-09,Julián Speroni,GB1,0,0,0,0,90
3208712_44779,3208712,44779,13,543,2019-10-06,Diego Costa,ES1,0,0,0,0,90
4113074_718034,4113074,718034,1108,1108,2023-09-28,Abde Rebbach,ES1,0,0,0,0,63
3451007_201861,3451007,201861,5358,5358,2020-11-20,Juan Carlos Real,ES1,0,0,0,0,4
3050568_134294,3050568,134294,180,379,2019-05-12,Danny Ings,GB1,0,0,0,1,76
3080898_357565,3080898,357565,13,281,2019-04-20,Rodri,ES1,0,0,0,0,90
2486776_39010,2486776,39010,289,289,2015-04-05,Jordi Gómez,GB1,1,0,0,0,90
2594486_64399,2594486,64399,3709,940,2015-08-30,Vicente Guaita,ES1,0,0,0,0,90
3886665_288318,3886665,288318,3302,367,2023-05-02,Adrián Embarba,ES1,0,0,1,0,77
2698144_13573,2698144,13573,989,989,2016-11-19,Simon Francis,GB1,0,0,0,0,90
3592083_121257,3592083,121257,399,399,2021-12-18,Adam Forshaw,GB1,0,0,0,0,90
2486797_50174,2486797,50174,148,1010,2015-04-19,Danny Rose,GB1,0,0,0,0,82
4087968_361093,4087968,361093,762,762,2023-09-16,Sven Botman,GB1,0,0,0,0,90
2718853_35600,2718853,35600,331,331,2016-12-10,Miguel Flaño,ES1,0,0,0,0,45
3219137_12384,3219137,12384,1123,1123,2020-07-14,Alexander Tettey,GB1,0,0,0,0,79
3219067_61560,3219067,61560,1003,1003,2019-09-29,Marc Albrighton,GB1,0,0,0,1,32
2718745_67080,2718745,67080,1108,1108,2016-09-19,Víctor Laguardia,ES1,0,0,0,0,90
3838698_123275,3838698,123275,931,931,2023-04-08,Tom Cairney,GB1,0,0,0,0,45
3081115_331496,3081115,331496,12321,237,2019-05-12,Valery Fernández,ES1,0,0,0,0,84
2594701_223068,2594701,223068,472,472,2016-02-14,Tana,ES1,0,0,0,0,90
3837827_177476,3837827,177476,281,281,2022-08-13,Nathan Aké,GB1,0,0,0,0,90
3050375_357147,3050375,357147,985,985,2019-01-13,Diogo Dalot,GB1,0,0,0,0,7
3838595_340321,3838595,340321,1148,1148,2023-05-28,Josh Dasilva,GB1,0,0,0,0,20
2486707_6710,2486707,6710,11,11,2015-02-07,Per Mertesacker,GB1,0,0,0,0,90
3429734_131996,3429734,131996,405,289,2021-02-21,Bertrand Traoré,GB1,0,0,1,0,90
2594626_7717,2594626,7717,368,714,2015-12-19,José Antonio Reyes,ES1,0,0,0,0,19
2899763_34601,2899763,34601,621,621,2018-01-26,Raúl García,ES1,0,0,0,0,70
2872333_192765,2872333,192765,148,148,2018-01-02,Ben Davies,GB1,0,0,0,0,90
3592289_241641,3592289,241641,281,281,2022-02-26,Bernardo Silva,GB1,0,0,0,0,90
3886659_195488,3886659,195488,12321,12321,2023-05-01,Paulo Gazzaniga,ES1,0,0,0,0,90
2475352_20346,2475352,20346,3368,16795,2015-01-09,David Barral,ES1,1,0,0,0,68
3592071_250426,3592071,250426,180,543,2021-12-11,Adam Armstrong,GB1,0,0,0,0,43
3451393_278837,3451393,278837,1108,1049,2021-04-10,Luis Rioja,ES1,0,0,0,0,75
3451417_284857,3451417,284857,3709,631,2021-04-25,Marc Cucurella,ES1,0,0,0,0,90
3429826_182712,3429826,182712,281,131,2021-05-01,João Cancelo,GB1,0,0,0,0,90
3421779_249565,3421779,249565,1003,405,2020-12-06,Youri Tielemans,GB1,0,0,0,0,90
2718917_7767,2718917,7767,13,13,2017-02-04,Fernando Torres,ES1,0,0,2,0,90
2486702_3357,2486702,3357,1003,1003,2015-02-07,Mark Schwarzer,GB1,0,0,0,0,90
3219085_53360,3219085,53360,1132,1132,2019-08-31,Jay Rodríguez,GB1,0,0,0,0,17
2719071_153427,2719071,153427,1533,367,2017-05-14,Bebé,ES1,0,0,0,0,13
4095226_363205,4095226,363205,11,11,2023-12-09,Gabriel Jesus,GB1,0,0,0,0,82
3450998_216464,3450998,216464,368,681,2020-11-07,Carlos Fernández,ES1,0,0,0,0,68
2872265_108725,2872265,108725,1132,703,2017-12-09,Chris Wood,GB1,0,0,0,0,90
2578169_13520,2578169,13520,29,350,2016-03-05,Phil Jagielka,GB1,0,0,0,0,90
4095261_258919,4095261,258919,873,873,2023-12-27,Dean Henderson,GB1,0,0,0,0,90
3592143_341501,3592143,341501,1003,1003,2022-03-05,Hamza Choudhury,GB1,0,0,0,0,61
2578046_43763,2578046,43763,512,1132,2015-11-28,Erik Pieters,GB1,1,0,0,0,90
2475541_57944,2475541,57944,1531,1531,2015-05-17,Sergio Pelegrín,ES1,0,0,0,0,90
3838197_365172,3838197,365172,1003,1003,2022-10-23,Patson Daka,GB1,0,0,0,0,61
3838640_401173,3838640,401173,985,405,2023-04-30,Jadon Sancho,GB1,0,0,0,0,76
3210035_67080,3210035,67080,1108,1108,2020-06-18,Víctor Laguardia,ES1,0,0,0,0,90
3050295_176553,3050295,176553,281,621,2018-11-24,Aymeric Laporte,GB1,0,0,0,0,90
3079534_228917,3079534,228917,5358,3368,2019-01-12,Jorge Miramón,ES1,0,0,0,0,90
2594699_221322,2594699,221322,1049,1049,2016-02-07,José Gayà,ES1,2,0,0,0,41
3838770_177907,3838770,177907,985,985,2023-02-12,Harry Maguire,GB1,0,0,0,0,90
3583527_365172,3583527,365172,1003,1003,2021-08-23,Patson Daka,GB1,0,0,0,0,26
2594587_252677,2594587,252677,3368,3368,2015-11-22,José Luis Morales,ES1,0,0,0,0,85
3886644_254037,3886644,254037,2687,2687,2023-04-25,Iza Carcelén,ES1,0,0,0,0,90
3079403_142419,3079403,142419,681,331,2018-09-29,Raúl Navas,ES1,0,0,0,0,90
2486790_203460,2486790,203460,405,29,2015-04-07,Jack Grealish,GB1,0,0,0,0,70
3050256_175446,3050256,175446,543,1108,2018-10-20,Jonny Otto,GB1,0,0,0,0,45
2899643_44675,2899643,44675,1108,512,2017-10-28,Bojan Krkic,ES1,0,0,0,0,17
2872174_66934,2872174,66934,379,703,2017-09-23,Cheikhou Kouyaté,GB1,0,0,1,0,90
3429750_218087,3429750,218087,350,350,2021-02-28,Ben Osborn,GB1,0,0,0,0,34
3858320_240692,3858320,240692,13,289,2022-09-18,Reinildo Mandava,ES1,1,0,0,0,90
3451077_61546,3451077,61546,331,331,2021-01-03,Facundo Roncaglia,ES1,1,0,0,0,5
3611494_229804,3611494,229804,681,681,2022-05-12,Aritz Elustondo,ES1,0,0,0,0,90
3583485_413403,3583485,413403,405,405,2021-08-14,Ezri Konsa,GB1,0,0,0,0,90
3838707_253677,3838707,253677,405,405,2023-04-01,Tyrone Mings,GB1,0,0,0,0,90
3210106_64598,3210106,64598,714,12321,2020-07-05,Bernardo Espinosa,ES1,0,0,0,0,90
2594646_65243,2594646,65243,714,714,2016-01-02,Abraham González,ES1,0,0,0,0,11
3451179_251896,3451179,251896,16795,418,2021-02-28,Jesús Vallejo,ES1,0,0,0,0,1
3219071_3333,3219071,3333,31,1237,2019-09-22,James Milner,GB1,1,0,0,0,19
2718809_186891,2718809,186891,150,16795,2016-11-06,Álex Martínez,ES1,0,0,0,0,90
3421763_487465,3421763,487465,543,631,2020-11-29,Pedro Neto,GB1,0,0,1,0,90
3886615_125781,3886615,125781,13,13,2023-04-09,Antoine Griezmann,ES1,0,0,0,0,90
3219107_212829,3219107,212829,350,350,2020-07-11,Jack O'Connell,GB1,0,0,0,0,90
3080810_150948,3080810,150948,1244,1533,2019-02-16,Recio,ES1,0,0,0,0,82
3607557_423440,3607557,423440,681,11,2021-11-21,Martín Zubimendi,ES1,0,0,0,0,30
3079486_7663,3079486,7663,150,150,2018-12-09,Joaquín,ES1,0,0,0,0,19
3451177_203043,3451177,203043,1533,1531,2021-02-27,Pedro Bigas,ES1,0,0,0,0,17
3450970_203496,3450970,203496,150,150,2020-10-24,Nabil Fekir,ES1,0,0,0,0,90
2899781_398184,2899781,398184,1049,131,2018-02-25,Ferran Torres,ES1,0,0,0,0,17
3210037_32522,3210037,32522,150,1531,2020-06-15,Antonio Barragán,ES1,0,0,0,0,8
2475498_67090,2475498,67090,1533,714,2015-04-19,Dídac Vilà,ES1,0,0,0,0,90
3081083_39381,3081083,39381,418,418,2019-04-25,Gareth Bale,ES1,0,0,0,0,71
3592294_507700,3592294,507700,1123,985,2021-12-28,Brandon Williams,GB1,0,0,0,0,45
3208694_95810,3208694,95810,13,762,2019-09-28,Kieran Trippier,ES1,0,0,0,0,90
3081111_127837,3081111,127837,621,621,2019-05-12,Ibai Gómez,ES1,0,0,0,0,76
3592072_319859,3592072,319859,1148,1148,2021-12-10,Mathias Jensen,GB1,0,0,0,0,69
4113134_286779,4113134,286779,2687,2687,2023-10-23,Jorge Meré,ES1,0,0,0,0,45
2899700_127837,2899700,127837,1108,621,2017-12-16,Ibai Gómez,ES1,0,0,0,0,84
3607558_223725,3607558,223725,368,1244,2021-11-20,Munir El Haddadi,ES1,0,0,0,0,22
3208833_95963,3208833,95963,16795,16795,2020-01-19,Germán Sánchez,ES1,2,0,0,0,69
3208650_71548,3208650,71548,1533,1533,2019-09-01,Anaitz Arbilla,ES1,0,0,1,0,90
2578202_2514,2578202,2514,985,985,2016-03-20,Bastian Schweinsteiger,GB1,0,0,0,0,20
3607559_449796,3607559,449796,367,331,2021-11-22,Alejandro Catena,ES1,0,0,0,0,90
2872213_3547,2872213,3547,512,512,2017-10-28,Darren Fletcher,GB1,0,0,1,0,90
2698415_33713,2698415,33713,11,180,2017-04-26,Theo Walcott,GB1,0,0,0,0,75
3886338_127181,3886338,127181,714,931,2022-10-20,Benjamin Lecomte,ES1,0,0,0,0,90
2899855_286415,2899855,286415,714,150,2018-04-08,Pau López,ES1,0,0,0,0,90
4095221_146310,4095221,146310,31,31,2023-12-06,Wataru Endo,GB1,1,0,0,0,90
2872398_6636,2872398,6636,1003,1003,2018-03-03,Christian Fuchs,GB1,0,0,0,0,79
2718868_142033,2718868,142033,1108,131,2017-01-08,Adrián Ortolá,ES1,0,0,0,0,90
2486840_73484,2486840,73484,405,1010,2015-05-24,Tom Cleverley,GB1,0,0,0,0,72
3886568_298583,3886568,298583,1049,1049,2023-02-25,Eray Cömert,ES1,0,0,0,0,45
3081082_230784,3081082,230784,13,1050,2019-04-24,Thomas Partey,ES1,0,0,0,1,20
2719031_65318,2719031,65318,1050,237,2017-04-22,Jaume Costa,ES1,0,0,0,0,90
3838791_393323,3838791,393323,399,399,2023-01-13,Brenden Aaronson,GB1,0,0,0,0,77
3886386_167721,3886386,167721,331,150,2022-10-30,Chimy Ávila,ES1,0,0,1,0,77
2899662_81988,2899662,81988,1533,1533,2017-11-20,Sergi Enrich,ES1,0,0,1,0,68
2475507_65239,2475507,65239,367,367,2015-04-26,Jorge Morcillo,ES1,1,0,0,0,76
2899631_64399,2899631,64399,3709,940,2017-10-21,Vicente Guaita,ES1,0,0,0,0,90
2475550_255508,2475550,255508,621,621,2015-05-23,Iñaki Williams,ES1,0,0,0,1,90
3079422_62144,3079422,62144,366,366,2018-10-21,Antoñito,ES1,1,0,1,0,90
3208845_251897,3208845,251897,621,1108,2020-01-25,Asier Villalibre,ES1,0,0,1,0,84
3886600_709187,3886600,709187,621,621,2023-04-01,Nico Williams,ES1,0,0,0,0,31
2578176_3332,2578176,3332,985,985,2016-04-20,Wayne Rooney,GB1,0,0,0,0,78
3219326_314210,3219326,314210,29,350,2019-12-07,Tom Davies,GB1,0,0,0,0,19
3050414_249126,3050414,249126,148,1003,2019-02-10,Harry Winks,GB1,0,0,0,0,90
2899667_95641,2899667,95641,1244,1244,2017-11-04,Darko Brasanac,ES1,0,0,0,0,90
2594812_34870,2594812,34870,1050,3368,2016-04-24,Roberto Soldado,ES1,0,0,0,0,68
2872307_40433,2872307,40433,11,368,2017-12-28,Alexis Sánchez,GB1,0,0,2,0,90
3451403_238868,3451403,238868,1050,331,2021-04-21,Rubén Peña,ES1,0,0,0,0,6
3451442_221150,3451442,221150,3709,3709,2021-05-02,Dakonam Djené,ES1,0,0,0,0,90
3858322_522784,3858322,522784,12321,379,2022-09-18,Taty Castellanos,ES1,0,0,0,0,70
3610347_277533,3610347,277533,1531,1531,2022-02-11,Josan,ES1,0,0,0,0,17
2698315_65477,2698315,65477,1010,1010,2017-04-04,Troy Deeney,GB1,0,0,1,1,90
3429700_95976,3429700,95976,180,180,2021-01-30,Alex McCarthy,GB1,0,0,0,0,90
2718715_56134,2718715,56134,714,1050,2016-08-20,Javi Fuego,ES1,0,0,0,0,21
3844090_142031,3844090,142031,1531,237,2022-08-15,Omar Mascarell,ES1,0,0,0,0,90
3451446_51474,3451446,51474,5358,5358,2021-05-08,Mikel Rico,ES1,0,0,0,1,58
3208763_251897,3208763,251897,621,1108,2019-11-10,Asier Villalibre,ES1,0,0,0,0,3
3210112_37403,3210112,37403,1108,366,2020-07-04,Roberto,ES1,0,0,0,0,90
2697987_33544,2697987,33544,985,985,2016-08-14,Antonio Valencia,GB1,0,0,0,0,90
2594765_60890,2594765,60890,940,366,2016-03-20,Fabián Orellana,ES1,0,0,0,1,90
3421862_251912,3421862,251912,984,3008,2021-01-16,Semi Ajayi,GB1,1,0,1,0,90
3886653_408471,3886653,408471,714,714,2023-04-30,Javi Puado,ES1,0,0,0,0,4
2594581_129753,2594581,129753,3709,1531,2015-11-23,Víctor Rodríguez,ES1,0,0,0,1,83
3421856_82873,3421856,82873,1237,1237,2021-01-16,Pascal Groß,GB1,0,0,0,0,90
2486822_62688,2486822,62688,873,873,2015-05-09,Scott Dann,GB1,0,0,0,0,90
3431937_193098,3431937,193098,150,12321,2020-09-29,Álex Moreno,ES1,0,0,0,0,90
3050386_10003,3050386,10003,1003,1003,2019-01-19,Wes Morgan,GB1,0,0,1,0,90
3079523_331496,3079523,331496,12321,237,2019-01-04,Valery Fernández,ES1,0,0,0,0,7
3080856_59561,3080856,59561,1049,1050,2019-03-31,Dani Parejo,ES1,0,0,1,0,90
3838602_33713,3838602,33713,180,180,2023-05-28,Theo Walcott,GB1,0,0,0,1,77
2578089_36861,2578089,36861,873,873,2016-01-12,Damien Delaney,GB1,0,0,0,0,90
2486783_60591,2486783,60591,3008,3008,2015-04-11,Yannick Sagbo,GB1,0,0,0,0,16
4113053_353032,4113053,353032,3709,289,2023-09-02,Omar Alderete,ES1,0,0,0,0,45
3451007_298575,3451007,298575,331,331,2020-11-20,Kike Barja,ES1,0,0,0,0,6
3886327_618809,3886327,618809,331,3368,2022-10-17,Manu Sánchez,ES1,0,0,0,0,13
3431939_366930,3431939,366930,5358,681,2020-09-30,Sergio Gómez,ES1,0,0,0,0,8
2899675_251876,2899675,251876,12321,237,2017-11-25,Pablo Maffeo,ES1,0,0,0,0,90
3610432_61812,3610432,61812,621,621,2022-03-13,Yuri Berchiche,ES1,1,0,0,0,58
3592077_398065,3592077,398065,1003,762,2021-12-12,Harvey Barnes,GB1,0,0,0,1,71
3080814_177467,3080814,177467,1050,1050,2019-02-24,Gerard Moreno,ES1,0,0,0,0,22
3081114_448628,3081114,448628,5358,331,2019-05-12,Javi Galán,ES1,1,0,0,0,90
3592109_140191,3592109,140191,379,989,2022-02-19,Ryan Fredericks,GB1,1,0,0,0,45
3451010_63040,3451010,63040,331,331,2020-11-29,Oier Sanjurjo,ES1,0,0,0,0,64
3209998_74294,3209998,74294,368,368,2020-03-07,Nemanja Gudelj,ES1,1,0,0,0,90
2872149_86202,2872149,86202,631,418,2017-09-09,Antonio Rüdiger,GB1,0,0,0,1,90
2698346_74300,2698346,74300,873,873,2017-04-26,Luka Milivojevic,GB1,1,0,0,0,90
3886488_617074,3886488,617074,1049,940,2023-01-06,Ilaix Moriba,ES1,0,0,0,0,45
3886470_221311,3886470,221311,366,366,2022-12-30,Iván Sánchez,ES1,0,0,0,0,55
2718920_127048,2718920,127048,1050,150,2017-02-12,Cédric Bakambu,ES1,0,0,0,0,21
3838714_184573,3838714,184573,985,405,2023-05-04,Victor Lindelöf,GB1,0,0,0,0,90
2698430_111455,2698430,111455,11,289,2017-04-02,Granit Xhaka,GB1,1,0,0,0,90
2698323_65477,2698323,65477,1010,1010,2017-02-25,Troy Deeney,GB1,0,0,1,0,90
3429860_296986,3429860,296986,399,399,2021-05-18,Tyler Roberts,GB1,0,0,1,0,12
3421793_435338,3421793,435338,11,11,2020-12-16,Gabriel,GB1,2,0,0,0,62
2594520_138935,2594520,138935,2448,1533,2015-09-23,Sergio Álvarez,ES1,0,0,0,0,26
2578122_3356,2578122,3356,989,989,2016-02-02,Sylvain Distin,GB1,0,0,0,0,1
4113166_390688,4113166,390688,3709,3709,2023-12-01,Juan Iglesias,ES1,0,0,0,0,11
2594742_141835,2594742,141835,3709,714,2016-03-05,Álvaro Vázquez,ES1,1,0,0,0,90
2486736_15773,2486736,15773,512,1132,2015-02-28,Phil Bardsley,GB1,0,0,0,0,90
2697993_3540,2697993,3540,289,289,2016-08-13,John O'Shea,GB1,0,0,0,0,90
2719014_59375,2719014,59375,681,681,2017-04-10,David Zurutuza,ES1,0,0,0,1,90
3208812_18944,3208812,18944,131,131,2019-12-21,Gerard Piqué,ES1,0,0,0,0,90
3050199_5658,3050199,5658,11,11,2018-09-02,Petr Cech,GB1,0,0,0,0,90
3607552_480267,3607552,480267,131,131,2021-11-20,Ronald Araujo,ES1,0,0,0,0,2
4095225_403151,4095225,403151,631,631,2023-12-06,Robert Sánchez,GB1,0,0,0,0,90
3838236_485706,3838236,485706,29,405,2022-11-12,Amadou Onana,GB1,0,0,0,0,75
3605058_177467,3605058,177467,1050,1050,2021-08-29,Gerard Moreno,ES1,1,0,0,0,90
3208666_151470,3208666,151470,3368,3368,2019-09-14,Nikola Vukcevic,ES1,0,0,0,0,56
2594670_44012,2594670,44012,472,472,2016-01-17,David García,ES1,0,0,0,0,90
3210078_230784,3210078,230784,13,1050,2020-06-23,Thomas Partey,ES1,0,0,0,0,84
3451426_284430,3451426,284430,16795,2497,2021-04-29,Aarón Escandell,ES1,0,0,0,0,90
2578251_66219,2578251,66219,2288,2288,2016-05-07,Kyle Naughton,GB1,0,0,0,1,90
2899860_129444,2899860,129444,714,12321,2018-04-28,David López,ES1,0,0,0,0,90
3838767_199527,3838767,199527,762,762,2023-02-11,Jacob Murphy,GB1,0,0,0,0,9
3208716_506248,3208716,506248,1533,714,2019-10-19,Edu Expósito,ES1,1,0,0,0,27
3886655_96718,3886655,96718,621,621,2023-05-01,Óscar de Marcos,ES1,0,0,0,0,24
3429718_306024,3429718,306024,29,399,2021-02-06,Dominic Calvert-Lewin,GB1,0,0,1,1,90
2718976_286779,2718976,286779,2448,2687,2017-03-11,Jorge Meré,ES1,0,0,0,0,90
3079398_58497,3079398,58497,367,367,2018-09-25,Alberto García,ES1,0,0,0,0,90
3079479_138803,3079479,138803,3709,3302,2018-12-01,Francisco Portillo,ES1,0,0,0,1,36
3420838_343052,3420838,343052,11,1050,2020-09-19,Nicolas Pépé,GB1,0,0,0,0,26
2719033_45256,2719033,45256,2448,2448,2017-04-22,Jean-Sylvain Babin,ES1,0,0,0,0,90
2899735_175446,2899735,175446,940,1108,2018-01-14,Jonny Otto,ES1,0,0,0,0,90
3050190_199528,3050190,199528,603,603,2018-08-25,Josh Murphy,GB1,0,0,0,0,90
3886554_319745,3886554,319745,418,418,2023-02-18,Dani Ceballos,ES1,0,0,0,0,66
3605038_295065,3605038,295065,1108,1108,2021-08-14,Toni Moya,ES1,0,0,0,0,8
3208718_221150,3208718,221150,3709,3709,2019-10-19,Dakonam Djené,ES1,0,0,0,0,90
4095180_649452,4095180,649452,1031,281,2023-11-05,Issa Kaboré,GB1,0,0,0,1,90
2872400_50202,2872400,50202,631,418,2018-03-04,Eden Hazard,GB1,0,0,0,0,90
2872273_43763,2872273,43763,512,1132,2017-12-09,Erik Pieters,GB1,0,0,0,0,90
2872246_40433,2872246,40433,11,368,2017-11-29,Alexis Sánchez,GB1,0,0,1,0,73
3210111_125781,3210111,125781,131,13,2020-07-05,Antoine Griezmann,ES1,0,0,1,0,72
3610291_225122,3610291,225122,1049,681,2022-01-22,Gonçalo Guedes,ES1,0,0,0,1,90
3451006_120095,3451006,120095,3368,472,2020-11-21,José Campaña,ES1,0,0,0,1,90
2872220_74810,2872220,74810,1132,1148,2017-11-04,Ben Mee,GB1,0,0,0,0,90
3886293_591916,3886293,591916,621,621,2022-09-30,Aitor Paredes,ES1,0,0,0,0,18
3219384_148368,3219384,148368,31,703,2019-10-20,Divock Origi,GB1,0,0,0,0,60
3610435_448844,3610435,448844,16795,16795,2022-03-12,Carlos Neva,ES1,0,0,0,0,90
3219180_139208,3219180,139208,31,31,2020-07-02,Virgil van Dijk,GB1,0,0,0,0,90
3050258_63200,3050258,63200,1132,1132,2018-10-28,Ashley Barnes,GB1,0,0,0,0,25
2698333_13465,2698333,13465,3008,3008,2017-02-25,Tom Huddlestone,GB1,1,0,1,0,90
2899598_22969,2899598,22969,13,13,2017-09-20,Gabi,ES1,0,0,0,0,18
2475398_40423,2475398,40423,131,150,2015-02-08,Claudio Bravo,ES1,0,0,0,0,90
3610379_162038,3610379,162038,714,367,2022-02-27,Raúl de Tomás,ES1,0,0,0,0,82
3838037_578391,3838037,578391,543,281,2022-10-15,Rayan Aït-Nouri,GB1,0,0,0,0,90
3451468_71905,3451468,71905,3368,3368,2021-05-16,Coke,ES1,0,0,0,0,84
3838204_262980,3838204,262980,989,873,2022-10-29,Jefferson Lerma,GB1,0,0,0,0,90
2486667_108390,2486667,108390,631,418,2015-01-01,Thibaut Courtois,GB1,0,0,0,0,90
3451062_480267,3451062,480267,131,131,2020-12-29,Ronald Araujo,ES1,0,0,0,0,90
3886651_85295,3886651,85295,367,367,2023-04-29,Iván Balliu,ES1,0,0,0,0,90
2578032_3356,2578032,3356,989,989,2015-11-28,Sylvain Distin,GB1,0,0,0,0,90
3079428_142419,3079428,142419,681,331,2018-10-22,Raúl Navas,ES1,0,0,0,0,90
3886649_89731,3886649,89731,3302,3302,2023-04-26,Iñigo Eguaras,ES1,0,0,0,0,17
2719030_282672,2719030,282672,472,472,2017-04-23,Benito Ramírez,ES1,0,0,0,0,13
2486667_57500,2486667,57500,631,368,2015-01-01,César Azpilicueta,GB1,0,0,0,0,90
2577983_40611,2577983,40611,180,1003,2015-10-17,Ryan Bertrand,GB1,1,0,0,0,90
3421861_48002,3421861,48002,379,379,2021-01-16,Angelo Ogbonna,GB1,1,0,0,0,90
3592022_413039,3592022,413039,1148,985,2021-09-11,Bryan Mbeumo,GB1,1,0,0,0,90
3429715_349701,3429715,349701,931,931,2021-02-06,Antonee Robinson,GB1,0,0,0,0,79
2578029_3306,2578029,3306,512,1132,2015-11-21,Jonathan Walters,GB1,0,0,0,0,87
3431921_316264,3431921,316264,418,11,2020-09-20,Martin Ødegaard,ES1,0,0,0,0,69
2594573_39381,2594573,39381,418,418,2015-11-08,Gareth Bale,ES1,0,0,0,1,90
3050214_77760,3050214,77760,148,148,2018-09-15,Victor Wanyama,GB1,0,0,0,0,7
4087966_14086,4087966,14086,29,29,2023-09-17,Ashley Young,GB1,1,0,0,0,87
3219352_324882,3219352,324882,405,1031,2019-11-10,Marvelous Nakamba,GB1,1,0,0,0,69
2475557_71548,2475557,71548,714,1533,2015-05-23,Anaitz Arbilla,ES1,0,0,0,0,90
3429760_74300,3429760,74300,873,873,2021-03-07,Luka Milivojevic,GB1,0,0,0,1,90
3210085_199321,3210085,199321,940,12321,2020-06-27,Rubén Blanco,ES1,0,0,0,0,90
3592297_148455,3592297,148455,31,31,2021-12-28,Mohamed Salah,GB1,0,0,0,0,90
3050215_63494,3050215,63494,1010,1050,2018-09-15,Étienne Capoue,GB1,1,0,0,0,90
3429739_240306,3429739,240306,985,985,2021-02-21,Bruno Fernandes,GB1,1,0,1,0,90
2594478_77737,2594478,77737,150,1050,2015-08-23,Alfred N'Diaye,ES1,0,0,0,0,76
3451382_175449,3451382,175449,1050,331,2021-03-21,Moi Gómez,ES1,0,0,0,0,16
2718802_50487,2718802,50487,1108,1108,2016-10-29,Christian Santos,ES1,0,0,0,0,7
4113084_351478,4113084,351478,681,681,2023-08-25,Mikel Oyarzabal,ES1,0,0,0,0,45
3886287_527350,3886287,527350,12321,12321,2022-10-02,Manu Vallejo,ES1,0,0,0,1,54
2594845_73636,2594845,73636,714,714,2016-05-15,Hernán Pérez,ES1,1,0,0,0,90
3420829_413403,3420829,413403,405,405,2021-01-20,Ezri Konsa,GB1,0,0,0,0,90
2872356_287431,2872356,287431,2288,931,2018-01-30,Alfie Mawson,GB1,0,0,0,1,90
3611479_255488,3611479,255488,621,621,2022-05-07,Yeray Álvarez,ES1,1,0,0,0,90
3886409_193098,3886409,193098,150,12321,2022-11-06,Álex Moreno,ES1,1,0,0,0,90
3081124_356197,3081124,356197,1050,1050,2019-05-18,Alfonso Pedraza,ES1,0,0,0,0,90
3605044_449796,3605044,449796,367,331,2021-08-15,Alejandro Catena,ES1,0,0,0,0,90
3210058_81988,3210058,81988,1533,1533,2020-06-20,Sergi Enrich,ES1,0,0,0,1,63
3209964_199321,3209964,199321,940,12321,2020-02-16,Rubén Blanco,ES1,0,0,0,0,90
2718788_223068,2718788,223068,472,472,2016-10-23,Tana,ES1,1,0,0,1,90
2594569_40888,2594569,40888,621,621,2015-11-01,Beñat Etxebarria,ES1,0,0,0,0,88
3080856_15956,3080856,15956,368,368,2019-03-31,Jesús Navas,ES1,0,0,0,0,90
3838266_701057,3838266,701057,281,281,2022-12-31,Rico Lewis,GB1,0,0,0,0,87
3050225_39679,3050225,39679,985,985,2018-09-22,Marouane Fellaini,GB1,0,0,0,0,90
3219315_35416,3219315,35416,350,350,2019-12-08,David McGoldrick,GB1,0,0,0,0,83
3886702_196948,3886702,196948,131,131,2023-05-28,Andreas Christensen,ES1,0,0,0,0,90
2719073_65318,2719073,65318,1050,237,2017-05-14,Jaume Costa,ES1,0,0,0,0,90
3219293_129078,3219293,129078,180,1132,2019-12-26,Nathan Redmond,GB1,0,0,1,0,90
3210081_188854,3210081,188854,1050,1050,2020-06-22,Manu Trigueros,ES1,1,0,0,0,19
3838788_388165,3838788,388165,1148,762,2023-01-22,Yoane Wissa,GB1,1,0,0,0,16
3420841_351755,3420841,351755,984,984,2020-09-19,Darnell Furlong,GB1,0,0,0,0,90
2698351_13573,2698351,13573,989,989,2017-04-01,Simon Francis,GB1,0,0,0,0,90
4113084_153238,4113084,153238,472,3302,2023-08-25,Jonathan Viera,ES1,0,0,0,0,79
2698279_48078,2698279,48078,1132,1132,2017-02-04,Sam Vokes,GB1,0,0,0,0,4
3592217_241641,3592217,241641,281,281,2022-04-20,Bernardo Silva,GB1,0,0,1,0,90
3451039_320271,3451039,320271,1049,237,2020-12-12,Toni Lato,ES1,0,0,0,0,90
2698202_74810,2698202,74810,1132,1148,2016-12-14,Ben Mee,GB1,1,0,0,0,90
4095138_173504,4095138,173504,29,29,2023-09-30,James Tarkowski,GB1,0,0,0,0,90
3858328_167721,3858328,167721,331,150,2022-09-18,Chimy Ávila,ES1,0,1,0,0,43
2594563_139895,2594563,139895,1050,1108,2015-10-31,Tomás Pina,ES1,0,0,0,0,25
3886530_257062,3886530,257062,367,367,2023-02-12,Álvaro García,ES1,1,0,0,0,83
3451446_99559,3451446,99559,2687,16795,2021-05-08,Alberto Perea,ES1,0,0,0,0,4
2594685_35539,2594685,35539,3709,1084,2016-01-30,Mehdi Lacen,ES1,0,0,0,0,90
4113099_278837,4113099,278837,1108,1049,2023-08-28,Luis Rioja,ES1,0,0,0,0,90
3592255_354362,3592255,354362,148,148,2022-04-16,Rodrigo Bentancur,GB1,1,0,0,0,72
2698271_13572,2698271,13572,984,1010,2016-12-31,Ben Foster,GB1,0,0,0,0,90
2486732_26399,2486732,26399,281,131,2015-03-01,Sergio Agüero,GB1,0,0,0,1,90
3421713_341051,3421713,341051,180,379,2020-10-17,Kyle Walker-Peters,GB1,0,0,0,0,90
3080899_212391,3080899,212391,3368,2687,2019-04-21,Roger Martí,ES1,0,0,0,0,29
3208634_39907,3208634,39907,1533,1533,2020-07-19,Pape Diop,ES1,0,0,0,0,90
3610577_98322,3610577,98322,1049,1049,2022-04-03,Denis Cheryshev,ES1,0,0,0,0,12
3210017_298983,3210017,298983,1050,331,2020-06-13,Javi Ontiveros,ES1,0,0,0,0,9
2475544_45256,2475544,45256,16795,2448,2015-05-17,Jean-Sylvain Babin,ES1,0,0,0,0,90
3451165_165007,3451165,165007,940,1108,2021-02-20,Denis Suárez,ES1,0,0,0,0,90
2718765_217728,2718765,217728,1244,1244,2016-09-25,Alexander Szymanowski,ES1,0,0,1,0,90
3592115_95424,3592115,95424,281,1132,2022-01-15,Kyle Walker,GB1,0,0,0,0,90
3079329_153427,3079329,153427,367,367,2018-10-24,Bebé,ES1,0,0,0,0,1
3208762_51667,3208762,51667,366,366,2019-11-09,Kiko Olivas,ES1,0,0,0,0,90
3838707_193098,3838707,193098,405,12321,2023-04-01,Álex Moreno,GB1,0,0,0,0,89
4095195_431755,4095195,431755,148,148,2023-11-11,Dejan Kulusevski,GB1,0,0,0,0,90
2698159_13573,2698159,13573,989,989,2016-11-27,Simon Francis,GB1,1,0,0,0,90
2475477_65237,2475477,65237,940,940,2015-04-08,Andreu Fontàs,ES1,0,0,0,0,90
3429693_240306,3429693,240306,985,985,2021-01-30,Bruno Fernandes,GB1,0,0,0,0,90
3209964_221315,3209964,221315,940,940,2020-02-16,Kevin Vázquez,ES1,0,0,0,0,55
2698297_286384,2698297,286384,985,2497,2017-02-11,Eric Bailly,GB1,0,0,0,0,90
3592216_135343,3592216,135343,762,762,2022-05-16,Fabian Schär,GB1,0,0,0,0,49
2578138_59606,2578138,59606,1010,1010,2016-02-13,Craig Cathcart,GB1,0,0,0,0,90
2594575_227805,2594575,227805,1049,1049,2015-11-07,Jaume Doménech,ES1,0,0,0,0,90
3219163_112515,3219163,112515,631,940,2020-07-22,Marcos Alonso,GB1,0,0,0,0,88
3838708_983989,3838708,983989,1237,399,2023-04-01,Facundo Buonanotte,GB1,0,0,0,0,7
3431926_125781,3431926,125781,131,13,2020-09-27,Antoine Griezmann,ES1,0,0,0,0,78
3219364_256178,3219364,256178,31,31,2019-11-10,Joe Gomez,GB1,0,0,0,0,3
2486777_66219,2486777,66219,2288,2288,2015-04-04,Kyle Naughton,GB1,0,0,0,0,56
2578229_243589,2578229,243589,148,931,2016-01-03,Josh Onomah,GB1,0,0,0,0,2
2486683_15956,2486683,15956,281,368,2015-01-18,Jesús Navas,GB1,0,0,0,0,76
3592093_131505,3592093,131505,399,399,2021-11-27,Rodrigo,GB1,0,0,0,0,90
3079501_15904,3079501,15904,131,131,2018-12-16,Thomas Vermaelen,ES1,0,0,0,0,52
3421834_226973,3421834,226973,931,931,2021-02-17,Harrison Reed,GB1,0,0,0,0,90
3208673_34870,3208673,34870,16795,3368,2019-09-21,Roberto Soldado,ES1,1,0,0,0,58
2698337_129078,2698337,129078,180,1132,2017-04-05,Nathan Redmond,GB1,0,0,1,0,90
2719010_34870,2719010,34870,1050,3368,2017-04-07,Roberto Soldado,ES1,0,0,0,0,76
2594521_246291,2594521,246291,367,150,2015-09-26,Diego Llorente,ES1,1,0,0,0,90
3210089_99922,3210089,99922,150,150,2020-06-28,Marc Bartra,ES1,0,0,0,0,58
2475438_7923,2475438,7923,367,367,2015-03-08,Roberto Trashorras,ES1,1,0,0,0,90
3079393_74857,3079393,74857,131,12321,2018-09-26,Marc-André ter Stegen,ES1,0,0,0,0,90
2718878_76273,2718878,76273,1108,1108,2017-01-15,Manu García,ES1,0,0,0,0,90
3451012_149231,3451012,149231,1531,1531,2020-11-28,Fidel,ES1,0,0,0,0,33
3421774_134294,3421774,134294,180,379,2020-12-07,Danny Ings,GB1,0,0,1,0,45
3050389_209212,3050389,209212,1237,1237,2019-01-29,Solly March,GB1,0,0,0,0,90
3838207_346314,3838207,346314,631,631,2022-10-29,Trevoh Chalobah,GB1,0,0,0,0,90
3079388_280730,3079388,280730,418,681,2018-09-22,Álvaro Odriozola,ES1,0,0,0,0,90
2698211_44779,2698211,44779,631,543,2016-12-17,Diego Costa,GB1,1,0,1,0,89
3079391_177467,3079391,177467,1050,1050,2018-09-26,Gerard Moreno,ES1,0,0,0,0,88
3838768_212847,3838768,212847,1237,1237,2023-02-11,Adam Webster,GB1,0,0,0,0,76
2872187_47995,2872187,47995,873,1110,2017-10-14,Jason Puncheon,GB1,0,0,0,0,15
3219128_87672,3219128,87672,989,989,2020-03-07,Junior Stanislas,GB1,0,0,0,0,68
3421735_226973,3421735,226973,931,931,2020-11-02,Harrison Reed,GB1,1,0,0,0,45
3838607_346314,3838607,346314,631,631,2023-05-21,Trevoh Chalobah,GB1,0,0,0,0,90
2872436_66100,2872436,66100,180,12321,2018-04-08,Oriol Romeu,GB1,0,0,0,0,90
3886698_369081,3886698,369081,418,418,2023-05-24,Federico Valverde,ES1,0,0,0,1,63
3210025_125931,3210025,125931,3368,3368,2020-06-12,Toño García,ES1,0,0,0,0,16
2872262_4072,2872262,4072,512,1132,2017-12-02,Peter Crouch,GB1,0,0,0,1,90
4095258_171679,4095258,171679,543,543,2023-12-27,Matt Doherty,GB1,0,0,0,0,26
2899621_175446,2899621,175446,940,1108,2017-10-16,Jonny Otto,ES1,0,0,0,0,90
3210119_100722,3210119,100722,237,237,2020-07-09,Lago Júnior,ES1,0,0,0,0,4
3838600_260841,3838600,260841,1003,1003,2023-05-28,Daniel Iversen,GB1,0,0,0,0,90
2698237_20007,2698237,20007,281,379,2016-12-18,Pablo Zabaleta,GB1,0,0,0,0,45
3050419_64399,3050419,64399,873,940,2018-12-26,Vicente Guaita,GB1,0,0,0,0,90
2899853_74857,2899853,74857,131,12321,2018-04-07,Marc-André ter Stegen,ES1,0,0,0,0,90
2872318_111114,2872318,111114,1132,1132,2017-12-30,Kevin Long,GB1,0,0,0,0,90
3591976_131978,3591976,131978,631,405,2021-10-30,Ross Barkley,GB1,0,0,0,0,26
2899781_59344,2899781,59344,681,681,2018-02-25,Asier Illarramendi,ES1,0,0,0,0,90
2719067_298983,2719067,298983,1084,331,2017-05-07,Javi Ontiveros,ES1,0,0,1,0,85
3210055_268946,3210055,268946,366,366,2020-06-20,José Antonio Caro,ES1,0,0,0,0,90
3421793_340324,3421793,340324,11,873,2020-12-16,Eddie Nketiah,GB1,0,0,0,1,65
3219372_324882,3219372,324882,405,1031,2019-11-02,Marvelous Nakamba,GB1,0,0,0,0,90
3610369_525578,3610369,525578,367,367,2022-02-18,Pathé Ciss,ES1,0,0,0,0,10
3885856_212862,3885856,212862,681,681,2022-09-03,Álex Remiro,ES1,0,0,0,0,90
3886651_330352,3886651,330352,1531,1531,2023-04-29,Raúl Guti,ES1,0,0,0,0,17
4113166_284884,4113166,284884,3709,1244,2023-12-01,Óscar Rodríguez,ES1,1,0,0,0,52
3610345_349856,3610345,349856,3368,3368,2022-02-13,Son,ES1,0,0,0,0,90
3450982_289257,3450982,289257,681,1108,2020-11-01,Jon Guridi,ES1,1,0,0,0,65
3605058_205562,3605058,205562,13,12321,2021-08-29,Thomas Lemar,ES1,1,0,0,0,80
3838798_340329,3838798,340329,762,762,2023-01-15,Joe Willock,GB1,0,0,0,0,71
2872475_90836,2872475,90836,989,703,2018-05-05,Steve Cook,GB1,0,0,0,0,90
2698166_139208,2698166,139208,180,31,2016-12-03,Virgil van Dijk,GB1,0,0,0,0,90
3451435_339816,3451435,339816,1531,1531,2021-05-01,Tete Morente,ES1,0,0,0,0,45
3219147_204103,3219147,204103,543,379,2020-07-20,Adama Traoré,GB1,1,0,0,0,81
2899702_246291,2899702,246291,681,150,2017-12-16,Diego Llorente,ES1,0,0,0,0,90
3050168_28984,3050168,28984,603,603,2018-08-11,Sol Bamba,GB1,0,0,0,0,90
2698169_141660,2698169,141660,985,703,2016-11-06,Jesse Lingard,GB1,0,0,0,0,9
2594525_120629,2594525,120629,1050,379,2015-09-26,Alphonse Areola,ES1,0,0,0,0,90
2697998_250478,2697998,250478,180,762,2016-08-19,Matt Targett,GB1,0,0,0,0,90
3451103_506248,3451103,506248,1533,714,2021-01-24,Edu Expósito,ES1,1,0,0,0,90
2718951_153427,2718951,153427,1533,367,2017-02-28,Bebé,ES1,0,0,0,0,6
2698390_242631,2698390,242631,11,931,2017-01-31,Alex Iwobi,GB1,0,0,1,0,90
3208838_398184,3208838,398184,1049,131,2020-01-19,Ferran Torres,ES1,1,0,1,0,46
3591966_374139,3591966,374139,399,150,2021-09-17,Junior Firpo,GB1,1,0,0,0,90
3080863_230784,3080863,230784,13,1050,2019-04-02,Thomas Partey,ES1,0,0,0,0,56
3210131_355628,3210131,355628,681,681,2020-07-13,Igor Zubeldia,ES1,0,0,0,0,25
3210001_87469,3210001,87469,1533,331,2020-03-07,Cote,ES1,1,0,0,0,90
3081120_197135,3081120,197135,681,2687,2019-05-12,Joseba Zaldua,ES1,0,0,1,0,68
2899648_255508,2899648,255508,621,621,2017-11-05,Iñaki Williams,ES1,0,0,0,0,90
3886627_298575,3886627,298575,331,331,2023-04-14,Kike Barja,ES1,0,0,0,0,84
3080765_34370,3080765,34370,714,367,2019-01-21,Diego López,ES1,0,0,0,0,90
3451005_221309,3451005,221309,366,366,2020-11-22,Óscar Plano,ES1,0,0,1,1,77
2475421_63706,2475421,63706,993,993,2015-02-27,Mikel Saizar,ES1,0,0,0,0,90
3886333_438001,3886333,438001,12321,543,2022-10-20,Santiago Bueno,ES1,1,0,0,0,90
3605195_251106,3605195,251106,3709,989,2021-09-13,Enes Ünal,ES1,0,0,0,0,60
3838621_602105,3838621,602105,985,150,2023-05-13,Antony,GB1,0,0,0,1,90
3838006_365172,3838006,365172,1003,1003,2022-09-17,Patson Daka,GB1,1,0,0,0,74
3421767_130164,3421767,130164,29,29,2020-11-28,Jordan Pickford,GB1,0,0,0,0,90
2718881_238868,2718881,238868,1533,331,2017-01-15,Rubén Peña,ES1,0,0,0,0,16
3050336_87672,3050336,87672,989,989,2018-12-15,Junior Stanislas,GB1,0,0,0,0,80
3592137_204103,3592137,204103,543,379,2021-12-01,Adama Traoré,GB1,0,0,0,0,90
3610370_448628,3610370,448628,940,331,2022-02-26,Javi Galán,ES1,0,0,0,0,90
3208836_290249,3208836,290249,3709,3709,2020-01-17,Mauro Arambarri,ES1,0,0,0,0,90
2899887_7922,2899887,7922,714,714,2018-04-01,Sergio García,ES1,0,0,0,0,90
2899831_25412,2899831,25412,3368,5358,2018-03-31,Pedro López,ES1,0,0,0,0,90
3050301_119269,3050301,119269,1237,931,2018-12-01,Shane Duffy,GB1,0,0,1,0,90
3592029_29692,3592029,29692,379,379,2021-09-11,Lukasz Fabianski,GB1,0,0,0,0,90
2899619_208890,2899619,208890,3368,3368,2017-09-30,Samu García,ES1,0,0,0,0,14
2578033_12282,2578033,12282,985,12321,2015-11-07,Daley Blind,GB1,0,0,0,0,90
3219126_73484,3219126,73484,1010,1010,2020-07-17,Tom Cleverley,GB1,1,0,0,0,90
2698404_118534,2698404,118534,1132,29,2017-04-23,Michael Keane,GB1,0,0,0,0,90
4095063_734425,4095063,734425,1148,1148,2023-09-23,Michael Olakigbe,GB1,0,0,0,0,1
3441594_99353,3441594,99353,681,12321,2020-10-03,Portu,ES1,0,0,1,0,90
2475471_72189,2475471,72189,897,897,2015-04-08,Álex Bergantiños,ES1,0,0,0,0,90
4113067_111961,4113067,111961,368,368,2023-09-26,Suso,ES1,1,0,1,0,90
3210003_170472,3210003,170472,16795,1049,2020-03-08,Dimitri Foulquier,ES1,0,0,0,0,11
3050266_63494,3050266,63494,1010,1050,2018-10-27,Étienne Capoue,GB1,0,0,0,1,90
2718881_266795,2718881,266795,1533,2687,2017-01-15,Gonzalo Escalante,ES1,0,0,0,0,90
3886603_247250,3886603,247250,2687,2687,2023-04-01,Rubén Alcaraz,ES1,0,0,0,0,90
3219246_258889,3219246,258889,989,148,2020-01-18,Dominic Solanke,GB1,0,0,0,0,12
2698093_183334,2698093,183334,1132,399,2016-09-10,Patrick Bamford,GB1,0,0,0,0,10
2475488_255653,2475488,255653,940,940,2015-04-11,Santi Mina,ES1,0,0,4,0,71
2698377_287431,2698377,287431,2288,931,2017-04-22,Alfie Mawson,GB1,0,0,0,0,90
3431914_197545,3431914,197545,621,621,2021-01-06,Ander Capa,ES1,0,0,0,0,90
2872393_76467,2872393,76467,1010,3709,2018-02-24,Kiko Femenía,GB1,0,0,0,0,34
3886361_412363,3886361,412363,418,418,2022-10-22,Rodrygo,ES1,0,0,0,0,90
2718813_21725,2718813,21725,13,13,2016-11-05,Filipe Luís,ES1,0,0,0,0,90
3208687_111508,3208687,111508,3709,3709,2019-09-25,Allan Nyom,ES1,1,0,0,0,60
2899835_280730,2899835,280730,681,681,2018-04-01,Álvaro Odriozola,ES1,0,0,0,0,90
2718937_246277,2718937,246277,2448,1108,2017-02-18,Burgui,ES1,0,0,0,1,84
2872439_130164,2872439,130164,29,29,2018-04-07,Jordan Pickford,GB1,0,0,0,0,90
3886386_213670,3886386,213670,331,331,2022-10-30,Lucas Torró,ES1,1,0,0,0,90
2899749_67090,2899749,67090,714,714,2018-01-20,Dídac Vilà,ES1,0,0,0,0,90
2594691_153427,2594691,153427,367,367,2016-02-06,Bebé,ES1,0,0,1,1,90
2718726_67080,2718726,67080,1108,1108,2016-08-28,Víctor Laguardia,ES1,0,0,0,0,90
2486813_3292,2486813,3292,1039,1132,2015-05-02,Joey Barton,GB1,0,0,0,1,90
3429798_186590,3429798,186590,281,281,2021-04-10,John Stones,GB1,0,0,0,0,90
2872129_61651,2872129,61651,31,1148,2017-08-19,Jordan Henderson,GB1,1,0,0,0,90
2698361_476532,2698361,476532,1010,1010,2017-05-21,Andrew Eleftheriou,GB1,0,0,0,0,51
3605199_240360,3605199,240360,367,367,2021-09-11,Esteban Saveljich,ES1,0,0,0,0,66
3592026_67420,3592026,67420,399,399,2021-09-12,Luke Ayling,GB1,0,0,0,0,90
2698400_128904,2698400,128904,641,1123,2017-05-13,Ben Gibson,GB1,1,0,0,0,90
4112966_142031,4112966,142031,237,237,2023-09-30,Omar Mascarell,ES1,1,0,0,0,26
3429798_26267,3429798,26267,281,281,2021-04-10,Fernandinho,GB1,1,0,0,0,90
2594475_71548,2594475,71548,714,1533,2015-08-22,Anaitz Arbilla,ES1,1,0,0,0,90
2698391_95810,2698391,95810,148,762,2017-05-21,Kieran Trippier,GB1,0,0,0,2,90
2486775_39679,2486775,39679,985,985,2015-04-04,Marouane Fellaini,GB1,0,0,0,0,77
3219219_249126,3219219,249126,148,1003,2020-02-16,Harry Winks,GB1,0,0,0,0,90
3451180_145769,3451180,145769,3368,366,2021-02-26,Sergio León,ES1,0,0,0,0,6
2594600_89313,2594600,89313,621,897,2015-11-29,Eneko Bóveda,ES1,0,0,0,0,11
2872457_209212,2872457,209212,1237,1237,2018-04-17,Solly March,GB1,0,0,0,0,13
2899569_139895,2899569,139895,1108,1108,2017-09-10,Tomás Pina,ES1,0,0,0,0,90
2486707_132,2486707,132,11,11,2015-02-07,Tomas Rosicky,GB1,0,0,0,0,22
4113088_126751,4113088,126751,621,621,2023-11-10,Iñigo Ruiz de Galarreta,ES1,0,0,0,0,90
2698153_67355,2698153,67355,29,29,2016-11-05,Ashley Williams,GB1,0,0,0,0,90
3050440_111051,3050440,111051,1003,1010,2019-02-26,Nampalys Mendy,GB1,0,0,0,0,21
3592173_319859,3592173,319859,1148,1148,2022-05-07,Mathias Jensen,GB1,0,0,0,0,87
3592111_288255,3592111,288255,985,12321,2022-01-15,Donny van de Beek,GB1,0,0,0,0,1
3421740_121324,3421740,121324,350,3008,2020-10-31,John Egan,GB1,0,0,0,0,90
2475384_47647,2475384,47647,681,367,2015-01-31,Gorka Elustondo,ES1,0,0,0,0,90
2594584_51426,2594584,51426,681,3709,2015-11-21,Markel Bergara,ES1,0,0,0,0,10
3421842_342048,3421842,342048,984,1531,2021-01-02,Grady Diangana,GB1,0,0,0,0,45
3607623_216870,3607623,216870,331,2497,2022-01-09,Nacho Vidal,ES1,0,0,0,0,90
3050294_148455,3050294,148455,31,31,2018-11-24,Mohamed Salah,GB1,0,0,1,0,86
2872371_314353,2872371,314353,31,418,2018-02-04,Trent Alexander-Arnold,GB1,1,0,0,0,90
2475449_72315,2475449,72315,16795,16795,2015-03-14,Javi Márquez,ES1,0,0,0,0,72
3219413_108354,3219413,108354,873,1003,2019-09-22,Jordan Ayew,GB1,1,0,0,0,69
3451030_125781,3451030,125781,131,13,2020-12-13,Antoine Griezmann,ES1,0,0,0,0,89
3080775_371998,3080775,371998,418,418,2019-01-27,Vinicius Junior,ES1,0,0,0,0,64
3429800_297212,3429800,297212,148,399,2021-04-11,Joe Rodon,GB1,0,0,0,0,90
3080830_26066,3080830,26066,1533,1533,2019-03-03,Iván Ramis,ES1,0,0,0,0,90
3838648_433177,3838648,433177,11,11,2023-05-02,Bukayo Saka,GB1,0,0,0,0,74
3886698_192009,3886698,192009,367,367,2023-05-24,Unai López,ES1,1,0,0,0,83
3610568_610083,3610568,610083,621,3368,2022-04-03,Unai Vencedor,ES1,0,0,0,0,90
3079457_193098,3079457,193098,367,12321,2018-11-11,Álex Moreno,ES1,0,0,0,0,90
3050258_173504,3050258,173504,1132,29,2018-10-28,James Tarkowski,GB1,1,0,0,0,90
2578138_19059,2578138,19059,1010,1010,2016-02-13,Heurelho Gomes,GB1,0,0,0,0,90
2899922_64598,2899922,64598,12321,12321,2018-05-19,Bernardo Espinosa,ES1,0,0,0,0,90
2475522_15804,2475522,15804,621,621,2015-05-02,Andoni Iraola,ES1,0,0,0,0,58
3886391_408471,3886391,408471,714,714,2022-10-28,Javi Puado,ES1,0,0,0,0,61
2899731_154059,2899731,154059,1533,1533,2018-01-13,Charles,ES1,0,0,0,0,64
3219355_12384,3219355,12384,1123,1123,2019-11-23,Alexander Tettey,GB1,1,0,0,0,90
3079448_227961,3079448,227961,3709,472,2018-11-04,Jaime Mata,ES1,0,0,0,0,20
4087963_533662,4087963,533662,350,180,2023-09-02,Cameron Archer,GB1,0,0,1,0,75
3592234_542586,3592234,542586,399,399,2022-04-25,Illan Meslier,GB1,0,0,0,0,90
2872344_53360,2872344,53360,984,1132,2018-01-13,Jay Rodríguez,GB1,0,0,0,1,79
2486784_36866,2486784,36866,289,289,2015-04-11,Billy Jones,GB1,0,0,0,0,90
3592167_182712,3592167,182712,281,131,2022-04-02,João Cancelo,GB1,0,0,0,0,90
4095068_256178,4095068,256178,31,31,2023-09-24,Joe Gomez,GB1,0,0,0,0,90
3219164_142310,3219164,142310,543,703,2020-06-20,Willy Boly,GB1,0,0,0,0,90
2698146_66100,2698146,66100,180,12321,2016-10-30,Oriol Romeu,GB1,0,0,0,0,90
3219193_123682,3219193,123682,989,379,2020-02-22,Callum Wilson,GB1,0,0,0,0,90
3429698_410708,3429698,410708,399,399,2021-01-31,Pascal Struijk,GB1,0,0,0,0,90
2899691_56134,2899691,56134,714,1050,2017-12-11,Javi Fuego,ES1,0,0,0,0,62
3050475_127108,3050475,127108,762,367,2019-03-16,Florian Lejeune,GB1,0,0,0,0,90
3450975_165007,3450975,165007,940,1108,2020-10-26,Denis Suárez,ES1,0,0,0,1,90
2594484_22550,2594484,22550,1084,1084,2015-08-29,Weligton,ES1,0,0,0,0,25
3451060_289272,3451060,289272,681,681,2020-12-31,Martín Merquelanz,ES1,0,0,0,0,22
2718860_127108,2718860,127108,1533,367,2016-12-18,Florian Lejeune,ES1,0,0,0,0,90
3592152_33027,3592152,33027,1123,1031,2022-04-02,Tim Krul,GB1,0,0,0,0,90
3208794_102423,3208794,102423,3709,714,2019-12-08,Leandro Cabrera,ES1,0,0,0,0,90
2578016_22165,2578016,22165,405,405,2015-11-08,Charles N'Zogbia,GB1,0,0,0,0,25
2718761_51587,2718761,51587,1533,1533,2016-09-24,Pedro León,ES1,0,0,0,0,90
2594506_7874,2594506,7874,621,12321,2015-09-20,Gorka Iraizoz,ES1,0,0,0,0,90
2872350_314678,2872350,314678,281,418,2018-01-20,Brahim Díaz,GB1,0,0,0,0,2
3079435_45912,3079435,45912,940,940,2018-10-27,Sergio Álvarez,ES1,0,0,0,0,90
2899786_87469,2899786,87469,1533,331,2018-02-10,Cote,ES1,0,0,0,0,90
4113118_182712,4113118,182712,131,131,2023-11-04,João Cancelo,ES1,0,0,0,0,69
3050396_127032,3050396,127032,148,703,2019-01-30,Serge Aurier,GB1,0,0,0,0,45
3219273_250478,3219273,250478,405,762,2019-12-28,Matt Targett,GB1,0,0,0,0,66
2475395_7881,2475395,7881,897,897,2015-02-06,Alberto Lopo,ES1,0,0,0,0,90
2577978_25742,2577978,25742,379,379,2015-10-03,Nikica Jelavic,GB1,0,0,0,0,32
2899638_230784,2899638,230784,13,1050,2017-10-22,Thomas Partey,ES1,1,0,0,0,90
2577997_27114,2577997,27114,289,1010,2015-10-17,Younès Kaboul,GB1,0,0,0,0,90
3219196_67063,3219196,67063,1010,1237,2020-02-23,Danny Welbeck,GB1,0,0,0,0,14
2719062_7600,2719062,7600,131,131,2017-05-06,Andrés Iniesta,ES1,1,0,0,0,90
2475366_51587,2475366,51587,3709,1533,2015-01-18,Pedro León,ES1,0,0,0,0,73
3210006_51667,3210006,51667,366,366,2020-03-08,Kiko Olivas,ES1,0,0,0,0,90
2698135_3332,2698135,3332,985,985,2016-10-17,Wayne Rooney,GB1,0,0,0,0,13
3607530_51710,3607530,51710,1050,366,2021-10-26,Sergio Asenjo,ES1,0,0,0,0,90
3451096_85288,3451096,85288,418,150,2020-12-15,Isco,ES1,0,0,0,0,26
3210078_120095,3210078,120095,3368,472,2020-06-23,José Campaña,ES1,0,0,0,0,30
3050178_34691,3050178,34691,1132,1132,2018-08-19,Stephen Ward,GB1,1,0,0,0,74
3838055_75067,3838055,75067,399,399,2022-10-20,Liam Cooper,GB1,0,0,0,0,45
3208803_52469,3208803,52469,621,621,2019-12-14,Mikel San José,ES1,1,0,0,0,90
2475348_278359,2475348,278359,940,940,2015-01-03,Borja Iglesias,ES1,0,0,0,0,11
3451443_242497,3451443,242497,1108,1108,2021-05-08,Pere Pons,ES1,0,0,1,0,45
2577975_40611,2577975,40611,180,1003,2015-10-03,Ryan Bertrand,GB1,1,0,0,0,90
2578186_66550,2578186,66550,2288,2288,2016-03-05,Ángel Rangel,GB1,1,0,0,0,90
4095233_583199,4095233,583199,350,703,2023-12-09,James McAtee,GB1,0,0,1,0,81
2899570_56067,2899570,56067,714,1531,2017-09-09,Pablo Piatti,ES1,0,0,0,0,57
3886291_268670,3886291,268670,1531,367,2022-10-03,Gerard Gumbau,ES1,0,0,0,1,90
3886636_278296,3886636,278296,237,237,2023-04-23,Antonio Raíllo,ES1,1,0,1,1,90
3050287_87672,3050287,87672,989,989,2018-11-25,Junior Stanislas,GB1,0,0,0,0,17
2718764_263856,2718764,263856,1108,150,2016-09-26,Víctor Camarasa,ES1,0,0,1,1,87
2698106_66934,2698106,66934,379,703,2016-09-25,Cheikhou Kouyaté,GB1,0,0,0,0,90
3050540_123682,3050540,123682,989,379,2019-04-27,Callum Wilson,GB1,0,0,2,1,90
3429739_183288,3429739,183288,985,985,2021-02-21,Luke Shaw,GB1,0,0,0,0,90
3081124_290249,3081124,290249,3709,3709,2019-05-18,Mauro Arambarri,ES1,0,0,0,0,90
2475435_39151,2475435,39151,940,2687,2015-03-08,Augusto Fernández,ES1,0,0,1,0,90
2475399_213260,2475399,213260,3368,331,2015-02-07,Rubén García,ES1,0,0,0,0,20
2698378_163744,2698378,163744,180,180,2017-04-29,Jack Stephens,GB1,0,0,0,0,90
2718710_7874,2718710,7874,621,12321,2016-08-21,Gorka Iraizoz,ES1,0,0,0,0,90
2578092_170321,2578092,170321,762,762,2016-01-12,Paul Dummett,GB1,0,0,1,0,90
3886554_248738,3886554,248738,331,331,2023-02-18,Sergio Herrera,ES1,0,0,0,0,90
3050211_62008,3050211,62008,931,931,2018-09-15,Stefan Johansen,GB1,0,0,0,0,90
3219155_163744,3219155,163744,180,180,2020-06-19,Jack Stephens,GB1,0,0,0,0,90
3208776_374139,3208776,374139,131,150,2019-11-23,Junior Firpo,ES1,0,0,0,0,90
2718899_21725,2718899,21725,13,13,2017-01-28,Filipe Luís,ES1,0,0,0,0,90
3431908_290533,3431908,290533,2687,2687,2020-09-12,Yann Bodiger,ES1,0,0,0,0,45
3886558_518644,3886558,518644,3302,1049,2023-02-17,Largie Ramazani,ES1,0,0,1,0,45
2486692_92381,2486692,92381,762,762,2015-01-31,Sammy Ameobi,GB1,0,0,1,0,90
2486661_73491,2486661,73491,1003,631,2015-01-01,Danny Drinkwater,GB1,0,0,0,0,37
2872317_95424,2872317,95424,281,1132,2017-12-31,Kyle Walker,GB1,0,0,0,0,90
2899846_129444,2899846,129444,714,12321,2018-04-15,David López,ES1,1,0,0,0,90
2718969_129444,2718969,129444,714,12321,2017-03-10,David López,ES1,0,0,1,0,90
3605280_442805,3605280,442805,237,3302,2021-09-26,Iddrisu Baba,ES1,0,0,0,0,90
3429858_184573,3429858,184573,985,405,2021-05-18,Victor Lindelöf,GB1,0,0,0,0,90
4095247_973085,4095247,973085,1237,1237,2023-12-21,Carlos Baleba,GB1,1,0,0,0,45
2899661_7600,2899661,7600,131,131,2017-11-26,Andrés Iniesta,ES1,0,0,0,0,72
3210059_257376,3210059,257376,16795,3709,2020-06-19,Domingos Duarte,ES1,0,0,0,0,90
2899652_16635,2899652,16635,13,13,2017-11-04,Juanfran Torres,ES1,0,0,0,0,90
3838240_186590,3838240,186590,281,281,2022-11-12,John Stones,GB1,0,0,0,0,90
4113146_70245,4113146,70245,16795,16795,2023-08-21,Ignasi Miquel,ES1,0,0,0,0,90
2698330_66934,2698330,66934,379,703,2017-03-06,Cheikhou Kouyaté,GB1,0,0,0,0,90
3210092_399776,3210092,399776,1050,405,2020-06-28,Pau Torres,ES1,0,0,0,0,90
3838672_215118,3838672,215118,405,405,2023-04-22,Calum Chambers,GB1,0,0,0,0,24
3592279_59606,3592279,59606,1010,1010,2022-03-10,Craig Cathcart,GB1,0,0,0,0,90
2594481_65237,2594481,65237,940,940,2015-08-29,Andreu Fontàs,ES1,0,0,1,0,90
4095165_242631,4095165,242631,931,931,2023-10-23,Alex Iwobi,GB1,0,0,0,0,45
2594492_101742,2594492,101742,3368,3368,2015-09-11,Ángel Trujillo,ES1,0,0,0,0,90
2718970_71548,2718970,71548,1533,1533,2017-03-13,Anaitz Arbilla,ES1,1,0,0,0,90
3605064_162056,3605064,162056,3368,3302,2021-08-28,Gonzalo Melero,ES1,0,0,0,0,90
3429850_14555,3429850,14555,281,281,2021-05-14,Scott Carson,GB1,0,0,0,0,90
3838253_60444,3838253,60444,31,31,2022-12-26,Thiago Alcántara,GB1,0,0,0,0,67
3209810_212862,3209810,212862,681,681,2020-02-09,Álex Remiro,ES1,0,0,0,0,90
2594841_44373,2594841,44373,1049,1049,2016-05-13,Guilherme Siqueira,ES1,0,0,0,0,90
3431942_284884,3431942,284884,368,1244,2020-10-01,Óscar Rodríguez,ES1,0,0,0,0,4
3219170_314210,3219170,314210,29,350,2020-06-24,Tom Davies,GB1,0,0,0,0,45
3610565_94308,3610565,94308,368,714,2022-03-20,Marko Dmitrovic,ES1,0,0,0,0,90
4095164_240306,4095164,240306,985,985,2023-10-21,Bruno Fernandes,GB1,0,0,0,1,90
3079431_108390,3079431,108390,418,418,2018-10-28,Thibaut Courtois,ES1,0,0,0,0,90
3219430_170321,3219430,170321,762,762,2019-08-17,Paul Dummett,GB1,1,0,0,0,90
4095186_92469,4095186,92469,762,762,2023-11-11,Matt Ritchie,GB1,0,0,0,0,59
3079440_25412,3079440,25412,3368,5358,2018-10-27,Pedro López,ES1,0,0,0,0,2
2594721_15951,2594721,15951,131,131,2016-02-28,Dani Alves,ES1,1,0,0,0,35
3080804_154059,3080804,154059,1533,1533,2019-02-15,Charles,ES1,0,0,2,0,90
3592161_503733,3592161,503733,29,762,2022-05-22,Anthony Gordon,GB1,0,0,0,0,23
2594691_207924,2594691,207924,367,940,2016-02-06,Jozabed Sánchez,ES1,0,0,0,0,90
3838739_193098,3838739,193098,405,12321,2023-03-04,Álex Moreno,GB1,1,0,0,0,70
2719051_25319,2719051,25319,472,472,2017-04-29,Momo,ES1,0,0,0,0,26
3592003_250426,3592003,250426,180,543,2021-10-02,Adam Armstrong,GB1,0,0,0,0,90
3592062_655488,3592062,655488,11,11,2021-12-06,Gabriel Martinelli,GB1,0,0,0,0,71
3219201_283628,3219201,283628,379,379,2020-07-05,Tomáš Souček,GB1,0,0,1,0,90
2718963_74230,2718963,74230,368,543,2017-03-06,Pablo Sarabia,ES1,0,0,0,1,90
2719019_255508,2719019,255508,621,621,2017-04-14,Iñaki Williams,ES1,0,0,0,1,79
3610275_442805,3610275,442805,237,3302,2022-03-02,Iddrisu Baba,ES1,0,0,0,0,10
2872136_199369,2872136,199369,29,472,2017-08-27,Sandro Ramírez,GB1,0,0,0,0,62
3451212_203516,3451212,203516,1531,472,2021-03-13,Nuke Mfulu,ES1,0,0,0,0,15
2578174_191217,2578174,191217,11,150,2016-03-05,Héctor Bellerín,GB1,1,0,0,2,90
2475458_89313,2475458,89313,1533,897,2015-03-21,Eneko Bóveda,ES1,0,0,0,0,90
2872420_40423,2872420,40423,281,150,2018-05-09,Claudio Bravo,GB1,0,0,0,0,90
2872485_61819,2872485,61819,989,989,2018-05-13,Charlie Daniels,GB1,0,0,0,1,90
3886706_518644,3886706,518644,3302,1049,2023-05-28,Largie Ramazani,ES1,0,0,0,0,21
3592241_578391,3592241,578391,543,281,2022-05-22,Rayan Aït-Nouri,GB1,0,0,0,0,90
2872462_3881,2872462,3881,512,512,2018-04-22,Glen Johnson,GB1,0,0,0,0,59
3592185_253677,3592185,253677,405,405,2022-04-30,Tyrone Mings,GB1,0,0,0,0,90
3605194_627294,3605194,627294,237,1050,2021-09-11,Fer Niño,ES1,0,0,0,0,90
3429683_148153,3429683,148153,1237,1237,2021-01-27,Lewis Dunk,GB1,0,0,0,0,90
3451374_250845,3451374,250845,13,13,2021-03-21,José María Giménez,ES1,0,0,0,0,90
2578201_37337,2578201,37337,1010,367,2016-03-19,Mario Suárez,GB1,0,0,0,0,90
2872273_95810,2872273,95810,148,762,2017-12-09,Kieran Trippier,GB1,0,0,0,0,90
3050363_61651,3050363,61651,31,1148,2019-01-03,Jordan Henderson,GB1,0,0,0,0,90
2594677_120629,2594677,120629,1050,379,2016-01-23,Alphonse Areola,ES1,0,0,0,0,90
2718820_192279,2718820,192279,621,11,2016-11-20,Kepa Arrizabalaga,ES1,0,0,0,0,90
3592177_130164,3592177,130164,29,29,2022-04-06,Jordan Pickford,GB1,0,0,0,0,90
2577894_57500,2577894,57500,631,368,2015-08-23,César Azpilicueta,GB1,0,0,1,0,90
3607576_618809,3607576,618809,331,3368,2021-12-05,Manu Sánchez,ES1,0,0,0,0,90
3592302_233124,3592302,233124,405,405,2022-01-02,Kortney Hause,GB1,0,0,0,0,90
3209963_217144,3209963,217144,237,1531,2020-02-15,Aleix Febas,ES1,0,0,0,0,52
3079457_153427,3079457,153427,367,367,2018-11-11,Bebé,ES1,0,0,0,0,6
2899797_29124,2899797,29124,621,621,2018-02-28,Aritz Aduriz,ES1,0,0,0,0,90
3837850_406635,3837850,406635,281,281,2022-08-27,Phil Foden,GB1,1,0,0,1,90
2698153_73484,2698153,73484,29,1010,2016-11-05,Tom Cleverley,GB1,0,0,0,0,90
3885860_142031,3885860,142031,1531,237,2022-09-04,Omar Mascarell,ES1,0,0,0,0,90
3886361_74294,3886361,74294,368,368,2022-10-22,Nemanja Gudelj,ES1,1,0,0,0,90
3611499_527838,3611499,527838,621,621,2022-05-15,Álex Petxa,ES1,0,0,0,0,23
4113056_247250,4113056,247250,2687,2687,2023-10-07,Rubén Alcaraz,ES1,1,0,0,0,90
3838759_406638,3838759,406638,148,1003,2023-02-19,Oliver Skipp,GB1,1,0,0,0,89
3219339_37304,3219339,37304,180,180,2019-11-30,Shane Long,GB1,0,0,0,0,33
3081100_177467,3081100,177467,1050,1050,2019-04-28,Gerard Moreno,ES1,0,0,0,0,34
3050451_392775,3050451,392775,931,931,2019-03-03,Ryan Sessegnon,GB1,0,0,0,0,90
2718975_73782,2718975,73782,16795,16795,2017-03-11,Adrián Ramos,ES1,0,0,0,0,57
4113080_246968,4113080,246968,150,1050,2023-08-27,Ayoze Pérez,ES1,0,0,0,0,90
2899714_62611,2899714,62611,3709,3709,2017-12-20,Sergio Mora,ES1,0,0,0,0,90
2899657_65318,2899657,65318,1050,237,2017-11-05,Jaume Costa,ES1,1,0,0,0,90
3050254_183318,3050254,183318,762,762,2018-10-20,Jamaal Lascelles,GB1,0,0,0,0,90
3080777_242497,3080777,242497,12321,1108,2019-01-27,Pere Pons,ES1,0,0,0,0,90
3451476_500191,3451476,500191,16795,16795,2021-05-23,Pepe Sánchez,ES1,0,0,0,0,90
2719065_73782,2719065,73782,16795,16795,2017-05-06,Adrián Ramos,ES1,0,0,0,0,90
3592040_168157,3592040,168157,543,2497,2021-11-20,Leander Dendoncker,GB1,0,0,0,0,3
3050338_166240,3050338,166240,1237,1237,2018-12-22,Jürgen Locadia,GB1,0,0,0,0,70
3611474_16306,3611474,16306,418,985,2022-04-30,Casemiro,ES1,1,0,0,0,61
2718811_50487,2718811,50487,1108,1108,2016-11-05,Christian Santos,ES1,0,0,1,0,90
2698379_33713,2698379,33713,11,180,2017-04-30,Theo Walcott,GB1,0,0,0,0,9
2899833_131505,2899833,131505,1049,399,2018-04-01,Rodrigo,ES1,0,0,1,0,90
3610323_85295,3610323,85295,367,367,2022-02-05,Iván Balliu,ES1,0,0,0,0,90
2594559_72315,2594559,72315,16795,16795,2015-10-24,Javi Márquez,ES1,1,0,0,0,90
4095178_404842,4095178,404842,29,29,2023-11-04,Vitaliy Mykolenko,GB1,0,0,1,0,90
3591987_584769,3591987,584769,1132,29,2021-09-25,Dwight McNeil,GB1,0,0,0,0,87
2594548_40888,2594548,40888,621,621,2015-10-18,Beñat Etxebarria,ES1,1,0,0,0,90
3592119_131505,3592119,131505,399,399,2022-01-16,Rodrigo,GB1,0,0,0,0,25
3208742_156501,3208742,156501,13,703,2019-10-29,Felipe,ES1,1,0,0,0,90
3885857_85288,3885857,85288,368,150,2022-09-03,Isco,ES1,0,0,0,0,70
3219280_217115,3219280,217115,1237,368,2019-12-28,Neal Maupay,GB1,0,0,0,1,90
3610298_192009,3610298,192009,367,367,2022-01-23,Unai López,ES1,1,0,0,0,14
3210043_46413,3210043,46413,237,331,2020-06-16,Ante Budimir,ES1,0,0,0,0,30
3611449_192009,3611449,192009,367,367,2022-04-16,Unai López,ES1,0,0,0,0,16
3837855_503749,3837855,503749,405,762,2022-08-31,Jacob Ramsey,GB1,1,0,0,0,90
3050244_37304,3050244,37304,180,180,2018-10-07,Shane Long,GB1,0,0,0,0,12
3450995_568158,3450995,568158,1108,2497,2020-11-08,Javi López,ES1,0,0,0,0,7
3592015_477758,3592015,477758,985,379,2021-10-16,Aaron Wan-Bissaka,GB1,1,0,0,0,90
3420841_67421,3420841,67421,984,984,2020-09-19,Kyle Bartley,GB1,0,0,0,0,90
3208622_70934,3208622,70934,368,940,2019-08-18,Nolito,ES1,0,0,1,0,90
2698257_92572,2698257,92572,873,873,2017-01-03,Joel Ward,GB1,0,0,0,0,90
3611484_357162,3611484,357162,3709,1132,2022-05-08,Florentino,ES1,0,0,0,0,25
2718992_71840,2718992,71840,1108,1108,2017-04-02,Gaizka Toquero,ES1,0,0,0,0,90
2719060_121483,2719060,121483,13,13,2017-05-06,Jan Oblak,ES1,0,0,0,0,90
3451206_72047,3451206,72047,940,940,2021-03-14,Iago Aspas,ES1,0,0,0,0,90
3592063_391005,3592063,391005,1148,180,2021-12-05,Mads Roerslev,GB1,0,0,0,0,90
2899606_266795,2899606,266795,1533,2687,2017-09-24,Gonzalo Escalante,ES1,0,0,0,0,90
2698010_37442,2698010,37442,1003,1003,2016-08-27,Danny Simpson,GB1,1,0,0,0,90
3219133_40613,3219133,40613,1132,1132,2020-03-07,Jack Cork,GB1,1,0,0,0,90
3886630_221322,3886630,221322,1049,1049,2023-04-23,José Gayà,ES1,0,0,0,0,90
3451469_7663,3451469,7663,150,150,2021-05-16,Joaquín,ES1,0,0,0,0,59
3421825_309400,3421825,309400,631,11,2020-12-28,Kai Havertz,GB1,0,0,0,0,18
3607627_380598,3607627,380598,367,1050,2022-01-09,Santi Comesaña,ES1,0,0,0,0,90
2475427_44514,2475427,44514,1533,1533,2015-03-01,Federico Piovaccari,ES1,0,0,0,0,66
3050195_238407,3050195,238407,873,13,2018-08-26,Alexander Sørloth,GB1,0,0,0,0,5
3431922_149231,3431922,149231,1531,1531,2021-03-17,Fidel,ES1,0,0,0,0,77
2578022_65477,2578022,65477,1010,1010,2015-11-07,Troy Deeney,GB1,0,0,1,0,90
3080846_182904,3080846,182904,131,13,2019-03-17,Clément Lenglet,ES1,1,0,0,0,90
3591995_316264,3591995,316264,11,11,2021-08-28,Martin Ødegaard,GB1,0,0,0,0,71
2718936_192009,2718936,192009,1244,367,2017-02-19,Unai López,ES1,0,0,1,0,25
3838609_142310,3838609,142310,703,703,2023-05-20,Willy Boly,GB1,0,0,0,0,11
3219067_135343,3219067,135343,762,762,2019-09-29,Fabian Schär,GB1,1,0,0,0,90
2594797_25316,2594797,25316,150,150,2016-04-16,Rubén Castro,ES1,1,0,0,0,90
3429803_120629,3429803,120629,931,379,2021-04-18,Alphonse Areola,GB1,1,0,0,0,90
3451100_280730,3451100,280730,418,681,2021-01-23,Álvaro Odriozola,ES1,0,0,0,0,13
3208694_230784,3208694,230784,13,1050,2019-09-28,Thomas Partey,ES1,1,0,0,0,90
3610408_95963,3610408,95963,16795,16795,2022-03-05,Germán Sánchez,ES1,0,0,0,0,90
2578179_39037,2578179,39037,762,1010,2016-03-05,Rob Elliot,GB1,0,0,0,0,90
2486745_10003,2486745,10003,1003,1003,2015-03-04,Wes Morgan,GB1,0,0,0,0,90
3886582_268670,3886582,268670,1531,367,2023-03-11,Gerard Gumbau,ES1,1,0,0,0,72
3886338_552425,3886338,552425,331,331,2022-10-20,Jon Moncayola,ES1,0,0,0,0,11
2475360_192009,2475360,192009,621,367,2015-01-17,Unai López,ES1,0,0,0,0,77
2578240_36814,2578240,36814,984,984,2015-12-28,Chris Brunt,GB1,0,0,0,0,90
3605199_256429,3605199,256429,367,367,2021-09-11,Sergi Guardiola,ES1,0,0,1,0,24
2698173_15220,2698173,15220,989,989,2016-10-22,Artur Boruc,GB1,0,0,0,0,90
3219417_218087,3219417,218087,350,350,2019-09-21,Ben Osborn,GB1,0,0,0,0,7
3838271_583189,3838271,583189,985,762,2022-12-31,Anthony Elanga,GB1,0,0,0,0,1
2899690_7781,2899690,7781,1108,1108,2017-12-08,Alexis Ruano,ES1,0,0,0,0,90
2594723_321247,2594723,321247,3709,405,2016-02-27,Emiliano Buendía,ES1,1,0,0,0,41
2698194_76799,2698194,76799,1010,1010,2016-12-10,Miguel Britos,GB1,0,0,0,0,90
3079435_203043,3079435,203043,1533,1531,2018-10-27,Pedro Bigas,ES1,0,0,0,0,68
2899746_158795,2899746,158795,12321,3709,2018-02-04,David Timor,ES1,0,0,0,0,6
3837843_490307,3837843,490307,1237,1237,2022-08-21,Enock Mwepu,GB1,0,0,0,0,5
3886631_494880,3886631,494880,1050,931,2023-04-23,Jorge Cuenca,ES1,0,0,0,0,8
2899786_95641,2899786,95641,1244,1244,2018-02-10,Darko Brasanac,ES1,0,0,0,0,73
2698159_88590,2698159,88590,11,3368,2016-11-27,Shkodran Mustafi,GB1,1,0,0,0,90
4113147_298589,4113147,298589,331,331,2023-10-20,David García,ES1,0,0,0,0,90
3611457_87469,3611457,87469,331,331,2022-04-16,Cote,ES1,0,0,0,0,64
2899677_242548,2899677,242548,897,897,2017-11-26,Fede Cartabia,ES1,1,0,0,0,85
3611491_524000,3611491,524000,621,621,2022-05-10,Dani Vivian,ES1,0,0,0,0,90
2475410_7781,2475410,7781,3709,1108,2015-02-20,Alexis Ruano,ES1,1,0,0,1,90
4095244_355915,4095244,355915,148,148,2023-12-15,Cristian Romero,GB1,0,0,0,0,90
3838701_283628,3838701,283628,379,379,2023-04-02,Tomáš Souček,GB1,0,0,0,0,68
2872490_170321,2872490,170321,762,762,2018-05-13,Paul Dummett,GB1,0,0,0,0,90
4095273_354362,4095273,354362,148,148,2023-12-31,Rodrigo Bentancur,GB1,0,0,0,0,58
3838746_655488,3838746,655488,11,11,2023-02-25,Gabriel Martinelli,GB1,1,0,1,0,90
3583527_48002,3583527,48002,379,379,2021-08-23,Angelo Ogbonna,GB1,0,0,0,0,90
3451153_367466,3451153,367466,1049,1049,2021-02-14,Thierry Correia,ES1,1,0,0,0,90
3837861_571743,3837861,571743,631,1132,2022-08-30,Armando Broja,GB1,0,0,0,0,24
2872448_258889,2872448,258889,31,148,2018-04-14,Dominic Solanke,GB1,0,0,0,0,1
3429821_29692,3429821,29692,379,379,2021-04-24,Lukasz Fabianski,GB1,0,0,0,0,90
4113174_30321,4113174,30321,367,367,2023-09-15,Óscar Trejo,ES1,0,0,0,0,3
2899752_93935,2899752,93935,368,366,2018-01-28,Sergio Escudero,ES1,0,0,0,0,90
2698243_102258,2698243,102258,1132,1132,2017-01-22,Matthew Lowton,GB1,1,0,0,0,90
3886669_319745,3886669,319745,418,418,2023-05-02,Dani Ceballos,ES1,1,0,0,0,90
3219198_398065,3219198,398065,1003,762,2020-07-07,Harvey Barnes,GB1,0,0,0,0,31
2698239_2998,2698239,2998,1003,1003,2016-12-31,Robert Huth,GB1,1,0,0,0,90
3610274_298575,3610274,298575,331,331,2022-01-19,Kike Barja,ES1,0,0,0,0,79
2718868_71559,2718868,71559,621,3709,2017-01-08,Xabi Etxeita,ES1,0,0,0,0,90
2718711_165007,2718711,165007,131,1108,2016-08-20,Denis Suárez,ES1,0,0,0,0,70
3605216_331505,3605216,331505,131,940,2021-09-23,Óscar Mingueza,ES1,0,0,0,0,90
2872338_101682,2872338,101682,1110,1110,2018-01-13,Scott Malone,GB1,0,0,0,0,90
3451088_337066,3451088,337066,366,12321,2021-01-10,Toni Villa,ES1,0,0,0,0,70
3050344_70950,3050344,70950,762,762,2018-12-22,Mohamed Diamé,GB1,0,0,0,0,90
2475383_45912,2475383,45912,940,940,2015-01-31,Sergio Álvarez,ES1,0,0,0,0,90
3838739_503749,3838739,503749,405,762,2023-03-04,Jacob Ramsey,GB1,0,0,0,0,69
2486822_34409,2486822,34409,873,873,2015-05-09,Joe Ledley,GB1,0,0,0,0,45
2578274_17273,2578274,17273,762,762,2016-05-15,Steven Taylor,GB1,0,0,0,0,90
3451467_184779,3451467,184779,1531,1531,2021-05-16,Gonzalo Verdú,ES1,1,0,0,0,90
2899660_27493,2899660,27493,1244,237,2017-10-28,Iván Cuéllar,ES1,0,0,0,0,90
2872490_108390,2872490,108390,631,418,2018-05-13,Thibaut Courtois,GB1,0,0,0,0,90
4087925_335721,4087925,335721,11,11,2023-08-12,Ben White,GB1,1,0,0,0,90
3837842_168157,3837842,168157,543,2497,2022-08-20,Leander Dendoncker,GB1,0,0,0,0,32
2718990_95641,2718990,95641,150,1244,2017-03-31,Darko Brasanac,ES1,0,0,0,0,89
4113089_455181,4113089,455181,367,367,2023-11-25,Jorge de Frutos,ES1,0,0,0,0,68
3838605_543387,3838605,543387,873,873,2023-05-20,Cheick Doucouré,GB1,0,0,0,0,90
4112846_625047,4112846,625047,621,621,2023-12-16,Beñat Prados,ES1,0,0,0,0,77
3219159_140191,3219159,140191,379,989,2020-06-23,Ryan Fredericks,GB1,0,0,0,0,90
3441589_121483,3441589,121483,13,13,2020-10-03,Jan Oblak,ES1,0,0,0,0,90
2718765_182712,2718765,182712,1049,131,2016-09-25,João Cancelo,ES1,0,0,0,0,70
3607543_7663,3607543,7663,150,150,2021-11-07,Joaquín,ES1,0,0,0,0,1
3610436_422460,3610436,422460,3368,1049,2022-03-12,Dani Gómez,ES1,0,0,1,0,12
3208679_74857,3208679,74857,131,12321,2019-09-24,Marc-André ter Stegen,ES1,0,0,0,0,90
3838682_3333,3838682,3333,31,1237,2023-04-17,James Milner,GB1,0,0,0,0,9
3592200_111873,3592200,111873,405,405,2022-05-07,Emiliano Martínez,GB1,0,0,0,0,90
2486698_61711,2486698,61711,984,984,2015-01-31,Callum McManaman,GB1,0,0,0,0,60
3592213_142310,3592213,142310,543,703,2022-05-07,Willy Boly,GB1,0,0,0,0,90
3838770_374139,3838770,374139,399,150,2023-02-12,Junior Firpo,GB1,1,0,0,0,90
2475471_22586,2475471,22586,897,897,2015-04-08,Toché,ES1,0,0,0,0,90
2872362_163744,2872362,163744,180,180,2018-01-31,Jack Stephens,GB1,1,0,1,0,90
3451414_70934,3451414,70934,940,940,2021-04-25,Nolito,ES1,0,0,0,0,61
2718867_150948,2718867,150948,1084,1533,2016-12-17,Recio,ES1,0,0,0,0,45
2578091_57410,2578091,57410,989,989,2015-12-26,Yann Kermorgant,GB1,0,0,0,0,45
3605048_126751,3605048,126751,237,621,2021-08-21,Iñigo Ruiz de Galarreta,ES1,0,0,0,0,64
4113144_766583,4113144,766583,368,368,2023-12-03,Kike Salas,ES1,0,0,1,0,18
2578135_39037,2578135,39037,762,1010,2016-02-13,Rob Elliot,GB1,0,0,0,0,90
4095223_525247,4095223,525247,543,379,2023-12-05,Maximilian Kilman,GB1,1,0,0,0,90
3219199_341051,3219199,341051,180,379,2020-07-05,Kyle Walker-Peters,GB1,0,0,0,0,90
3081112_74230,3081112,74230,368,543,2019-05-12,Pablo Sarabia,ES1,0,0,1,0,90
3451448_630995,3451448,630995,150,150,2021-05-10,Rodri Sánchez,ES1,0,0,0,0,10
2577883_6150,2577883,6150,762,762,2015-08-15,Fabricio Coloccini,GB1,0,0,0,0,90
2718945_177065,2718945,177065,897,1237,2017-02-25,Florin Andone,ES1,1,0,0,0,45
2486696_33873,2486696,33873,512,29,2015-01-31,Asmir Begovic,GB1,0,0,0,0,90
2698154_63494,2698154,63494,1010,1050,2016-11-06,Étienne Capoue,GB1,0,0,0,0,90
3611486_169497,3611486,169497,331,331,2022-05-08,Juan Cruz,ES1,0,0,0,0,90
3838604_181579,3838604,181579,180,1132,2023-05-21,James Ward-Prowse,GB1,1,0,0,1,90
3050320_66100,3050320,66100,180,12321,2018-12-08,Oriol Romeu,GB1,1,0,0,0,80
3421802_38094,3421802,38094,984,984,2020-12-15,Lee Peltier,GB1,1,0,0,0,3
3050443_70950,3050443,70950,762,762,2019-02-26,Mohamed Diamé,GB1,0,0,0,0,5
4113083_256267,4113083,256267,237,237,2023-08-26,Vedat Muriqi,ES1,0,0,0,0,90
2872148_13507,2872148,13507,29,29,2017-09-09,Leighton Baines,GB1,0,0,0,0,90
3838628_95810,3838628,95810,762,762,2023-05-07,Kieran Trippier,GB1,0,0,0,0,90
2594814_74954,2594814,74954,1533,1533,2016-04-23,Saúl Berjón,ES1,0,0,0,0,10
2578142_131978,2578142,131978,29,405,2016-04-20,Ross Barkley,GB1,0,0,0,0,58
4087934_193116,4087934,193116,405,405,2023-08-20,John McGinn,GB1,0,0,1,0,90
3592091_206225,3592091,206225,762,1039,2021-11-27,Isaac Hayden,GB1,0,0,0,0,1
2899618_81988,2899618,81988,1533,1533,2017-10-01,Sergi Enrich,ES1,0,0,0,0,90
4095143_105470,4095143,105470,31,31,2023-09-30,Alisson,GB1,0,0,0,0,90
3050554_112515,3050554,112515,631,940,2019-05-05,Marcos Alonso,GB1,0,0,0,0,90
2899722_91763,2899722,91763,940,940,2017-12-23,Pablo Hernández,ES1,0,0,0,0,90
3607550_67082,3607550,67082,3709,13,2021-11-07,Vitolo,ES1,0,0,0,0,8
3886557_72047,3886557,72047,940,940,2023-02-18,Iago Aspas,ES1,0,0,0,1,90
3079422_65263,3079422,65263,366,366,2018-10-21,Jordi Masip,ES1,1,0,0,0,90
4112851_378139,4112851,378139,150,150,2023-12-17,Aitor Ruibal,ES1,1,0,0,0,90
3079449_372246,3079449,372246,1049,681,2018-11-03,Carlos Soler,ES1,0,0,0,0,73
3610343_255653,3610343,255653,940,940,2022-02-12,Santi Mina,ES1,0,0,0,0,90
2594606_44735,2594606,44735,472,472,2015-12-06,Aythami Artiles,ES1,2,0,0,0,71
3208659_139895,3208659,139895,1108,1108,2019-09-15,Tomás Pina,ES1,0,0,0,0,90
3886646_264372,3886646,264372,12321,12321,2023-04-25,Viktor Tsygankov,ES1,0,0,0,0,72
3219346_26267,3219346,26267,281,281,2019-11-23,Fernandinho,GB1,0,0,0,0,90
2899877_25412,2899877,25412,3368,5358,2018-04-27,Pedro López,ES1,0,0,0,0,9
3592111_184573,3592111,184573,985,405,2022-01-15,Victor Lindelöf,GB1,0,0,0,0,90
3219150_158703,3219150,158703,350,350,2020-06-21,Kieron Freeman,GB1,0,0,0,0,5
2698282_48078,2698282,48078,1132,1132,2017-01-14,Sam Vokes,GB1,0,0,0,0,16
4113095_46413,4113095,46413,331,331,2023-08-27,Ante Budimir,ES1,1,0,0,1,16
4112872_289255,4112872,289255,1108,621,2023-12-21,Andoni Gorosabel,ES1,0,0,0,0,78
2486743_12691,2486743,12691,379,379,2015-03-04,James Collins,GB1,1,0,0,0,82
2719009_351746,2719009,351746,150,1108,2017-04-09,Rafa Navarro,ES1,1,0,1,0,90
2578273_183318,2578273,183318,762,762,2016-04-23,Jamaal Lascelles,GB1,0,0,0,0,90
4095194_92571,4095194,92571,379,379,2023-11-12,Aaron Cresswell,GB1,0,0,0,0,1
3208661_27374,3208661,27374,150,150,2019-09-15,Sidnei,ES1,0,0,0,0,90
3605057_30321,3605057,30321,367,367,2021-08-22,Óscar Trejo,ES1,1,0,0,0,90
2899655_176133,2899655,176133,472,472,2017-11-05,Hernán Santana,ES1,0,0,0,0,7
3592016_53360,3592016,53360,1132,1132,2021-10-16,Jay Rodríguez,GB1,0,0,0,0,8
3050552_177476,3050552,177476,989,281,2019-05-04,Nathan Aké,GB1,0,0,1,0,90
3592263_413032,3592263,413032,180,180,2021-12-26,Ibrahima Diallo,GB1,0,0,0,0,1
2594652_71671,2594652,71671,897,331,2016-01-09,Oriol Riera,ES1,0,0,0,0,24
3607567_268670,3607567,268670,1531,367,2021-11-29,Gerard Gumbau,ES1,0,0,0,0,30
2594607_66099,2594607,66099,940,12321,2015-12-05,Carles Planas,ES1,1,0,0,0,90
3429736_77274,3429736,77274,984,984,2021-02-20,Matt Phillips,GB1,0,0,0,0,32
2697988_33507,2697988,33507,1132,1132,2016-08-13,Lukas Jutkiewicz,GB1,0,0,0,0,3
2486761_39679,2486761,39679,985,985,2015-03-22,Marouane Fellaini,GB1,0,0,0,0,90
2475559_37712,2475559,37712,368,368,2015-05-23,Daniel Carriço,ES1,0,0,0,0,90
4095186_183318,4095186,183318,762,762,2023-11-11,Jamaal Lascelles,GB1,1,0,0,0,90
3610577_353032,3610577,353032,1049,289,2022-04-03,Omar Alderete,ES1,1,0,0,0,68
2698089_85177,2698089,85177,31,873,2016-09-10,Nathaniel Clyne,GB1,0,0,0,0,90
3837998_447661,3837998,447661,405,405,2022-09-16,Douglas Luiz,GB1,0,0,0,0,46
2719025_154059,2719025,154059,1084,1533,2017-04-15,Charles,ES1,1,0,0,0,19
3451080_192009,3451080,192009,621,367,2021-03-10,Unai López,ES1,0,0,0,0,73
3886638_362086,3886638,362086,367,367,2023-04-22,Isi Palazón,ES1,0,0,1,0,90
3219102_85475,3219102,85475,762,762,2020-07-26,Federico Fernández,GB1,1,0,0,0,90
2594762_51710,2594762,51710,1050,366,2016-03-20,Sergio Asenjo,ES1,1,0,0,0,90
3210098_165007,3210098,165007,940,1108,2020-06-30,Denis Suárez,ES1,0,0,0,0,28
2718873_63290,2718873,63290,714,714,2017-01-06,Víctor Sánchez,ES1,0,0,0,0,84
2698403_31642,2698403,31642,512,512,2017-05-21,Geoff Cameron,GB1,0,0,0,1,90
2698405_63494,2698405,63494,1010,1050,2017-04-22,Étienne Capoue,GB1,0,0,0,0,90
2872450_81999,2872450,81999,762,418,2018-04-15,Joselu,GB1,0,0,0,0,11
3886563_112515,3886563,112515,131,940,2023-02-26,Marcos Alonso,ES1,0,0,0,0,23
3050213_95976,3050213,95976,180,180,2018-09-17,Alex McCarthy,GB1,1,0,0,0,90
3219410_26267,3219410,26267,281,281,2019-09-21,Fernandinho,GB1,0,0,0,0,90
2594704_141835,2594704,141835,3709,714,2016-02-14,Álvaro Vázquez,ES1,0,0,0,0,70
2718789_34370,2718789,34370,714,367,2016-10-22,Diego López,ES1,0,0,0,0,90
2577944_2514,2577944,2514,985,985,2015-08-30,Bastian Schweinsteiger,GB1,0,0,0,0,90
2872163_95424,2872163,95424,281,1132,2017-09-16,Kyle Walker,GB1,0,0,0,1,90
2486782_36827,2486782,36827,631,984,2015-04-12,Branislav Ivanovic,GB1,0,0,0,0,90
4113098_225020,4113098,225020,368,1108,2023-11-12,Mariano Díaz,ES1,0,0,0,0,3
3429726_74810,3429726,74810,1132,1148,2021-02-13,Ben Mee,GB1,0,0,0,0,84
2486745_26399,2486745,26399,281,131,2015-03-04,Sergio Agüero,GB1,0,0,0,0,85
3838262_543387,3838262,543387,873,873,2022-12-31,Cheick Doucouré,GB1,0,0,0,0,90
3050352_85177,3050352,85177,31,873,2018-12-29,Nathaniel Clyne,GB1,0,0,0,0,7
3838264_319301,3838264,319301,931,399,2022-12-31,Daniel James,GB1,0,0,0,0,28
2872375_50202,2872375,50202,631,418,2018-02-12,Eden Hazard,GB1,0,0,2,0,90
3605294_571020,3605294,571020,621,621,2021-10-01,Oihan Sancet,ES1,0,0,0,0,13
3429690_199527,3429690,199527,762,762,2021-01-26,Jacob Murphy,GB1,0,0,0,0,64
3421815_226973,3421815,226973,931,931,2020-12-26,Harrison Reed,GB1,0,0,0,0,90
3451414_69660,3451414,69660,331,331,2021-04-25,Jonás Ramalho,ES1,0,0,0,0,90
2594559_7663,2594559,7663,150,150,2015-10-24,Joaquín,ES1,0,0,0,0,81
3605283_142021,3605283,142021,714,237,2021-09-25,Sergi Darder,ES1,0,0,0,0,90
2719014_27493,2719014,27493,2448,237,2017-04-10,Iván Cuéllar,ES1,0,0,0,0,90
3592270_314875,3592270,314875,379,379,2022-05-15,Jarrod Bowen,GB1,1,0,2,0,90
3838204_399434,3838204,399434,989,989,2022-10-29,Marcus Tavernier,GB1,0,0,0,1,78
2475367_45912,2475367,45912,940,940,2015-01-17,Sergio Álvarez,ES1,0,0,0,0,90
2899822_125781,2899822,125781,13,13,2018-03-18,Antoine Griezmann,ES1,1,0,1,0,81
4095216_413403,4095216,413403,405,405,2023-12-06,Ezri Konsa,GB1,0,0,0,0,90
3610345_252677,3610345,252677,3368,3368,2022-02-13,José Luis Morales,ES1,0,0,0,0,90
2577884_68390,2577884,68390,29,29,2015-08-15,Séamus Coleman,GB1,0,0,0,1,90
3209959_290249,3209959,290249,3709,3709,2020-02-15,Mauro Arambarri,ES1,0,0,0,0,90
4113117_125781,4113117,125781,13,13,2023-09-24,Antoine Griezmann,ES1,0,0,1,0,90
2698136_68183,2698136,68183,3008,3008,2016-12-05,David Meyler,GB1,0,0,0,0,9
2899808_35539,2899808,35539,1084,1084,2018-03-03,Mehdi Lacen,ES1,0,0,0,0,90
2486808_39532,2486808,39532,984,289,2015-04-25,Victor Anichebe,GB1,0,0,0,0,64
3886322_202984,3886322,202984,366,366,2022-10-16,Roque Mesa,ES1,1,0,0,0,80
2899736_280730,2899736,280730,681,681,2018-01-14,Álvaro Odriozola,ES1,0,0,0,0,90
4087964_614258,4087964,614258,631,631,2023-09-17,Levi Colwill,GB1,0,0,0,0,80
3451442_405398,3451442,405398,3709,681,2021-05-02,Takefusa Kubo,ES1,0,0,0,0,6
3844602_339816,3844602,339816,1531,1531,2022-08-22,Tete Morente,ES1,0,0,0,0,86
2486776_92381,2486776,92381,762,762,2015-04-05,Sammy Ameobi,GB1,0,0,0,0,87
3607616_372246,3607616,372246,1049,681,2021-12-31,Carlos Soler,ES1,0,0,0,0,90
3451179_225593,3451179,225593,1531,714,2021-02-28,Pere Milla,ES1,0,0,0,0,12
3079435_23338,3079435,23338,1533,1533,2018-10-27,Asier Riesgo,ES1,0,0,0,0,90
2577946_6150,2577946,6150,762,762,2015-08-29,Fabricio Coloccini,GB1,1,0,0,0,90
3611484_37337,3611484,37337,367,367,2022-05-08,Mario Suárez,ES1,1,0,0,0,90
3079453_423444,3079453,423444,940,12321,2018-11-11,Fran Beltrán,ES1,0,0,0,0,63
3837830_403151,3837830,403151,1237,631,2022-08-13,Robert Sánchez,GB1,0,0,0,0,90
4113116_937958,4113116,937958,131,131,2023-11-12,Lamine Yamal,ES1,0,0,0,0,90
3838631_392757,3838631,392757,873,281,2023-05-06,Marc Guéhi,GB1,0,0,0,0,90
3219077_130164,3219077,130164,29,29,2019-09-15,Jordan Pickford,GB1,0,0,0,0,90
2486723_173832,2486723,173832,1039,1039,2015-02-21,Michael Doughty,GB1,0,0,0,0,26
3451035_177467,3451035,177467,1050,1050,2020-12-13,Gerard Moreno,ES1,0,0,0,0,90
3838237_111873,3838237,111873,405,405,2022-11-13,Emiliano Martínez,GB1,1,0,0,0,90
3208683_150948,3208683,150948,1244,1533,2019-09-25,Recio,ES1,0,0,0,0,5
3208692_100722,3208692,100722,237,237,2019-09-29,Lago Júnior,ES1,1,0,0,0,77
4095243_503981,4095243,503981,762,762,2023-12-16,Tino Livramento,GB1,0,0,0,0,84
3886648_348795,3886648,348795,1050,150,2023-04-27,Giovani Lo Celso,ES1,0,0,0,0,90
3837826_283628,3837826,283628,379,379,2022-08-14,Tomáš Souček,GB1,0,0,0,0,90
2594613_26066,2594613,26066,1533,1533,2015-12-13,Iván Ramis,ES1,0,1,0,0,90
3050519_48002,3050519,48002,379,379,2019-04-13,Angelo Ogbonna,GB1,0,0,0,0,90
2899929_31909,2899929,31909,418,418,2017-08-27,Toni Kroos,ES1,0,0,0,0,84
3610435_631221,3610435,631221,16795,16795,2022-03-12,Isma Ruiz,ES1,0,0,0,0,13
3208669_34601,3208669,34601,621,621,2019-09-22,Raúl García,ES1,0,0,1,0,90
2872229_199369,2872229,199369,29,472,2017-11-18,Sandro Ramírez,GB1,0,0,0,0,14
2486798_13427,2486798,13427,512,1237,2015-04-18,Steve Sidwell,GB1,0,0,0,0,14
3886630_298583,3886630,298583,1049,1049,2023-04-23,Eray Cömert,ES1,0,0,0,0,1
3838733_118534,3838733,118534,29,29,2023-03-05,Michael Keane,GB1,0,0,0,1,90
3080778_256429,3080778,256429,366,367,2019-01-27,Sergi Guardiola,ES1,0,0,0,0,90
3605296_638235,3605296,638235,3368,3368,2021-10-02,Alejandro Cantero,ES1,0,0,0,0,13
2577951_192765,2577951,192765,148,148,2015-09-13,Ben Davies,GB1,0,0,0,0,90
3429830_42412,3429830,42412,1003,985,2021-04-30,Jonny Evans,GB1,0,0,1,0,90
3429802_468002,3429802,468002,379,677,2021-04-11,Ben Johnson,GB1,0,0,0,0,8
3838645_687626,3838645,687626,1237,631,2023-04-29,Moisés Caicedo,GB1,0,0,0,0,25
3079438_448344,3079438,448344,714,16795,2018-10-26,Óscar Melendo,ES1,0,0,0,1,66
3591956_126664,3591956,126664,29,405,2021-11-07,Lucas Digne,GB1,0,0,0,0,90
2594518_39907,2594518,39907,714,1533,2015-09-22,Pape Diop,ES1,0,0,0,0,2
3886309_634131,3886309,634131,331,331,2022-10-07,Aimar Oroz,ES1,0,0,0,0,63
3605307_57825,3605307,57825,16795,16795,2021-12-22,Jorge Molina,ES1,0,0,1,1,79
3079397_120095,3079397,120095,3368,472,2018-09-27,José Campaña,ES1,1,0,0,0,90
3050198_14221,3050198,14221,1132,1132,2018-09-02,Aaron Lennon,GB1,0,0,0,0,90
3592301_357565,3592301,357565,281,281,2022-01-01,Rodri,GB1,1,0,1,0,90
2899889_177847,2899889,177847,681,368,2018-03-11,Adnan Januzaj,ES1,0,0,0,0,23
2872246_111455,2872246,111455,11,289,2017-11-29,Granit Xhaka,GB1,0,0,0,0,90
3451148_192009,3451148,192009,621,367,2021-02-15,Unai López,ES1,0,0,1,0,76
2594561_35562,2594561,35562,3709,3709,2015-10-31,Ángel Lafita,ES1,0,0,0,0,30
3844549_367466,3844549,367466,1049,1049,2023-06-04,Thierry Correia,ES1,0,0,0,0,58
3451209_170472,3451209,170472,16795,1049,2021-03-14,Dimitri Foulquier,ES1,0,0,0,0,49
3610570_646740,3610570,646740,131,131,2022-04-03,Gavi,ES1,0,0,0,0,16
2594640_7923,2594640,7923,367,367,2015-12-30,Roberto Trashorras,ES1,0,0,0,0,90
2698095_88590,2698095,88590,11,3368,2016-09-10,Shkodran Mustafi,GB1,0,0,0,0,90
3837830_108725,3837830,108725,762,703,2022-08-13,Chris Wood,GB1,0,0,0,0,3
2698100_162029,2698100,162029,289,940,2016-09-18,Javier Manquillo,GB1,1,0,0,0,90
3050555_148262,3050555,148262,1132,762,2019-05-03,Jeff Hendrick,GB1,0,0,0,0,10
3050281_92571,3050281,92571,379,379,2018-11-10,Aaron Cresswell,GB1,0,0,0,0,90
3219117_212829,3219117,212829,350,350,2020-03-07,Jack O'Connell,GB1,0,0,0,0,90
4112875_398184,4112875,398184,131,131,2023-12-10,Ferran Torres,ES1,0,0,0,1,25
2578276_40611,2578276,40611,180,1003,2015-12-28,Ryan Bertrand,GB1,1,0,0,0,90
3050527_118534,3050527,118534,29,29,2019-04-21,Michael Keane,GB1,0,0,0,0,90
2899724_282406,2899724,282406,3709,2687,2018-01-06,Álvaro Jiménez,ES1,0,0,0,0,26
3079524_62144,3079524,62144,366,366,2019-01-05,Antoñito,ES1,0,0,0,0,45
2578064_26267,2578064,26267,281,281,2015-12-21,Fernandinho,GB1,0,0,0,0,90
3838790_346707,3838790,346707,762,399,2023-01-21,Sean Longstaff,GB1,0,0,0,0,90
2594611_165007,2594611,165007,1050,1108,2015-12-13,Denis Suárez,ES1,1,0,0,0,90
3050393_176553,3050393,176553,281,621,2019-01-29,Aymeric Laporte,GB1,1,0,0,0,90
3050212_206225,3050212,206225,762,1039,2018-09-15,Isaac Hayden,GB1,0,0,0,0,90
3451434_138935,3451434,138935,1533,1533,2021-05-01,Sergio Álvarez,ES1,0,0,0,0,5
3451447_111508,3451447,111508,3709,3709,2021-05-09,Allan Nyom,ES1,0,0,0,0,90
3605220_216870,3605220,216870,331,2497,2021-09-23,Nacho Vidal,ES1,0,0,0,0,90
3210060_70946,3210060,70946,237,237,2020-06-19,Xisco Campos,ES1,0,0,0,0,39
4095215_110864,4095215,110864,873,543,2023-12-03,Sam Johnstone,GB1,0,0,0,0,90
2475479_67090,2475479,67090,1533,714,2015-04-07,Dídac Vilà,ES1,0,0,0,0,90
3081120_138927,3081120,138927,418,418,2019-05-12,Daniel Carvajal,ES1,1,0,0,0,90
2872129_92572,2872129,92572,873,873,2017-08-19,Joel Ward,GB1,0,0,0,0,90
2899561_37403,2899561,37403,1084,366,2017-08-21,Roberto,ES1,0,0,0,0,90
2594587_26199,2594587,26199,3368,3368,2015-11-22,Verza,ES1,0,0,0,0,5
3421734_472423,3421734,472423,631,631,2020-10-31,Reece James,GB1,0,0,0,0,90
3837976_105470,3837976,105470,31,31,2022-09-03,Alisson,GB1,0,0,0,0,90
3431915_193098,3431915,193098,150,12321,2020-09-20,Álex Moreno,ES1,0,0,0,0,90
3607569_257062,3607569,257062,367,367,2021-11-27,Álvaro García,ES1,0,0,0,0,90
2718821_56134,2718821,56134,714,1050,2016-11-20,Javi Fuego,ES1,0,0,0,0,90
3079497_255653,3079497,255653,1049,940,2018-12-15,Santi Mina,ES1,0,0,0,0,90
3429743_51471,3429743,51471,631,281,2021-02-28,Mateo Kovacic,GB1,0,0,0,0,90
3079455_115333,3079455,115333,12321,12321,2018-11-10,Juanpe,ES1,0,0,0,0,1
3451475_195488,3451475,195488,1531,12321,2021-05-22,Paulo Gazzaniga,ES1,0,0,0,0,90
2872137_61592,2872137,61592,873,873,2017-08-26,James Tomkins,GB1,0,0,0,0,41
3208670_309110,3208670,309110,940,681,2019-09-21,Brais Méndez,ES1,0,0,0,0,17
3429688_204103,3429688,204103,543,379,2021-01-27,Adama Traoré,GB1,0,0,0,0,90
3607595_298575,3607595,298575,331,331,2021-12-12,Kike Barja,ES1,0,0,0,0,68
2594675_51474,2594675,51474,621,5358,2016-01-24,Mikel Rico,ES1,0,0,0,0,19
2899849_281755,2899849,281755,1533,2687,2018-04-07,Iván Alejo,ES1,0,0,0,0,12
4095195_470607,4095195,470607,148,873,2023-11-11,Brennan Johnson,GB1,0,0,1,0,75
4095228_392757,4095228,392757,873,281,2023-12-09,Marc Guéhi,GB1,0,0,0,0,90
3592309_503981,3592309,503981,180,762,2022-03-10,Tino Livramento,GB1,0,0,0,0,90
2475507_35536,2475507,35536,367,367,2015-04-26,Toño,ES1,0,0,0,0,90
3208660_18944,3208660,18944,131,131,2019-09-14,Gerard Piqué,ES1,0,0,1,0,90
3592001_435338,3592001,435338,11,11,2021-10-02,Gabriel,GB1,0,0,0,0,90
3611500_517894,3611500,517894,13,985,2022-05-15,Matheus Cunha,ES1,0,0,0,0,25
3208847_228917,3208847,228917,3368,3368,2020-01-24,Jorge Miramón,ES1,0,0,0,0,90
3208699_252677,3208699,252677,3368,3368,2019-09-29,José Luis Morales,ES1,0,0,0,0,76
3429787_13520,3429787,13520,350,350,2021-04-03,Phil Jagielka,GB1,0,0,0,0,90
3421714_148153,3421714,148153,1237,1237,2020-10-18,Lewis Dunk,GB1,0,1,0,0,90
3219199_95976,3219199,95976,180,180,2020-07-05,Alex McCarthy,GB1,0,0,0,0,90
2698357_36814,2698357,36814,984,984,2017-05-12,Chris Brunt,GB1,0,0,0,0,90
4113048_177467,4113048,177467,1050,1050,2023-09-01,Gerard Moreno,ES1,0,0,0,0,84
2475551_225462,2475551,225462,3368,2687,2015-05-23,José Mari,ES1,0,0,0,0,90
3421745_427568,3421745,427568,350,762,2020-11-07,Aaron Ramsdale,GB1,0,0,0,0,90
3886491_142031,3886491,142031,1531,237,2023-01-16,Omar Mascarell,ES1,0,0,0,0,90
3611482_133794,3611482,133794,1108,1108,2022-05-07,Edgar Méndez,ES1,1,0,0,0,90
2872235_88590,2872235,88590,11,3368,2017-11-26,Shkodran Mustafi,GB1,0,0,0,0,90
3079404_125781,3079404,125781,13,13,2018-09-29,Antoine Griezmann,ES1,0,0,0,0,90
3421835_241641,3421835,241641,281,281,2021-01-03,Bernardo Silva,GB1,1,0,0,0,90
3844555_277533,3844555,277533,1531,1531,2023-06-04,Josan,ES1,0,0,0,0,90
3208715_250845,3208715,250845,13,13,2019-10-19,José María Giménez,ES1,0,0,0,0,90
3079331_466298,3079331,466298,1050,1050,2018-08-31,Santiago Cáseres,ES1,0,0,0,0,66
3050556_117996,3050556,117996,985,985,2019-05-05,Phil Jones,GB1,1,0,0,0,90
3079414_227961,3079414,227961,3709,472,2018-10-06,Jaime Mata,ES1,0,0,0,0,62
3080896_138803,3080896,138803,3709,3302,2019-04-21,Francisco Portillo,ES1,0,0,0,0,29
3838191_226973,3838191,226973,931,931,2022-10-23,Harrison Reed,GB1,0,0,0,1,90
3050439_57842,3050439,57842,1110,1110,2019-02-26,Christopher Schindler,GB1,0,0,0,0,90
2486667_61834,2486667,61834,148,3008,2015-01-01,Ryan Mason,GB1,0,0,0,0,14
3838254_391005,3838254,391005,1148,180,2022-12-26,Mads Roerslev,GB1,0,0,0,0,90
2594523_44073,2594523,44073,1533,1084,2015-09-26,Adrián González,ES1,1,0,0,0,90
2578013_29692,2578013,29692,2288,379,2015-10-31,Lukasz Fabianski,GB1,0,0,0,0,90
2899659_76273,2899659,76273,1108,1108,2017-11-04,Manu García,ES1,1,0,0,0,90
3592040_204103,3592040,204103,543,379,2021-11-20,Adama Traoré,GB1,0,0,0,0,14
2486796_92571,2486796,92571,379,379,2015-04-19,Aaron Cresswell,GB1,0,0,0,0,90
3886411_338424,3886411,338424,681,11,2022-11-06,Mikel Merino,ES1,0,0,0,0,82
3208801_142027,3208801,142027,366,366,2019-12-08,Pablo Hervías,ES1,0,0,0,0,71
3838734_241641,3838734,241641,281,281,2023-03-04,Bernardo Silva,GB1,0,0,1,0,25
3429713_316264,3429713,316264,11,11,2021-02-06,Martin Ødegaard,GB1,0,0,0,0,25
4112809_834764,4112809,834764,1049,1049,2023-08-11,Javi Guerra,ES1,0,0,1,0,28
3838748_503733,3838748,503733,762,762,2023-05-18,Anthony Gordon,GB1,0,0,0,0,1
2594642_227805,2594642,227805,1049,1049,2016-01-03,Jaume Doménech,ES1,0,0,0,0,90
2899913_225122,2899913,225122,1049,681,2018-05-12,Gonçalo Guedes,ES1,0,0,0,0,90
3421745_85706,3421745,85706,350,350,2020-11-07,Enda Stevens,GB1,0,0,0,0,90
3838053_534033,3838053,534033,1237,31,2022-10-18,Alexis Mac Allister,GB1,1,0,0,0,90
3429796_487465,3429796,487465,543,631,2021-04-09,Pedro Neto,GB1,0,0,0,0,32
2718857_60890,2718857,60890,940,366,2016-12-11,Fabián Orellana,ES1,0,0,0,0,90
3837981_225122,3837981,225122,543,681,2022-09-03,Gonçalo Guedes,GB1,1,0,0,0,45
3886515_64598,3886515,64598,12321,12321,2023-01-28,Bernardo Espinosa,ES1,0,0,0,0,90
2577985_111508,2577985,111508,1010,3709,2015-09-27,Allan Nyom,GB1,0,0,0,0,75
2578151_49319,2578151,49319,405,405,2016-02-27,Mark Bunn,GB1,0,0,0,0,90
2718846_223725,2718846,223725,1049,1244,2016-12-04,Munir El Haddadi,ES1,0,0,0,0,84
2899792_193938,2899792,193938,1084,1244,2018-02-17,Diego Rolán,ES1,0,0,0,0,7
3429710_60444,3429710,60444,31,31,2021-02-03,Thiago Alcántara,GB1,0,0,0,0,90
3838000_209212,3838000,209212,1237,1237,2023-03-15,Solly March,GB1,0,0,1,0,90
3610325_494880,3610325,494880,3709,931,2022-02-04,Jorge Cuenca,ES1,1,0,0,0,90
3450977_448628,3450977,448628,5358,331,2020-10-25,Javi Galán,ES1,0,0,0,1,71
3607573_165007,3607573,165007,940,1108,2021-12-05,Denis Suárez,ES1,0,0,0,0,90
4095232_183293,4095232,183293,989,989,2023-12-09,Joe Rothwell,GB1,0,0,0,0,2
3611440_191217,3611440,191217,150,150,2022-04-09,Héctor Bellerín,ES1,0,0,0,0,22
2697994_33963,2697994,33963,641,641,2016-08-13,David Nugent,GB1,0,0,0,0,2
3421779_111051,3421779,111051,1003,1010,2020-12-06,Nampalys Mendy,GB1,0,0,0,0,69
3050478_86202,3050478,86202,631,418,2019-03-17,Antonio Rüdiger,GB1,1,0,0,0,90
3451013_571020,3451013,571020,621,621,2020-11-29,Oihan Sancet,ES1,0,0,0,0,18
3080821_327126,3080821,327126,366,366,2019-02-24,Anuar,ES1,0,0,0,0,28
2594579_89313,2594579,89313,621,897,2015-11-08,Eneko Bóveda,ES1,0,0,0,0,24
3886680_331505,3886680,331505,940,940,2023-05-20,Óscar Mingueza,ES1,0,0,0,0,45
3611474_408471,3611474,408471,714,714,2022-04-30,Javi Puado,ES1,0,0,0,0,90
2577900_36866,2577900,36866,289,289,2015-08-22,Billy Jones,GB1,0,0,0,0,90
3592031_148153,3592031,148153,1237,1237,2021-11-20,Lewis Dunk,GB1,0,0,0,0,90
2475376_37399,2475376,37399,1533,1533,2015-01-24,Manu del Moral,ES1,0,0,0,0,68
3050326_108354,3050326,108354,873,1003,2018-12-08,Jordan Ayew,GB1,0,0,0,0,24
3591997_475188,3591997,475188,1003,29,2021-08-28,Kiernan Dewsbury-Hall,GB1,0,0,0,0,4
3219392_102258,3219392,102258,1132,1132,2019-10-19,Matthew Lowton,GB1,1,0,0,0,90
4095169_279455,4095169,279455,931,931,2023-10-29,Harry Wilson,GB1,1,0,0,1,32
2698099_40423,2698099,40423,281,150,2016-09-17,Claudio Bravo,GB1,0,0,0,0,90
3605211_16306,3605211,16306,418,985,2021-09-19,Casemiro,ES1,1,0,0,0,67
2475548_32522,2475548,32522,1049,1531,2015-05-17,Antonio Barragán,ES1,0,0,0,0,90
3592036_346707,3592036,346707,762,399,2021-11-20,Sean Longstaff,GB1,0,0,0,0,19
3208705_34601,3208705,34601,621,621,2019-10-06,Raúl García,ES1,1,0,0,0,90
2718786_221322,2718786,221322,1049,1049,2016-10-16,José Gayà,ES1,0,0,0,0,90
3451382_246204,3451382,246204,2687,714,2021-03-21,Salvi Sánchez,ES1,0,0,0,0,75
2698371_3332,2698371,3332,985,985,2017-05-21,Wayne Rooney,GB1,0,0,0,0,88
2578201_65477,2578201,65477,1010,1010,2016-03-19,Troy Deeney,GB1,0,0,1,0,90
4087942_314875,4087942,314875,379,379,2023-08-20,Jarrod Bowen,GB1,0,0,0,0,90
2718889_54245,2718889,54245,621,621,2017-01-22,Markel Susaeta,ES1,0,0,0,0,7
3837820_425334,3837820,425334,405,405,2022-08-06,Matty Cash,GB1,0,0,0,0,90
3838679_468198,3838679,468198,180,1003,2023-04-15,Joe Aribo,GB1,0,0,0,0,62
2594789_150948,2594789,150948,1084,1533,2016-04-08,Recio,ES1,0,0,0,0,90
3886539_552425,3886539,552425,331,331,2023-02-12,Jon Moncayola,ES1,0,0,0,0,90
2475552_45882,2475552,45882,897,931,2015-05-23,Fabri,ES1,0,0,0,0,90
3838005_141660,3838005,141660,703,703,2022-09-16,Jesse Lingard,GB1,0,0,0,0,27
3219292_357565,3219292,357565,281,281,2019-12-27,Rodri,GB1,0,0,0,0,90
2578211_73491,2578211,73491,1003,631,2016-04-10,Danny Drinkwater,GB1,0,0,0,1,90
2899590_251106,2899590,251106,1050,989,2017-09-21,Enes Ünal,ES1,0,0,0,0,23
3219352_447661,3219352,447661,405,405,2019-11-10,Douglas Luiz,GB1,0,0,0,0,90
3605061_255508,3605061,255508,621,621,2021-08-28,Iñaki Williams,ES1,0,0,1,0,86
2698271_53360,2698271,53360,180,1132,2016-12-31,Jay Rodríguez,GB1,0,0,0,0,38
3429793_144028,3429793,144028,1237,11,2021-04-12,Leandro Trossard,GB1,0,0,0,0,90
3208807_221150,3208807,221150,3709,3709,2019-12-15,Dakonam Djené,ES1,0,0,0,0,90
2475484_127837,2475484,127837,621,621,2015-04-12,Ibai Gómez,ES1,0,0,0,0,33
3592066_410425,3592066,410425,1237,148,2021-12-04,Yves Bissouma,GB1,1,0,0,0,90
3219190_348795,3219190,348795,148,150,2020-07-06,Giovani Lo Celso,GB1,0,0,0,0,90
2486753_33027,2486753,33027,762,1031,2015-03-15,Tim Krul,GB1,0,0,0,0,90
2899600_73250,2899600,73250,1050,1050,2017-09-24,Mario Gaspar,ES1,0,0,0,0,90
4095228_92572,4095228,92572,873,873,2023-12-09,Joel Ward,GB1,1,0,0,0,90
3592183_262226,3592183,262226,1003,931,2022-03-20,Timothy Castagne,GB1,0,0,1,0,64
3605050_121483,3605050,121483,13,13,2021-08-22,Jan Oblak,ES1,0,0,0,0,90
3208620_139435,3208620,139435,237,237,2019-08-17,Dani Rodríguez,ES1,0,0,1,0,90
2594831_46215,2594831,46215,367,367,2016-05-08,Javi Guerra,ES1,0,0,1,0,45
3451384_182904,3451384,182904,131,13,2021-04-05,Clément Lenglet,ES1,0,0,0,0,90
2899912_21725,2899912,21725,13,13,2018-05-12,Filipe Luís,ES1,0,0,0,0,90
3081086_286415,3081086,286415,150,150,2019-04-24,Pau López,ES1,0,0,0,0,90
4113057_72047,4113057,72047,940,940,2023-10-08,Iago Aspas,ES1,0,0,0,0,90
3050240_158623,3050240,158623,931,931,2018-10-07,Cyrus Christie,GB1,0,0,0,0,90
2872257_49755,2872257,49755,1237,1132,2017-12-02,Dale Stephens,GB1,0,0,0,0,90
3838762_517894,3838762,517894,543,985,2023-02-11,Matheus Cunha,GB1,0,0,0,0,59
3592062_242631,3592062,242631,29,931,2021-12-06,Alex Iwobi,GB1,0,0,0,0,3
2578156_129627,2578156,129627,180,984,2016-03-01,Charlie Austin,GB1,0,0,0,0,60
2899655_203043,2899655,203043,472,1531,2017-11-05,Pedro Bigas,ES1,0,0,0,0,90
3421833_487465,3421833,487465,543,631,2021-01-02,Pedro Neto,GB1,0,0,0,0,90
2718955_372246,2718955,372246,1049,681,2017-02-28,Carlos Soler,ES1,0,0,0,0,90
4113160_226012,4113160,226012,3709,3709,2023-08-20,David Soria,ES1,0,0,0,0,90
3451003_616369,3451003,616369,681,681,2020-11-22,Ander Barrenetxea,ES1,0,0,0,0,6
4113155_125781,4113155,125781,13,13,2023-08-20,Antoine Griezmann,ES1,0,0,0,0,90
3210124_356197,3210124,356197,150,1050,2020-07-11,Alfonso Pedraza,ES1,0,0,0,0,47
3607627_560483,3607627,560483,367,367,2022-01-09,Randy Nteka,ES1,0,0,0,0,67
3886680_524000,3886680,524000,621,621,2023-05-20,Dani Vivian,ES1,0,0,0,0,90
3421834_406040,3421834,406040,931,13,2021-02-17,Ademola Lookman,GB1,0,0,0,0,90
4087936_186186,4087936,186186,931,1003,2023-08-19,Bobby De Cordova-Reid,GB1,0,0,0,0,67
3421787_183334,3421787,183334,399,399,2020-12-11,Patrick Bamford,GB1,0,0,0,1,74
2899614_290249,2899614,290249,3709,3709,2017-10-14,Mauro Arambarri,ES1,1,0,0,0,84
2594502_65237,2594502,65237,940,940,2015-09-20,Andreu Fontàs,ES1,0,0,0,0,32
4112848_165467,4112848,165467,367,1049,2023-12-15,Stole Dimitrievski,ES1,0,0,0,0,90
3592258_328658,3592258,328658,1148,1148,2022-02-09,Kristoffer Ajer,GB1,0,0,0,0,90
3838007_241641,3838007,241641,281,281,2022-09-17,Bernardo Silva,GB1,0,0,0,1,71
2578113_59606,2578113,59606,1010,1010,2016-01-23,Craig Cathcart,GB1,0,0,1,0,90
3592057_250478,3592057,250478,405,762,2021-12-14,Matt Targett,GB1,0,0,0,0,90
3838787_504849,3838787,504849,1237,1237,2023-01-21,Kaoru Mitoma,GB1,0,0,1,0,90
4113112_328480,4113112,328480,1049,1049,2023-09-23,Pepelu,ES1,0,0,0,0,90
3886534_709187,3886534,709187,621,621,2023-02-11,Nico Williams,ES1,1,0,1,0,80
3886393_59323,3886393,59323,12321,12321,2022-10-30,Cristhian Stuani,ES1,0,0,1,0,14
4113121_342385,4113121,342385,150,1049,2023-12-03,Guido Rodríguez,ES1,0,0,0,0,90
2698349_48078,2698349,48078,1132,1132,2017-04-04,Sam Vokes,GB1,0,0,0,0,85
3838672_111873,3838672,111873,405,405,2023-04-22,Emiliano Martínez,GB1,0,0,0,0,45
3451476_251106,3451476,251106,3709,989,2021-05-23,Enes Ünal,ES1,0,0,0,0,82
3838002_314875,3838002,314875,379,379,2022-09-18,Jarrod Bowen,GB1,0,0,0,0,90
3592288_195633,3592288,195633,1132,180,2022-02-26,Charlie Taylor,GB1,0,0,0,0,30
2698402_204103,2698402,204103,641,379,2017-04-17,Adama Traoré,GB1,0,0,0,0,22
3451472_548111,3451472,548111,1050,13,2021-05-16,Álex Baena,ES1,0,0,0,0,9
3219087_241641,3219087,241641,281,281,2019-08-25,Bernardo Silva,GB1,0,0,0,0,79
3611441_144128,3611441,144128,940,1531,2022-04-10,Matías Dituro,ES1,0,0,0,0,90
3219336_206225,3219336,206225,762,1039,2019-12-05,Isaac Hayden,GB1,0,0,0,0,90
3592102_459463,3592102,459463,1010,150,2022-02-19,Cucho Hernández,GB1,0,0,0,0,1
3210087_57825,3210087,57825,3709,16795,2020-06-29,Jorge Molina,ES1,0,0,0,1,22
4113174_662261,4113174,662261,1108,1050,2023-09-15,Rafa Marín,ES1,0,0,0,0,90
3858321_411975,3858321,411975,131,131,2022-09-17,Jules Koundé,ES1,0,0,0,0,90
2594579_73636,2594579,73636,714,714,2015-11-08,Hernán Pérez,ES1,0,0,1,0,90
2872374_37304,2872374,37304,180,180,2018-02-03,Shane Long,GB1,0,0,0,0,15
4113156_337715,4113156,337715,681,1049,2023-08-19,Umar Sadiq,ES1,0,0,0,0,26
2899642_197545,2899642,197545,1533,621,2017-10-22,Ander Capa,ES1,0,0,0,0,73
4095235_503680,4095235,503680,703,703,2023-12-09,Neco Williams,GB1,0,0,0,1,90
3607627_203496,3607627,203496,150,150,2022-01-09,Nabil Fekir,ES1,0,0,0,0,90
2577966_167268,2577966,167268,985,3008,2015-09-20,Paddy McNair,GB1,0,0,0,0,21
2899717_142021,2899717,142021,714,237,2017-12-22,Sergi Darder,ES1,0,0,0,0,86
2594696_89313,2594696,89313,621,897,2016-02-06,Eneko Bóveda,ES1,0,0,0,0,90
2872416_50202,2872416,50202,631,418,2018-04-19,Eden Hazard,GB1,0,0,0,0,19
2872362_209212,2872362,209212,1237,1237,2018-01-31,Solly March,GB1,1,0,0,1,90
3451386_184779,3451386,184779,1531,1531,2021-04-04,Gonzalo Verdú,ES1,0,0,0,0,90
3451131_399776,3451131,399776,1050,405,2021-02-06,Pau Torres,ES1,0,0,0,0,90
4095227_867688,4095227,867688,1237,1237,2023-12-09,Jack Hinshelwood,GB1,0,0,0,0,31
2594822_188854,2594822,188854,1050,1050,2016-05-01,Manu Trigueros,ES1,0,0,0,0,90
4095186_399434,4095186,399434,989,989,2023-11-11,Marcus Tavernier,GB1,0,0,0,0,90
2718951_142419,2718951,142419,681,331,2017-02-28,Raúl Navas,ES1,0,0,0,0,90
2475527_7512,2475527,7512,1533,366,2015-05-03,Borja Fernández,ES1,0,0,0,0,90
2718981_39381,2718981,39381,418,418,2017-03-18,Gareth Bale,ES1,0,0,0,0,90
3451205_71918,3451205,71918,5358,5358,2021-03-15,David Ferreiro,ES1,0,0,0,0,78
4095198_240306,4095198,240306,985,985,2023-11-26,Bruno Fernandes,GB1,0,0,0,1,90
2719046_199369,2719046,199369,1084,472,2017-04-25,Sandro Ramírez,ES1,0,0,2,0,90
3611482_341110,3611482,341110,940,940,2022-05-07,Franco Cervi,ES1,1,0,1,0,73
2899734_121483,2899734,121483,13,13,2018-01-20,Jan Oblak,ES1,1,0,0,0,90
3886580_197545,3886580,197545,621,621,2023-03-12,Ander Capa,ES1,0,0,0,0,6
3219222_181579,3219222,181579,180,1132,2020-02-01,James Ward-Prowse,GB1,1,0,0,0,90
2578032_55742,2578032,55742,989,703,2015-11-28,Harry Arter,GB1,0,0,0,0,75
4095261_578539,4095261,578539,873,873,2023-12-27,Chris Richards,GB1,1,0,0,0,90
3592265_183318,3592265,183318,762,762,2022-05-08,Jamaal Lascelles,GB1,0,0,0,0,90
2899669_64399,2899669,64399,3709,940,2017-11-27,Vicente Guaita,ES1,0,0,0,0,90
3451109_411975,3451109,411975,368,131,2021-01-23,Jules Koundé,ES1,0,0,0,0,90
2578260_220755,2578260,220755,29,29,2016-05-07,Matthew Pennington,GB1,1,0,0,0,90
3451054_203496,3451054,203496,150,150,2020-12-23,Nabil Fekir,ES1,0,0,0,0,90
3210128_192009,3210128,192009,621,367,2020-07-12,Unai López,ES1,0,0,0,0,90
2719022_54774,2719022,54774,331,331,2017-04-15,Miguel de las Cuevas,ES1,1,0,0,0,33
3219092_249565,3219092,249565,1003,405,2019-08-18,Youri Tielemans,GB1,0,0,0,0,90
3429815_171679,3429815,171679,148,543,2021-03-04,Matt Doherty,GB1,0,0,0,0,90
3838050_183293,3838050,183293,989,989,2022-10-19,Joe Rothwell,GB1,0,0,0,0,13
3451204_225462,3451204,225462,2687,2687,2021-03-13,José Mari,ES1,0,0,0,0,90
2486794_15166,2486794,15166,3008,1237,2015-04-28,Liam Rosenior,GB1,0,0,0,0,1
2486674_16947,2486674,16947,1003,1003,2015-01-10,Marcin Wasilewski,GB1,0,0,0,0,90
2718872_126664,2718872,126664,131,405,2017-01-08,Lucas Digne,ES1,0,0,0,0,71
3429800_39381,3429800,39381,148,418,2021-04-11,Gareth Bale,GB1,0,0,0,0,8
3079430_158791,3079430,158791,3368,3368,2018-10-20,Sergio Postigo,ES1,0,0,0,1,75
3886632_340205,3886632,340205,621,621,2023-04-22,Gorka Guruzeta,ES1,0,0,0,0,88
3838273_14086,3838273,14086,405,29,2023-01-04,Ashley Young,GB1,0,0,0,0,45
3079473_199369,3079473,199369,681,472,2018-12-02,Sandro Ramírez,ES1,0,0,0,0,90
3420823_130164,3420823,130164,29,29,2020-09-13,Jordan Pickford,GB1,0,0,0,0,90
4095178_983989,4095178,983989,1237,399,2023-11-04,Facundo Buonanotte,GB1,0,0,0,0,11
4113137_517842,4113137,517842,681,681,2023-10-21,Aihen Muñoz,ES1,0,0,0,0,90
3610345_99922,3610345,99922,150,150,2022-02-13,Marc Bartra,ES1,0,0,0,0,90
2578255_15799,2578255,15799,11,2497,2016-05-15,Santi Cazorla,GB1,0,0,0,0,88
2594515_45383,2594515,45383,1050,331,2015-09-23,Adrián López,ES1,0,0,0,0,10
3838748_148153,3838748,148153,1237,1237,2023-05-18,Lewis Dunk,GB1,0,0,0,0,90
2594641_15693,2594641,15693,681,681,2016-01-03,Xabi Prieto,ES1,0,0,0,0,25
2698366_108354,2698366,108354,2288,1003,2017-05-21,Jordan Ayew,GB1,0,0,1,0,90
3451471_480955,3451471,480955,1533,1533,2021-05-16,Miguel Atienza,ES1,0,0,0,0,77
3081102_227961,3081102,227961,3709,472,2019-05-05,Jaime Mata,ES1,1,0,0,0,61
3858321_268670,3858321,268670,1531,367,2022-09-17,Gerard Gumbau,ES1,0,0,0,0,90
2899598_121483,2899598,121483,13,13,2017-09-20,Jan Oblak,ES1,0,0,0,0,90
3050378_50935,3050378,50935,379,379,2019-01-19,Chicharito,GB1,0,0,0,0,24
3886653_81999,3886653,81999,714,418,2023-04-30,Joselu,ES1,0,0,1,0,90
3080778_199321,3080778,199321,940,12321,2019-01-27,Rubén Blanco,ES1,0,0,0,0,90
3219186_19948,3219186,19948,631,180,2020-02-22,Willy Caballero,GB1,0,0,0,0,90
3838731_601883,3838731,601883,543,281,2023-03-04,Matheus Nunes,GB1,0,0,0,0,67
3208678_62144,3208678,62144,366,366,2019-09-21,Antoñito,ES1,0,0,0,0,90
3886285_401922,3886285,401922,1050,931,2022-10-01,Samuel Chukwueze,ES1,0,0,0,0,7
3210001_459463,3210001,459463,237,150,2020-03-07,Cucho Hernández,ES1,0,0,0,0,85
3591992_43530,3591992,43530,1237,180,2021-08-28,Adam Lallana,GB1,0,0,0,0,59
3050315_199527,3050315,199527,762,762,2018-12-05,Jacob Murphy,GB1,0,0,0,1,64
2872166_183318,2872166,183318,762,762,2017-09-24,Jamaal Lascelles,GB1,1,0,0,0,90
3607575_278837,3607575,278837,1108,1049,2021-12-03,Luis Rioja,ES1,0,0,0,0,90
3451113_71559,3451113,71559,3709,3709,2021-01-31,Xabi Etxeita,ES1,0,0,0,0,90
2594775_202984,2594775,202984,472,366,2016-04-02,Roque Mesa,ES1,1,0,0,0,90
3208781_71204,3208781,71204,366,366,2019-11-24,Javi Moyano,ES1,0,0,0,0,90
4095171_553875,4095171,553875,148,148,2023-10-27,Pedro Porro,GB1,0,0,0,0,90
2899604_16306,2899604,16306,418,985,2017-09-23,Casemiro,ES1,0,0,0,0,90
3451027_63056,3451027,63056,331,331,2020-12-06,Roberto Torres,ES1,0,0,0,0,90
2872238_61651,2872238,61651,31,1148,2017-11-25,Jordan Henderson,GB1,0,0,0,0,90
2899741_255653,2899741,255653,1049,940,2018-01-13,Santi Mina,ES1,0,0,0,0,74
3886514_82503,3886514,82503,331,367,2023-01-29,Aridane Hernández,ES1,0,0,0,0,90
2578160_3995,2578160,3995,1123,1123,2016-03-01,Gary O'Neil,GB1,0,0,0,0,54
2697988_34130,2697988,34130,1132,985,2016-08-13,Tom Heaton,GB1,0,0,0,0,90
3208835_154059,3208835,154059,1533,1533,2020-01-18,Charles,ES1,0,0,0,0,3
2594693_125931,2594693,125931,3368,3368,2016-02-07,Toño García,ES1,0,0,0,0,90
4112870_170472,4112870,170472,1049,1049,2023-12-19,Dimitri Foulquier,ES1,0,0,0,0,19
3429759_392771,3429759,392771,350,399,2021-03-06,Ethan Ampadu,GB1,1,0,0,0,90
2872286_5658,2872286,5658,11,11,2017-12-16,Petr Cech,GB1,0,0,0,0,90
2718807_44069,2718807,44069,897,5358,2016-10-31,Pedro Mosquera,ES1,0,0,0,0,90
4112869_278296,4112869,278296,237,237,2023-12-21,Antonio Raíllo,ES1,1,0,1,0,90
3081109_7663,3081109,7663,150,150,2019-05-05,Joaquín,ES1,0,0,0,0,90
2718812_73180,2718812,73180,1244,5358,2016-11-06,Martín Mantovani,ES1,1,0,0,0,82
3050402_118534,3050402,118534,29,29,2019-02-02,Michael Keane,GB1,1,0,0,0,90
2899742_34601,2899742,34601,621,621,2018-01-14,Raúl García,ES1,1,0,0,0,89
2475394_59344,2475394,59344,418,681,2015-02-07,Asier Illarramendi,ES1,0,0,0,0,21
3209960_351809,3209960,351809,681,13,2020-03-10,Robin Le Normand,ES1,0,0,0,0,90
3421760_73547,3421760,73547,350,350,2020-11-22,Oliver Norwood,GB1,0,0,0,0,65
2872250_387331,2872250,387331,984,984,2017-11-28,Sam Field,GB1,0,0,1,0,84
3451197_331505,3451197,331505,131,940,2021-03-06,Óscar Mingueza,ES1,0,0,0,0,90
3079486_288318,3079486,288318,367,367,2018-12-09,Adrián Embarba,ES1,1,0,0,0,81
2872343_40611,2872343,40611,180,1003,2018-01-13,Ryan Bertrand,GB1,0,0,0,0,90
4095160_485706,4095160,485706,29,405,2023-10-21,Amadou Onana,GB1,0,0,0,0,80
2578245_42413,2578245,42413,29,289,2016-04-30,Darron Gibson,GB1,1,0,0,0,90
4112846_255508,4112846,255508,621,621,2023-12-16,Iñaki Williams,ES1,0,0,0,0,85
3421808_596446,3421808,596446,399,677,2020-12-20,Leif Davis,GB1,0,0,0,0,18
2578137_85475,2578137,85475,2288,762,2016-02-13,Federico Fernández,GB1,0,0,0,0,90
3208646_29051,3208646,29051,237,237,2019-08-25,Manolo Reina,ES1,0,0,0,0,90
2719018_93936,2719018,93936,1533,714,2017-04-16,Kike García,ES1,1,0,0,0,90
3592290_355915,3592290,355915,148,148,2022-02-26,Cristian Romero,GB1,0,0,0,0,90
3194821_108725,3194821,108725,1132,703,2019-08-10,Chris Wood,GB1,0,0,0,0,90
2578141_26399,2578141,26399,281,131,2016-02-06,Sergio Agüero,GB1,0,0,1,0,90
2899745_29124,2899745,29124,621,621,2018-01-19,Aritz Aduriz,ES1,0,0,0,0,22
2578100_37171,2578100,37171,984,984,2016-01-16,Craig Gardner,GB1,0,0,0,0,90
3208719_257376,3208719,257376,16795,3709,2019-10-18,Domingos Duarte,ES1,0,0,1,0,90
3838721_262980,3838721,262980,989,873,2023-03-11,Jefferson Lerma,GB1,0,0,0,0,81
2475422_37892,2475422,37892,681,1533,2015-03-01,Ion Ansotegi,ES1,0,0,0,0,90
3219296_64399,3219296,64399,873,940,2019-12-26,Vicente Guaita,GB1,0,0,0,0,90
2718859_319541,2718859,319541,150,150,2016-12-16,José Carlos Ramírez,ES1,0,0,0,0,90
2698191_128904,2698191,128904,641,1123,2016-12-17,Ben Gibson,GB1,0,0,0,0,90
3837991_51471,3837991,51471,631,281,2023-01-12,Mateo Kovacic,GB1,0,0,0,0,79
3886480_255508,3886480,255508,621,621,2023-01-09,Iñaki Williams,ES1,0,0,0,0,78
3451060_610083,3451060,610083,621,3368,2020-12-31,Unai Vencedor,ES1,1,0,0,0,56
2872132_29692,2872132,29692,2288,379,2017-08-19,Lukasz Fabianski,GB1,0,0,0,0,90
3838682_314353,3838682,314353,31,418,2023-04-17,Trent Alexander-Arnold,GB1,0,0,0,2,90
3886492_108390,3886492,108390,418,418,2023-02-02,Thibaut Courtois,ES1,0,0,0,0,90
3219311_34322,3219311,34322,11,150,2019-12-09,Sokratis Papastathopoulos,GB1,0,0,0,0,90
4113117_412363,4113117,412363,418,418,2023-09-24,Rodrygo,ES1,0,0,0,0,90
2698377_3881,2698377,3881,512,512,2017-04-22,Glen Johnson,GB1,0,0,0,0,90
3219164_429014,3219164,429014,543,703,2020-06-20,Morgan Gibbs-White,GB1,0,0,0,0,1
2594798_252677,2594798,252677,3368,3368,2016-04-15,José Luis Morales,ES1,0,0,0,0,90
3886591_369081,3886591,369081,418,418,2023-03-19,Federico Valverde,ES1,0,0,0,0,76
3081127_120095,3081127,120095,3368,472,2019-05-18,José Campaña,ES1,0,0,0,0,90
3886552_251876,3886552,251876,237,237,2023-02-18,Pablo Maffeo,ES1,0,0,0,1,90
3208790_74294,3208790,74294,368,368,2019-12-01,Nemanja Gudelj,ES1,0,0,0,0,32
2698120_74810,2698120,74810,1132,1148,2016-10-02,Ben Mee,GB1,0,0,0,0,90
2577899_17273,2577899,17273,762,762,2015-08-22,Steven Taylor,GB1,0,0,0,0,90
3208839_139434,3208839,139434,366,366,2020-01-18,Raúl Carnero,ES1,0,0,0,0,90
4095212_475959,4095212,475959,281,281,2023-12-03,Josko Gvardiol,GB1,1,0,0,0,87
3886501_65263,3886501,65263,366,366,2023-01-21,Jordi Masip,ES1,0,0,0,0,90
2698393_52570,2698393,52570,180,989,2017-04-25,Fraser Forster,GB1,0,0,0,0,90
3605053_57825,3605053,57825,16795,16795,2021-08-21,Jorge Molina,ES1,0,0,0,0,23
3886612_640428,3886612,640428,418,418,2023-04-08,Eduardo Camavinga,ES1,0,0,0,0,15
3610403_423444,3610403,423444,940,12321,2022-03-06,Fran Beltrán,ES1,1,0,0,0,63
2577990_59606,2577990,59606,1010,1010,2015-10-17,Craig Cathcart,GB1,0,0,0,0,90
3607566_140436,3607566,140436,714,714,2021-11-28,Lei Wu,ES1,0,0,0,0,12
3592109_283628,3592109,283628,379,379,2022-02-19,Tomáš Souček,GB1,0,0,0,0,90
3592186_378710,3592186,378710,29,148,2022-04-09,Richarlison,GB1,0,0,0,0,90
3886501_235412,3886501,235412,366,142,2023-01-21,Jawad El Yamiq,ES1,0,0,0,0,90
3079525_52469,3079525,52469,621,621,2019-01-13,Mikel San José,ES1,0,0,0,0,19
2594556_21725,2594556,21725,13,13,2015-10-25,Filipe Luís,ES1,0,0,0,1,90
2899831_255284,2899831,255284,12321,12321,2018-03-31,Álex Granell,ES1,0,0,1,0,90
3610436_162056,3610436,162056,3368,3302,2022-03-12,Gonzalo Melero,ES1,1,0,0,0,61
3838651_340324,3838651,340324,11,873,2023-04-26,Eddie Nketiah,GB1,0,0,0,0,10
3451386_126737,3451386,126737,150,3709,2021-04-04,Juanmi,ES1,0,0,0,0,63
3208807_256429,3208807,256429,366,367,2019-12-15,Sergi Guardiola,ES1,0,0,0,0,90
2718732_23338,2718732,23338,1533,1533,2016-09-11,Asier Riesgo,ES1,0,1,0,0,32
3219359_33713,3219359,33713,29,180,2019-11-09,Theo Walcott,GB1,0,0,0,0,74
3592217_568005,3592217,568005,1237,1237,2022-04-20,Jeremy Sarmiento,GB1,0,0,0,0,17
2872193_44983,2872193,44983,989,1010,2017-10-14,Dan Gosling,GB1,0,0,0,0,90
3421735_488362,3421735,488362,984,148,2020-11-02,Conor Gallagher,GB1,1,0,0,0,90
2594561_35539,2594561,35539,3709,1084,2015-10-31,Mehdi Lacen,ES1,0,0,0,0,90
2698400_77544,2698400,77544,641,641,2017-05-13,George Friend,GB1,0,0,0,0,90
3451406_85288,3451406,85288,418,150,2021-04-21,Isco,ES1,0,0,0,0,29
3079390_221150,3079390,221150,3709,3709,2018-09-27,Dakonam Djené,ES1,0,0,0,0,90
3208628_257376,3208628,257376,16795,3709,2019-08-17,Domingos Duarte,ES1,0,0,0,0,90
4095151_128909,4095151,128909,350,350,2023-10-07,Jack Robinson,GB1,0,0,0,0,55
3451162_284854,3451162,284854,3709,1108,2021-02-19,Carles Aleñá,ES1,1,0,0,0,23
4113160_298976,4113160,298976,3709,3709,2023-08-20,Borja Mayoral,ES1,1,0,0,0,59
3451465_213670,3451465,213670,331,331,2021-05-16,Lucas Torró,ES1,0,0,0,0,13
3081097_72047,3081097,72047,940,940,2019-04-27,Iago Aspas,ES1,0,0,0,0,90
3886602_278296,3886602,278296,237,237,2023-03-31,Antonio Raíllo,ES1,1,0,0,0,90
2578255_191217,2578255,191217,11,150,2016-05-15,Héctor Bellerín,GB1,0,0,0,1,90
3592030_128901,3592030,128901,543,1003,2021-09-11,Conor Coady,GB1,0,0,0,0,90
2872362_95976,2872362,95976,180,180,2018-01-31,Alex McCarthy,GB1,0,0,0,0,90
3605217_128969,3605217,128969,681,3368,2021-09-23,Mathew Ryan,ES1,0,0,0,0,90
2594685_40888,2594685,40888,621,621,2016-01-30,Beñat Etxebarria,ES1,1,0,0,0,90
3886622_448628,3886622,448628,940,331,2023-04-17,Javi Galán,ES1,0,0,0,0,64
3592026_411295,3592026,411295,399,131,2021-09-12,Raphinha,GB1,0,0,0,0,90
4095189_73564,4095189,73564,1237,1237,2023-11-12,Jason Steele,GB1,0,0,0,0,90
2578220_3995,2578220,3995,1123,1123,2016-01-02,Gary O'Neil,GB1,0,0,0,0,90
2872465_44741,2872465,44741,1237,1237,2018-04-28,Beram Kayal,GB1,0,0,0,0,90
3421789_357565,3421789,357565,281,281,2020-12-12,Rodri,GB1,0,0,0,0,90
2577995_24589,2577995,24589,1123,1123,2015-10-18,Wes Hoolahan,GB1,0,0,0,0,28
4112853_284884,4112853,284884,3709,1244,2023-12-16,Óscar Rodríguez,ES1,0,0,0,0,1
4095214_1005649,4095214,1005649,703,703,2023-12-02,Murillo,GB1,0,0,0,0,90
3219259_171679,3219259,171679,543,543,2020-01-01,Matt Doherty,GB1,0,0,0,0,90
3838618_418560,3838618,418560,281,281,2023-05-14,Erling Haaland,GB1,0,0,1,0,78
3451023_683840,3451023,683840,131,131,2020-12-05,Pedri,ES1,0,0,0,0,45
2719073_177065,2719073,177065,897,1237,2017-05-14,Florin Andone,ES1,1,0,0,0,90
4087937_146310,4087937,146310,31,31,2023-08-19,Wataru Endo,GB1,0,0,0,0,27
3838618_176553,3838618,176553,281,621,2023-05-14,Aymeric Laporte,GB1,0,0,0,0,90
3080783_309110,3080783,309110,940,681,2019-02-02,Brais Méndez,ES1,1,0,0,0,90
3208620_79352,3208620,79352,1533,1533,2019-08-17,Quique González,ES1,0,0,0,0,14
3429724_250478,3429724,250478,405,762,2021-02-13,Matt Targett,GB1,0,0,0,0,90
3079315_47647,3079315,47647,367,367,2018-08-25,Gorka Elustondo,ES1,0,0,0,0,90
3050397_207014,3050397,207014,1010,873,2019-02-02,Will Hughes,GB1,0,0,0,0,90
2578241_27114,2578241,27114,289,1010,2016-04-16,Younès Kaboul,GB1,0,0,0,0,90
2872434_36814,2872434,36814,984,984,2018-03-31,Chris Brunt,GB1,0,0,0,0,90
3451455_342385,3451455,342385,150,1049,2021-05-13,Guido Rodríguez,ES1,0,0,0,0,90
4113125_282411,4113125,282411,13,13,2023-10-21,Marcos Llorente,ES1,0,0,0,0,57
3219146_44983,3219146,44983,989,1010,2020-07-19,Dan Gosling,GB1,0,0,0,0,3
3219312_134270,3219312,134270,1237,762,2019-12-16,Dan Burn,GB1,0,0,0,0,90
3838610_442248,3838610,442248,1148,1148,2023-05-20,Ethan Pinnock,GB1,0,0,0,0,90
3080844_93795,3080844,93795,714,940,2019-03-17,Facundo Ferreyra,ES1,0,0,0,0,21
3080808_398184,3080808,398184,1049,131,2019-02-17,Ferran Torres,ES1,0,0,0,0,76
2486662_95435,2486662,95435,289,873,2015-01-01,Connor Wickham,GB1,0,0,0,0,90
3050561_82873,3050561,82873,1237,1237,2019-05-12,Pascal Groß,GB1,0,0,0,1,90
2486789_95435,2486789,95435,289,873,2015-05-20,Connor Wickham,GB1,0,0,0,0,45
3209978_401922,3209978,401922,1050,931,2020-03-01,Samuel Chukwueze,ES1,1,0,0,0,23
3837977_427568,3837977,427568,11,762,2022-09-04,Aaron Ramsdale,GB1,0,0,0,0,90
3886567_15956,3886567,15956,368,368,2023-02-26,Jesús Navas,ES1,0,0,0,0,84
2872488_139208,2872488,139208,31,31,2018-05-13,Virgil van Dijk,GB1,0,0,0,0,90
3451107_34870,3451107,34870,16795,3368,2021-01-24,Roberto Soldado,ES1,0,0,0,0,9
2899824_262939,2899824,262939,12321,237,2018-03-03,Johan Mojica,ES1,0,0,0,0,65
2872201_13573,2872201,13573,989,989,2017-10-21,Simon Francis,GB1,0,0,0,0,90
3421790_36827,3421790,36827,984,984,2020-12-12,Branislav Ivanovic,GB1,1,0,0,0,90
2899706_262980,2899706,262980,3368,873,2017-12-15,Jefferson Lerma,ES1,0,0,0,0,90
2486676_3540,2486676,3540,289,289,2015-01-10,John O'Shea,GB1,0,0,0,0,90
3451431_193098,3451431,193098,150,12321,2021-04-18,Álex Moreno,ES1,0,0,0,0,71
4095195_568693,4095195,568693,148,148,2023-11-11,Pape Matar Sarr,GB1,0,0,0,0,63
3591974_111195,3591974,111195,1237,1237,2021-10-30,Joël Veltman,GB1,0,0,0,0,90
3208683_284884,3208683,284884,1244,1244,2019-09-25,Óscar Rodríguez,ES1,0,0,1,0,90
3451118_129753,3451118,129753,1531,1531,2021-01-30,Víctor Rodríguez,ES1,1,0,0,0,9
2486715_66219,2486715,66219,2288,2288,2015-02-11,Kyle Naughton,GB1,0,0,0,0,90
3050190_169555,3050190,169555,603,603,2018-08-25,Callum Paterson,GB1,0,0,0,0,80
2872115_5658,2872115,5658,11,11,2017-08-11,Petr Cech,GB1,0,0,0,0,90
3210122_62144,3210122,62144,366,366,2020-07-07,Antoñito,ES1,0,0,0,0,90
3610291_346289,3610291,346289,1049,1049,2022-01-22,Mouctar Diakhaby,ES1,0,0,0,0,90
3429754_134270,3429754,134270,1237,762,2021-03-06,Dan Burn,GB1,0,0,0,0,90
3451134_82503,3451134,82503,331,367,2021-02-07,Aridane Hernández,ES1,0,0,0,0,90
4095147_380350,4095147,380350,1237,1237,2023-10-08,Igor Julio,GB1,0,0,0,0,63
3079326_351478,3079326,351478,681,681,2018-08-31,Mikel Oyarzabal,ES1,0,0,0,0,90
3451065_149231,3451065,149231,1531,1531,2020-12-30,Fidel,ES1,0,0,1,0,90
2594792_175449,2594792,175449,3709,331,2016-04-16,Moi Gómez,ES1,1,0,0,1,28
3219129_168157,3219129,168157,543,2497,2020-07-15,Leander Dendoncker,GB1,0,0,0,0,6
2872283_61560,2872283,61560,1003,1003,2017-12-13,Marc Albrighton,GB1,0,0,0,0,18
2872162_121279,2872162,121279,2288,2288,2017-09-16,Tom Carroll,GB1,1,0,0,0,90
2698001_40613,2698001,40613,2288,1132,2016-08-20,Jack Cork,GB1,0,0,0,0,90
2698251_236953,2698251,236953,379,399,2017-01-21,Sam Byram,GB1,0,0,0,0,90
3611443_82503,3611443,82503,331,367,2022-04-10,Aridane Hernández,ES1,0,0,0,0,90
3838271_240306,3838271,240306,985,985,2022-12-31,Bruno Fernandes,GB1,0,0,0,1,90
3079416_225122,3079416,225122,1049,681,2018-10-07,Gonçalo Guedes,ES1,0,0,0,0,12
4113164_170472,4113164,170472,1049,1049,2023-08-18,Dimitri Foulquier,ES1,0,0,0,0,8
3838021_44779,3838021,44779,543,543,2022-10-08,Diego Costa,GB1,0,0,0,0,57
3886623_307519,3886623,307519,2687,2687,2023-04-15,Fede San Emeterio,ES1,0,0,0,0,70
2594643_120629,2594643,120629,1050,379,2016-01-03,Alphonse Areola,ES1,0,0,0,0,90
3844552_96718,3844552,96718,621,621,2023-06-04,Óscar de Marcos,ES1,0,0,0,0,90
2872458_61573,2872458,61573,1110,1110,2018-05-09,Jonathan Hogg,GB1,0,0,0,0,90
4095162_92572,4095162,92572,873,873,2023-10-21,Joel Ward,GB1,0,0,0,0,90
3605204_552425,3605204,552425,331,331,2021-09-18,Jon Moncayola,ES1,0,0,0,0,71
2718916_54231,2718916,54231,2448,2448,2017-02-05,Isma López,ES1,0,0,0,0,90
3081119_189453,3081119,189453,1244,3709,2019-05-12,Jonathan Silva,ES1,0,0,0,0,90
3886534_320271,3886534,320271,1049,237,2023-02-11,Toni Lato,ES1,0,0,0,0,21
2698191_67416,2698191,67416,2288,405,2016-12-17,Neil Taylor,GB1,0,0,0,0,90
3080812_199321,3080812,199321,940,12321,2019-02-23,Rubén Blanco,ES1,0,0,0,0,90
3050335_55742,3050335,55742,603,703,2018-12-15,Harry Arter,GB1,0,0,0,0,90
3838792_270171,3838792,270171,1148,1148,2023-01-14,Vitaly Janelt,GB1,0,0,0,0,90
2594502_60890,2594502,60890,940,366,2015-09-20,Fabián Orellana,ES1,1,0,0,1,90
3450971_683840,3450971,683840,131,131,2020-10-24,Pedri,ES1,0,0,0,0,81
3838019_565822,3838019,565822,31,405,2022-10-09,Harvey Elliott,GB1,0,0,0,0,9
3451087_63040,3451087,63040,331,331,2021-01-09,Oier Sanjurjo,ES1,0,0,0,0,90
3844097_522784,3844097,522784,12321,379,2022-08-14,Taty Castellanos,ES1,0,0,0,0,90
3592126_340329,3592126,340329,762,762,2022-01-22,Joe Willock,GB1,0,0,0,0,90
2486671_6150,2486671,6150,762,762,2015-01-10,Fabricio Coloccini,GB1,0,0,0,0,90
2486760_43266,2486760,43266,3008,3008,2015-03-22,Stephen Quinn,GB1,0,0,0,0,10
4095233_745851,4095233,745851,350,350,2023-12-09,Sydie Peck,GB1,0,0,0,0,9
3208747_34870,3208747,34870,16795,3368,2019-10-31,Roberto Soldado,ES1,1,0,0,0,90
2872245_148262,2872245,148262,1132,762,2017-11-29,Jeff Hendrick,GB1,0,0,0,0,86
3886647_720038,3886647,720038,131,237,2023-04-26,Pablo Torre,ES1,0,0,0,0,11
3050319_74810,3050319,74810,1132,1148,2018-12-08,Ben Mee,GB1,0,0,0,0,90
2698009_3332,2698009,3332,985,985,2016-08-27,Wayne Rooney,GB1,1,0,0,1,90
2899626_32522,2899626,32522,150,1531,2017-10-15,Antonio Barragán,ES1,0,0,0,0,90
3079395_396894,3079395,396894,940,2687,2018-09-26,Maxi Gómez,ES1,0,0,0,0,90
2578262_33873,2578262,33873,631,29,2016-05-02,Asmir Begovic,GB1,0,0,0,0,90
2698178_20007,2698178,20007,281,379,2016-11-19,Pablo Zabaleta,GB1,0,0,0,0,53
3886695_166677,3886695,166677,714,714,2023-05-24,Brian Oliván,ES1,0,0,0,0,78
3429766_243589,3429766,243589,931,931,2021-03-13,Josh Onomah,GB1,0,0,0,0,17
2872216_378710,2872216,378710,1010,148,2017-11-05,Richarlison,GB1,0,0,1,0,90
3050558_234803,3050558,234803,31,31,2019-05-04,Andrew Robertson,GB1,0,0,0,0,90
2872406_38145,2872406,38145,1010,1010,2018-03-11,Adrian Mariappa,GB1,0,0,0,0,90
3050336_175446,3050336,175446,543,1108,2018-12-15,Jonny Otto,GB1,0,0,0,0,90
3208642_61812,3208642,61812,621,621,2019-08-24,Yuri Berchiche,ES1,0,0,0,0,90
2594484_129473,2594484,129473,131,681,2015-08-29,Rafinha,ES1,0,0,0,0,27
2872249_33544,2872249,33544,985,985,2017-11-28,Antonio Valencia,GB1,0,0,0,0,90
4095138_246963,4095138,246963,1031,1031,2023-09-30,Carlton Morris,GB1,0,0,1,0,78
3592132_50362,3592132,50362,29,29,2021-12-01,Fabian Delph,GB1,0,0,0,0,17
2578047_141660,2578047,141660,985,703,2015-12-05,Jesse Lingard,GB1,0,0,0,0,90
3219164_175446,3219164,175446,543,1108,2020-06-20,Jonny Otto,GB1,0,0,0,0,90
3421752_357662,3421752,357662,379,11,2020-11-07,Declan Rice,GB1,0,0,0,0,90
2872332_99397,2872332,99397,762,399,2018-01-01,Karl Darlow,GB1,0,0,0,0,90
3886575_95641,3886575,95641,331,1244,2023-03-06,Darko Brasanac,ES1,0,0,0,0,5
3219327_217115,3219327,217115,1237,368,2019-12-08,Neal Maupay,GB1,0,0,1,0,90
2594697_138927,2594697,138927,418,418,2016-02-07,Daniel Carvajal,ES1,1,0,0,1,86
3886619_251106,3886619,251106,3709,989,2023-04-08,Enes Ünal,ES1,0,0,0,0,90
2899776_208890,2899776,208890,1084,3368,2018-02-05,Samu García,ES1,0,0,0,0,78
3451135_125781,3451135,125781,131,13,2021-02-07,Antoine Griezmann,ES1,0,0,0,1,90
3050399_61841,3050399,61841,989,989,2019-02-02,Adam Smith,GB1,1,0,0,0,90
2578062_108354,2578062,108354,405,1003,2015-12-13,Jordan Ayew,GB1,0,0,0,0,90
3079499_357885,3079499,357885,1050,150,2018-12-16,Pablo Fornals,ES1,0,0,0,0,90
3451417_25412,3451417,25412,5358,5358,2021-04-25,Pedro López,ES1,0,0,0,0,68
3886659_111961,3886659,111961,368,368,2023-05-01,Suso,ES1,0,0,0,0,30
3441594_227961,3441594,227961,3709,472,2020-10-03,Jaime Mata,ES1,0,0,0,0,29
2719033_277093,2719033,277093,2448,2448,2017-04-22,Carlos Castro,ES1,0,0,1,0,20
3451020_349066,3451020,349066,681,31,2020-12-06,Alexander Isak,ES1,0,0,0,0,75
2578051_43003,2578051,43003,11,681,2015-12-05,Nacho Monreal,GB1,0,0,0,0,90
2719060_21725,2719060,21725,13,13,2017-05-06,Filipe Luís,ES1,1,0,0,0,90
3208786_61546,3208786,61546,331,331,2019-12-01,Facundo Roncaglia,ES1,2,0,0,0,52
3219418_209212,3219418,209212,1237,1237,2019-09-14,Solly March,GB1,0,0,0,1,90
4112849_314678,4112849,314678,418,418,2023-12-17,Brahim Díaz,ES1,0,0,1,0,84
3079370_96718,3079370,96718,621,621,2018-09-15,Óscar de Marcos,ES1,0,0,0,0,90
2578127_32617,2578127,32617,405,405,2016-02-06,Micah Richards,GB1,0,0,0,0,90
3607566_501418,3607566,501418,714,1531,2021-11-28,Adrià Pedrosa,ES1,0,0,0,0,90
2594502_71905,2594502,71905,368,3368,2015-09-20,Coke,ES1,0,0,0,0,90
3838597_479999,3838597,479999,873,11,2023-05-28,Eberechi Eze,GB1,0,0,0,0,90
2594830_207924,2594830,207924,367,940,2016-04-30,Jozabed Sánchez,ES1,0,0,0,0,90
3886338_95641,3886338,95641,331,1244,2022-10-20,Darko Brasanac,ES1,0,0,0,0,22
3607558_278837,3607558,278837,1108,1049,2021-11-20,Luis Rioja,ES1,0,0,0,0,86
3837847_319301,3837847,319301,399,399,2022-08-27,Daniel James,GB1,0,0,0,0,59
2698174_314875,2698174,314875,3008,379,2016-11-19,Jarrod Bowen,GB1,0,0,0,0,22
3592101_111455,3592101,111455,11,289,2022-02-19,Granit Xhaka,GB1,0,0,0,0,90
3050426_50202,3050426,50202,631,418,2018-12-26,Eden Hazard,GB1,0,0,2,0,90
3607599_96718,3607599,96718,621,621,2021-12-19,Óscar de Marcos,ES1,0,0,1,0,35
3219245_348795,3219245,348795,148,150,2020-01-18,Giovani Lo Celso,GB1,0,0,0,0,80
3838751_655488,3838751,655488,11,11,2023-02-18,Gabriel Martinelli,GB1,0,0,1,0,22
3886410_429983,3886410,429983,940,873,2022-11-05,Jørgen Strand Larsen,ES1,0,0,0,0,57
3837997_95810,3837997,95810,762,762,2023-04-05,Kieran Trippier,GB1,0,0,0,0,87
2578084_44779,2578084,44779,631,543,2016-01-13,Diego Costa,GB1,1,0,0,0,90
3079428_64598,3079428,64598,12321,12321,2018-10-22,Bernardo Espinosa,ES1,0,0,0,0,90
2475556_31909,2475556,31909,418,418,2015-05-23,Toni Kroos,ES1,0,0,0,0,90
2578100_45330,2578100,45330,984,984,2016-01-16,Claudio Yacob,GB1,0,0,0,0,90
2578009_57079,2578009,57079,289,350,2015-11-01,Jack Rodwell,GB1,1,0,0,0,52
3050450_43530,3050450,43530,31,180,2019-03-03,Adam Lallana,GB1,0,0,0,0,6
3451022_95810,3451022,95810,13,762,2020-12-05,Kieran Trippier,ES1,0,0,0,2,90
3050558_61651,3050558,61651,31,1148,2019-05-04,Jordan Henderson,GB1,0,0,0,0,90
3079443_289236,3079443,289236,681,681,2018-11-04,Jon Bautista,ES1,0,0,0,0,1
2475352_73314,2475352,73314,3368,3368,2015-01-09,Jordi Xumetra,ES1,0,0,0,0,10
4113052_631002,4113052,631002,331,331,2023-09-03,Raúl García,ES1,0,0,0,0,62
3451408_59551,3451408,59551,16795,16795,2021-04-22,Ángel Montoro,ES1,0,0,0,0,71
3208650_223890,3208650,223890,1533,1533,2019-09-01,Rober Correa,ES1,0,0,0,0,4
3451037_197135,3451037,197135,681,2687,2020-12-13,Joseba Zaldua,ES1,1,0,0,0,90
2577946_33027,2577946,33027,762,1031,2015-08-29,Tim Krul,GB1,0,0,0,0,90
3844094_86202,3844094,86202,418,418,2022-08-14,Antonio Rüdiger,ES1,0,0,0,0,90
2698367_3881,2698367,3881,512,512,2017-05-06,Glen Johnson,GB1,0,0,0,0,90
4095242_730893,4095242,730893,873,873,2023-12-16,Tyrick Mitchell,GB1,0,0,0,0,90
3592272_249994,3592272,249994,543,543,2022-04-02,José Sá,GB1,0,0,0,0,90
2899705_263856,2899705,263856,150,150,2017-12-18,Víctor Camarasa,ES1,0,0,1,0,77
3421862_113036,3421862,113036,984,984,2021-01-16,Romaine Sawyers,GB1,0,0,0,0,90
2475550_15804,2475550,15804,621,621,2015-05-23,Andoni Iraola,ES1,0,0,1,0,65
2698178_70934,2698178,70934,281,940,2016-11-19,Nolito,GB1,1,0,0,1,67
2594558_40888,2594558,40888,621,621,2015-10-26,Beñat Etxebarria,ES1,0,0,0,1,83
3421852_212847,3421852,212847,1237,1237,2021-01-13,Adam Webster,GB1,1,0,0,0,90
3610276_631221,3610276,631221,16795,16795,2022-01-20,Isma Ruiz,ES1,0,0,0,0,59
3886655_335225,3886655,335225,237,237,2023-05-01,Manu Morlanes,ES1,0,0,0,0,73
2698416_44779,2698416,44779,631,543,2017-04-16,Diego Costa,GB1,1,0,0,0,90
2475471_153427,2475471,153427,993,367,2015-04-08,Bebé,ES1,0,0,0,0,90
3208792_278296,3208792,278296,237,237,2019-12-07,Antonio Raíllo,ES1,0,0,0,0,90
2872250_65976,2872250,65976,984,984,2017-11-28,Hal Robson-Kanu,GB1,0,0,1,0,90
2594845_164055,2594845,164055,1533,940,2016-05-15,David Juncà,ES1,0,0,0,0,90
3605296_65318,3605296,65318,237,237,2021-10-02,Jaume Costa,ES1,1,0,0,0,89
2718811_263627,2718811,263627,1108,1108,2016-11-05,Carlos Vigaray,ES1,0,0,0,0,19
3421704_413403,3421704,413403,405,405,2020-10-04,Ezri Konsa,GB1,0,0,0,0,90
3080867_93935,3080867,93935,368,366,2019-04-04,Sergio Escudero,ES1,1,0,0,0,90
2872415_44792,2872415,44792,984,984,2018-03-17,Kieran Gibbs,GB1,0,0,0,0,90
4113140_70245,4113140,70245,16795,16795,2023-10-30,Ignasi Miquel,ES1,0,0,0,0,90
2594482_176133,2594482,176133,472,472,2015-08-30,Hernán Santana,ES1,0,0,0,0,90
3886303_93936,3886303,93936,331,714,2022-09-12,Kike García,ES1,0,0,0,0,16
4087961_246963,4087961,246963,1031,1031,2023-09-01,Carlton Morris,GB1,0,0,0,1,90
2718809_72779,2718809,72779,150,150,2016-11-06,Álvaro Cejudo,ES1,1,0,0,0,90
3050233_241641,3050233,241641,281,281,2018-09-29,Bernardo Silva,GB1,0,0,0,0,90
3858326_59561,3858326,59561,1050,1050,2022-09-18,Dani Parejo,ES1,0,0,0,0,90
3208636_364603,3208636,364603,331,331,2020-07-19,José Manuel Arnáiz,ES1,0,0,0,1,90
3451033_505673,3451033,505673,3709,13,2020-12-12,Víctor Mollejo,ES1,0,0,0,0,1
2698333_48078,2698333,48078,1132,1132,2017-02-25,Sam Vokes,GB1,0,0,0,0,5
3605057_351809,3605057,351809,681,13,2021-08-22,Robin Le Normand,ES1,1,0,0,0,90
2475409_252677,2475409,252677,3368,3368,2015-02-15,José Luis Morales,ES1,0,0,0,0,90
2872243_19368,2872243,19368,148,148,2017-11-25,Mousa Dembélé,GB1,0,0,0,0,29
4112878_284854,4112878,284854,3709,1108,2023-12-08,Carles Aleñá,ES1,0,0,0,0,20
3838669_186186,3838669,186186,931,1003,2023-04-22,Bobby De Cordova-Reid,GB1,0,0,0,0,82
3838594_212847,3838594,212847,1237,1237,2023-05-28,Adam Webster,GB1,0,0,0,0,65
2718839_63689,2718839,63689,1533,1533,2016-12-04,Fran Rico,ES1,0,0,0,0,87
4113149_251876,4113149,251876,237,237,2023-10-28,Pablo Maffeo,ES1,0,0,0,0,1
3219255_61651,3219255,61651,31,1148,2020-01-11,Jordan Henderson,GB1,0,0,0,0,90
3886598_616369,3886598,616369,681,681,2023-03-19,Ander Barrenetxea,ES1,0,0,1,0,6
2475369_208890,2475369,208890,1084,3368,2015-01-18,Samu García,ES1,0,0,0,0,78
2578157_3547,2578157,3547,984,512,2016-03-01,Darren Fletcher,GB1,0,0,0,1,90
3886696_196948,3886696,196948,131,131,2023-05-23,Andreas Christensen,ES1,0,0,0,0,90
3451433_423444,3451433,423444,940,12321,2021-04-30,Fran Beltrán,ES1,0,0,0,0,61
3050293_249126,3050293,249126,148,1003,2018-11-24,Harry Winks,GB1,0,0,0,0,3
3837845_193116,3837845,193116,405,405,2022-08-28,John McGinn,GB1,0,0,0,0,90
2577997_49655,2577997,49655,984,984,2015-10-17,Rickie Lambert,GB1,0,0,0,0,19
4113134_927768,4113134,927768,2687,1132,2023-10-23,Lucas Pires,ES1,1,0,0,0,45
2475354_45256,2475354,45256,16795,2448,2015-01-11,Jean-Sylvain Babin,ES1,1,0,0,0,90
2872289_14221,2872289,14221,29,1132,2017-12-18,Aaron Lennon,GB1,0,0,0,0,79
4095207_340324,4095207,340324,11,873,2023-12-02,Eddie Nketiah,GB1,0,0,0,0,23
3219357_340329,3219357,340329,11,762,2019-11-23,Joe Willock,GB1,0,0,0,0,7
3080868_284854,3080868,284854,131,1108,2019-04-02,Carles Aleñá,ES1,1,0,0,0,17
3421812_425334,3421812,425334,405,405,2020-12-20,Matty Cash,GB1,0,0,0,0,90
3886292_618809,3886292,618809,331,3368,2022-10-02,Manu Sánchez,ES1,0,0,0,0,8
2718880_178187,2718880,178187,150,237,2017-01-14,Álex Alegría,ES1,1,0,0,0,82
2698248_61834,2698248,61834,3008,3008,2017-01-14,Ryan Mason,GB1,0,0,0,0,86
3429768_54383,3429768,54383,350,350,2021-03-14,John Fleck,GB1,0,0,0,0,90
2698291_65976,2698291,65976,984,984,2016-12-17,Hal Robson-Kanu,GB1,0,0,0,0,8
3838787_475188,3838787,475188,1003,29,2023-01-21,Kiernan Dewsbury-Hall,GB1,0,0,0,0,69
3838617_41416,3838617,41416,873,873,2023-05-13,James McArthur,GB1,0,0,0,0,9
3592248_129078,3592248,129078,180,1132,2022-03-13,Nathan Redmond,GB1,0,0,0,0,16
3210103_108390,3210103,108390,418,418,2020-07-05,Thibaut Courtois,ES1,0,0,0,0,90
3219118_346707,3219118,346707,762,399,2020-03-07,Sean Longstaff,GB1,0,0,0,0,11
3886626_826224,3886626,826224,12321,12321,2023-04-16,Arnau Martínez,ES1,0,0,0,0,90
3610409_204103,3610409,204103,131,379,2022-03-06,Adama Traoré,ES1,0,0,0,0,15
3591988_324358,3591988,324358,405,405,2021-09-25,Ollie Watkins,GB1,0,0,0,0,90
3450976_251897,3450976,251897,621,1108,2020-10-24,Asier Villalibre,ES1,0,0,0,0,12
3050455_183318,3050455,183318,762,762,2019-03-02,Jamaal Lascelles,GB1,0,0,0,0,90
3838623_648195,3838623,648195,631,631,2023-05-06,Enzo Fernández,GB1,0,0,0,0,90
2698195_32522,2698195,32522,641,1531,2016-12-26,Antonio Barragán,GB1,1,0,0,0,90
3429811_66934,3429811,66934,873,703,2021-05-11,Cheikhou Kouyaté,GB1,1,0,0,0,90
3592103_40613,3592103,40613,1132,1132,2022-02-19,Jack Cork,GB1,1,0,0,0,90
3208794_158795,3208794,158795,3709,3709,2019-12-08,David Timor,ES1,0,0,0,0,1
3592218_583189,3592218,583189,985,762,2022-04-16,Anthony Elanga,GB1,0,0,0,1,90
2698009_2857,2698009,2857,3008,29,2016-08-27,Eldin Jakupovic,GB1,0,0,0,0,90
2872377_57842,2872377,57842,1110,1110,2018-02-11,Christopher Schindler,GB1,0,0,0,0,90
3451031_89733,3451031,89733,2687,2687,2020-12-14,Álex Fernández,ES1,0,0,0,0,90
2486734_37148,2486734,37148,405,405,2015-02-28,Gabriel Agbonlahor,GB1,1,0,0,0,73
2718852_129444,2718852,129444,714,12321,2016-12-11,David López,ES1,0,0,0,0,90
2718734_177065,2718734,177065,897,1237,2016-09-11,Florin Andone,ES1,0,0,0,0,90
3838718_470607,3838718,470607,703,873,2023-03-17,Brennan Johnson,GB1,0,0,0,0,90
3610297_341110,3610297,341110,940,940,2022-01-22,Franco Cervi,ES1,1,0,1,0,65
3080883_125781,3080883,125781,13,13,2019-04-13,Antoine Griezmann,ES1,1,0,1,1,90
3611484_284854,3611484,284854,3709,1108,2022-05-08,Carles Aleñá,ES1,0,0,0,0,25
2899896_25316,2899896,25316,150,150,2018-05-05,Rubén Castro,ES1,0,0,0,0,27
2594520_127554,2594520,127554,367,366,2015-09-23,Nacho Martínez,ES1,1,0,0,0,90
3605331_268670,3605331,268670,1531,367,2021-10-23,Gerard Gumbau,ES1,0,0,0,0,26
3219145_128969,3219145,128969,1237,3368,2020-03-07,Mathew Ryan,GB1,0,0,0,0,90
3607615_85258,3607615,85258,621,621,2022-01-03,Mikel Balenziaga,ES1,0,0,0,0,90
2594770_40428,2594770,40428,367,1050,2016-03-19,Manuel Iturra,ES1,0,0,0,0,56
2899614_25557,2899614,25557,418,368,2017-10-14,Sergio Ramos,ES1,0,0,0,0,90
3886677_221311,3886677,221311,366,366,2023-05-14,Iván Sánchez,ES1,0,0,0,0,31
3607597_225593,3607597,225593,1531,714,2021-12-11,Pere Milla,ES1,0,0,0,0,45
2899826_57229,2899826,57229,131,131,2018-03-18,Paulinho,ES1,0,0,0,0,90
3208633_480267,3208633,480267,131,131,2020-07-19,Ronald Araujo,ES1,0,0,0,0,90
2475366_141835,2475366,141835,3709,714,2015-01-18,Álvaro Vázquez,ES1,0,0,0,0,90
2594644_142031,2594644,142031,2448,237,2016-01-04,Omar Mascarell,ES1,0,0,0,0,90
3210022_138935,3210022,138935,1533,1533,2020-06-14,Sergio Álvarez,ES1,0,0,0,0,90
3583482_346707,3583482,346707,762,399,2021-08-15,Sean Longstaff,GB1,0,0,0,0,5
2578179_3356,2578179,3356,989,989,2016-03-05,Sylvain Distin,GB1,0,0,0,0,1
2475451_7767,2475451,7767,13,13,2015-03-21,Fernando Torres,ES1,0,0,1,0,90
4113129_227961,4113129,227961,3709,472,2023-10-21,Jaime Mata,ES1,0,0,0,0,64
2594547_357885,2594547,357885,1084,150,2015-10-17,Pablo Fornals,ES1,0,0,0,0,90
3592107_357565,3592107,357565,281,281,2022-02-19,Rodri,GB1,0,0,0,0,90
3610406_399776,3610406,399776,1050,405,2022-03-05,Pau Torres,ES1,0,0,0,0,90
2594766_252677,2594766,252677,3368,3368,2016-03-19,José Luis Morales,ES1,0,0,0,0,81
3219244_135343,3219244,135343,762,762,2020-01-21,Fabian Schär,GB1,0,0,0,0,12
2718934_34601,2718934,34601,621,621,2017-02-19,Raúl García,ES1,1,0,0,0,90
3210139_58799,3210139,58799,237,237,2020-07-16,Salva Sevilla,ES1,1,0,0,0,90
3605209_480763,3605209,480763,1050,1050,2021-09-19,Juan Foyth,ES1,0,0,0,0,90
3611498_121483,3611498,121483,13,13,2022-05-11,Jan Oblak,ES1,0,0,0,0,90
2698313_36939,2698313,36939,989,989,2017-03-11,Marc Pugh,GB1,1,0,0,0,90
3080809_115333,3080809,115333,12321,12321,2019-02-17,Juanpe,ES1,0,0,0,0,90
3592105_158764,3592105,158764,399,399,2022-02-20,Stuart Dallas,GB1,0,0,0,0,90
2594769_96718,2594769,96718,621,621,2016-03-20,Óscar de Marcos,ES1,0,0,0,0,90
2872166_209212,2872166,209212,1237,1237,2017-09-24,Solly March,GB1,0,0,0,0,90
2475392_93330,2475392,93330,993,993,2015-02-08,Deivid,ES1,0,0,0,0,83
3080840_108390,3080840,108390,418,418,2019-03-10,Thibaut Courtois,ES1,1,0,0,0,90
3219128_249356,3219128,249356,989,989,2020-03-07,Jack Stacey,GB1,0,0,0,0,90
4112877_488626,4112877,488626,331,621,2023-12-10,Jesús Areso,ES1,0,0,0,0,90
3838238_339340,3838238,339340,985,985,2022-11-13,Tyrell Malacia,GB1,0,0,0,0,90
2718867_246291,2718867,246291,1084,150,2016-12-17,Diego Llorente,ES1,0,0,0,0,90
3451111_337946,3451111,337946,2687,2687,2021-01-31,Jairo Izquierdo,ES1,1,0,0,0,87
3208805_255653,3208805,255653,940,940,2019-12-15,Santi Mina,ES1,1,0,0,0,24
2577970_31642,2577970,31642,512,512,2015-09-26,Geoff Cameron,GB1,0,0,0,0,90
3607623_93936,3607623,93936,331,714,2022-01-09,Kike García,ES1,0,0,0,1,90
2698170_66934,2698170,66934,379,703,2016-11-05,Cheikhou Kouyaté,GB1,0,0,0,0,90
2594619_71559,2594619,71559,621,3709,2015-12-13,Xabi Etxeita,ES1,0,0,0,0,90
3592052_391005,3592052,391005,1148,180,2022-01-19,Mads Roerslev,GB1,0,0,0,0,90
2698125_68183,2698125,68183,3008,3008,2016-10-01,David Meyler,GB1,0,0,0,0,90
3451153_16306,3451153,16306,418,985,2021-02-14,Casemiro,ES1,0,0,0,0,90
2594569_29124,2594569,29124,621,621,2015-11-01,Aritz Aduriz,ES1,0,0,0,1,90
3886322_93935,3886322,93935,366,366,2022-10-16,Sergio Escudero,ES1,1,0,0,0,90
3592029_163744,3592029,163744,180,180,2021-09-11,Jack Stephens,GB1,1,0,0,0,90
3886689_330659,3886689,330659,1049,989,2023-05-21,Justin Kluivert,ES1,1,0,0,0,90
2718931_153238,2718931,153238,472,3302,2017-02-20,Jonathan Viera,ES1,0,0,0,0,90
3886685_195488,3886685,195488,12321,12321,2023-05-20,Paulo Gazzaniga,ES1,0,0,0,0,90
3219180_148368,3219180,148368,31,703,2020-07-02,Divock Origi,GB1,0,0,0,0,28
4113075_74229,4113075,74229,13,13,2023-11-25,Koke,ES1,0,0,0,0,63
3208750_228917,3208750,228917,3368,3368,2019-10-30,Jorge Miramón,ES1,0,0,0,0,90
3208651_278359,3208651,278359,150,940,2019-08-31,Borja Iglesias,ES1,0,0,0,0,18
2872419_207014,2872419,207014,1010,873,2018-03-17,Will Hughes,GB1,0,0,0,0,25
3050259_88590,3050259,88590,11,3368,2018-10-28,Shkodran Mustafi,GB1,0,0,0,0,90
3838726_314875,3838726,314875,379,379,2023-03-12,Jarrod Bowen,GB1,0,0,0,0,90
3837856_349701,3837856,349701,931,931,2022-08-30,Antonee Robinson,GB1,1,0,0,0,90
3079312_73250,3079312,73250,1050,1050,2018-08-18,Mario Gaspar,ES1,0,0,0,0,90
3208642_51426,3208642,51426,3709,3709,2019-08-24,Markel Bergara,ES1,1,0,0,0,49
4095198_627248,4095198,627248,29,29,2023-11-26,Lewis Dobbin,GB1,0,0,0,0,1
3421827_314210,3421827,314210,29,350,2021-02-17,Tom Davies,GB1,0,0,0,0,69
2698166_61592,2698166,61592,873,873,2016-12-03,James Tomkins,GB1,1,0,1,0,89
3050217_67063,3050217,67063,11,1237,2018-09-23,Danny Welbeck,GB1,0,0,0,0,10
2475372_65239,2475372,65239,367,367,2015-01-24,Jorge Morcillo,ES1,0,0,0,0,90
3451025_57825,3451025,57825,16795,16795,2020-12-06,Jorge Molina,ES1,0,0,1,0,12
3210075_203496,3210075,203496,150,150,2020-06-25,Nabil Fekir,ES1,0,0,0,0,80
3050172_10003,3050172,10003,1003,1003,2018-08-10,Wes Morgan,GB1,0,0,0,0,90
2899737_298976,2899737,298976,418,3709,2018-01-21,Borja Mayoral,ES1,0,0,0,0,64
3451137_221150,3451137,221150,3709,3709,2021-02-06,Dakonam Djené,ES1,0,1,0,0,54
3838254_431755,3838254,431755,148,148,2022-12-26,Dejan Kulusevski,GB1,0,0,0,0,90
2578138_63494,2578138,63494,1010,1050,2016-02-13,Étienne Capoue,GB1,0,0,0,0,71
3605219_423444,3605219,423444,940,12321,2021-09-21,Fran Beltrán,ES1,0,0,0,0,90
3886661_125781,3886661,125781,13,13,2023-05-03,Antoine Griezmann,ES1,0,0,2,0,90
2475352_35540,2475352,35540,3368,3368,2015-01-09,Víctor Casadesús,ES1,1,0,0,0,90
3219073_477758,3219073,477758,985,379,2019-09-22,Aaron Wan-Bissaka,GB1,0,0,0,0,90
2486846_26399,2486846,26399,281,131,2015-05-24,Sergio Agüero,GB1,0,0,1,0,90
3050451_131978,3050451,131978,631,405,2019-03-03,Ross Barkley,GB1,0,0,0,0,78
3208782_369081,3208782,369081,418,418,2019-11-30,Federico Valverde,ES1,0,0,0,0,10
3210075_342385,3210075,342385,150,1049,2020-06-25,Guido Rodríguez,ES1,1,0,0,0,90
4113048_225462,4113048,225462,2687,2687,2023-09-01,José Mari,ES1,0,0,0,0,1
3451424_85258,3451424,85258,621,621,2021-04-28,Mikel Balenziaga,ES1,0,0,0,0,90
3080769_221150,3080769,221150,3709,3709,2019-01-18,Dakonam Djené,ES1,0,0,0,0,90
3080863_99353,3080863,99353,12321,12321,2019-04-02,Portu,ES1,0,0,0,0,69
2578181_131996,2578181,131996,631,289,2016-05-11,Bertrand Traoré,GB1,0,0,0,0,74
2872419_63494,2872419,63494,1010,1050,2018-03-17,Étienne Capoue,GB1,0,0,0,0,90
3429860_183334,3429860,183334,399,399,2021-05-18,Patrick Bamford,GB1,0,0,1,0,90
4095154_314875,4095154,314875,379,379,2023-10-08,Jarrod Bowen,GB1,0,0,0,0,90
3421844_192765,3421844,192765,148,148,2021-03-21,Ben Davies,GB1,0,0,0,0,33
3219301_262980,3219301,262980,989,873,2019-12-21,Jefferson Lerma,GB1,0,0,0,0,90
3219170_321247,3219170,321247,1123,405,2020-06-24,Emiliano Buendía,GB1,0,0,0,0,19
2475454_41281,2475454,41281,368,368,2015-03-22,Nicolás Pareja,ES1,0,0,0,0,90
3592310_192765,3592310,192765,148,148,2022-01-01,Ben Davies,GB1,0,0,0,0,90
3838207_43530,3838207,43530,1237,180,2022-10-29,Adam Lallana,GB1,0,0,0,0,65
3079392_459463,3079392,459463,5358,150,2018-09-25,Cucho Hernández,ES1,0,0,0,0,45
3079371_238868,3079371,238868,1533,331,2018-09-15,Rubén Peña,ES1,0,0,0,0,90
2698251_7589,2698251,7589,641,641,2017-01-21,Víctor Valdés,GB1,0,0,0,0,90
2475435_175446,2475435,175446,940,1108,2015-03-08,Jonny Otto,ES1,0,0,0,0,90
2899877_216464,2899877,216464,368,681,2018-04-27,Carlos Fernández,ES1,0,0,1,0,71
4113049_129444,4113049,129444,12321,12321,2023-09-03,David López,ES1,1,0,0,0,90
2594807_60890,2594807,60890,940,366,2016-04-19,Fabián Orellana,ES1,0,0,0,1,90
3209810_127837,3209810,127837,621,621,2020-02-09,Ibai Gómez,ES1,0,0,0,0,90
2577939_253677,2577939,253677,989,405,2015-08-29,Tyrone Mings,GB1,0,0,0,0,12
3219424_381362,3219424,381362,405,405,2019-08-31,Wesley Moraes,GB1,0,0,0,0,85
2899648_255501,2899648,255501,621,621,2017-11-05,Iñigo Lekue,ES1,0,0,0,0,16
2899744_127837,2899744,127837,1108,621,2018-01-21,Ibai Gómez,ES1,0,0,0,0,90
3886466_340867,3886466,340867,3709,3709,2022-12-30,Jaime Seoane,ES1,0,0,0,0,6
3421706_212847,3421706,212847,1237,1237,2020-10-03,Adam Webster,GB1,0,0,0,0,90
2872443_14221,2872443,14221,1132,1132,2018-04-07,Aaron Lennon,GB1,0,0,0,0,81
2578277_61592,2578277,61592,379,873,2016-01-02,James Tomkins,GB1,0,0,0,0,90
4112872_495621,4112872,495621,1108,1108,2023-12-21,Antonio Blanco,ES1,0,0,0,0,90
3208669_76273,3208669,76273,1108,1108,2019-09-22,Manu García,ES1,0,0,0,0,56
3081106_127837,3081106,127837,621,621,2019-05-05,Ibai Gómez,ES1,0,0,0,0,22
2486718_39010,2486718,39010,289,289,2015-02-10,Jordi Gómez,GB1,0,0,0,0,45
3079430_252677,3079430,252677,3368,3368,2018-10-20,José Luis Morales,ES1,0,0,1,0,90
2594744_70934,2594744,70934,940,940,2016-03-05,Nolito,ES1,1,0,0,0,90
2698234_19059,2698234,19059,1010,1010,2016-12-26,Heurelho Gomes,GB1,0,0,0,0,90
2899855_129444,2899855,129444,714,12321,2018-04-08,David López,ES1,0,0,0,0,90
3838791_14086,3838791,14086,405,29,2023-01-13,Ashley Young,GB1,0,0,0,0,90
2899863_282411,2899863,282411,418,13,2018-04-28,Marcos Llorente,ES1,0,0,0,0,90
2475427_142023,2475427,142023,621,621,2015-03-01,Guillermo Fernández,ES1,0,0,0,0,62
2872120_258923,2872120,258923,985,131,2017-08-13,Marcus Rashford,GB1,0,0,0,1,80
4095273_330659,4095273,330659,989,989,2023-12-31,Justin Kluivert,GB1,1,0,0,0,61
3219315_126600,3219315,126600,1123,1123,2019-12-08,Kenny McLean,GB1,0,0,0,0,90
3592251_431755,3592251,431755,148,148,2022-04-03,Dejan Kulusevski,GB1,0,0,0,1,76
3610558_93935,3610558,93935,16795,366,2022-03-19,Sergio Escudero,ES1,1,0,1,0,90
3838194_585550,3838194,585550,180,512,2022-10-23,Gavin Bazunu,GB1,0,0,0,0,90
3886564_413112,3886564,413112,418,418,2023-02-25,Aurélien Tchouaméni,ES1,0,0,0,0,27
2698231_43530,2698231,43530,31,180,2016-12-14,Adam Lallana,GB1,0,0,2,1,82
3451017_99353,3451017,99353,681,12321,2020-11-29,Portu,ES1,0,0,0,0,20
2718863_129444,2718863,129444,714,12321,2016-12-18,David López,ES1,0,0,1,0,90
3219157_134270,3219157,134270,1237,762,2020-07-20,Dan Burn,GB1,0,0,0,0,90
3605208_72047,3605208,72047,940,940,2021-09-17,Iago Aspas,ES1,0,0,0,0,90
2578065_73491,2578065,73491,1003,631,2015-12-14,Danny Drinkwater,GB1,0,0,0,0,17
3837979_399434,3837979,399434,989,989,2022-09-03,Marcus Tavernier,GB1,0,0,0,0,90
3050184_121398,3050184,121398,1110,1110,2018-08-19,Tommy Smith,GB1,0,0,0,0,90
3451155_177467,3451155,177467,1050,1050,2021-02-14,Gerard Moreno,ES1,0,0,1,0,90
4113130_525578,4113130,525578,367,367,2023-12-02,Pathé Ciss,ES1,0,0,0,0,90
2594733_64399,2594733,64399,3709,940,2016-03-01,Vicente Guaita,ES1,0,0,0,0,90
4087939_134270,4087939,134270,762,762,2023-08-19,Dan Burn,GB1,0,0,0,0,90
3219401_128901,3219401,128901,543,1003,2019-10-06,Conor Coady,GB1,0,0,0,0,90
2718715_175323,2718715,175323,714,3368,2016-08-20,Óscar Duarte,ES1,0,0,0,0,37
2594787_59349,2594787,59349,3368,3302,2016-04-09,Diego Mariño,ES1,0,0,0,0,90
3429835_258878,3429835,258878,931,631,2021-05-10,Tosin Adarabioyo,GB1,0,0,0,0,74
3450999_369081,3450999,369081,418,418,2020-11-08,Federico Valverde,ES1,0,0,0,0,76
3886336_429983,3886336,429983,940,873,2022-10-19,Jørgen Strand Larsen,ES1,0,0,0,1,90
3451458_571020,3451458,571020,621,621,2021-05-12,Oihan Sancet,ES1,0,0,0,0,90
3611502_268670,3611502,268670,1531,367,2022-05-15,Gerard Gumbau,ES1,0,0,0,0,75
3208838_277384,3208838,277384,237,237,2020-01-19,Martin Valjent,ES1,0,0,0,0,90
3451194_311044,3451194,311044,2687,367,2021-03-06,Alfonso Espino,ES1,0,0,0,1,90
3050327_112515,3050327,112515,631,940,2018-12-16,Marcos Alonso,GB1,1,0,0,0,90
3886301_35047,3886301,35047,13,12321,2022-09-10,Axel Witsel,ES1,0,0,0,0,90
4087951_184573,4087951,184573,985,405,2023-08-26,Victor Lindelöf,GB1,0,0,0,0,45
3050219_13573,3050219,13573,989,989,2018-09-22,Simon Francis,GB1,0,0,0,0,45
3080798_189453,3080798,189453,1244,3709,2019-02-10,Jonathan Silva,ES1,0,0,0,1,90
3429728_42412,3429728,42412,1003,985,2021-02-13,Jonny Evans,GB1,1,0,0,0,90
3592212_74943,3592212,74943,1010,1010,2022-02-08,Juraj Kucka,GB1,0,0,0,0,90
3451088_127554,3451088,127554,366,366,2021-01-10,Nacho Martínez,ES1,0,0,0,0,90
3210005_177467,3210005,177467,1050,1050,2020-03-08,Gerard Moreno,ES1,0,0,1,0,90
2899821_56067,2899821,56067,714,1531,2018-03-17,Pablo Piatti,ES1,0,0,0,0,45
3607547_298575,3607547,298575,331,331,2021-11-07,Kike Barja,ES1,0,0,0,0,71
3886389_298583,3886389,298583,1049,1049,2022-10-29,Eray Cömert,ES1,0,0,0,0,90
2594544_45912,2594544,45912,940,940,2015-10-18,Sergio Álvarez,ES1,0,0,0,0,90
2698132_44983,2698132,44983,989,1010,2016-10-15,Dan Gosling,GB1,0,0,1,0,11
2872314_44792,2872314,44792,984,984,2017-12-26,Kieran Gibbs,GB1,0,0,0,0,90
3219303_378710,3219303,378710,29,148,2019-12-21,Richarlison,GB1,0,0,0,0,90
3429706_306024,3429706,306024,29,399,2021-02-03,Dominic Calvert-Lewin,GB1,0,0,1,0,90
2698004_45330,2698004,45330,984,984,2016-08-20,Claudio Yacob,GB1,0,0,0,0,90
3050283_287431,3050283,287431,931,931,2018-11-11,Alfie Mawson,GB1,0,0,0,0,90
3421779_413220,3421779,413220,1003,399,2020-12-06,James Justin,GB1,0,0,0,0,90
2486845_28810,2486845,28810,1039,1039,2015-05-24,Nedum Onuoha,GB1,0,0,0,0,90
4095142_646658,4095142,646658,1132,1132,2023-09-30,Aaron Ramsey,GB1,0,0,0,0,67
3607591_191217,3607591,191217,150,150,2021-12-12,Héctor Bellerín,ES1,0,0,0,0,90
3429831_73547,3429831,73547,350,350,2021-05-02,Oliver Norwood,GB1,0,0,0,0,90
3421753_128969,3421753,128969,1237,3368,2020-11-21,Mathew Ryan,GB1,0,0,0,0,90
3451086_71905,3451086,71905,3368,3368,2021-01-10,Coke,ES1,0,0,0,0,10
3081122_72047,3081122,72047,940,940,2019-05-18,Iago Aspas,ES1,0,0,2,0,90
3592029_283628,3592029,283628,379,379,2021-09-11,Tomáš Souček,GB1,0,0,0,0,90
3838674_340325,3838674,340325,11,1148,2023-04-21,Reiss Nelson,GB1,0,0,0,0,5
3451073_235412,3451073,235412,366,142,2021-01-02,Jawad El Yamiq,ES1,0,0,0,0,90
3451460_254037,3451460,254037,2687,2687,2021-05-11,Iza Carcelén,ES1,1,0,0,0,90
3837828_64399,3837828,64399,873,940,2022-08-15,Vicente Guaita,GB1,1,0,0,0,90
3210080_199321,3210080,199321,940,12321,2020-06-24,Rubén Blanco,ES1,0,0,0,0,90
3081101_139895,3081101,139895,1108,1108,2019-05-04,Tomás Pina,ES1,0,0,0,0,90
2594750_246291,2594750,246291,367,150,2016-03-07,Diego Llorente,ES1,0,0,0,0,90
2594566_73314,2594566,73314,3368,3368,2015-10-31,Jordi Xumetra,ES1,0,0,0,0,9
3591981_537382,3591981,537382,148,12321,2021-09-26,Bryan Gil,GB1,0,0,0,0,20
2486763_246968,2486763,246968,762,1050,2015-03-21,Ayoze Pérez,GB1,0,0,0,0,90
2899777_59561,2899777,59561,1049,1050,2018-02-04,Dani Parejo,ES1,0,0,0,0,90
2899801_73319,2899801,73319,681,681,2018-03-01,Alberto de la Bella,ES1,0,0,0,0,90
3050240_67063,3050240,67063,11,1237,2018-10-07,Danny Welbeck,GB1,0,0,0,1,62
4095206_249089,4095206,249089,989,989,2023-12-03,Lewis Cook,GB1,0,0,0,0,90
2698257_42411,2698257,42411,873,873,2017-01-03,Fraizer Campbell,GB1,0,0,0,0,45
3838680_16306,3838680,16306,985,985,2023-04-16,Casemiro,GB1,0,0,0,0,90
3210104_121483,3210104,121483,13,13,2020-07-03,Jan Oblak,ES1,0,0,0,0,90
3429771_335721,3429771,335721,1237,11,2021-03-14,Ben White,GB1,0,0,0,0,90
2718989_197545,2718989,197545,1533,621,2017-04-01,Ander Capa,ES1,0,0,0,0,40
4113073_203516,4113073,203516,472,472,2023-09-27,Nuke Mfulu,ES1,0,0,0,0,45
3844093_785353,3844093,785353,331,1108,2022-08-12,Pablo Ibáñez,ES1,0,0,0,0,9
3886557_434990,3886557,434990,681,3709,2023-02-18,Álex Sola,ES1,0,0,0,0,2
2698096_242631,2698096,242631,11,931,2016-09-17,Alex Iwobi,GB1,0,0,0,2,77
3429869_378710,3429869,378710,29,148,2021-05-23,Richarlison,GB1,1,0,0,0,78
2486665_132,2486665,132,11,11,2015-01-01,Tomas Rosicky,GB1,0,0,0,0,90
2578020_12691,2578020,12691,379,379,2015-10-31,James Collins,GB1,0,1,0,0,84
2872211_3333,2872211,3333,31,1237,2017-10-28,James Milner,GB1,0,0,0,1,90
3451050_93936,3451050,93936,1533,714,2020-12-23,Kike García,ES1,0,0,0,0,90
2594828_255508,2594828,255508,621,621,2016-05-01,Iñaki Williams,ES1,0,0,0,1,31
3583519_655488,3583519,655488,11,11,2021-08-22,Gabriel Martinelli,GB1,0,0,0,0,79
2578138_45494,2578138,45494,873,703,2016-02-13,Wayne Hennessey,GB1,0,0,0,0,90
3219072_134270,3219072,134270,1237,762,2019-09-21,Dan Burn,GB1,0,0,0,0,90
3592047_204103,3592047,204103,543,379,2021-10-23,Adama Traoré,GB1,0,0,0,0,76
3219309_34130,3219309,34130,405,985,2019-12-14,Tom Heaton,GB1,0,0,0,0,90
3605304_342385,3605304,342385,150,1049,2021-10-18,Guido Rodríguez,ES1,0,0,0,0,1
3210001_29051,3210001,29051,237,237,2020-03-07,Manolo Reina,ES1,1,0,0,0,90
3050182_66100,3050182,66100,180,12321,2018-08-18,Oriol Romeu,GB1,1,0,0,0,72
2698266_192765,2698266,192765,148,148,2017-02-26,Ben Davies,GB1,0,0,0,0,90
3080793_118997,3080793,118997,3368,331,2019-02-11,Aitor Fernández,ES1,0,0,0,0,90
2718727_249513,2718727,249513,1244,3709,2016-08-27,Diego Rico,ES1,0,0,0,0,90
3219370_148153,3219370,148153,1237,1237,2019-11-02,Lewis Dunk,GB1,0,0,0,0,90
4113058_657430,4113058,657430,237,237,2023-10-07,Samú Costa,ES1,1,0,0,0,74
3080800_238868,3080800,238868,1533,331,2019-02-10,Rubén Peña,ES1,0,0,0,0,90
3592187_687626,3592187,687626,1237,631,2022-05-07,Moisés Caicedo,GB1,0,0,1,0,90
2899746_40888,2899746,40888,621,621,2018-02-04,Beñat Etxebarria,ES1,0,0,0,0,62
2486796_20007,2486796,20007,281,379,2015-04-19,Pablo Zabaleta,GB1,0,0,0,0,90
3591997_215876,3591997,215876,1003,1003,2021-08-28,Ricardo Pereira,GB1,0,0,0,1,11
2698321_3333,2698321,3333,31,1237,2017-04-01,James Milner,GB1,0,0,0,0,90
3592234_67420,3592234,67420,399,399,2022-04-25,Luke Ayling,GB1,0,0,0,0,90
2698201_36814,2698201,36814,984,984,2016-12-03,Chris Brunt,GB1,0,0,1,1,80
2594555_252677,2594555,252677,3368,3368,2015-10-25,José Luis Morales,ES1,0,0,0,0,90
3219396_472423,3219396,472423,631,631,2019-10-19,Reece James,GB1,0,0,0,0,1
3838000_260827,3838000,260827,873,931,2023-03-15,Joachim Andersen,GB1,0,0,0,0,90
3431939_71918,3431939,71918,5358,5358,2020-09-30,David Ferreiro,ES1,0,0,0,0,82
2698252_406040,2698252,406040,29,13,2017-01-21,Ademola Lookman,GB1,0,0,0,0,18
2719076_16306,2719076,16306,418,985,2017-05-14,Casemiro,ES1,0,0,0,0,29
3050249_186186,3050249,186186,603,1003,2018-10-20,Bobby De Cordova-Reid,GB1,0,0,1,1,90
2718938_175323,2718938,175323,714,3368,2017-02-26,Óscar Duarte,ES1,0,0,0,0,90
3050513_277033,3050513,277033,989,989,2019-04-13,David Brooks,GB1,0,0,1,1,90
3219233_108725,3219233,108725,1132,703,2020-02-02,Chris Wood,GB1,0,0,0,0,90
2872293_101682,2872293,101682,1110,1110,2017-12-16,Scott Malone,GB1,0,0,0,0,45
3219174_90836,3219174,90836,989,703,2020-07-01,Steve Cook,GB1,0,0,0,0,80
2872172_112515,2872172,112515,631,940,2017-09-23,Marcos Alonso,GB1,1,0,0,0,59
2899927_370691,2899927,370691,150,150,2018-05-19,Francis Guerrero,ES1,0,0,0,0,90
3451079_455181,3451079,455181,3368,367,2021-01-02,Jorge de Frutos,ES1,0,0,0,0,27
2698249_57079,2698249,57079,289,350,2017-01-14,Jack Rodwell,GB1,0,0,0,0,90
3079442_247250,3079442,247250,366,2687,2018-11-03,Rubén Alcaraz,ES1,0,0,0,0,90
3208658_371998,3208658,371998,418,418,2019-09-01,Vinicius Junior,ES1,0,0,0,0,16
2475422_42373,2475422,42373,1049,940,2015-03-01,Diego Alves,ES1,0,0,0,0,90
3079430_67548,3079430,67548,3368,16795,2018-10-20,Rubén Rochina,ES1,0,0,0,0,67
3610376_59344,3610376,59344,681,681,2022-02-27,Asier Illarramendi,ES1,0,0,0,0,71
4095212_95424,4095212,95424,281,1132,2023-12-03,Kyle Walker,GB1,0,0,0,0,90
3081082_35939,3081082,35939,1049,1049,2019-04-24,Ezequiel Garay,ES1,0,0,0,0,90
3605302_342385,3605302,342385,150,1049,2021-10-03,Guido Rodríguez,ES1,1,0,0,0,90
3079407_142021,3079407,142021,714,237,2018-09-28,Sergi Darder,ES1,0,0,0,0,3
2899764_197135,2899764,197135,1244,2687,2018-02-04,Joseba Zaldua,ES1,1,0,0,0,90
3210111_73250,3210111,73250,1050,1050,2020-07-05,Mario Gaspar,ES1,0,0,0,0,90
2577999_74768,2577999,74768,1010,641,2015-10-24,Adlène Guédioura,GB1,0,0,0,0,1
3451452_221315,3451452,221315,940,940,2021-05-09,Kevin Vázquez,ES1,0,0,0,0,22
3080878_94308,3080878,94308,1533,714,2019-04-06,Marko Dmitrovic,ES1,0,0,0,0,90
2475416_71601,2475416,71601,1533,1533,2015-02-22,Txema Añibarro,ES1,0,0,0,0,90
3050552_480763,3050552,480763,148,1050,2019-05-04,Juan Foyth,GB1,0,1,0,0,3
2698372_234803,2698372,234803,3008,31,2017-05-06,Andrew Robertson,GB1,0,0,0,0,90
2577889_43003,2577889,43003,11,681,2015-08-16,Nacho Monreal,GB1,0,0,0,0,90
3219407_36291,3219407,36291,1237,1237,2019-09-28,Gaëtan Bong,GB1,0,0,0,0,45
2719055_42373,2719055,42373,1049,940,2017-04-29,Diego Alves,ES1,0,0,0,0,90
3886556_340205,3886556,340205,621,621,2023-02-19,Gorka Guruzeta,ES1,0,0,0,0,22
3421770_66100,3421770,66100,180,12321,2020-11-29,Oriol Romeu,GB1,0,0,0,0,90
3080776_398184,3080776,398184,1049,131,2019-01-26,Ferran Torres,ES1,0,0,0,1,13
2475487_55240,2475487,55240,3302,1244,2015-04-11,Mauro dos Santos,ES1,1,0,0,0,90
3885847_340867,3885847,340867,3709,3709,2022-08-28,Jaime Seoane,ES1,0,0,0,0,73
3605040_423444,3605040,423444,940,12321,2021-08-15,Fran Beltrán,ES1,0,0,0,0,16
3611492_213670,3611492,213670,331,331,2022-05-11,Lucas Torró,ES1,0,0,0,0,90
4113170_573775,4113170,573775,1049,1049,2023-09-16,Hugo Duro,ES1,0,0,2,0,83
3219184_319301,3219184,319301,985,399,2020-06-24,Daniel James,GB1,0,0,0,0,10
3219341_333241,3219341,333241,762,762,2019-11-30,Joelinton,GB1,0,0,0,0,69
2718898_142419,2718898,142419,681,331,2017-01-29,Raúl Navas,ES1,0,0,0,0,90
3050228_249089,3050228,249089,989,989,2018-10-01,Lewis Cook,GB1,0,0,0,0,90
2594780_176285,2594780,176285,16795,16795,2016-04-03,Isaac Cuenca,ES1,0,0,0,0,90
3210075_140436,3210075,140436,714,714,2020-06-25,Lei Wu,ES1,0,0,0,0,34
3429691_230784,3429691,230784,11,1050,2021-01-26,Thomas Partey,GB1,0,0,0,0,78
2698401_406040,2698401,406040,29,13,2017-04-22,Ademola Lookman,GB1,0,0,0,0,45
2872386_67063,2872386,67063,11,1237,2018-03-01,Danny Welbeck,GB1,0,0,0,0,90
3610560_342385,3610560,342385,150,1049,2022-03-20,Guido Rodríguez,ES1,0,0,0,0,90
2698111_41416,2698111,41416,873,873,2016-09-24,James McArthur,GB1,0,0,1,1,90
3451440_255501,3451440,255501,621,621,2021-05-03,Iñigo Lekue,ES1,0,0,0,0,21
2578105_67416,2578105,67416,2288,405,2016-01-18,Neil Taylor,GB1,0,0,0,0,90
3592271_249994,3592271,249994,543,543,2022-03-18,José Sá,GB1,0,0,0,0,90
2578257_19059,2578257,19059,1010,1010,2016-04-30,Heurelho Gomes,GB1,0,0,0,0,90
3838771_321247,3838771,321247,405,405,2023-02-04,Emiliano Buendía,GB1,0,0,0,0,90
3592300_283628,3592300,283628,379,379,2021-12-28,Tomáš Souček,GB1,0,0,1,0,90
2899707_57229,2899707,57229,131,131,2017-12-17,Paulinho,ES1,0,0,2,0,90
2719059_128295,2719059,128295,1244,367,2017-05-08,Tito,ES1,1,0,0,0,90
4095256_123275,4095256,123275,931,931,2023-12-26,Tom Cairney,GB1,0,0,0,0,83
2698169_14066,2698169,14066,2288,2288,2016-11-06,Wayne Routledge,GB1,0,0,0,0,45
2475385_7512,2475385,7512,1533,366,2015-01-31,Borja Fernández,ES1,0,0,0,0,90
4095071_135343,4095071,135343,762,762,2023-09-24,Fabian Schär,GB1,0,0,0,0,90
3420824_65976,3420824,65976,984,984,2020-09-13,Hal Robson-Kanu,GB1,0,0,0,0,30
3838234_543387,3838234,543387,873,873,2022-11-06,Cheick Doucouré,GB1,0,0,0,0,77
2698095_40433,2698095,40433,11,368,2016-09-10,Alexis Sánchez,GB1,0,0,0,0,28
2578222_29975,2578222,29975,989,989,2016-01-02,Andrew Surman,GB1,0,0,0,0,90
3605325_257062,3605325,257062,367,367,2021-10-24,Álvaro García,ES1,1,0,1,0,90
2899872_158795,2899872,158795,12321,3709,2018-04-29,David Timor,ES1,1,0,0,0,83
3079465_228917,3079465,228917,5358,3368,2018-11-24,Jorge Miramón,ES1,0,0,0,0,90
2698154_19059,2698154,19059,1010,1010,2016-11-06,Heurelho Gomes,GB1,0,0,0,0,33
2578078_117996,2578078,117996,985,985,2015-12-19,Phil Jones,GB1,0,0,0,0,90
2594727_7874,2594727,7874,621,12321,2016-02-28,Gorka Iraizoz,ES1,0,0,0,0,90
3210100_355628,3210100,355628,681,681,2020-07-02,Igor Zubeldia,ES1,1,0,0,0,45
2718985_189452,2718985,189452,16795,5358,2017-03-19,Gastón Silva,ES1,0,0,0,0,90
3079376_289236,3079376,289236,681,681,2018-09-15,Jon Bautista,ES1,0,0,0,0,17
3886637_247250,3886637,247250,2687,2687,2023-04-21,Rubén Alcaraz,ES1,0,0,0,0,90
3079515_76273,3079515,76273,1108,1108,2019-01-05,Manu García,ES1,0,0,0,0,90
3838785_74230,3838785,74230,543,543,2023-01-22,Pablo Sarabia,GB1,0,0,0,0,45
3219100_40611,3219100,40611,180,1003,2020-07-26,Ryan Bertrand,GB1,0,0,0,0,90
3592122_270171,3592122,270171,1148,1148,2022-01-22,Vitaly Janelt,GB1,0,0,0,0,90
3441590_683840,3441590,683840,131,131,2020-10-04,Pedri,ES1,0,0,0,0,29
3079473_351478,3079473,351478,681,681,2018-12-02,Mikel Oyarzabal,ES1,0,0,0,0,69
3592066_217115,3592066,217115,1237,368,2021-12-04,Neal Maupay,GB1,0,0,1,0,90
2577958_195652,2577958,195652,31,989,2015-09-12,Jordon Ibe,GB1,0,0,0,0,25
3451041_205562,3451041,205562,13,12321,2020-12-19,Thomas Lemar,ES1,0,0,0,0,66
2698364_12282,2698364,12282,985,12321,2017-05-14,Daley Blind,GB1,0,0,0,0,90
3592077_135343,3592077,135343,762,762,2021-12-12,Fabian Schär,GB1,0,0,0,0,90
2577883_17273,2577883,17273,762,762,2015-08-15,Steven Taylor,GB1,0,0,0,0,45
3050407_195633,3050407,195633,1132,180,2019-02-09,Charlie Taylor,GB1,0,0,0,0,90
3592308_525247,3592308,525247,543,379,2022-01-03,Maximilian Kilman,GB1,0,0,0,0,90
2718725_7874,2718725,7874,621,12321,2016-08-28,Gorka Iraizoz,ES1,0,0,0,0,90
3583527_121477,3583527,121477,379,543,2021-08-23,Craig Dawson,GB1,0,0,0,0,90
3429743_258923,3429743,258923,985,131,2021-02-28,Marcus Rashford,GB1,0,0,0,0,90
3838800_503733,3838800,503733,29,762,2023-01-14,Anthony Gordon,GB1,0,0,0,0,21
3611455_40423,3611455,40423,150,150,2022-04-15,Claudio Bravo,ES1,1,0,0,0,90
2899824_357565,2899824,357565,1050,281,2018-03-03,Rodri,ES1,0,0,0,0,90
3838605_349701,3838605,349701,931,931,2023-05-20,Antonee Robinson,GB1,1,0,0,0,90
2698412_44779,2698412,44779,631,543,2017-04-08,Diego Costa,GB1,0,0,0,1,90
3208789_94308,3208789,94308,1533,714,2019-11-30,Marko Dmitrovic,ES1,0,0,0,0,90
3209977_221309,3209977,221309,366,366,2020-02-23,Óscar Plano,ES1,0,0,0,0,72
3219284_54383,3219284,54383,350,350,2019-12-26,John Fleck,GB1,0,0,0,0,90
3886531_66100,3886531,66100,12321,12321,2023-02-10,Oriol Romeu,ES1,0,0,0,0,90
2594480_167228,2594480,167228,472,472,2015-08-22,Raúl Lizoain,ES1,0,0,0,0,90
2899855_221322,2899855,221322,1049,1049,2018-04-08,José Gayà,ES1,0,0,0,0,90
3605301_525578,3605301,525578,367,367,2021-10-02,Pathé Ciss,ES1,0,0,0,0,72
3844594_74229,3844594,74229,13,13,2022-08-21,Koke,ES1,0,0,0,0,90
2899753_28171,2899753,28171,1084,1084,2018-01-22,Chory Castro,ES1,0,0,0,0,80
3886413_826224,3886413,826224,12321,12321,2022-11-04,Arnau Martínez,ES1,0,0,0,0,90
2577940_14081,2577940,14081,1010,1010,2015-08-29,Ben Watson,GB1,0,0,0,0,14
4095239_424015,4095239,424015,29,29,2023-12-16,Nathan Patterson,GB1,0,0,0,0,90
3210086_336869,3210086,336869,714,150,2020-06-28,Marc Roca,ES1,0,0,0,0,90
2475422_88590,2475422,88590,1049,3368,2015-03-01,Shkodran Mustafi,ES1,1,0,0,0,90
3208768_82503,3208768,82503,331,367,2019-11-10,Aridane Hernández,ES1,0,0,0,0,90
3838280_480987,3838280,480987,989,984,2023-01-03,Chris Mepham,GB1,0,0,0,0,90
2475418_125931,2475418,125931,3368,3368,2015-02-23,Toño García,ES1,1,0,0,0,90
3429778_363205,3429778,363205,281,11,2021-03-02,Gabriel Jesus,GB1,0,0,2,0,90
2718759_126252,2718759,126252,331,331,2016-09-25,Juan Rafael Fuentes,ES1,0,0,0,0,90
3050209_272622,3050209,272622,379,931,2018-09-16,Issa Diop,GB1,0,0,0,0,90
3844552_571020,3844552,571020,621,621,2023-06-04,Oihan Sancet,ES1,1,0,1,0,77
3605041_7663,3605041,7663,150,150,2021-08-14,Joaquín,ES1,0,0,0,0,8
3592069_309400,3592069,309400,631,11,2021-12-04,Kai Havertz,GB1,0,0,0,0,45
2718810_156814,2718810,156814,621,1244,2016-11-06,Javi Eraso,ES1,1,0,0,0,90
2578096_129078,2578096,129078,1123,1132,2016-01-16,Nathan Redmond,GB1,0,0,0,0,34
3431917_298589,3431917,298589,331,331,2020-09-19,David García,ES1,0,0,0,0,90
2872190_3547,2872190,3547,512,512,2017-10-14,Darren Fletcher,GB1,0,0,0,0,90
3592024_406638,3592024,406638,148,1003,2021-09-11,Oliver Skipp,GB1,0,0,0,0,90
2718808_153236,2718808,153236,472,472,2016-11-05,Vicente Gómez,ES1,0,0,0,0,90
3079419_8108,3079419,8108,5358,5358,2018-10-07,Lluis Sastre,ES1,0,0,0,0,90
2872408_82873,2872408,82873,1237,1237,2018-03-10,Pascal Groß,GB1,0,0,0,0,90
3451193_369081,3451193,369081,418,418,2021-03-07,Federico Valverde,ES1,0,0,0,0,30
3592031_217115,3592031,217115,1237,368,2021-11-20,Neal Maupay,GB1,0,0,0,0,11
4095207_171679,4095207,171679,543,543,2023-12-02,Matt Doherty,GB1,0,0,0,0,28
2594824_333347,2594824,333347,1533,1533,2016-04-29,Ander Gayoso,ES1,0,0,0,0,4
2698361_499604,2698361,499604,1010,1031,2017-05-21,Dion Pereira,GB1,0,0,0,0,16
3451391_255501,3451391,255501,621,621,2021-04-07,Iñigo Lekue,ES1,0,0,0,0,21
3611516_309110,3611516,309110,940,681,2022-05-21,Brais Méndez,ES1,1,0,0,0,85
3079417_72047,3079417,72047,940,940,2018-10-07,Iago Aspas,ES1,0,0,0,0,70
2594668_120629,2594668,120629,1050,379,2016-01-16,Alphonse Areola,ES1,0,0,0,0,90
3607608_67080,3607608,67080,1108,1108,2021-12-18,Víctor Laguardia,ES1,0,0,0,0,90
2718993_73180,2718993,73180,1244,5358,2017-04-01,Martín Mantovani,ES1,1,0,0,0,90
3050318_33873,3050318,33873,989,29,2018-12-08,Asmir Begovic,GB1,0,0,0,0,90
3208631_255653,3208631,255653,940,940,2020-07-19,Santi Mina,ES1,0,0,0,0,90
2872378_37442,2872378,37442,1003,1003,2018-02-10,Danny Simpson,GB1,0,0,0,0,45
3592064_288255,3592064,288255,985,12321,2021-12-05,Donny van de Beek,GB1,0,0,0,0,4
2872260_40613,2872260,40613,1132,1132,2017-12-02,Jack Cork,GB1,0,0,0,0,90
3592010_98240,3592010,98240,762,762,2021-10-02,Ciaran Clark,GB1,1,0,0,0,90
2594634_197545,2594634,197545,1533,621,2015-12-30,Ander Capa,ES1,0,0,0,0,90
2578226_131978,2578226,131978,29,405,2016-04-16,Ross Barkley,GB1,0,0,0,0,26
2577958_134294,2577958,134294,31,379,2015-09-12,Danny Ings,GB1,0,0,0,0,74
3607562_34601,3607562,34601,621,621,2021-11-26,Raúl García,ES1,0,0,1,0,90
3079404_357565,3079404,357565,13,281,2018-09-29,Rodri,ES1,0,0,0,0,85
3886658_31909,3886658,31909,418,418,2023-04-29,Toni Kroos,ES1,0,0,0,0,72
3886471_548111,3886471,548111,1050,13,2022-12-31,Álex Baena,ES1,0,0,0,0,79
3610572_319745,3610572,319745,418,418,2022-04-02,Dani Ceballos,ES1,0,0,0,0,5
4113149_139435,4113149,139435,237,237,2023-10-28,Dani Rodríguez,ES1,0,0,0,0,89
3611453_298976,3611453,298976,3709,3709,2022-04-16,Borja Mayoral,ES1,0,0,0,0,45
4113134_256429,4113134,256429,2687,367,2023-10-23,Sergi Guardiola,ES1,0,0,0,0,25
2872139_3333,2872139,3333,31,1237,2017-08-27,James Milner,GB1,0,0,0,0,10
3429859_85475,3429859,85475,762,762,2021-05-19,Federico Fernández,GB1,0,0,0,0,90
3838743_126665,3838743,126665,29,29,2023-02-25,Idrissa Gueye,GB1,0,0,0,0,90
3219238_13573,3219238,13573,989,989,2020-01-21,Simon Francis,GB1,0,0,0,0,90
3610362_341110,3610362,341110,940,940,2022-02-21,Franco Cervi,ES1,1,0,1,0,77
2578285_139208,2578285,139208,180,31,2016-05-01,Virgil van Dijk,GB1,0,0,0,0,90
3080842_250845,3080842,250845,13,13,2019-03-16,José María Giménez,ES1,0,0,0,0,90
3451447_71548,3451447,71548,1533,1533,2021-05-09,Anaitz Arbilla,ES1,0,0,0,0,90
4113156_429983,4113156,429983,940,873,2023-08-19,Jørgen Strand Larsen,ES1,0,0,0,0,84
3421723_294057,3421723,294057,1003,148,2020-10-25,James Maddison,GB1,1,0,0,0,85
3429703_253677,3429703,253677,405,405,2021-02-03,Tyrone Mings,GB1,0,0,0,0,90
4113165_59561,4113165,59561,1050,1050,2023-09-17,Dani Parejo,ES1,0,0,0,0,90
3050243_183288,3050243,183288,985,985,2018-10-06,Luke Shaw,GB1,1,0,0,0,90
3886463_193784,3886463,193784,1531,1531,2022-12-30,Carlos Clerc,ES1,0,0,0,0,90
2899871_334222,2899871,334222,940,1108,2018-04-17,Lucas Boyé,ES1,0,0,0,0,7
2718769_63040,2718769,63040,331,331,2016-10-01,Oier Sanjurjo,ES1,0,0,0,0,90
4095216_576024,4095216,576024,281,13,2023-12-06,Julián Alvarez,GB1,0,0,0,0,68
3429828_258923,3429828,258923,985,131,2021-05-13,Marcus Rashford,GB1,0,0,1,0,90
4095270_344830,4095270,344830,1031,1031,2023-12-30,Tahith Chong,GB1,0,0,0,0,45
3050333_72476,3050333,72476,11,931,2018-12-16,Bernd Leno,GB1,0,0,0,0,90
3611488_348795,3611488,348795,1050,150,2022-05-08,Giovani Lo Celso,ES1,1,0,1,0,90
3429755_102258,3429755,102258,1132,1132,2021-03-06,Matthew Lowton,GB1,0,0,0,0,90
3610295_184779,3610295,184779,1531,1531,2022-01-23,Gonzalo Verdú,ES1,0,0,0,0,90
2594710_127554,2594710,127554,367,366,2016-02-12,Nacho Martínez,ES1,1,0,0,0,90
3451465_74229,3451465,74229,13,13,2021-05-16,Koke,ES1,0,0,0,0,90
3429828_258919,3429828,258919,985,873,2021-05-13,Dean Henderson,GB1,0,0,0,0,90
2718800_221899,2718800,221899,714,3302,2016-10-30,Léo Baptistão,ES1,0,0,0,0,70
3838015_203460,3838015,203460,281,29,2022-10-02,Jack Grealish,GB1,0,0,0,0,75
3838748_340329,3838748,340329,762,762,2023-05-18,Joe Willock,GB1,0,0,0,0,61
3450981_255508,3450981,255508,621,621,2020-10-31,Iñaki Williams,ES1,1,0,0,1,90
2698164_50174,2698164,50174,148,1010,2016-11-06,Danny Rose,GB1,0,0,0,0,90
2872211_121398,2872211,121398,1110,1110,2017-10-28,Tommy Smith,GB1,1,0,0,0,69
3431936_207922,3431936,207922,1531,366,2020-09-30,Luismi Sánchez,ES1,0,0,0,0,1
4087971_283628,4087971,283628,379,379,2023-09-16,Tomáš Souček,GB1,1,0,0,0,87
3208688_251106,3208688,251106,366,989,2019-09-24,Enes Ünal,ES1,0,0,0,0,21
2718733_42373,2718733,42373,1049,940,2016-09-11,Diego Alves,ES1,0,0,0,0,90
3210126_25557,3210126,25557,418,368,2020-07-13,Sergio Ramos,ES1,0,0,0,0,90
3607627_256429,3607627,256429,367,367,2022-01-09,Sergi Guardiola,ES1,0,0,0,0,30
2872420_148153,2872420,148153,1237,1237,2018-05-09,Lewis Dunk,GB1,0,0,0,0,90
3844599_193098,3844599,193098,150,12321,2022-08-20,Álex Moreno,ES1,0,0,0,0,90
4113104_73517,4113104,73517,368,368,2023-11-04,Ørjan Nyland,ES1,0,0,0,0,90
3451387_126716,3451387,126716,1050,1050,2021-04-03,Paco Alcácer,ES1,0,0,0,0,27
3219145_171679,3219145,171679,543,543,2020-03-07,Matt Doherty,GB1,0,0,0,0,90
3605222_361254,3605222,361254,368,1531,2021-09-22,Rafa Mir,ES1,1,0,1,0,56
2486776_33027,2486776,33027,762,1031,2015-04-05,Tim Krul,GB1,0,0,0,0,90
3050254_81999,3050254,81999,762,418,2018-10-20,Joselu,GB1,0,0,0,0,16
3451085_25412,3451085,25412,5358,5358,2021-01-11,Pedro López,ES1,0,0,0,0,52
3838272_95810,3838272,95810,762,762,2023-01-03,Kieran Trippier,GB1,0,0,0,0,90
3886676_513031,3886676,513031,237,237,2023-05-12,Antonio Sánchez,ES1,0,0,0,0,27
2872291_95810,2872291,95810,148,762,2017-12-16,Kieran Trippier,GB1,0,0,0,0,90
4087931_442248,4087931,442248,1148,1148,2023-08-13,Ethan Pinnock,GB1,0,0,0,0,90
3451072_81988,3451072,81988,1533,1533,2021-01-03,Sergi Enrich,ES1,0,0,0,0,75
3886588_367466,3886588,367466,1049,1049,2023-03-11,Thierry Correia,ES1,0,0,0,0,8
3210111_399776,3210111,399776,1050,405,2020-07-05,Pau Torres,ES1,1,0,0,0,90
2486788_37526,2486788,37526,379,379,2015-04-11,Winston Reid,GB1,0,0,0,0,90
2594676_141835,2594676,141835,3709,714,2016-01-23,Álvaro Vázquez,ES1,0,0,0,0,90
3451194_18644,3451194,18644,2687,2687,2021-03-06,Álvaro Negredo,ES1,0,0,1,0,74
3844088_278296,3844088,278296,237,237,2022-08-15,Antonio Raíllo,ES1,0,0,0,0,90
3838262_207014,3838262,207014,873,873,2022-12-31,Will Hughes,GB1,0,0,0,0,2
3441592_412363,3441592,412363,418,418,2020-10-04,Rodrygo,ES1,0,0,0,1,21
3208819_138927,3208819,138927,418,418,2019-12-22,Daniel Carvajal,ES1,0,0,0,0,90
2697992_13465,2697992,13465,3008,3008,2016-08-13,Tom Huddlestone,GB1,0,0,0,0,90
3611476_225122,3611476,225122,1049,681,2022-04-30,Gonçalo Guedes,ES1,1,0,0,0,74
3209997_76273,3209997,76273,1108,1108,2020-03-06,Manu García,ES1,0,0,0,0,8
2475360_176553,2475360,176553,621,621,2015-01-17,Aymeric Laporte,ES1,0,0,0,0,90
3886577_216464,3886577,216464,681,681,2023-03-03,Carlos Fernández,ES1,0,0,0,0,61
3451087_16306,3451087,16306,418,985,2021-01-09,Casemiro,ES1,0,0,0,0,90
2872269_258923,2872269,258923,985,131,2017-12-10,Marcus Rashford,GB1,1,0,1,0,90
3451072_378293,3451072,378293,16795,681,2021-01-03,Yangel Herrera,ES1,0,0,0,0,90
3219204_331726,3219204,331726,631,405,2020-07-04,Tammy Abraham,GB1,0,0,0,0,14
2718908_51471,2718908,51471,418,281,2017-05-17,Mateo Kovacic,ES1,0,0,0,0,19
2578173_36861,2578173,36861,873,873,2016-03-06,Damien Delaney,GB1,0,0,0,0,90
3210108_351809,3210108,351809,681,13,2020-07-06,Robin Le Normand,ES1,0,0,0,0,90
3421710_15773,3421710,15773,1132,1132,2020-10-03,Phil Bardsley,GB1,0,0,0,0,90
3610436_282700,3610436,282700,3368,1244,2022-03-12,Enric Franquesa,ES1,0,0,0,1,29
2899785_44779,2899785,44779,13,543,2018-02-18,Diego Costa,ES1,1,0,1,0,90
2872372_57842,2872372,57842,1110,1110,2018-02-03,Christopher Schindler,GB1,0,0,0,0,59
2899852_17396,2899852,17396,3709,3709,2018-04-18,Mathieu Flamini,ES1,0,0,0,0,90
3605304_480883,3605304,480883,1108,1244,2021-10-18,Miguel de la Fuente,ES1,0,0,0,0,69
3219372_34130,3219372,34130,405,985,2019-11-02,Tom Heaton,GB1,0,0,0,0,90
3080869_355628,3080869,355628,681,681,2019-04-04,Igor Zubeldia,ES1,0,0,0,0,90
3081119_34370,3081119,34370,714,367,2019-05-12,Diego López,ES1,0,0,0,0,90
2872273_19368,2872273,19368,148,148,2017-12-09,Mousa Dembélé,GB1,1,0,0,0,90
3886596_255488,3886596,255488,621,621,2023-03-17,Yeray Álvarez,ES1,0,0,0,0,90
2899656_93935,2899656,93935,368,366,2017-11-18,Sergio Escudero,ES1,0,0,0,0,90
3210139_257376,3210139,257376,16795,3709,2020-07-16,Domingos Duarte,ES1,0,0,0,0,45
3219304_447661,3219304,447661,405,405,2019-12-21,Douglas Luiz,GB1,0,0,0,0,90
3838726_131996,3838726,131996,405,289,2023-03-12,Bertrand Traoré,GB1,0,0,0,0,26
2578180_181579,2578180,181579,180,1132,2016-03-12,James Ward-Prowse,GB1,0,0,0,0,21
2594730_7663,2594730,7663,150,150,2016-02-27,Joaquín,ES1,0,0,0,0,63
4087942_874080,4087942,874080,631,631,2023-08-20,Mason Burstow,GB1,0,0,0,0,7
2594538_137174,2594538,137174,897,897,2015-10-03,Alejandro Arribas,ES1,1,0,0,0,90
2486811_24636,2486811,24636,3008,3008,2015-05-04,Paul McShane,GB1,0,0,0,0,90
3080841_15956,3080841,15956,368,368,2019-03-10,Jesús Navas,ES1,0,0,0,1,90
3886481_398184,3886481,398184,131,131,2023-01-08,Ferran Torres,ES1,0,1,0,0,32
2872146_111508,2872146,111508,984,3709,2017-09-09,Allan Nyom,GB1,0,0,0,0,90
3421758_177907,3421758,177907,985,985,2020-11-21,Harry Maguire,GB1,0,0,0,0,90
3858323_320271,3858323,320271,1049,237,2022-09-17,Toni Lato,ES1,0,0,0,0,6
3591995_111455,3591995,111455,11,289,2021-08-28,Granit Xhaka,GB1,0,1,0,0,35
2872374_129078,2872374,129078,180,1132,2018-02-03,Nathan Redmond,GB1,0,0,0,0,2
3050555_68390,3050555,68390,29,29,2019-05-03,Séamus Coleman,GB1,0,0,1,0,90
3210108_517842,3210108,517842,681,681,2020-07-06,Aihen Muñoz,ES1,0,0,0,0,84
3592008_193116,3592008,193116,405,405,2021-10-03,John McGinn,GB1,0,0,0,0,90
3886667_226012,3886667,226012,3709,3709,2023-05-03,David Soria,ES1,0,0,0,0,90
4095218_404842,4095218,404842,29,29,2023-12-07,Vitaliy Mykolenko,GB1,0,0,0,0,90
2719078_37917,2719078,37917,1244,1244,2017-05-20,Nabil El Zhar,ES1,0,0,0,0,90
3607562_93935,3607562,93935,16795,366,2021-11-26,Sergio Escudero,ES1,0,0,0,0,90
4095139_72476,4095139,72476,931,931,2023-10-02,Bernd Leno,GB1,0,0,0,0,90
2872193_61819,2872193,61819,989,989,2017-10-14,Charlie Daniels,GB1,0,0,0,0,90
3610328_502676,3610328,502676,1049,31,2022-02-06,Giorgi Mamardashvili,ES1,0,0,0,0,90
3079388_7922,3079388,7922,714,714,2018-09-22,Sergio García,ES1,0,0,0,0,20
2698094_3332,2698094,3332,985,985,2016-09-10,Wayne Rooney,GB1,1,0,0,0,90
3583480_429014,3583480,429014,543,703,2021-08-14,Morgan Gibbs-White,GB1,0,0,0,0,4
3208637_230784,3208637,230784,13,1050,2020-07-19,Thomas Partey,ES1,1,0,0,0,56
3219300_168157,3219300,168157,543,2497,2019-12-15,Leander Dendoncker,GB1,1,0,0,0,90
3210137_71204,3210137,71204,366,366,2020-07-16,Javi Moyano,ES1,0,0,0,0,90
3450983_89733,3450983,89733,2687,2687,2020-10-30,Álex Fernández,ES1,0,0,0,0,90
3079492_423444,3079492,423444,940,12321,2018-12-08,Fran Beltrán,ES1,0,0,0,0,14
2872383_192765,2872383,192765,148,148,2018-02-10,Ben Davies,GB1,0,0,0,1,90
2698008_13507,2698008,13507,29,29,2016-08-27,Leighton Baines,GB1,0,0,0,1,90
2594633_19979,2594633,19979,897,897,2015-12-30,Germán Lux,ES1,0,0,0,0,90
2594710_246291,2594710,246291,367,150,2016-02-12,Diego Llorente,ES1,0,0,0,0,90
3592046_130164,3592046,130164,29,29,2021-10-23,Jordan Pickford,GB1,0,0,0,0,90
3886556_250845,3886556,250845,13,13,2023-02-19,José María Giménez,ES1,1,0,0,0,90
3421704_131978,3421704,131978,405,405,2020-10-04,Ross Barkley,GB1,0,0,1,0,90
4113139_405398,4113139,405398,681,681,2023-12-02,Takefusa Kubo,ES1,1,0,0,0,90
2486781_117996,2486781,117996,985,985,2015-04-12,Phil Jones,GB1,0,0,0,0,75
3886572_298976,3886572,298976,3709,3709,2023-03-04,Borja Mayoral,ES1,0,0,1,1,88
3050327_86202,3050327,86202,631,418,2018-12-16,Antonio Rüdiger,GB1,0,0,0,0,90
4087959_262980,4087959,262980,873,873,2023-09-03,Jefferson Lerma,GB1,0,0,0,0,90
3451106_228917,3451106,228917,3368,3368,2021-01-22,Jorge Miramón,ES1,0,0,0,0,84
3451413_338285,3451413,338285,621,1049,2021-04-25,Unai Núñez,ES1,0,0,0,0,90
4095208_442248,4095208,442248,1148,1148,2023-12-02,Ethan Pinnock,GB1,0,0,0,0,90
3050365_20007,3050365,20007,379,379,2019-01-02,Pablo Zabaleta,GB1,0,0,0,0,90
3838770_183288,3838770,183288,985,985,2023-02-12,Luke Shaw,GB1,0,0,0,1,90
2718978_62920,2718978,62920,1050,150,2017-03-17,Víctor Ruiz,ES1,0,1,0,0,19
3208726_58330,3208726,58330,16795,16795,2019-10-27,Víctor Díaz,ES1,0,0,0,0,90
3421712_204103,3421712,204103,543,379,2020-10-04,Adama Traoré,GB1,0,0,0,0,8
3844097_826224,3844097,826224,12321,12321,2022-08-14,Arnau Martínez,ES1,0,0,0,0,8
2475398_18944,2475398,18944,131,131,2015-02-08,Gerard Piqué,ES1,0,0,0,0,90
3431909_192009,3431909,192009,621,367,2020-09-12,Unai López,ES1,1,0,0,0,34
3081116_193098,3081116,193098,367,12321,2019-05-12,Álex Moreno,ES1,1,0,0,0,75
2486726_31720,2486726,31720,289,289,2015-02-21,Sebastian Larsson,GB1,0,0,0,0,90
3079402_39907,3079402,39907,1533,1533,2018-09-29,Pape Diop,ES1,0,0,0,0,90
4112972_264372,4112972,264372,12321,12321,2023-09-30,Viktor Tsygankov,ES1,0,0,0,0,45
2872183_3291,2872183,3291,984,984,2017-09-30,Gareth Barry,GB1,0,0,0,0,90
2718920_28171,2718920,28171,1084,1084,2017-02-12,Chory Castro,ES1,0,0,0,0,82
3837981_413032,3837981,413032,180,180,2022-09-03,Ibrahima Diallo,GB1,1,0,0,0,56
2872251_14066,2872251,14066,2288,2288,2017-11-29,Wayne Routledge,GB1,0,0,0,0,6
3080855_27493,3080855,27493,1244,237,2019-03-30,Iván Cuéllar,ES1,0,0,0,0,90
3079436_58497,3079436,58497,367,367,2018-10-27,Alberto García,ES1,0,0,0,0,90
2486756_73484,2486756,73484,405,1010,2015-03-14,Tom Cleverley,GB1,0,0,0,0,90
2594766_211395,2594766,211395,3368,3368,2016-03-19,Mauricio Cuero,ES1,0,0,0,0,3
3610567_573775,3610567,573775,1049,1049,2022-03-19,Hugo Duro,ES1,0,0,0,0,4
3421796_46220,3421796,46220,399,399,2020-12-16,Pablo Hernández,GB1,0,0,0,2,8
2718996_170472,2718996,170472,16795,1049,2017-04-02,Dimitri Foulquier,ES1,0,0,0,0,90
3451081_177467,3451081,177467,1050,1050,2021-01-08,Gerard Moreno,ES1,0,0,1,1,90
3210037_278359,3210037,278359,150,940,2020-06-15,Borja Iglesias,ES1,0,0,0,1,19
2594753_120629,2594753,120629,1050,379,2016-03-13,Alphonse Areola,ES1,0,0,0,0,90
2475504_58281,2475504,58281,3368,3368,2015-04-25,Simão,ES1,1,0,0,0,90
2719031_171362,2719031,171362,1244,5358,2017-04-22,Pablo Insua,ES1,0,0,0,0,90
3837857_424015,3837857,424015,29,29,2022-08-30,Nathan Patterson,GB1,1,0,0,0,90
2578048_57207,2578048,57207,873,873,2015-12-07,Jordon Mutch,GB1,0,0,0,0,13
3081103_255653,3081103,255653,1049,940,2019-05-05,Santi Mina,ES1,0,0,2,2,90
2594585_221322,2594585,221322,1049,1049,2015-11-21,José Gayà,ES1,0,0,0,0,90
3208832_423444,3208832,423444,940,12321,2020-01-19,Fran Beltrán,ES1,0,0,0,0,90
3844602_142031,3844602,142031,1531,237,2022-08-22,Omar Mascarell,ES1,0,0,0,0,90
3429753_66333,3429753,66333,405,405,2021-03-06,Ahmed Elmohamady,GB1,0,0,0,0,90
3607602_618809,3607602,618809,331,3368,2021-12-19,Manu Sánchez,ES1,0,0,0,0,90
4112867_743591,4112867,743591,12321,281,2023-12-21,Savinho,ES1,0,0,0,0,79
3592019_410708,3592019,410708,399,399,2021-10-16,Pascal Struijk,GB1,1,0,0,0,90
3838270_92571,3838270,92571,379,379,2022-12-30,Aaron Cresswell,GB1,0,0,0,0,90
2475465_192009,2475465,192009,621,367,2015-04-04,Unai López,ES1,0,0,0,0,13
3605219_455181,3605219,455181,3368,367,2021-09-21,Jorge de Frutos,ES1,1,0,0,0,17
3607597_149231,3607597,149231,1531,1531,2021-12-11,Fidel,ES1,0,0,0,0,61
2899674_62920,2899674,62920,1050,150,2017-11-19,Víctor Ruiz,ES1,1,0,0,0,90
2899660_272679,2899660,272679,1244,1244,2017-10-28,José Naranjo,ES1,1,0,0,0,9
2698357_42412,2698357,42412,984,985,2017-05-12,Jonny Evans,GB1,0,0,0,0,90
3592046_74943,3592046,74943,1010,1010,2021-10-23,Juraj Kucka,GB1,0,0,1,0,90
3592096_61592,3592096,61592,873,873,2021-11-27,James Tomkins,GB1,0,0,0,0,90
2475373_255653,2475373,255653,940,940,2015-01-26,Santi Mina,ES1,0,0,0,0,23
3837837_319859,3837837,319859,1148,1148,2022-08-20,Mathias Jensen,GB1,0,0,0,1,60
3079487_284857,3079487,284857,1533,631,2018-12-09,Marc Cucurella,ES1,0,0,0,0,90
3429772_60444,3429772,60444,31,31,2021-03-15,Thiago Alcántara,GB1,1,0,0,0,67
2899704_142021,2899704,142021,714,237,2017-12-17,Sergi Darder,ES1,0,0,0,0,90
2872285_134294,2872285,134294,31,379,2017-12-17,Danny Ings,GB1,0,0,0,0,3
3451393_127837,3451393,127837,621,621,2021-04-10,Ibai Gómez,ES1,0,0,0,0,64
3886323_369081,3886323,369081,418,418,2022-10-16,Federico Valverde,ES1,0,0,1,0,90
2718803_15693,2718803,15693,681,681,2016-10-28,Xabi Prieto,ES1,0,0,1,0,90
3208626_298589,3208626,298589,331,331,2019-08-17,David García,ES1,0,0,0,0,90
2718890_95641,2718890,95641,150,1244,2017-01-22,Darko Brasanac,ES1,0,0,0,0,53
3592199_392757,3592199,392757,873,281,2022-04-10,Marc Guéhi,GB1,0,0,0,0,90
3592048_357119,3592048,357119,31,31,2021-10-24,Ibrahima Konaté,GB1,0,0,0,0,90
3838021_346314,3838021,346314,631,631,2022-10-08,Trevoh Chalobah,GB1,0,0,0,0,90
2718880_319541,2718880,319541,150,150,2017-01-14,José Carlos Ramírez,ES1,0,0,0,0,70
3838242_260827,3838242,260827,873,931,2022-11-12,Joachim Andersen,GB1,0,0,0,0,90
3610373_221150,3610373,221150,3709,3709,2022-02-26,Dakonam Djené,ES1,0,0,0,0,90
2578160_36827,2578160,36827,631,984,2016-03-01,Branislav Ivanovic,GB1,0,0,0,0,90
4113099_76746,4113099,76746,3709,3709,2023-08-28,Damián Suárez,ES1,0,0,0,0,90
3451469_25412,3451469,25412,5358,5358,2021-05-16,Pedro López,ES1,0,0,0,0,29
2872415_53360,2872415,53360,984,1132,2018-03-17,Jay Rodríguez,GB1,0,0,1,0,86
3451103_309110,3451103,309110,940,681,2021-01-24,Brais Méndez,ES1,1,0,1,0,90
4112872_533568,4112872,533568,1108,1108,2023-12-21,Nahuel Tenaglia,ES1,1,0,0,0,12
2578283_258923,2578283,258923,985,131,2016-05-01,Marcus Rashford,GB1,0,0,0,0,82
3886605_74857,3886605,74857,131,12321,2023-04-01,Marc-André ter Stegen,ES1,0,0,0,0,90
2899732_59323,2899732,59323,12321,12321,2018-01-13,Cristhian Stuani,ES1,0,0,1,0,45
2718768_177467,2718768,177467,714,1050,2016-10-02,Gerard Moreno,ES1,0,0,0,0,90
3451421_527350,3451421,527350,1049,12321,2021-04-24,Manu Vallejo,ES1,1,0,0,0,13
2899807_413262,2899807,413262,1050,1049,2018-02-28,Dani Raba,ES1,0,0,0,0,90
3210039_288318,3210039,288318,714,367,2020-06-16,Adrián Embarba,ES1,0,0,0,0,84
2578147_20007,2578147,20007,281,379,2016-02-14,Pablo Zabaleta,GB1,0,0,0,0,90
3592026_374139,3592026,374139,399,150,2021-09-12,Junior Firpo,GB1,0,0,0,0,90
2698312_61592,2698312,61592,873,873,2017-03-04,James Tomkins,GB1,0,0,0,0,90
4112971_941867,4112971,941867,1049,1049,2023-10-01,Mario Dominguez,ES1,0,0,0,0,13
3592259_253677,3592259,253677,405,405,2022-03-13,Tyrone Mings,GB1,0,0,0,0,90
2718884_223725,2718884,223725,1049,1244,2017-01-15,Munir El Haddadi,ES1,1,0,0,0,66
3886602_248738,3886602,248738,331,331,2023-03-31,Sergio Herrera,ES1,0,0,0,0,90
2872413_111508,2872413,111508,984,3709,2018-03-10,Allan Nyom,GB1,0,0,0,0,90
3050418_40613,3050418,40613,1132,1132,2018-12-26,Jack Cork,GB1,0,0,0,0,90
4095155_324358,4095155,324358,405,405,2023-10-08,Ollie Watkins,GB1,0,0,0,1,90
3429843_314875,3429843,314875,379,379,2021-05-15,Jarrod Bowen,GB1,0,0,0,0,64
3838729_16306,3838729,16306,985,985,2023-03-12,Casemiro,GB1,0,1,0,0,34
2899778_242548,2899778,242548,897,897,2018-02-12,Fede Cartabia,ES1,0,0,0,0,29
3081117_131505,3081117,131505,1049,399,2019-05-12,Rodrigo,ES1,0,0,0,0,65
2486659_12814,2486659,12814,873,873,2015-01-01,Julián Speroni,GB1,0,0,0,0,90
2718854_44069,2718854,44069,897,5358,2016-12-10,Pedro Mosquera,ES1,0,0,0,0,15
3219115_472423,3219115,472423,631,631,2020-07-07,Reece James,GB1,0,0,0,0,90
2698316_76799,2698316,76799,1010,1010,2017-03-04,Miguel Britos,GB1,0,0,0,1,90
2899570_221899,2899570,221899,714,3302,2017-09-09,Léo Baptistão,ES1,0,0,0,0,90
2899864_40428,2899864,40428,1084,1050,2018-05-06,Manuel Iturra,ES1,0,0,0,0,25
3451429_73250,3451429,73250,1050,1050,2021-04-18,Mario Gaspar,ES1,0,0,0,0,90
3450967_35518,3450967,35518,681,681,2020-10-18,David Silva,ES1,0,0,0,0,84
4113148_282411,4113148,282411,13,13,2023-12-03,Marcos Llorente,ES1,0,0,0,0,90
3219381_148262,3219381,148262,1132,762,2019-10-26,Jeff Hendrick,GB1,1,0,0,0,84
2578244_85475,2578244,85475,2288,762,2016-04-16,Federico Fernández,GB1,0,0,0,0,90
3208729_71579,3208729,71579,331,331,2019-10-27,Iñigo Pérez,ES1,0,0,0,0,5
3838669_349701,3838669,349701,931,931,2023-04-22,Antonee Robinson,GB1,0,0,0,0,90
2719071_197545,2719071,197545,1533,621,2017-05-14,Ander Capa,ES1,0,0,0,0,90
4095270_503987,4095270,503987,631,11,2023-12-30,Noni Madueke,GB1,0,0,1,0,81
3886601_7663,3886601,7663,150,150,2023-04-02,Joaquín,ES1,0,0,0,0,28
3429823_403151,3429823,403151,1237,631,2021-05-01,Robert Sánchez,GB1,0,0,0,0,90
2718910_34370,2718910,34370,714,367,2017-02-04,Diego López,ES1,1,0,0,0,90
3592007_184573,3592007,184573,985,405,2021-10-02,Victor Lindelöf,GB1,0,0,0,0,90
3886641_520840,3886641,520840,237,1049,2023-04-26,José Copete,ES1,0,0,0,0,90
2899925_255508,2899925,255508,621,621,2018-05-20,Iñaki Williams,ES1,0,0,0,0,72
3208621_230784,3208621,230784,13,1050,2019-08-18,Thomas Partey,ES1,0,0,0,0,62
2899919_40428,2899919,40428,1084,1050,2018-05-13,Manuel Iturra,ES1,0,0,0,0,90
3210018_263856,3210018,263856,1108,150,2020-06-13,Víctor Camarasa,ES1,0,0,0,0,82
2698337_37304,2698337,37304,180,180,2017-04-05,Shane Long,GB1,0,0,0,0,90
3219264_148262,3219264,148262,1132,762,2020-01-19,Jeff Hendrick,GB1,0,0,0,0,90
2872365_61819,2872365,61819,989,989,2018-02-03,Charlie Daniels,GB1,0,0,0,0,90
2698112_18227,2698112,18227,3008,3008,2016-09-24,Curtis Davies,GB1,0,0,0,0,90
3838670_173504,3838670,173504,29,29,2023-04-22,James Tarkowski,GB1,0,0,0,0,90
3209985_65263,3209985,65263,366,366,2020-02-28,Jordi Masip,ES1,0,0,0,0,90
2698197_57500,2698197,57500,631,368,2016-12-26,César Azpilicueta,GB1,0,0,0,0,90
3592261_404842,3592261,404842,29,29,2022-05-11,Vitaliy Mykolenko,GB1,0,0,0,0,90
3886324_573775,3886324,573775,1049,1049,2022-10-15,Hugo Duro,ES1,0,0,0,0,45
2872201_33873,2872201,33873,989,29,2017-10-21,Asmir Begovic,GB1,0,0,0,0,90
3838720_374139,3838720,374139,399,150,2023-03-18,Junior Firpo,GB1,1,0,0,0,81
2899604_282411,2899604,282411,418,13,2017-09-23,Marcos Llorente,ES1,0,0,0,0,18
3219127_217115,3219127,217115,1237,368,2020-07-16,Neal Maupay,GB1,0,0,1,0,90
2475355_29065,2475355,29065,993,993,2015-01-12,Abel Gómez,ES1,0,0,0,0,68
2594742_74230,2594742,74230,3709,543,2016-03-05,Pablo Sarabia,ES1,1,0,0,0,90
3208783_61812,3208783,61812,621,621,2019-12-01,Yuri Berchiche,ES1,0,0,1,0,90
3429806_242631,3429806,242631,29,931,2021-04-16,Alex Iwobi,GB1,0,0,0,0,61
3050452_14086,3050452,14086,985,29,2019-03-02,Ashley Young,GB1,0,0,0,0,90
3886365_81999,3886365,81999,714,418,2022-10-23,Joselu,ES1,0,0,0,0,90
2872255_249089,2872255,249089,989,989,2017-12-03,Lewis Cook,GB1,0,0,0,0,90
3886309_238868,3886309,238868,331,331,2022-10-07,Rubén Peña,ES1,0,1,0,0,45
2718719_25461,2718719,25461,331,331,2016-08-27,Javier Flaño,ES1,0,0,0,0,8
2872483_63494,2872483,63494,1010,1050,2018-05-05,Étienne Capoue,GB1,0,0,0,0,90
3429766_466794,3429766,466794,281,131,2021-03-13,Eric García,GB1,0,0,0,0,15
3421722_111114,3421722,111114,1132,1132,2020-10-19,Kevin Long,GB1,0,0,0,0,90
2899846_142021,2899846,142021,714,237,2018-04-15,Sergi Darder,ES1,1,0,0,0,90
3886593_284854,3886593,284854,3709,1108,2023-03-19,Carles Aleñá,ES1,0,0,0,0,6
2698295_48066,2698295,48066,379,762,2017-02-04,Andy Carroll,GB1,0,0,1,0,56
4095259_380350,4095259,380350,1237,1237,2023-12-28,Igor Julio,GB1,0,0,0,0,45
3838620_3333,3838620,3333,31,1237,2023-05-15,James Milner,GB1,0,0,0,0,16
2719016_93935,2719016,93935,368,366,2017-04-08,Sergio Escudero,ES1,1,0,0,1,90
4087939_357565,4087939,357565,281,281,2023-08-19,Rodri,GB1,0,0,0,0,90
3081127_16635,3081127,16635,13,13,2019-05-18,Juanfran Torres,ES1,0,0,0,1,90
3592089_272622,3592089,272622,379,931,2022-01-12,Issa Diop,GB1,0,0,0,0,90
3219294_487465,3219294,487465,543,631,2019-12-29,Pedro Neto,GB1,0,0,0,0,90
4113167_58330,4113167,58330,16795,16795,2023-09-24,Víctor Díaz,ES1,0,0,0,0,17
3208817_217144,3208817,217144,237,1531,2019-12-21,Aleix Febas,ES1,0,0,0,0,12
2698200_108390,2698200,108390,631,418,2016-12-11,Thibaut Courtois,GB1,0,0,0,0,90
2578018_5658,2578018,5658,11,11,2015-11-08,Petr Cech,GB1,0,0,0,0,90
3838205_295313,3838205,295313,703,703,2022-10-30,Taiwo Awoniyi,GB1,0,0,0,0,64
2698158_74810,2698158,74810,1132,1148,2016-10-29,Ben Mee,GB1,0,0,0,0,90
2698218_35518,2698218,35518,281,681,2016-12-26,David Silva,GB1,0,0,0,1,87
3421775_74810,3421775,74810,1132,1148,2020-12-05,Ben Mee,GB1,0,0,0,0,90
3080865_76746,3080865,76746,3709,3709,2019-04-02,Damián Suárez,ES1,1,0,0,0,90
3451197_213670,3451197,213670,331,331,2021-03-06,Lucas Torró,ES1,0,0,0,0,84
2475523_35540,2475523,35540,3368,3368,2015-05-01,Víctor Casadesús,ES1,0,0,0,0,90
3079479_170472,3079479,170472,3709,1049,2018-12-01,Dimitri Foulquier,ES1,0,0,0,0,54
2594786_277093,2594786,277093,2448,2448,2016-04-10,Carlos Castro,ES1,0,0,0,0,30
2872308_55125,2872308,55125,1110,1110,2017-12-26,Chris Löwe,GB1,0,0,0,0,83
3208777_298976,3208777,298976,3368,3709,2019-11-22,Borja Mayoral,ES1,0,0,0,0,90
3210061_369081,3210061,369081,418,418,2020-06-21,Federico Valverde,ES1,0,0,0,1,89
3421768_42412,3421768,42412,1003,985,2020-11-30,Jonny Evans,GB1,0,0,0,0,90
2577895_36861,2577895,36861,873,873,2015-08-22,Damien Delaney,GB1,0,0,0,0,90
3421768_120629,3421768,120629,931,379,2020-11-30,Alphonse Areola,GB1,0,0,0,0,90
3080769_76746,3080769,76746,3709,3709,2019-01-18,Damián Suárez,ES1,0,0,0,0,90
3838700_503680,3838700,503680,703,703,2023-04-08,Neco Williams,GB1,0,0,0,0,90
3592212_92571,3592212,92571,379,379,2022-02-08,Aaron Cresswell,GB1,0,0,0,0,90
3886489_59561,3886489,59561,1050,1050,2023-01-07,Dani Parejo,ES1,0,0,0,0,90
2719018_95641,2719018,95641,150,1244,2017-04-16,Darko Brasanac,ES1,0,0,0,0,90
2486848_49655,2486848,49655,31,984,2015-05-24,Rickie Lambert,GB1,0,0,0,1,21
3079440_125931,3079440,125931,3368,3368,2018-10-27,Toño García,ES1,0,0,0,0,90
2718945_249513,2718945,249513,1244,3709,2017-02-25,Diego Rico,ES1,0,0,0,0,90
3607546_295622,3607546,295622,714,714,2021-11-06,Keidi Bare,ES1,1,0,0,0,72
2594677_286384,2594677,286384,1050,2497,2016-01-23,Eric Bailly,ES1,0,0,0,0,45
3591965_163744,3591965,163744,180,180,2021-09-18,Jack Stephens,GB1,0,0,0,0,37
3886587_102423,3886587,102423,714,714,2023-03-11,Leandro Cabrera,ES1,1,0,0,0,90
3219118_444208,3219118,444208,180,1132,2020-03-07,Michael Obafemi,GB1,0,0,0,0,5
2872135_61841,2872135,61841,989,989,2017-08-26,Adam Smith,GB1,1,0,0,0,90
2872172_3547,2872172,3547,512,512,2017-09-23,Darren Fletcher,GB1,0,0,0,0,90
2718955_35939,2718955,35939,1049,1049,2017-02-28,Ezequiel Garay,ES1,0,0,0,0,90
3611479_262396,3611479,262396,621,621,2022-05-07,Unai Simón,ES1,1,0,0,0,90
4087941_357147,4087941,357147,985,985,2023-08-19,Diogo Dalot,GB1,0,0,0,0,24
2698186_111508,2698186,111508,984,3709,2016-10-29,Allan Nyom,GB1,0,0,0,0,90
4112865_834752,4112865,834752,621,621,2023-12-20,Unai Gómez,ES1,0,0,1,0,24
3081108_207924,3081108,207924,940,940,2019-05-04,Jozabed Sánchez,ES1,0,0,0,0,5
4113060_537762,4113060,537762,3302,3302,2023-10-06,Sergio Arribas,ES1,0,0,0,0,22
3429788_406635,3429788,406635,281,281,2021-04-03,Phil Foden,GB1,0,0,0,0,2
2486738_78959,2486738,78959,873,873,2015-02-28,Martin Kelly,GB1,0,0,0,0,90
3886654_338424,3886654,338424,681,11,2023-04-28,Mikel Merino,ES1,0,0,0,1,90
3886662_398184,3886662,398184,131,131,2023-05-02,Ferran Torres,ES1,0,0,0,0,14
3208725_99353,3208725,99353,681,12321,2019-10-27,Portu,ES1,0,0,0,0,90
3451029_277533,3451029,277533,1531,1531,2020-12-06,Josan,ES1,0,0,0,0,87
2594577_64598,2594577,64598,2448,12321,2015-11-08,Bernardo Espinosa,ES1,1,0,0,0,90
2899761_188854,2899761,188854,1050,1050,2018-02-03,Manu Trigueros,ES1,0,0,0,0,64
4113170_35047,4113170,35047,13,12321,2023-09-16,Axel Witsel,ES1,0,0,0,0,90
2872286_199527,2872286,199527,762,762,2017-12-16,Jacob Murphy,GB1,0,0,0,0,67
3886312_94308,3886312,94308,368,714,2022-10-08,Marko Dmitrovic,ES1,0,0,0,0,90
3079442_337066,3079442,337066,366,12321,2018-11-03,Toni Villa,ES1,0,0,0,0,69
4095177_262980,4095177,262980,873,873,2023-11-04,Jefferson Lerma,GB1,1,0,0,0,90
2718734_255508,2718734,255508,621,621,2016-09-11,Iñaki Williams,ES1,0,0,0,0,85
3592184_144028,3592184,144028,1237,11,2022-05-15,Leandro Trossard,GB1,0,0,0,0,87
3080861_351478,3080861,351478,681,681,2019-03-31,Mikel Oyarzabal,ES1,0,0,1,0,90
2899801_280730,2899801,280730,681,681,2018-03-01,Álvaro Odriozola,ES1,0,0,0,0,90
3079468_374139,3079468,374139,150,150,2018-11-25,Junior Firpo,ES1,0,0,0,0,90
2872338_20007,2872338,20007,379,379,2018-01-13,Pablo Zabaleta,GB1,0,0,0,0,90
2872445_63200,2872445,63200,1132,1132,2018-04-14,Ashley Barnes,GB1,1,0,0,0,85
2718752_188838,2718752,188838,150,366,2016-09-20,Bruno González,ES1,1,0,0,0,90
3607575_133794,3607575,133794,1108,1108,2021-12-03,Edgar Méndez,ES1,0,0,0,0,71
3441589_401922,3441589,401922,1050,931,2020-10-03,Samuel Chukwueze,ES1,0,0,0,0,18
3080833_255488,3080833,255488,621,621,2019-03-08,Yeray Álvarez,ES1,0,0,0,0,90
2872257_234803,2872257,234803,31,31,2017-12-02,Andrew Robertson,GB1,0,0,0,0,90
2594756_35540,2594756,35540,3368,3368,2016-03-13,Víctor Casadesús,ES1,0,0,0,0,14
3838649_537860,3838649,537860,631,631,2023-04-26,Mykhaylo Mudryk,GB1,0,0,0,0,45
3208794_71548,3208794,71548,1533,1533,2019-12-08,Anaitz Arbilla,ES1,0,0,0,0,90
3210138_250845,3210138,250845,13,13,2020-07-16,José María Giménez,ES1,1,0,0,0,90
3219101_203460,3219101,203460,405,29,2020-07-21,Jack Grealish,GB1,0,0,0,0,90
2698356_40613,2698356,40613,2288,1132,2017-05-06,Jack Cork,GB1,0,0,0,0,17
3079437_32522,3079437,32522,150,1531,2018-10-28,Antonio Barragán,ES1,1,0,0,0,90
4087924_214666,4087924,214666,1132,1132,2023-08-11,Connor Roberts,GB1,0,0,0,0,90
3838645_67063,3838645,67063,1237,1237,2023-04-29,Danny Welbeck,GB1,0,0,2,1,56
3592058_242631,3592058,242631,29,931,2021-12-16,Alex Iwobi,GB1,0,0,0,0,90
3208672_405398,3208672,405398,237,681,2019-09-22,Takefusa Kubo,ES1,0,0,0,1,71
3885842_284884,3885842,284884,940,1244,2022-08-26,Óscar Rodríguez,ES1,0,0,0,0,77
3080782_18944,3080782,18944,131,131,2019-02-02,Gerard Piqué,ES1,0,0,0,0,90
2486845_73491,2486845,73491,1003,631,2015-05-24,Danny Drinkwater,GB1,0,0,0,0,14
3451026_118997,3451026,118997,3368,331,2020-12-05,Aitor Fernández,ES1,0,0,0,0,90
3838605_226973,3838605,226973,931,931,2023-05-20,Harrison Reed,GB1,0,0,0,0,90
2698405_13465,2698405,13465,3008,3008,2017-04-22,Tom Huddlestone,GB1,0,0,0,0,8
3592119_121477,3592119,121477,379,543,2022-01-16,Craig Dawson,GB1,0,0,0,0,90
2872306_108390,2872306,108390,631,418,2017-12-26,Thibaut Courtois,GB1,0,0,0,0,90
3208719_448844,3208719,448844,16795,16795,2019-10-18,Carlos Neva,ES1,0,0,0,0,90
2718721_77737,2718721,77737,1050,1050,2016-08-28,Alfred N'Diaye,ES1,0,0,0,0,1
2698189_18644,2698189,18644,641,2687,2016-10-29,Álvaro Negredo,GB1,0,0,0,1,86
2594798_211395,2594798,211395,3368,3368,2016-04-15,Mauricio Cuero,ES1,1,0,0,0,29
3610372_396894,3610372,396894,1049,2687,2022-02-26,Maxi Gómez,ES1,0,0,0,0,90
3209998_74229,3209998,74229,13,13,2020-03-07,Koke,ES1,0,0,0,1,90
2578225_15220,2578225,15220,989,989,2015-12-28,Artur Boruc,GB1,0,0,0,0,90
3838254_319859,3838254,319859,1148,1148,2022-12-26,Mathias Jensen,GB1,1,0,0,0,67
3208680_120095,3208680,120095,3368,472,2019-09-24,José Campaña,ES1,0,0,0,0,90
3886654_289255,3886654,289255,681,621,2023-04-28,Andoni Gorosabel,ES1,0,0,0,0,13
2872238_82105,2872238,82105,31,31,2017-11-25,Joel Matip,GB1,0,0,0,0,90
3844550_139435,3844550,139435,237,237,2023-06-04,Dani Rodríguez,ES1,0,0,0,2,90
2594534_263856,2594534,263856,3368,150,2015-10-04,Víctor Camarasa,ES1,0,0,0,0,52
3886463_74229,3886463,74229,13,13,2022-12-30,Koke,ES1,0,0,0,0,11
2899876_251876,2899876,251876,12321,237,2018-04-22,Pablo Maffeo,ES1,0,0,0,0,90
2698414_57500,2698414,57500,631,368,2017-05-21,César Azpilicueta,GB1,0,0,0,0,90
3838754_181579,3838754,181579,180,1132,2023-02-18,James Ward-Prowse,GB1,1,0,1,0,90
4113053_31909,4113053,31909,418,418,2023-09-02,Toni Kroos,ES1,1,0,0,0,45
3592017_340329,3592017,340329,762,762,2021-10-17,Joe Willock,GB1,0,0,0,0,77
3050403_294057,3050403,294057,1003,148,2019-02-03,James Maddison,GB1,0,0,0,0,62
2899900_71571,2899900,71571,621,714,2018-04-28,Ander Iturraspe,ES1,0,0,0,0,73
3429748_406635,3429748,406635,281,281,2021-02-27,Phil Foden,GB1,0,0,0,0,25
3079370_197545,3079370,197545,621,621,2018-09-15,Ander Capa,ES1,1,0,0,0,36
3886664_525578,3886664,525578,367,367,2023-05-04,Pathé Ciss,ES1,0,0,0,0,9
3886564_74229,3886564,74229,13,13,2023-02-25,Koke,ES1,1,0,0,0,77
2577863_29712,2577863,29712,1123,762,2015-08-08,John Ruddy,GB1,0,0,0,0,90
3219094_184573,3219094,184573,985,405,2019-08-19,Victor Lindelöf,GB1,0,0,0,0,90
2594756_18644,2594756,18644,1049,2687,2016-03-13,Álvaro Negredo,ES1,0,0,0,0,20
3421749_256178,3421749,256178,31,31,2020-11-08,Joe Gomez,GB1,0,0,0,0,90
3451047_151470,3451047,151470,3368,3368,2020-12-19,Nikola Vukcevic,ES1,1,0,0,0,57
2899847_102423,2899847,102423,3709,714,2018-04-02,Leandro Cabrera,ES1,0,0,0,0,90
3050431_57500,3050431,57500,631,368,2019-04-03,César Azpilicueta,GB1,0,0,0,0,73
3080775_67090,3080775,67090,714,714,2019-01-27,Dídac Vilà,ES1,0,0,0,0,64
2594687_25557,2594687,25557,418,368,2016-01-31,Sergio Ramos,ES1,0,0,0,0,90
3208762_65331,3208762,65331,366,366,2019-11-09,Míchel Herrero,ES1,0,0,0,0,90
4095250_469958,4095250,469958,1031,1031,2023-12-23,Jacob Brown,GB1,0,0,0,0,90
2594537_131505,2594537,131505,1049,399,2015-10-04,Rodrigo,ES1,0,0,0,0,8
3209975_216464,3209975,216464,16795,681,2020-02-23,Carlos Fernández,ES1,0,0,0,0,69
3219290_234803,3219290,234803,31,31,2019-12-26,Andrew Robertson,GB1,0,0,0,0,90
4095180_319900,4095180,319900,1031,1031,2023-11-05,Elijah Adebayo,GB1,0,0,0,0,15
2594723_60890,2594723,60890,940,366,2016-02-27,Fabián Orellana,ES1,0,0,0,0,90
3079517_284884,3079517,284884,1244,1244,2019-01-04,Óscar Rodríguez,ES1,0,0,0,0,90
3050337_242631,3050337,242631,11,931,2018-12-22,Alex Iwobi,GB1,0,0,1,0,12
3219253_477758,3219253,477758,985,379,2020-01-11,Aaron Wan-Bissaka,GB1,0,0,0,0,90
2486728_95424,2486728,95424,148,1132,2015-02-22,Kyle Walker,GB1,0,0,0,0,90
3838188_387626,3838188,387626,405,405,2022-10-23,Leon Bailey,GB1,0,0,1,1,71
3081128_18944,3081128,18944,131,131,2019-05-19,Gerard Piqué,ES1,0,0,0,0,90
3208677_378139,3208677,378139,1244,150,2019-09-22,Aitor Ruibal,ES1,0,0,0,0,57
3838229_87672,3838229,87672,989,989,2022-11-05,Junior Stanislas,GB1,0,0,0,0,2
3886576_184779,3886576,184779,1531,1531,2023-03-04,Gonzalo Verdú,ES1,0,0,0,0,74
3210061_225020,3210061,225020,418,1108,2020-06-21,Mariano Díaz,ES1,0,0,0,0,12
2475558_26199,2475558,26199,3302,3368,2015-05-23,Verza,ES1,0,0,0,0,90
2872354_66934,2872354,66934,379,703,2018-01-20,Cheikhou Kouyaté,GB1,0,0,0,0,90
2899885_59561,2899885,59561,1049,1050,2018-04-29,Dani Parejo,ES1,1,0,0,0,90
3421710_206225,3421710,206225,762,1039,2020-10-03,Isaac Hayden,GB1,0,0,0,0,90
2594539_286415,2594539,286415,714,150,2015-10-03,Pau López,ES1,0,0,0,0,90
3838252_670848,3838252,670848,379,281,2022-12-26,Divin Mubama,GB1,0,0,0,0,3
2872149_50202,2872149,50202,631,418,2017-09-09,Eden Hazard,GB1,0,0,0,0,12
3429869_118534,3429869,118534,29,29,2021-05-23,Michael Keane,GB1,0,0,0,0,90
2594667_57522,2594667,57522,16795,5358,2016-01-18,Andrés Fernández,ES1,0,0,0,0,90
3421759_86202,3421759,86202,631,418,2020-11-21,Antonio Rüdiger,GB1,0,0,0,0,90
4087933_346483,4087933,346483,985,985,2023-08-14,Mason Mount,GB1,0,0,0,0,68
3219265_331726,3219265,331726,631,405,2020-01-11,Tammy Abraham,GB1,0,0,1,0,90
2594684_150948,2594684,150948,1084,1533,2016-01-30,Recio,ES1,0,0,0,0,90
3080789_129444,3080789,129444,714,12321,2019-02-03,David López,ES1,0,0,0,0,90
3208788_7663,3208788,7663,150,150,2019-11-30,Joaquín,ES1,0,0,1,0,80
2594663_127554,2594663,127554,367,366,2016-01-17,Nacho Martínez,ES1,0,0,0,0,90
3081092_182904,3081092,182904,131,13,2019-04-27,Clément Lenglet,ES1,0,0,0,0,90
3451027_213260,3451027,213260,331,331,2020-12-06,Rubén García,ES1,0,0,0,0,73
3886502_411295,3886502,411295,131,131,2023-01-22,Raphinha,ES1,0,0,0,1,62
2475512_7631,2475512,7631,621,621,2015-04-28,Carlos Gurpegui,ES1,0,0,0,0,90
3838764_565822,3838764,565822,31,405,2023-02-13,Harvey Elliott,GB1,0,0,0,0,1
3431919_7668,3431919,7668,2687,2687,2020-09-20,Alberto Cifuentes,ES1,0,0,0,0,90
3050284_406635,3050284,406635,281,281,2018-11-11,Phil Foden,GB1,0,0,0,0,1
3451375_165007,3451375,165007,940,1108,2021-03-20,Denis Suárez,ES1,1,0,0,1,90
3838595_540941,3838595,540941,1148,1148,2023-05-28,Mikkel Damsgaard,GB1,1,0,0,0,70
3208620_46413,3208620,46413,237,331,2019-08-17,Ante Budimir,ES1,0,0,0,0,65
2899700_22969,2899700,22969,13,13,2017-12-16,Gabi,ES1,0,0,0,0,90
3591959_503749,3591959,503749,405,762,2021-11-05,Jacob Ramsey,GB1,0,0,0,0,27
4095171_286047,4095171,286047,148,148,2023-10-27,Guglielmo Vicario,GB1,0,0,0,0,90
2594501_35536,2594501,35536,367,367,2015-09-20,Toño,ES1,0,0,0,0,90
2486785_3620,2486785,3620,29,29,2015-04-11,Leon Osman,GB1,0,0,0,0,28
3080845_459463,3080845,459463,5358,150,2019-03-16,Cucho Hernández,ES1,0,0,0,0,29
3421696_66934,3421696,66934,873,703,2020-09-26,Cheikhou Kouyaté,GB1,0,0,1,0,90
3451089_616369,3451089,616369,681,681,2021-01-09,Ander Barrenetxea,ES1,0,0,0,0,34
3208821_227805,3208821,227805,1049,1049,2019-12-21,Jaume Doménech,ES1,0,0,0,0,90
3886682_398184,3886682,398184,131,131,2023-05-20,Ferran Torres,ES1,0,0,0,1,27
3219294_206040,3219294,206040,543,931,2019-12-29,Raúl Jiménez,GB1,0,0,0,0,18
3837834_316264,3837834,316264,11,11,2022-08-20,Martin Ødegaard,GB1,0,0,2,0,74
3080879_142021,3080879,142021,714,237,2019-04-06,Sergi Darder,ES1,0,0,1,0,90
2872494_68390,2872494,68390,29,29,2018-05-13,Séamus Coleman,GB1,0,0,0,0,90
2899623_132921,2899623,132921,12321,12321,2017-10-15,Aday Benítez,ES1,0,0,0,0,65
3219227_49755,3219227,49755,1237,1132,2020-02-01,Dale Stephens,GB1,1,0,0,0,90
3451211_213670,3451211,213670,331,331,2021-03-13,Lucas Torró,ES1,0,0,0,0,21
2899707_7600,2899707,7600,131,131,2017-12-17,Andrés Iniesta,ES1,0,0,0,0,56
3080776_73250,3080776,73250,1050,1050,2019-01-26,Mario Gaspar,ES1,1,0,0,0,90
4087942_503987,4087942,503987,631,11,2023-08-20,Noni Madueke,GB1,0,0,0,0,15
3080854_401922,3080854,401922,1050,931,2019-03-30,Samuel Chukwueze,ES1,0,0,0,0,70
3079375_127554,3079375,127554,366,366,2018-09-16,Nacho Martínez,ES1,1,0,0,0,90
3838747_401173,3838747,401173,985,405,2023-04-05,Jadon Sancho,GB1,0,0,0,0,71
2899680_121483,2899680,121483,13,13,2017-12-02,Jan Oblak,ES1,0,0,0,0,90
3592173_388165,3592173,388165,1148,762,2022-05-07,Yoane Wissa,GB1,0,0,1,0,68
3429791_134294,3429791,134294,180,379,2021-04-04,Danny Ings,GB1,0,0,1,1,86
2899731_197545,2899731,197545,1533,621,2018-01-13,Ander Capa,ES1,0,0,0,0,90
3838736_67420,3838736,67420,399,399,2023-03-04,Luke Ayling,GB1,0,0,0,0,90
3838628_655488,3838628,655488,11,11,2023-05-07,Gabriel Martinelli,GB1,0,0,0,0,80
3451050_127108,3451050,127108,1108,367,2020-12-23,Florian Lejeune,ES1,0,0,0,0,90
3079517_221899,3079517,221899,714,3302,2019-01-04,Léo Baptistão,ES1,0,0,0,0,88
2475475_6585,2475475,6585,3368,3368,2015-04-07,Kalu Uche,ES1,0,0,1,0,90
2698173_55742,2698173,55742,989,703,2016-10-22,Harry Arter,GB1,0,0,0,0,90
3451407_247250,3451407,247250,366,2687,2021-04-21,Rubén Alcaraz,ES1,0,0,0,0,90
3607532_646740,3607532,646740,131,131,2021-10-30,Gavi,ES1,0,0,0,0,70
3050181_61651,3050181,61651,31,1148,2018-08-20,Jordan Henderson,GB1,0,0,0,0,23
3592179_270171,3592179,270171,1148,1148,2022-04-02,Vitaly Janelt,GB1,0,0,2,0,82
3592163_453704,3592163,453704,1148,368,2021-12-26,Álvaro Fernández,GB1,0,0,0,0,90
3451063_298983,3451063,298983,5358,331,2020-12-30,Javi Ontiveros,ES1,0,0,0,0,67
3886497_339820,3886497,339820,237,366,2023-01-14,Amath Ndiaye,ES1,0,0,0,0,26
2486748_67416,2486748,67416,2288,405,2015-03-04,Neil Taylor,GB1,0,0,0,1,90
3451165_297194,3451165,297194,940,940,2021-02-20,Iván Villar,ES1,0,0,0,0,24
3080784_447661,3080784,447661,12321,405,2019-02-03,Douglas Luiz,ES1,0,0,0,0,14
3858325_423440,3858325,423440,681,11,2022-09-18,Martín Zubimendi,ES1,0,0,0,0,90
2577857_13573,2577857,13573,989,989,2015-08-08,Simon Francis,GB1,0,0,0,0,90
3421708_262226,3421708,262226,1003,931,2020-10-04,Timothy Castagne,GB1,0,0,0,0,90
3610368_298583,3610368,298583,1049,1049,2022-02-20,Eray Cömert,ES1,0,0,0,0,5
3081093_336869,3081093,336869,714,150,2019-04-29,Marc Roca,ES1,0,0,0,0,90
3079414_25412,3079414,25412,3368,5358,2018-10-06,Pedro López,ES1,0,0,0,0,16
3838627_183334,3838627,183334,399,399,2023-05-06,Patrick Bamford,GB1,0,0,0,0,80
2698148_37171,2698148,37171,984,984,2016-11-21,Craig Gardner,GB1,0,0,0,0,7
3208808_252677,3208808,252677,3368,3368,2019-12-14,José Luis Morales,ES1,0,0,0,0,78
3050415_126664,3050415,126664,29,405,2019-02-09,Lucas Digne,GB1,0,0,0,0,90
3886323_683840,3886323,683840,131,131,2022-10-16,Pedri,ES1,0,0,0,0,83
3611486_142021,3611486,142021,714,237,2022-05-08,Sergi Darder,ES1,0,0,0,1,90
3080805_145769,3080805,145769,150,366,2019-02-17,Sergio León,ES1,0,0,0,0,26
3607548_153427,3607548,153427,367,367,2021-11-06,Bebé,ES1,0,0,0,0,30
2698419_34691,2698419,34691,1132,1132,2017-05-06,Stephen Ward,GB1,0,0,0,0,90
3838242_66934,3838242,66934,703,703,2022-11-12,Cheikhou Kouyaté,GB1,0,0,0,0,71
3605296_277384,3605296,277384,237,237,2021-10-02,Martin Valjent,ES1,0,0,0,0,90
2718829_85258,2718829,85258,621,621,2016-11-28,Mikel Balenziaga,ES1,0,0,0,0,90
2475356_15983,2475356,15983,3709,3709,2015-01-10,Juan Rodríguez,ES1,1,0,0,0,90
2698268_51321,2698268,51321,379,989,2016-12-26,Darren Randolph,GB1,0,0,0,0,90
3421714_730893,3421714,730893,873,873,2020-10-18,Tyrick Mitchell,GB1,1,0,0,0,90
2698000_4063,2698000,4063,641,641,2016-08-21,Stewart Downing,GB1,0,0,0,0,90
3420842_243589,3420842,243589,931,931,2020-09-19,Josh Onomah,GB1,0,0,0,0,58
3219246_61841,3219246,61841,989,989,2020-01-18,Adam Smith,GB1,1,0,0,0,90
3610562_442805,3610562,442805,237,3302,2022-03-20,Iddrisu Baba,ES1,0,0,0,0,82
3591953_98240,3591953,98240,762,762,2021-11-06,Ciaran Clark,GB1,0,0,0,1,90
3592104_309400,3592104,309400,631,11,2022-02-19,Kai Havertz,GB1,1,0,0,0,90
2698150_33544,2698150,33544,985,985,2016-11-27,Antonio Valencia,GB1,1,0,0,0,90
3429782_140191,3429782,140191,379,989,2021-03-21,Ryan Fredericks,GB1,0,0,0,0,11
4087938_324882,4087938,324882,1031,1031,2023-10-03,Marvelous Nakamba,GB1,1,0,0,0,90
3050311_13572,3050311,13572,1010,1010,2018-12-04,Ben Foster,GB1,0,0,0,0,90
4095240_485585,4095240,485585,631,405,2023-12-16,Ian Maatsen,GB1,0,0,0,0,1
3079403_199369,3079403,199369,681,472,2018-09-29,Sandro Ramírez,ES1,1,0,0,0,45
3079520_67082,3079520,67082,13,13,2019-01-06,Vitolo,ES1,0,0,0,0,30
3844550_165467,3844550,165467,367,1049,2023-06-04,Stole Dimitrievski,ES1,0,0,0,0,85
3050341_126664,3050341,126664,29,405,2018-12-23,Lucas Digne,GB1,0,0,0,0,90
3429855_346483,3429855,346483,631,985,2021-05-18,Mason Mount,GB1,0,0,0,0,90
3050376_88590,3050376,88590,11,3368,2019-01-12,Shkodran Mustafi,GB1,1,0,0,0,59
2718877_357885,2718877,357885,1084,150,2017-01-08,Pablo Fornals,ES1,1,0,0,0,56
2899633_351478,2899633,351478,681,681,2017-10-23,Mikel Oyarzabal,ES1,1,0,0,0,90
2899823_199321,2899823,199321,940,12321,2018-03-11,Rubén Blanco,ES1,0,0,0,0,90
2698147_13460,2698147,13460,512,985,2016-10-22,Lee Grant,GB1,0,0,0,0,90
2578257_126665,2578257,126665,405,29,2016-04-30,Idrissa Gueye,GB1,1,0,0,0,88
3079488_175449,3079488,175449,5358,331,2018-12-09,Moi Gómez,ES1,0,0,0,0,90
3451470_247250,3451470,247250,366,2687,2021-05-16,Rubén Alcaraz,ES1,1,0,0,0,52
2594766_137174,2594766,137174,897,897,2016-03-19,Alejandro Arribas,ES1,0,0,0,0,90
2899562_139895,2899562,139895,1108,1108,2017-08-18,Tomás Pina,ES1,0,0,0,0,27
3886524_177467,3886524,177467,1050,1050,2023-02-04,Gerard Moreno,ES1,0,0,1,0,90
2486694_12282,2486694,12282,985,12321,2015-01-31,Daley Blind,GB1,0,0,0,2,90
2899838_44779,2899838,44779,13,543,2018-04-08,Diego Costa,ES1,0,0,0,0,71
2718717_158795,2718717,158795,1244,3709,2016-08-22,David Timor,ES1,0,1,0,0,81
3583476_328658,3583476,328658,1148,1148,2021-08-13,Kristoffer Ajer,GB1,0,0,0,0,71
3208815_336869,3208815,336869,714,150,2019-12-22,Marc Roca,ES1,1,0,0,0,84
2594655_39907,2594655,39907,714,1533,2016-01-10,Pape Diop,ES1,0,0,0,0,90
3081114_175449,3081114,175449,5358,331,2019-05-12,Moi Gómez,ES1,0,0,0,0,90
3592191_534700,3592191,534700,399,399,2022-02-23,Jamie Shackleton,GB1,0,0,0,0,45
2718903_182712,2718903,182712,1049,131,2017-01-30,João Cancelo,ES1,0,0,0,0,90
2486809_13520,2486809,13520,29,350,2015-05-02,Phil Jagielka,GB1,0,0,1,0,90
2594512_19981,2594512,19981,131,131,2015-09-23,Javier Mascherano,ES1,0,0,0,0,90
3838596_57500,3838596,57500,631,368,2023-05-28,César Azpilicueta,GB1,0,0,0,0,90
3886574_362086,3886574,362086,367,367,2023-03-05,Isi Palazón,ES1,0,0,0,0,87
3429870_13520,3429870,13520,350,350,2021-05-23,Phil Jagielka,GB1,0,0,0,0,7
3421862_578391,3421862,578391,543,281,2021-01-16,Rayan Aït-Nouri,GB1,0,0,0,0,26
2872320_37304,2872320,37304,180,180,2017-12-30,Shane Long,GB1,0,0,0,0,80
3605303_142031,3605303,142031,1531,237,2021-10-03,Omar Mascarell,ES1,1,0,0,0,90
3592159_324882,3592159,324882,405,1031,2022-05-15,Marvelous Nakamba,GB1,0,0,0,0,66
3210131_99353,3210131,99353,681,12321,2020-07-13,Portu,ES1,0,0,0,0,37
2872450_215118,2872450,215118,11,405,2018-04-15,Calum Chambers,GB1,0,0,0,0,78
3605281_59561,3605281,59561,1050,1050,2021-09-25,Dani Parejo,ES1,0,0,0,0,90
3886705_399776,3886705,399776,1050,405,2023-05-28,Pau Torres,ES1,0,0,0,0,90
3421763_168157,3421763,168157,543,2497,2020-11-29,Leander Dendoncker,GB1,0,0,0,0,90
3838724_144028,3838724,144028,11,11,2023-03-12,Leandro Trossard,GB1,0,0,0,3,77
3591975_363205,3591975,363205,281,11,2021-10-30,Gabriel Jesus,GB1,0,0,0,0,90
3219435_59606,3219435,59606,1010,1010,2019-08-17,Craig Cathcart,GB1,0,0,0,0,90
3838676_74810,3838676,74810,1148,1148,2023-04-15,Ben Mee,GB1,0,0,0,0,90
3219278_119269,3219278,119269,1237,931,2019-12-26,Shane Duffy,GB1,0,0,0,0,90
3081103_71918,3081103,71918,5358,5358,2019-05-05,David Ferreiro,ES1,0,0,0,0,90
2577997_3547,2577997,3547,984,512,2015-10-17,Darren Fletcher,GB1,0,0,0,0,90
2594804_53293,2594804,53293,897,897,2016-04-20,Manu Fernández,ES1,0,0,0,0,90
3838608_192080,3838608,192080,762,762,2023-05-22,Nick Pope,GB1,0,0,0,0,90
3080775_336869,3080775,336869,714,150,2019-01-27,Marc Roca,ES1,1,0,0,1,90
3421849_314875,3421849,314875,379,379,2021-01-19,Jarrod Bowen,GB1,0,0,1,0,90
3451085_67546,3451085,67546,5358,5358,2021-01-11,Jorge Pulido,ES1,0,0,0,0,38
3080785_67546,3080785,67546,5358,5358,2019-02-01,Jorge Pulido,ES1,1,0,1,0,90
3591964_433188,3591964,433188,31,31,2021-09-18,Curtis Jones,GB1,0,0,0,0,14
3421843_433177,3421843,433177,11,11,2021-01-14,Bukayo Saka,GB1,0,0,0,0,90
2698266_312017,2698266,312017,512,1110,2017-02-26,Ramadan Sobhi,GB1,0,0,0,0,90
3592131_321247,3592131,321247,405,405,2021-12-01,Emiliano Buendía,GB1,0,0,0,0,90
3079425_188854,3079425,188854,1050,1050,2018-10-20,Manu Trigueros,ES1,0,0,0,0,90
2486746_3332,2486746,3332,985,985,2015-03-04,Wayne Rooney,GB1,0,0,0,0,90
3429730_175446,3429730,175446,543,1108,2021-02-14,Jonny Otto,GB1,0,0,0,0,69
3219240_236953,3219240,236953,1123,399,2020-01-22,Sam Byram,GB1,0,0,0,0,90
2872270_81999,2872270,81999,762,418,2017-12-09,Joselu,GB1,0,0,1,0,88
3079516_56134,3079516,56134,1050,1050,2019-01-06,Javi Fuego,ES1,1,0,0,0,75
3611475_281755,3611475,281755,2687,2687,2022-04-29,Iván Alejo,ES1,0,0,0,0,85
2475528_7717,2475528,7717,368,714,2015-05-02,José Antonio Reyes,ES1,1,0,0,0,90
3219304_324882,3219304,324882,405,1031,2019-12-21,Marvelous Nakamba,GB1,0,0,0,0,82
3838004_108725,3838004,108725,762,703,2022-09-17,Chris Wood,GB1,0,0,0,0,1
2475456_45912,2475456,45912,940,940,2015-03-21,Sergio Álvarez,ES1,0,0,0,0,90
3209985_307519,3209985,307519,366,2687,2020-02-28,Fede San Emeterio,ES1,0,0,0,0,75
3194819_64399,3194819,64399,873,940,2019-08-10,Vicente Guaita,GB1,0,0,0,0,90
2475428_7923,2475428,7923,367,367,2015-02-28,Roberto Trashorras,ES1,0,0,0,0,90
3219347_357662,3219347,357662,379,11,2019-11-30,Declan Rice,GB1,0,0,0,0,90
3838020_82873,3838020,82873,1237,1237,2022-10-08,Pascal Groß,GB1,0,0,0,0,82
2594813_64399,2594813,64399,3709,940,2016-04-24,Vicente Guaita,ES1,0,0,0,0,90
2698184_61841,2698184,61841,989,989,2016-11-05,Adam Smith,GB1,1,0,0,1,90
3080894_145769,3080894,145769,150,366,2019-04-21,Sergio León,ES1,0,0,0,0,21
3592094_53360,3592094,53360,1132,1132,2022-02-23,Jay Rodríguez,GB1,0,0,0,0,90
2475384_31909,2475384,31909,418,418,2015-01-31,Toni Kroos,ES1,0,0,0,0,81
2577901_65477,2577901,65477,1010,1010,2015-08-23,Troy Deeney,GB1,0,0,0,0,90
2872222_122223,2872222,122223,2288,2288,2017-11-04,Sam Clucas,GB1,1,0,0,0,79
3080774_357565,3080774,357565,13,281,2019-01-26,Rodri,ES1,1,0,0,0,90
3219181_119269,3219181,119269,1237,931,2020-02-22,Shane Duffy,GB1,0,0,0,0,90
3050432_95424,3050432,95424,281,1132,2019-02-06,Kyle Walker,GB1,0,0,0,0,90
4095164_42412,4095164,42412,985,985,2023-10-21,Jonny Evans,GB1,1,0,0,0,84
3611480_401530,3611480,401530,418,418,2022-05-08,Éder Militão,ES1,0,0,0,0,68
2899574_59375,2899574,59375,681,681,2017-09-10,David Zurutuza,ES1,0,0,0,0,90
2594658_202984,2594658,202984,472,366,2016-01-10,Roque Mesa,ES1,1,0,0,0,90
3429809_258923,3429809,258923,985,131,2021-04-18,Marcus Rashford,GB1,0,0,0,1,83
2718764_76467,2718764,76467,1108,3709,2016-09-26,Kiko Femenía,ES1,0,0,0,0,90
2872184_20007,2872184,20007,379,379,2017-09-30,Pablo Zabaleta,GB1,0,0,0,0,90
2698146_108390,2698146,108390,631,418,2016-10-30,Thibaut Courtois,GB1,0,0,0,0,90
2578275_28261,2578275,28261,1010,714,2015-12-28,José Manuel Jurado,GB1,1,0,0,0,68
3886656_424042,3886656,424042,13,13,2023-04-30,Nahuel Molina,ES1,0,0,1,0,90
2486724_20007,2486724,20007,281,379,2015-02-21,Pablo Zabaleta,GB1,0,0,0,0,90
2578259_4233,2578259,4233,989,989,2016-05-17,Adam Federici,GB1,0,0,0,0,90
3592115_346483,3592115,346483,631,985,2022-01-15,Mason Mount,GB1,0,0,0,0,9
2698339_61832,2698339,61832,984,984,2017-04-08,Jake Livermore,GB1,0,0,0,0,90
4112877_298589,4112877,298589,331,331,2023-12-10,David García,ES1,0,0,0,0,90
3838032_420002,3838032,420002,873,873,2022-10-15,Jean-Philippe Mateta,GB1,0,0,0,0,13
2872154_121398,2872154,121398,1110,1110,2017-09-11,Tommy Smith,GB1,0,0,0,0,90
3607609_349066,3607609,349066,681,31,2022-01-02,Alexander Isak,ES1,0,0,0,0,90
2594718_63689,2594718,63689,16795,1533,2016-02-21,Fran Rico,ES1,0,0,0,0,90
3886338_81999,3886338,81999,714,418,2022-10-20,Joselu,ES1,0,0,0,0,90
2698381_121279,2698381,121279,2288,2288,2017-04-15,Tom Carroll,GB1,0,0,0,0,23
3886493_240692,3886493,240692,13,289,2023-01-15,Reinildo Mandava,ES1,0,0,0,0,67
2872430_184573,2872430,184573,985,405,2018-03-31,Victor Lindelöf,GB1,0,0,0,0,90
2475346_89618,2475346,89618,1533,1533,2015-01-04,Xabi Irureta,ES1,0,0,0,0,90
2475444_165007,2475444,165007,368,1108,2015-03-15,Denis Suárez,ES1,0,0,0,0,90
3605204_95641,3605204,95641,331,1244,2021-09-18,Darko Brasanac,ES1,0,0,0,0,88
3079503_64598,3079503,64598,12321,12321,2018-12-16,Bernardo Espinosa,ES1,0,0,0,0,90
3838195_354362,3838195,354362,148,148,2022-10-23,Rodrigo Bentancur,GB1,1,0,0,0,90
2872195_57500,2872195,57500,631,368,2017-10-21,César Azpilicueta,GB1,0,0,1,0,90
3838604_111195,3838604,111195,1237,1237,2023-05-21,Joël Veltman,GB1,1,0,0,0,74
2698178_26399,2698178,26399,281,131,2016-11-19,Sergio Agüero,GB1,0,0,0,0,86
3421715_242631,3421715,242631,29,931,2020-10-17,Alex Iwobi,GB1,0,0,0,0,12
3050174_74810,3050174,74810,1132,1148,2018-08-12,Ben Mee,GB1,0,0,0,0,90
2718721_188854,2718721,188854,1050,1050,2016-08-28,Manu Trigueros,ES1,0,0,0,0,90
3208751_396894,3208751,396894,1049,2687,2019-10-30,Maxi Gómez,ES1,0,0,0,0,90
2899908_85383,2899908,85383,1108,2687,2018-05-12,Rubén Sobrino,ES1,0,0,0,0,13
2899769_66099,2899769,66099,12321,12321,2018-02-11,Carles Planas,ES1,0,0,0,0,12
3886561_85383,3886561,85383,2687,2687,2023-02-25,Rubén Sobrino,ES1,0,0,0,0,78
3429793_118534,3429793,118534,29,29,2021-04-12,Michael Keane,GB1,1,0,0,0,90
3079377_225122,3079377,225122,1049,681,2018-09-15,Gonçalo Guedes,ES1,0,0,0,0,27
3219238_258889,3219238,258889,989,148,2020-01-21,Dominic Solanke,GB1,0,0,0,1,85
2594798_73636,2594798,73636,714,714,2016-04-15,Hernán Pérez,ES1,0,0,1,0,90
3219335_477758,3219335,477758,985,379,2019-12-04,Aaron Wan-Bissaka,GB1,0,0,0,0,90
2475552_27374,2475552,27374,897,150,2015-05-23,Sidnei,ES1,0,0,0,0,90
4113170_775605,4113170,775605,13,13,2023-09-16,Pablo Barrios,ES1,1,0,0,0,90
3838032_479999,3838032,479999,873,11,2022-10-15,Eberechi Eze,GB1,0,0,0,0,90
3837996_319859,3837996,319859,1148,1148,2023-03-15,Mathias Jensen,GB1,0,0,0,0,79
3209959_71559,3209959,71559,3709,3709,2020-02-15,Xabi Etxeita,ES1,0,0,0,0,90
3219087_177476,3219087,177476,989,281,2019-08-25,Nathan Aké,GB1,0,0,0,0,90
4095155_735570,4095155,735570,543,543,2023-10-08,João Gomes,GB1,0,0,0,0,69
3450977_44069,3450977,44069,5358,5358,2020-10-25,Pedro Mosquera,ES1,0,0,0,0,90
2486778_129627,2486778,129627,1039,984,2015-04-04,Charlie Austin,GB1,0,0,1,2,90
4095173_184573,4095173,184573,985,405,2023-10-29,Victor Lindelöf,GB1,0,0,0,0,73
3607600_149231,3607600,149231,1531,1531,2021-12-18,Fidel,ES1,0,0,0,0,59
2486787_45330,2486787,45330,984,984,2015-04-11,Claudio Yacob,GB1,0,0,0,0,90
3050214_82105,3050214,82105,31,31,2018-09-15,Joel Matip,GB1,0,0,0,0,1
2698112_43530,2698112,43530,31,180,2016-09-24,Adam Lallana,GB1,0,0,1,2,69
3050244_112515,3050244,112515,631,940,2018-10-07,Marcos Alonso,GB1,0,0,0,0,90
3208621_250845,3208621,250845,13,13,2019-08-18,José María Giménez,ES1,0,0,0,0,90
3219314_63200,3219314,63200,1132,1132,2019-12-14,Ashley Barnes,GB1,0,0,0,0,90
2594492_252677,2594492,252677,3368,3368,2015-09-11,José Luis Morales,ES1,1,0,0,0,69
3607602_63040,3607602,63040,331,331,2021-12-19,Oier Sanjurjo,ES1,0,0,0,0,7
3886569_74294,3886569,74294,368,368,2023-03-04,Nemanja Gudelj,ES1,0,0,0,0,90
2899782_188854,2899782,188854,1050,1050,2018-02-18,Manu Trigueros,ES1,0,0,0,0,2
2899933_29124,2899933,29124,621,621,2017-08-27,Aritz Aduriz,ES1,0,0,1,0,90
3611499_262396,3611499,262396,621,621,2022-05-15,Unai Simón,ES1,0,0,0,0,90
2578128_87672,2578128,87672,989,989,2016-01-23,Junior Stanislas,GB1,0,0,0,1,90
2594604_18944,2594604,18944,131,131,2015-12-05,Gerard Piqué,ES1,0,0,0,0,90
3429872_583189,3429872,583189,985,762,2021-05-23,Anthony Elanga,GB1,0,0,1,0,90
3050376_48066,3050376,48066,379,762,2019-01-12,Andy Carroll,GB1,0,0,0,0,19
3421853_392765,3421853,392765,11,931,2021-01-18,Emile Smith Rowe,GB1,0,0,0,1,82
2698428_13507,2698428,13507,29,29,2017-05-21,Leighton Baines,GB1,1,0,0,0,90
2577999_4072,2577999,4072,512,1132,2015-10-24,Peter Crouch,GB1,0,0,0,0,30
3838022_392757,3838022,392757,873,281,2022-10-09,Marc Guéhi,GB1,1,0,0,0,90
2578234_87672,2578234,87672,989,989,2016-04-23,Junior Stanislas,GB1,0,0,0,0,78
2475456_70934,2475456,70934,940,940,2015-03-21,Nolito,ES1,0,0,0,1,90
4113120_938158,4113120,938158,131,631,2023-10-22,Marc Guiu,ES1,1,0,1,0,11
3219420_31835,3219420,31835,379,379,2019-08-31,Mark Noble,GB1,0,0,0,0,85
3592048_477758,3592048,477758,985,379,2021-10-24,Aaron Wan-Bissaka,GB1,1,0,0,0,90
2594553_27924,2594553,27924,1050,1050,2015-10-25,Antonio Rukavina,ES1,1,0,0,0,7
2718719_193784,2718719,193784,331,1531,2016-08-27,Carlos Clerc,ES1,0,0,0,0,90
3886693_170472,3886693,170472,1049,1049,2023-05-25,Dimitri Foulquier,ES1,0,0,0,0,7
3450980_125781,3450980,125781,131,13,2020-10-31,Antoine Griezmann,ES1,0,0,1,0,90
2577894_36827,2577894,36827,631,984,2015-08-23,Branislav Ivanovic,GB1,0,0,0,0,90
3838612_242631,3838612,242631,29,931,2023-05-20,Alex Iwobi,GB1,0,0,0,0,90
2719028_45912,2719028,45912,940,940,2017-04-23,Sergio Álvarez,ES1,0,0,0,0,90
2486773_4267,2486773,4267,29,29,2015-04-04,Tim Howard,GB1,0,0,0,0,90
3450969_225122,3450969,225122,1049,681,2020-10-18,Gonçalo Guedes,ES1,0,0,1,0,90
4113091_480763,4113091,480763,1050,1050,2023-08-27,Juan Foyth,ES1,1,0,1,0,90
2899843_63723,2899843,63723,1533,1533,2018-04-18,David Lombán,ES1,0,0,1,0,90
3607620_74857,3607620,74857,131,12321,2022-01-08,Marc-André ter Stegen,ES1,0,0,0,0,90
2872235_40613,2872235,40613,1132,1132,2017-11-26,Jack Cork,GB1,0,0,0,0,90
2698108_50202,2698108,50202,631,418,2016-09-24,Eden Hazard,GB1,0,0,0,0,71
3079417_202984,3079417,202984,368,366,2018-10-07,Roque Mesa,ES1,0,0,0,0,1
2872336_6636,2872336,6636,1003,1003,2018-01-13,Christian Fuchs,GB1,0,0,0,0,17
2899605_99353,2899605,99353,12321,12321,2017-09-23,Portu,ES1,0,0,0,0,90
3610375_142031,3610375,142031,1531,237,2022-02-25,Omar Mascarell,ES1,0,0,0,0,75
2698430_26267,2698430,26267,281,281,2017-04-02,Fernandinho,GB1,1,0,0,0,90
2578159_34409,2578159,34409,873,873,2016-02-27,Joe Ledley,GB1,0,0,0,0,81
2578222_44983,2578222,44983,989,1010,2016-01-02,Dan Gosling,GB1,0,0,0,0,90
2872209_61592,2872209,61592,873,873,2017-10-28,James Tomkins,GB1,0,0,0,0,90
3592039_357147,3592039,357147,985,985,2021-11-20,Diogo Dalot,GB1,0,0,0,0,5
3607628_175449,3607628,175449,1050,331,2022-01-09,Moi Gómez,ES1,0,0,0,0,90
3592065_192080,3592065,192080,1132,762,2021-12-04,Nick Pope,GB1,0,0,0,0,90
3050177_14086,3050177,14086,985,29,2018-08-19,Ashley Young,GB1,0,0,0,0,90
4087967_576314,4087967,576314,1237,1237,2023-09-16,Jan Paul van Hecke,GB1,1,0,0,0,90
2486708_66934,2486708,66934,379,703,2015-02-08,Cheikhou Kouyaté,GB1,0,0,1,0,90
2899910_61546,2899910,61546,940,331,2018-05-12,Facundo Roncaglia,ES1,0,0,0,0,90
3885850_96718,3885850,96718,621,621,2022-08-29,Óscar de Marcos,ES1,0,0,0,0,90
3210127_378139,3210127,378139,1244,150,2020-07-12,Aitor Ruibal,ES1,1,0,0,0,90
4113152_197135,4113152,197135,2687,2687,2023-12-04,Joseba Zaldua,ES1,0,0,0,0,13
2719071_300168,2719071,300168,2448,621,2017-05-14,Mikel Vesga,ES1,1,0,0,0,90
2594623_18644,2594623,18644,1049,2687,2015-12-19,Álvaro Negredo,ES1,0,0,0,0,17
2718878_61546,2718878,61546,940,331,2017-01-15,Facundo Roncaglia,ES1,0,0,0,0,90
3886617_298589,3886617,298589,331,331,2023-04-08,David García,ES1,0,0,0,0,90
3886448_76467,3886448,76467,1050,3709,2022-11-09,Kiko Femenía,ES1,0,0,0,0,77
3219125_240306,3219125,240306,985,985,2020-07-04,Bruno Fernandes,GB1,0,0,1,2,90
3080884_356197,3080884,356197,1050,1050,2019-04-14,Alfonso Pedraza,ES1,0,0,0,0,14
3219089_381362,3219089,381362,405,405,2019-08-23,Wesley Moraes,GB1,0,0,1,0,90
2872256_5658,2872256,5658,11,11,2017-12-02,Petr Cech,GB1,0,0,0,0,90
2594598_16635,2594598,16635,13,13,2015-11-28,Juanfran Torres,ES1,0,0,0,0,90
2899932_132921,2899932,132921,12321,12321,2017-08-26,Aday Benítez,ES1,0,0,0,0,90
2872491_40611,2872491,40611,180,1003,2018-05-13,Ryan Bertrand,GB1,0,0,0,0,81
3080836_459463,3080836,459463,5358,150,2019-03-09,Cucho Hernández,ES1,0,0,0,0,12
2719012_128295,2719012,128295,1244,367,2017-04-09,Tito,ES1,1,0,0,1,90
2899611_76746,2899611,76746,3709,3709,2017-09-30,Damián Suárez,ES1,1,0,0,1,90
2486846_85177,2486846,85177,180,873,2015-05-24,Nathaniel Clyne,GB1,0,0,0,0,90
3050267_148455,3050267,148455,31,31,2018-11-03,Mohamed Salah,GB1,0,0,0,0,90
3219128_71271,3219128,71271,31,150,2020-03-07,Adrián San Miguel,GB1,0,0,0,0,90
2486713_10642,2486713,10642,762,762,2015-02-11,Mike Williamson,GB1,0,0,0,0,90
4095260_646658,4095260,646658,1132,1132,2023-12-26,Aaron Ramsey,GB1,0,0,0,0,1
3838230_206746,3838230,206746,931,931,2022-11-05,Kenny Tete,GB1,1,0,0,0,90
3208778_248738,3208778,248738,331,331,2019-11-24,Sergio Herrera,ES1,0,0,0,0,90
3079409_337066,3079409,337066,366,12321,2018-09-30,Toni Villa,ES1,0,0,0,0,85
3421756_435338,3421756,435338,11,11,2020-11-22,Gabriel,GB1,0,0,0,0,90
3610376_167721,3610376,167721,331,150,2022-02-27,Chimy Ávila,ES1,0,0,0,0,82
2698006_44779,2698006,44779,631,543,2016-08-27,Diego Costa,GB1,0,0,0,1,80
2594765_126716,2594765,126716,1049,1050,2016-03-20,Paco Alcácer,ES1,1,0,0,0,79
3219306_51471,3219306,51471,631,281,2019-12-22,Mateo Kovacic,GB1,1,0,0,1,68
3591978_348795,3591978,348795,148,150,2021-10-30,Giovani Lo Celso,GB1,0,0,0,0,73
2899887_85383,2899887,85383,1108,2687,2018-04-01,Rubén Sobrino,ES1,0,0,0,0,90
3050415_207014,3050415,207014,1010,873,2019-02-09,Will Hughes,GB1,0,0,0,1,90
3450985_216870,3450985,216870,331,2497,2020-10-31,Nacho Vidal,ES1,0,0,0,0,6
3219232_321247,3219232,321247,1123,405,2020-02-01,Emiliano Buendía,GB1,0,0,0,0,23
3838264_72476,3838264,72476,931,931,2022-12-31,Bernd Leno,GB1,0,0,0,0,90
3208845_129444,3208845,129444,714,12321,2020-01-25,David López,ES1,0,0,0,0,90
3451082_51663,3451082,51663,2687,2687,2021-01-10,Pedro Alcalá,ES1,0,0,0,0,90
2698390_40433,2698390,40433,11,368,2017-01-31,Alexis Sánchez,GB1,1,0,0,1,90
3886657_401922,3886657,401922,1050,931,2023-04-30,Samuel Chukwueze,ES1,0,0,0,0,63
3607547_167721,3607547,167721,331,150,2021-11-07,Chimy Ávila,ES1,0,0,0,0,19
2718975_230784,2718975,230784,13,1050,2017-03-11,Thomas Partey,ES1,0,0,0,0,45
4112846_834752,4112846,834752,621,621,2023-12-16,Unai Gómez,ES1,0,0,0,0,5
3838189_258923,3838189,258923,985,131,2022-10-22,Marcus Rashford,GB1,0,0,0,0,81
2594792_31909,2594792,31909,418,418,2016-04-16,Toni Kroos,ES1,0,0,0,0,90
3886498_251106,3886498,251106,3709,989,2023-01-15,Enes Ünal,ES1,0,0,1,0,90
2718919_59375,2718919,59375,681,681,2017-02-10,David Zurutuza,ES1,1,0,0,0,90
3592101_339556,3592101,339556,1148,1148,2022-02-19,Rico Henry,GB1,0,0,0,0,90
2899887_67080,2899887,67080,1108,1108,2018-04-01,Víctor Laguardia,ES1,0,0,0,0,90
3844095_298976,3844095,298976,3709,3709,2022-08-15,Borja Mayoral,ES1,0,0,0,0,81
2475496_41281,2475496,41281,368,368,2015-04-19,Nicolás Pareja,ES1,0,0,0,0,90
2594654_64399,2594654,64399,3709,940,2016-01-09,Vicente Guaita,ES1,1,0,0,0,90
2475404_7767,2475404,7767,13,13,2015-02-15,Fernando Torres,ES1,0,0,0,0,45
2872465_102258,2872465,102258,1132,1132,2018-04-28,Matthew Lowton,GB1,0,0,0,0,90
3451397_44069,3451397,44069,5358,5358,2021-04-09,Pedro Mosquera,ES1,0,0,0,0,65
4095235_171679,4095235,171679,543,543,2023-12-09,Matt Doherty,GB1,0,0,0,0,21
2578273_61644,2578273,61644,762,703,2016-04-23,Jack Colback,GB1,0,0,1,0,90
3050238_74810,3050238,74810,1132,1148,2018-10-06,Ben Mee,GB1,1,0,0,0,90
2718805_175449,2718805,175449,2448,331,2016-10-29,Moi Gómez,ES1,1,0,1,0,82
3219413_92572,3219413,92572,873,873,2019-09-22,Joel Ward,GB1,0,0,0,0,90
3838755_126665,3838755,126665,29,29,2023-02-18,Idrissa Gueye,GB1,0,0,0,0,90
3219225_111455,3219225,111455,11,289,2020-02-16,Granit Xhaka,GB1,1,0,0,0,90
4087935_427568,4087935,427568,11,762,2023-08-21,Aaron Ramsdale,GB1,0,0,0,0,90
3838792_388165,3838792,388165,1148,762,2023-01-14,Yoane Wissa,GB1,0,0,0,0,71
3607553_127032,3607553,127032,1050,703,2021-11-20,Serge Aurier,ES1,0,0,0,0,7
2718827_37337,2718827,37337,1049,367,2016-11-20,Mario Suárez,ES1,0,0,0,0,90
2594715_165007,2594715,165007,1050,1108,2016-02-21,Denis Suárez,ES1,0,0,0,0,23
3451153_85288,3451153,85288,418,150,2021-02-14,Isco,ES1,0,0,0,0,11
3208637_282411,3208637,282411,13,13,2020-07-19,Marcos Llorente,ES1,0,0,0,0,25
3844600_783396,3844600,783396,12321,714,2022-08-22,Ramón Terrats,ES1,0,0,0,0,4
2872399_170321,2872399,170321,762,762,2018-03-03,Paul Dummett,GB1,0,0,0,0,90
3219079_31835,3219079,31835,379,379,2019-09-16,Mark Noble,GB1,1,0,0,0,90
2594846_63689,2594846,63689,16795,1533,2016-05-14,Fran Rico,ES1,1,0,0,0,90
3219169_176553,3219169,176553,281,621,2020-06-22,Aymeric Laporte,GB1,0,0,0,0,29
3450988_227805,3450988,227805,1049,1049,2020-11-01,Jaume Doménech,ES1,0,0,0,0,90
4112875_38253,4112875,38253,131,131,2023-12-10,Robert Lewandowski,ES1,0,0,1,0,90
3421859_108354,3421859,108354,873,1003,2021-01-17,Jordan Ayew,GB1,0,0,0,0,90
2594672_125931,2594672,125931,3368,3368,2016-01-25,Toño García,ES1,1,0,0,0,90
3607566_616369,3607566,616369,681,681,2021-11-28,Ander Barrenetxea,ES1,0,0,0,0,30
2594639_13038,2594639,13038,1084,1084,2015-12-30,Arthur Boka,ES1,0,0,0,0,31
3591993_158764,3591993,158764,399,399,2021-08-29,Stuart Dallas,GB1,0,0,0,0,90
3050186_29975,3050186,29975,989,989,2018-08-18,Andrew Surman,GB1,0,0,0,0,90
2577996_92469,2577996,92469,989,762,2015-10-25,Matt Ritchie,GB1,0,0,1,0,90
3429842_67063,3429842,67063,1237,1237,2021-05-09,Danny Welbeck,GB1,0,0,0,0,78
3219305_40611,3219305,40611,180,1003,2019-12-14,Ryan Bertrand,GB1,0,0,0,0,90
3451450_203516,3451450,203516,1531,472,2021-05-07,Nuke Mfulu,ES1,0,0,0,0,85
3885848_256429,3885848,256429,366,367,2022-08-28,Sergi Guardiola,ES1,0,0,0,0,61
3610360_129473,3610360,129473,681,681,2022-02-20,Rafinha,ES1,0,0,0,0,28
3838022_543387,3838022,543387,873,873,2022-10-09,Cheick Doucouré,GB1,1,0,0,0,64
3208632_252677,3208632,252677,3368,3368,2020-07-19,José Luis Morales,ES1,0,0,0,0,89
3451044_111508,3451044,111508,3709,3709,2020-12-20,Allan Nyom,ES1,1,0,0,1,90
2577893_191217,2577893,191217,11,150,2015-08-24,Héctor Bellerín,GB1,0,0,0,0,90
2718957_129473,2718957,129473,131,681,2017-03-01,Rafinha,ES1,0,0,0,0,74
3838665_135343,3838665,135343,762,762,2023-04-23,Fabian Schär,GB1,0,0,0,2,74
3421725_314183,3421725,314183,984,984,2020-10-26,Karlan Grant,GB1,0,0,1,0,84
3837837_206746,3837837,206746,931,931,2022-08-20,Kenny Tete,GB1,1,0,0,0,77
2578069_24589,2578069,24589,1123,1123,2015-12-12,Wes Hoolahan,GB1,0,0,1,0,84
2594566_182712,2594566,182712,1049,131,2015-10-31,João Cancelo,ES1,0,0,0,1,81
2578132_61592,2578132,61592,379,873,2016-02-06,James Tomkins,GB1,0,0,0,0,61
2698144_55742,2698144,55742,989,703,2016-11-19,Harry Arter,GB1,1,0,0,0,90
4112878_573775,4112878,573775,1049,1049,2023-12-08,Hugo Duro,ES1,0,0,0,0,90
4095257_392765,4095257,392765,11,931,2023-12-28,Emile Smith Rowe,GB1,0,0,0,0,11
3610277_18644,3610277,18644,2687,2687,2022-01-18,Álvaro Negredo,ES1,0,0,1,1,90
3429705_42412,3429705,42412,1003,985,2021-02-03,Jonny Evans,GB1,0,0,0,0,90
3210002_290249,3210002,290249,3709,3709,2020-03-07,Mauro Arambarri,ES1,2,0,0,0,82
3844549_401624,3844549,401624,150,3302,2023-06-04,Edgar González,ES1,0,0,0,0,87
3886664_380598,3886664,380598,367,1050,2023-05-04,Santi Comesaña,ES1,0,0,0,0,81
3591952_404584,3591952,404584,1148,1148,2021-11-06,Marcus Forss,GB1,0,0,0,0,21
3592071_341051,3592071,341051,180,379,2021-12-11,Kyle Walker-Peters,GB1,0,0,0,0,90
3886331_371998,3886331,371998,418,418,2022-10-19,Vinicius Junior,ES1,0,0,0,0,80
2475395_142419,2475395,142419,1533,331,2015-02-06,Raúl Navas,ES1,0,0,0,0,90
2872296_73484,2872296,73484,1010,1010,2017-12-23,Tom Cleverley,GB1,0,0,0,0,90
2578072_57207,2578072,57207,873,873,2015-12-19,Jordon Mutch,GB1,0,0,0,0,11
2719054_54774,2719054,54774,331,331,2017-04-30,Miguel de las Cuevas,ES1,0,0,0,0,13
4095144_314875,4095144,314875,379,379,2023-09-30,Jarrod Bowen,GB1,0,0,1,0,90
2594647_133794,2594647,133794,16795,1108,2016-01-03,Edgar Méndez,ES1,1,0,0,0,90
2594776_72047,2594776,72047,940,940,2016-04-02,Iago Aspas,ES1,0,0,0,0,90
2475403_26199,2475403,26199,3302,3368,2015-02-13,Verza,ES1,0,0,1,0,90
3611453_284884,3611453,284884,3709,1244,2022-04-16,Óscar Rodríguez,ES1,0,0,0,0,45
3451056_282411,3451056,282411,13,13,2020-12-22,Marcos Llorente,ES1,0,0,1,0,90
4112966_455181,4112966,455181,367,367,2023-09-30,Jorge de Frutos,ES1,0,0,0,0,19
2899846_56067,2899846,56067,714,1531,2018-04-15,Pablo Piatti,ES1,0,0,0,0,33
2698428_13520,2698428,13520,29,350,2017-05-21,Phil Jagielka,GB1,1,0,0,0,90
2899575_339820,2899575,339820,3709,366,2017-09-08,Amath Ndiaye,ES1,1,0,0,0,78
2594803_197545,2594803,197545,1533,621,2016-04-20,Ander Capa,ES1,0,0,0,0,90
4095176_357885,4095176,357885,379,150,2023-11-04,Pablo Fornals,GB1,0,0,0,0,26
3429782_111455,3429782,111455,11,289,2021-03-21,Granit Xhaka,GB1,0,0,0,0,74
2594513_66112,2594513,66112,1533,366,2015-09-23,Keko Gontán,ES1,0,0,0,0,61
3886487_263727,3886487,263727,368,368,2023-01-08,Joan Jordán,ES1,0,0,0,0,90
3838666_346314,3838666,346314,631,631,2023-05-25,Trevoh Chalobah,GB1,0,0,0,0,90
2698305_52570,2698305,52570,180,989,2017-03-19,Fraser Forster,GB1,0,0,0,0,90
2577944_85475,2577944,85475,2288,762,2015-08-30,Federico Fernández,GB1,0,0,0,0,90
3429871_444208,3429871,444208,180,1132,2021-05-23,Michael Obafemi,GB1,0,0,0,0,6
2718982_51426,2718982,51426,681,3709,2017-03-18,Markel Bergara,ES1,0,0,0,0,20
3886641_143559,3886641,143559,237,1244,2023-04-26,Matija Nastasić,ES1,0,0,1,0,45
2475460_208890,2475460,208890,1084,3368,2015-04-04,Samu García,ES1,0,0,0,0,62
2698145_85935,2698145,85935,984,984,2016-10-22,James McClean,GB1,1,0,0,0,65
3592063_453704,3592063,453704,1148,368,2021-12-05,Álvaro Fernández,GB1,0,0,0,0,90
3050449_61592,3050449,61592,873,873,2019-03-02,James Tomkins,GB1,1,0,0,0,90
2486783_40611,2486783,40611,180,1003,2015-04-11,Ryan Bertrand,GB1,0,0,0,0,90
4113074_358250,4113074,358250,940,940,2023-09-28,Joseph Aidoo,ES1,0,0,0,0,90
3219083_118534,3219083,118534,29,29,2019-09-01,Michael Keane,GB1,0,0,0,0,90
2698349_13460,2698349,13460,512,985,2017-04-04,Lee Grant,GB1,0,0,0,0,90
2899921_60890,2899921,60890,1533,366,2018-05-20,Fabián Orellana,ES1,0,0,0,0,90
3451423_176591,3451423,176591,1108,1108,2021-04-18,Jota Peleteiro,ES1,0,0,0,0,89
3219069_242631,3219069,242631,29,931,2019-09-28,Alex Iwobi,GB1,0,0,0,0,67
3209970_506248,3209970,506248,1533,714,2020-02-22,Edu Expósito,ES1,0,0,0,0,83
3219401_95424,3219401,95424,281,1132,2019-10-06,Kyle Walker,GB1,0,0,0,0,45
2594500_57876,2594500,57876,897,897,2015-09-14,Laure,ES1,1,0,0,0,90
3219311_140191,3219311,140191,379,989,2019-12-09,Ryan Fredericks,GB1,0,0,0,0,90
2718851_74229,2718851,74229,13,13,2016-12-12,Koke,ES1,0,0,0,0,90
4113113_537762,4113113,537762,3302,3302,2023-10-22,Sergio Arribas,ES1,0,0,0,0,68
2718833_85288,2718833,85288,418,150,2016-11-26,Isco,ES1,0,0,0,0,9
2486720_44779,2486720,44779,631,543,2015-02-21,Diego Costa,GB1,0,0,0,0,90
2899679_153238,2899679,153238,472,3302,2017-12-03,Jonathan Viera,ES1,0,0,0,0,90
3219175_429014,3219175,429014,543,703,2020-06-24,Morgan Gibbs-White,GB1,0,0,0,0,1
2578008_29712,2578008,29712,1123,762,2015-10-24,John Ruddy,GB1,0,0,0,0,90
3219367_37403,3219367,37403,379,366,2019-11-02,Roberto,GB1,0,0,0,0,90
2872431_127108,2872431,127108,762,367,2018-03-31,Florian Lejeune,GB1,0,0,0,0,90
3886691_522784,3886691,522784,12321,379,2023-05-23,Taty Castellanos,ES1,0,0,0,0,16
4095150_661053,4095150,661053,29,29,2023-10-07,Jarrad Branthwaite,GB1,0,0,0,0,90
3219340_272622,3219340,272622,379,931,2019-11-23,Issa Diop,GB1,1,0,0,0,64
3451012_252667,3451012,252667,2687,2687,2020-11-28,Fali,ES1,0,0,0,0,58
3420838_357662,3420838,357662,379,11,2020-09-19,Declan Rice,GB1,0,0,0,0,90
3210129_309110,3210129,309110,940,681,2020-07-11,Brais Méndez,ES1,0,0,0,0,5
2577987_6150,2577987,6150,762,762,2015-10-03,Fabricio Coloccini,GB1,0,0,0,0,90
2698361_63494,2698361,63494,1010,1050,2017-05-21,Étienne Capoue,GB1,0,0,0,0,90
3429846_583189,3429846,583189,985,762,2021-05-11,Anthony Elanga,GB1,0,0,0,0,66
4113106_326330,4113106,326330,131,131,2023-09-16,Frenkie de Jong,ES1,0,0,0,0,90
2486794_3881,2486794,3881,31,512,2015-04-28,Glen Johnson,GB1,0,0,0,0,90
3210021_374139,3210021,374139,131,150,2020-06-13,Junior Firpo,ES1,0,0,0,0,6
4112811_636688,4112811,636688,131,131,2023-08-13,Alejandro Balde,ES1,0,0,0,0,90
3431938_63056,3431938,63056,331,331,2021-01-12,Roberto Torres,ES1,0,0,0,0,90
2577858_33873,2577858,33873,631,29,2015-08-08,Asmir Begovic,GB1,0,0,0,0,36
3591990_333241,3591990,333241,762,762,2021-09-25,Joelinton,GB1,0,0,0,0,90
3838651_144028,3838651,144028,11,11,2023-04-26,Leandro Trossard,GB1,0,0,0,1,30
2899863_16306,2899863,16306,418,985,2018-04-28,Casemiro,ES1,0,0,0,0,90
3450997_142027,3450997,142027,366,366,2020-11-08,Pablo Hervías,ES1,1,0,0,1,58
3210118_51510,3210118,51510,3709,237,2020-07-08,Ángel Rodríguez,ES1,1,0,0,0,33
3050329_31835,3050329,31835,379,379,2018-12-15,Mark Noble,GB1,1,0,0,0,62
3050243_286384,3050243,286384,985,2497,2018-10-06,Eric Bailly,GB1,0,0,0,0,19
3592006_95424,3592006,95424,281,1132,2021-10-03,Kyle Walker,GB1,0,0,0,0,90
3210078_145769,3210078,145769,3368,366,2020-06-23,Sergio León,ES1,0,0,0,0,70
3431909_255488,3431909,255488,621,621,2020-09-12,Yeray Álvarez,ES1,1,0,0,0,90
3208834_349066,3208834,349066,681,31,2020-01-19,Alexander Isak,ES1,0,0,0,0,57
3209811_71204,3209811,71204,366,366,2020-02-08,Javi Moyano,ES1,1,0,0,0,90
3050268_90836,3050268,90836,989,703,2018-11-03,Steve Cook,GB1,0,0,0,0,90
2718891_165007,2718891,165007,131,1108,2017-01-22,Denis Suárez,ES1,0,0,1,0,80
3208645_73250,3208645,73250,1050,1050,2019-08-23,Mario Gaspar,ES1,0,0,0,0,90
2578141_10003,2578141,10003,1003,1003,2016-02-06,Wes Morgan,GB1,1,0,0,0,90
4113127_81999,4113127,81999,418,418,2023-08-19,Joselu,ES1,0,0,0,0,9
3421797_503733,3421797,503733,29,762,2020-12-16,Anthony Gordon,GB1,0,0,0,0,1
2578211_6636,2578211,6636,1003,1003,2016-04-10,Christian Fuchs,GB1,1,0,0,0,90
4112845_221899,4112845,221899,3302,3302,2023-12-17,Léo Baptistão,ES1,1,0,0,0,90
3592255_209212,3592255,209212,1237,1237,2022-04-16,Solly March,GB1,0,0,0,0,8
4112874_636093,4112874,636093,940,940,2023-12-20,Carlos Domínguez,ES1,0,0,0,0,45
2475436_7874,2475436,7874,621,12321,2015-03-07,Gorka Iraizoz,ES1,0,0,0,0,90
4095238_388165,4095238,388165,1148,762,2023-12-17,Yoane Wissa,GB1,0,0,0,0,76
3838668_121477,3838668,121477,543,543,2023-04-22,Craig Dawson,GB1,0,0,0,0,90
3431932_337066,3431932,337066,366,12321,2020-09-27,Toni Villa,ES1,0,0,0,0,73
3451210_367466,3451210,367466,1049,1049,2021-03-12,Thierry Correia,ES1,0,0,0,0,85
4087948_53360,4087948,53360,1132,1132,2023-08-27,Jay Rodríguez,GB1,0,0,0,0,9
3079474_72047,3079474,72047,940,940,2018-12-01,Iago Aspas,ES1,0,0,2,0,88
3421861_357662,3421861,357662,379,11,2021-01-16,Declan Rice,GB1,0,0,0,0,90
3451047_118997,3451047,118997,3368,331,2020-12-19,Aitor Fernández,ES1,0,0,0,0,90
2872426_148153,2872426,148153,1237,1237,2018-03-31,Lewis Dunk,GB1,0,0,0,0,90
2578091_28336,2578091,28336,873,873,2015-12-26,Mile Jedinak,GB1,0,0,0,0,16
2594620_207924,2594620,207924,367,940,2015-12-13,Jozabed Sánchez,ES1,0,0,0,0,90
2718787_177065,2718787,177065,897,1237,2016-10-15,Florin Andone,ES1,1,0,0,0,90
3050197_287431,3050197,287431,931,931,2018-09-01,Alfie Mawson,GB1,0,0,0,0,90
3886499_192009,3886499,192009,367,367,2023-01-14,Unai López,ES1,0,0,0,0,59
3050176_128901,3050176,128901,543,1003,2018-08-11,Conor Coady,GB1,0,0,0,0,90
3219328_324882,3219328,324882,405,1031,2019-12-08,Marvelous Nakamba,GB1,1,0,0,0,59
2594527_85258,2594527,85258,621,621,2015-09-27,Mikel Balenziaga,ES1,0,0,0,0,90
3209805_263727,3209805,263727,368,368,2020-02-09,Joan Jordán,ES1,0,0,0,0,90
3837833_340324,3837833,340324,11,873,2022-08-13,Eddie Nketiah,GB1,0,0,0,0,6
2578128_248045,2578128,248045,289,289,2016-01-23,Duncan Watmore,GB1,0,0,0,0,24
4095158_333014,4095158,333014,1132,931,2023-10-21,Sander Berge,GB1,1,0,0,0,66
3592183_328658,3592183,328658,1148,1148,2022-03-20,Kristoffer Ajer,GB1,0,0,0,0,66
2475360_71571,2475360,71571,621,714,2015-01-17,Ander Iturraspe,ES1,0,0,0,0,23
2899693_251896,2899693,251896,418,418,2017-12-09,Jesús Vallejo,ES1,0,0,0,0,90
3050413_40611,3050413,40611,180,1003,2019-02-09,Ryan Bertrand,GB1,0,0,0,0,90
2718771_126737,2718771,126737,681,3709,2016-09-30,Juanmi,ES1,0,0,0,0,1
3592170_435338,3592170,435338,11,11,2022-04-23,Gabriel,GB1,0,0,0,0,90
4113068_167721,4113068,167721,331,150,2023-09-28,Chimy Ávila,ES1,0,1,0,0,85
3219296_357885,3219296,357885,379,150,2019-12-26,Pablo Fornals,GB1,0,0,0,0,58
3219202_168157,3219202,168157,543,2497,2020-03-01,Leander Dendoncker,GB1,1,0,0,0,11
2899614_282411,2899614,282411,418,13,2017-10-14,Marcos Llorente,ES1,0,0,0,0,90
4095188_425334,4095188,425334,405,405,2023-11-12,Matty Cash,GB1,0,0,0,0,90
2872465_48078,2872465,48078,1132,1132,2018-04-28,Sam Vokes,GB1,0,0,0,0,24
3210140_50202,3210140,50202,418,418,2020-07-16,Eden Hazard,ES1,0,0,0,0,62
3607552_129444,3607552,129444,714,12321,2021-11-20,David López,ES1,0,0,0,0,56
3838658_126664,3838658,126664,405,405,2023-04-25,Lucas Digne,GB1,0,0,0,0,13
3219408_357662,3219408,357662,379,11,2019-09-28,Declan Rice,GB1,0,0,0,0,90
3079455_156814,3079455,156814,1244,1244,2018-11-10,Javi Eraso,ES1,1,0,0,0,73
2475532_26066,2475532,26066,3368,1533,2015-05-10,Iván Ramis,ES1,0,0,0,0,90
2577885_12282,2577885,12282,985,12321,2015-08-14,Daley Blind,GB1,0,0,0,0,90
2718904_73782,2718904,73782,16795,16795,2017-01-28,Adrián Ramos,ES1,0,0,0,0,90
3208632_71905,3208632,71905,3368,3368,2020-07-19,Coke,ES1,0,0,1,0,90
3429787_183334,3429787,183334,399,399,2021-04-03,Patrick Bamford,GB1,0,0,0,0,65
3208626_443222,3208626,443222,331,472,2019-08-17,Marc Cardona,ES1,0,0,0,0,20
3451086_193784,3451086,193784,3368,1531,2021-01-10,Carlos Clerc,ES1,0,0,0,0,90
2594660_125931,2594660,125931,3368,3368,2016-01-09,Toño García,ES1,0,0,0,1,90
3208635_262365,3208635,262365,16795,16795,2020-07-19,Antonio Puertas,ES1,0,0,1,1,77
3050374_168157,3050374,168157,543,2497,2019-01-14,Leander Dendoncker,GB1,0,0,0,0,90
2698406_13573,2698406,13573,989,989,2017-05-13,Simon Francis,GB1,0,0,0,0,90
2719030_223068,2719030,223068,472,472,2017-04-23,Tana,ES1,0,0,0,1,72
3858326_356197,3858326,356197,1050,1050,2022-09-18,Alfonso Pedraza,ES1,0,0,0,0,82
3886465_905997,3886465,905997,940,940,2022-12-30,Pablo Durán,ES1,0,0,0,0,6
2594492_125931,2594492,125931,3368,3368,2015-09-11,Toño García,ES1,0,0,0,0,90
2718959_223068,2718959,223068,472,472,2017-03-05,Tana,ES1,0,0,0,0,68
3219251_234803,3219251,234803,31,31,2020-01-19,Andrew Robertson,GB1,0,0,0,0,90
3838645_148153,3838645,148153,1237,1237,2023-04-29,Lewis Dunk,GB1,0,0,0,0,90
3219315_212829,3219315,212829,350,350,2019-12-08,Jack O'Connell,GB1,0,0,0,0,90
4087971_601883,4087971,601883,281,281,2023-09-16,Matheus Nunes,GB1,0,0,0,0,23
2475387_72315,2475387,72315,16795,16795,2015-01-31,Javi Márquez,ES1,0,0,0,0,10
3886565_339816,3886565,339816,1531,1531,2023-02-24,Tete Morente,ES1,0,0,0,0,66
3208847_252677,3208847,252677,3368,3368,2020-01-24,José Luis Morales,ES1,0,0,0,0,18
2475429_111508,2475429,111508,16795,3709,2015-02-28,Allan Nyom,ES1,0,0,0,0,90
3605039_351478,3605039,351478,681,681,2021-08-15,Mikel Oyarzabal,ES1,0,0,1,0,90
3838602_433188,3838602,433188,31,31,2023-05-28,Curtis Jones,GB1,0,0,0,0,57
3886613_466805,3886613,466805,1049,281,2023-04-09,Nico González,ES1,0,0,0,0,50
2698349_74810,2698349,74810,1132,1148,2017-04-04,Ben Mee,GB1,0,0,0,0,90
3081104_158791,3081104,158791,3368,3368,2019-05-04,Sergio Postigo,ES1,0,0,0,0,2
4113156_623524,4113156,623524,940,940,2023-08-19,Carlos Dotor,ES1,0,0,0,0,6
3858319_517753,3858319,517753,367,367,2022-09-17,Óscar Valentín,ES1,1,0,0,0,45
3219330_207014,3219330,207014,1010,873,2019-12-04,Will Hughes,GB1,0,0,0,0,83
3050253_26267,3050253,26267,281,281,2018-10-20,Fernandinho,GB1,0,0,1,1,90
3080901_177467,3080901,177467,1050,1050,2019-04-21,Gerard Moreno,ES1,0,0,0,0,1
3219365_43763,3219365,43763,1132,1132,2019-11-02,Erik Pieters,GB1,0,0,0,0,45
3451148_61812,3451148,61812,621,621,2021-02-15,Yuri Berchiche,ES1,0,0,0,0,90
3886518_221309,3886518,221309,366,366,2023-01-29,Óscar Plano,ES1,0,0,0,0,90
3886416_598765,3886416,598765,2687,2687,2022-11-05,Brian Ocampo,ES1,0,0,0,0,64
2475420_93935,2475420,93935,3709,366,2015-02-28,Sergio Escudero,ES1,0,0,0,0,90
3421764_433188,3421764,433188,31,31,2020-11-28,Curtis Jones,GB1,0,0,0,0,16
3429710_434207,3429710,434207,1237,1237,2021-02-03,Aaron Connolly,GB1,0,0,0,0,7
3080834_250845,3080834,250845,13,13,2019-03-09,José María Giménez,ES1,1,0,0,0,90
3451415_289257,3451415,289257,681,1108,2021-04-26,Jon Guridi,ES1,0,0,0,0,27
4095222_556385,4095222,556385,148,148,2023-12-07,Destiny Udogie,GB1,0,0,0,0,90
3429768_249565,3429768,249565,1003,405,2021-03-14,Youri Tielemans,GB1,0,0,0,0,90
4113101_85288,4113101,85288,150,150,2023-11-04,Isco,ES1,0,0,0,0,87
2718808_23338,2718808,23338,1533,1533,2016-11-05,Asier Riesgo,ES1,0,0,0,0,90
3208815_374077,3208815,374077,1244,1244,2019-12-22,Christian Rivera,ES1,0,0,0,0,7
2486756_31720,2486756,31720,289,289,2015-03-14,Sebastian Larsson,GB1,0,0,0,0,90
3219200_73484,3219200,73484,1010,1010,2020-07-07,Tom Cleverley,GB1,1,0,0,0,31
4112877_85383,4112877,85383,2687,2687,2023-12-10,Rubén Sobrino,ES1,0,0,0,0,32
3838775_427568,3838775,427568,11,762,2023-02-04,Aaron Ramsdale,GB1,0,0,0,0,90
3885843_216870,3885843,216870,331,2497,2022-08-26,Nacho Vidal,ES1,0,0,0,0,90
3208625_65331,3208625,65331,366,366,2019-08-18,Míchel Herrero,ES1,1,0,0,0,90
3451017_405398,3451017,405398,1050,681,2020-11-29,Takefusa Kubo,ES1,0,0,0,0,16
3451444_300168,3451444,300168,621,621,2021-05-08,Mikel Vesga,ES1,0,0,0,0,90
3886512_138803,3886512,138803,3302,3302,2023-01-27,Francisco Portillo,ES1,1,0,1,0,18
3592195_199527,3592195,199527,762,762,2022-05-22,Jacob Murphy,GB1,0,0,0,0,79
3210138_573775,3210138,573775,3709,1049,2020-07-16,Hugo Duro,ES1,0,0,0,0,84
3208729_62913,3208729,62913,331,331,2019-10-27,Lillo Castellano,ES1,0,0,0,0,13
3592130_507700,3592130,507700,1123,985,2022-01-21,Brandon Williams,GB1,0,0,0,0,90
3079384_198008,3079384,198008,368,1531,2018-09-23,André Silva,ES1,0,0,1,0,90
3050399_28984,3050399,28984,603,603,2019-02-02,Sol Bamba,GB1,1,0,0,0,90
4095238_734425,4095238,734425,1148,1148,2023-12-17,Michael Olakigbe,GB1,0,0,0,0,1
3886526_166677,3886526,166677,714,714,2023-02-04,Brian Oliván,ES1,0,0,0,0,90
4112883_85295,4112883,85295,367,367,2023-12-11,Iván Balliu,ES1,0,0,0,0,82
3838682_234803,3838682,234803,31,31,2023-04-17,Andrew Robertson,GB1,0,0,0,0,90
3209971_139435,3209971,139435,237,237,2020-02-21,Dani Rodríguez,ES1,0,0,0,0,90
2594790_255501,2594790,255501,621,621,2016-04-10,Iñigo Lekue,ES1,0,0,0,0,90
2577864_3306,2577864,3306,512,1132,2015-08-09,Jonathan Walters,GB1,0,0,0,0,90
2578010_45494,2578010,45494,873,703,2015-10-31,Wayne Hennessey,GB1,0,0,0,0,90
2594522_74857,2594522,74857,131,12321,2015-09-26,Marc-André ter Stegen,ES1,0,0,0,0,90
4095263_780630,4095263,780630,985,1050,2023-12-26,Willy Kambwala,GB1,0,0,0,0,1
2475533_15951,2475533,15951,131,131,2015-05-09,Dani Alves,ES1,0,0,0,0,90
2577942_29152,2577942,29152,289,289,2015-08-29,Danny Graham,GB1,0,0,0,0,45
3079385_47647,3079385,47647,367,367,2018-09-22,Gorka Elustondo,ES1,0,0,0,0,73
3208664_15799,3208664,15799,1050,2497,2019-09-14,Santi Cazorla,ES1,0,0,0,1,63
3050359_199528,3050359,199528,603,603,2019-01-01,Josh Murphy,GB1,0,0,0,0,45
2698290_85475,2698290,85475,2288,762,2017-01-31,Federico Fernández,GB1,1,0,0,0,90
3081102_188838,3081102,188838,3709,366,2019-05-05,Bruno González,ES1,1,0,0,1,90
3592259_140191,3592259,140191,379,989,2022-03-13,Ryan Fredericks,GB1,0,0,0,0,33
2486723_4205,2486723,4205,1039,1039,2015-02-21,Bobby Zamora,GB1,1,0,0,0,64
3838716_61651,3838716,61651,31,1148,2023-05-03,Jordan Henderson,GB1,0,0,0,0,90
2698309_47995,2698309,47995,873,1110,2017-03-18,Jason Puncheon,GB1,0,0,0,0,90
2698402_77544,2698402,77544,641,641,2017-04-17,George Friend,GB1,0,0,0,0,73
2872264_41416,2872264,41416,873,873,2017-12-02,James McArthur,GB1,0,0,0,0,90
3219403_410225,3219403,410225,1010,873,2019-09-28,Ismaïla Sarr,GB1,0,0,0,0,71
4095191_126665,4095191,126665,29,29,2023-11-11,Idrissa Gueye,GB1,0,0,1,0,45
2718860_192009,2718860,192009,1244,367,2016-12-18,Unai López,ES1,0,0,0,0,22
3050443_74810,3050443,74810,1132,1148,2019-02-26,Ben Mee,GB1,1,0,0,0,90
3429799_433177,3429799,433177,11,11,2021-04-11,Bukayo Saka,GB1,0,0,0,0,69
3838631_207014,3838631,207014,873,873,2023-05-06,Will Hughes,GB1,0,0,0,0,16
3050216_195633,3050216,195633,1132,180,2018-09-16,Charlie Taylor,GB1,1,0,0,0,90
3079407_193098,3079407,193098,367,12321,2018-09-28,Álex Moreno,ES1,0,0,0,0,90
3219140_42412,3219140,42412,1003,985,2020-06-20,Jonny Evans,GB1,0,0,0,0,90
3050323_42412,3050323,42412,1003,985,2018-12-08,Jonny Evans,GB1,0,0,0,0,90
2899790_164055,2899790,164055,1533,940,2018-02-24,David Juncà,ES1,0,0,0,0,6
2578162_12282,2578162,12282,985,12321,2016-03-02,Daley Blind,GB1,0,0,0,0,90
4112813_212862,4112813,212862,681,681,2023-08-12,Álex Remiro,ES1,0,0,0,0,90
3081102_255284,3081102,255284,12321,12321,2019-05-05,Álex Granell,ES1,0,0,0,0,90
3429787_131505,3429787,131505,399,399,2021-04-03,Rodrigo,GB1,1,0,0,0,25
2872227_51528,2872227,51528,1237,1237,2017-11-20,Bruno Saltor,GB1,0,0,0,0,90
3210083_571020,3210083,571020,621,621,2020-06-27,Oihan Sancet,ES1,0,0,1,0,75
2594685_76746,2594685,76746,3709,3709,2016-01-30,Damián Suárez,ES1,0,0,0,0,90
3421694_148153,3421694,148153,1237,1237,2020-09-26,Lewis Dunk,GB1,1,0,0,0,90
3210138_290249,3210138,290249,3709,3709,2020-07-16,Mauro Arambarri,ES1,0,0,0,0,84
3607608_81999,3607608,81999,1108,418,2021-12-18,Joselu,ES1,0,0,0,0,90
3886322_408471,3886322,408471,714,714,2022-10-16,Javi Puado,ES1,0,0,0,0,89
2872460_177907,2872460,177907,1003,985,2018-04-19,Harry Maguire,GB1,0,0,0,0,90
3421804_487465,3421804,487465,543,631,2020-12-21,Pedro Neto,GB1,0,0,0,0,90
2718713_44012,2718713,44012,472,472,2016-08-22,David García,ES1,0,0,0,0,90
3050249_62008,3050249,62008,931,931,2018-10-20,Stefan Johansen,GB1,1,0,0,0,82
3080768_369081,3080768,369081,418,418,2019-01-19,Federico Valverde,ES1,0,0,0,0,2
3451147_175836,3451147,175836,1531,1531,2021-02-12,Miguel Cifuentes,ES1,0,0,0,0,90
3838665_361093,3838665,361093,762,762,2023-04-23,Sven Botman,GB1,0,0,0,0,90
4113162_412363,4113162,412363,418,418,2023-11-05,Rodrygo,ES1,0,0,0,0,20
4112966_362086,4112966,362086,367,367,2023-09-30,Isi Palazón,ES1,0,0,0,0,90
2594720_177862,2594720,177862,150,631,2016-02-20,Charly Musonda Jr.,ES1,0,0,0,0,90
3885854_520840,3885854,520840,237,1049,2022-09-03,José Copete,ES1,1,0,0,0,90
2899894_28171,2899894,28171,1084,1084,2018-04-06,Chory Castro,ES1,0,0,0,0,79
2872390_382554,2872390,382554,512,512,2018-02-24,Tyrese Campbell,GB1,0,0,0,0,26
3080817_59323,3080817,59323,12321,12321,2019-02-25,Cristhian Stuani,ES1,1,0,0,0,86
3208671_197135,3208671,197135,681,2687,2019-09-22,Joseba Zaldua,ES1,0,0,0,0,80
3080803_67548,3080803,67548,3368,16795,2019-02-16,Rubén Rochina,ES1,0,0,0,2,59
4112806_338425,4112806,338425,621,621,2023-08-12,Álex Berenguer,ES1,0,0,0,0,45
3607523_255653,3607523,255653,940,940,2021-10-28,Santi Mina,ES1,0,0,0,0,90
3080850_248330,3080850,248330,3368,3709,2019-03-15,Chema Rodríguez,ES1,1,0,0,0,81
2578143_3333,2578143,3333,31,1237,2016-02-14,James Milner,GB1,0,0,1,0,90
3591994_346483,3591994,346483,631,985,2021-08-28,Mason Mount,GB1,0,0,0,0,90
4095152_192765,4095152,192765,148,148,2023-10-07,Ben Davies,GB1,0,0,0,0,8
3079408_59323,3079408,59323,12321,12321,2018-09-30,Cristhian Stuani,ES1,1,0,1,0,90
4087932_434675,4087932,434675,31,31,2023-08-13,Cody Gakpo,GB1,0,0,0,0,66
3429828_148455,3429828,148455,31,31,2021-05-13,Mohamed Salah,GB1,0,0,1,0,90
3451478_39151,3451478,39151,2687,2687,2021-05-21,Augusto Fernández,ES1,0,0,0,0,56
2486660_68390,2486660,68390,29,29,2015-01-01,Séamus Coleman,GB1,0,0,0,0,90
2594779_177467,2594779,177467,714,1050,2016-04-03,Gerard Moreno,ES1,0,0,0,0,58
3838058_357885,3838058,357885,379,150,2022-10-19,Pablo Fornals,GB1,0,0,0,0,61
3451080_61812,3451080,61812,621,621,2021-03-10,Yuri Berchiche,ES1,0,0,0,0,90
3194819_108354,3194819,108354,873,1003,2019-08-10,Jordan Ayew,GB1,0,0,0,0,65
3451431_342385,3451431,342385,150,1049,2021-04-18,Guido Rodríguez,ES1,0,0,0,0,90
3219385_27511,3219385,27511,873,873,2019-10-27,Gary Cahill,GB1,0,0,0,0,90
4112846_424042,4112846,424042,13,13,2023-12-16,Nahuel Molina,ES1,0,0,0,0,45
3885854_826224,3885854,826224,12321,12321,2022-09-03,Arnau Martínez,ES1,0,0,0,0,90
2698186_85935,2698186,85935,984,984,2016-10-29,James McClean,GB1,1,0,0,0,90
2697994_59558,2697994,59558,641,641,2016-08-13,Emilio Nsue,GB1,0,0,0,0,90
3450990_99559,3450990,99559,2687,16795,2020-11-07,Alberto Perea,ES1,0,0,0,0,29
3838725_82873,3838725,82873,1237,1237,2023-03-11,Pascal Groß,GB1,0,0,0,0,90
3838027_243589,3838027,243589,931,931,2022-10-09,Josh Onomah,GB1,0,0,0,0,13
2486717_26399,2486717,26399,281,131,2015-02-11,Sergio Agüero,GB1,1,0,2,0,73
3886323_326330,3886323,326330,131,131,2022-10-16,Frenkie de Jong,ES1,0,0,0,0,90
2899918_32522,2899918,32522,150,1531,2018-05-12,Antonio Barragán,ES1,0,0,0,0,90
3421795_335721,3421795,335721,1237,11,2020-12-16,Ben White,GB1,0,0,0,0,90
3079489_177847,3079489,177847,681,368,2018-12-09,Adnan Januzaj,ES1,0,0,0,0,90
3050205_249126,3050205,249126,148,1003,2018-09-02,Harry Winks,GB1,0,0,0,0,4
3429752_67421,3429752,67421,984,984,2021-02-27,Kyle Bartley,GB1,0,0,1,0,90
3429817_294057,3429817,294057,1003,148,2021-04-26,James Maddison,GB1,0,0,0,0,70
3610340_266795,3610340,266795,1108,2687,2022-02-13,Gonzalo Escalante,ES1,1,0,0,1,90
2899835_142419,2899835,142419,681,331,2018-04-01,Raúl Navas,ES1,0,0,0,0,90
2475506_63689,2475506,63689,16795,1533,2015-04-27,Fran Rico,ES1,1,0,0,0,90
3210019_95963,3210019,95963,16795,16795,2020-06-12,Germán Sánchez,ES1,1,0,0,0,90
2899902_67080,2899902,67080,1108,1108,2018-03-17,Víctor Laguardia,ES1,0,0,0,0,90
2698315_36814,2698315,36814,984,984,2017-04-04,Chris Brunt,GB1,0,0,0,0,90
3050348_31835,3050348,31835,379,379,2018-12-30,Mark Noble,GB1,1,0,0,0,90
3450966_307519,3450966,307519,366,2687,2020-10-18,Fede San Emeterio,ES1,0,0,0,0,63
3886649_743589,3886649,743589,3302,3302,2023-04-26,Kaiky,ES1,0,0,0,0,9
2594485_266795,2594485,266795,1533,2687,2015-08-30,Gonzalo Escalante,ES1,1,0,0,0,90
3451418_16306,3451418,16306,418,985,2021-04-24,Casemiro,ES1,0,0,0,0,90
2718960_71548,2718960,71548,1533,1533,2017-03-04,Anaitz Arbilla,ES1,0,0,0,0,35
3219199_37304,3219199,37304,180,180,2020-07-05,Shane Long,GB1,0,0,0,0,20
3080848_226012,3080848,226012,3709,3709,2019-03-17,David Soria,ES1,0,0,0,0,90
2578228_27614,2578228,27614,984,984,2016-01-02,James Morrison,GB1,0,0,0,1,90
4087960_399776,4087960,399776,405,405,2023-09-03,Pau Torres,GB1,0,0,0,0,90
3219189_433188,3219189,433188,31,31,2020-07-05,Curtis Jones,GB1,0,0,1,0,5
2872160_314210,2872160,314210,29,350,2017-09-17,Tom Davies,GB1,0,0,0,0,66
3431908_82503,3431908,82503,331,367,2020-09-12,Aridane Hernández,ES1,0,0,0,0,90
2698414_44779,2698414,44779,631,543,2017-05-21,Diego Costa,GB1,1,0,0,1,62
3208636_216870,3208636,216870,331,2497,2020-07-19,Nacho Vidal,ES1,0,0,0,0,90
3208829_411975,3208829,411975,368,131,2020-01-03,Jules Koundé,ES1,0,0,0,0,90
3219203_233124,3219203,233124,405,405,2020-06-17,Kortney Hause,GB1,0,0,0,0,90
4113166_623521,4113166,623521,3709,366,2023-12-01,Juanmi Latasa,ES1,0,0,0,0,45
3591983_196948,3591983,196948,631,131,2021-09-25,Andreas Christensen,GB1,1,0,0,0,90
3451005_281989,3451005,281989,16795,3709,2020-11-22,Luis Milla,ES1,0,0,0,0,90
2899689_125931,2899689,125931,3368,3368,2017-12-10,Toño García,ES1,1,0,0,0,90
3050435_61573,3050435,61573,1110,1110,2019-02-23,Jonathan Hogg,GB1,0,0,0,0,90
4095204_330659,4095204,330659,989,989,2023-11-25,Justin Kluivert,GB1,0,0,1,0,66
2698160_52570,2698160,52570,180,989,2016-11-06,Fraser Forster,GB1,0,0,0,0,90
3610320_34370,3610320,34370,714,367,2022-02-07,Diego López,ES1,0,0,0,0,90
3607609_249513,3607609,249513,681,3709,2022-01-02,Diego Rico,ES1,0,0,0,0,90
3858322_64598,3858322,64598,12321,12321,2022-09-18,Bernardo Espinosa,ES1,1,0,0,0,79
3605306_263727,3605306,263727,368,368,2021-10-17,Joan Jordán,ES1,1,0,0,0,73
3886330_568157,3886330,568157,1050,873,2022-10-20,Yéremy Pino,ES1,0,0,0,0,90
2719087_59344,2719087,59344,681,681,2017-05-21,Asier Illarramendi,ES1,1,0,0,0,90
2594480_34601,2594480,34601,13,621,2015-08-22,Raúl García,ES1,0,0,0,0,9
3431929_7668,3431929,7668,2687,2687,2020-09-27,Alberto Cifuentes,ES1,0,0,0,0,90
3209797_139435,3209797,139435,237,237,2020-02-01,Dani Rodríguez,ES1,1,0,0,0,59
2698116_35518,2698116,35518,281,681,2016-10-02,David Silva,GB1,0,0,0,0,90
3611444_226012,3611444,226012,3709,3709,2022-04-09,David Soria,ES1,0,0,0,0,90
3210062_74294,3210062,74294,368,368,2020-06-19,Nemanja Gudelj,ES1,0,0,0,0,21
3607537_63056,3607537,63056,331,331,2021-10-30,Roberto Torres,ES1,0,0,0,0,79
2718790_52345,2718790,52345,331,331,2016-10-21,Didier Digard,ES1,0,0,0,0,90
2899831_59323,2899831,59323,12321,12321,2018-03-31,Cristhian Stuani,ES1,0,0,0,0,90
3431918_127108,3431918,127108,1108,367,2020-09-20,Florian Lejeune,ES1,1,0,0,0,90
3611460_268670,3611460,268670,1531,367,2022-04-19,Gerard Gumbau,ES1,0,0,0,0,90
3450989_51710,3450989,51710,1050,366,2020-11-02,Sergio Asenjo,ES1,0,0,0,0,90
4113064_534379,4113064,534379,472,472,2023-10-08,Pejiño,ES1,0,0,0,0,58
3219380_168157,3219380,168157,543,2497,2019-10-27,Leander Dendoncker,GB1,0,0,0,0,90
4087951_66934,4087951,66934,703,703,2023-08-26,Cheikhou Kouyaté,GB1,1,0,0,0,20
2578124_35413,2578124,35413,989,989,2016-02-07,Lewis Grabban,GB1,0,0,0,0,13
3079480_221309,3079480,221309,366,366,2018-12-01,Óscar Plano,ES1,0,0,0,0,90
4113090_121483,4113090,121483,13,13,2023-08-28,Jan Oblak,ES1,0,0,0,0,90
3079516_154059,3079516,154059,1533,1533,2019-01-06,Charles,ES1,0,0,0,0,80
3050289_206225,3050289,206225,762,1039,2018-11-26,Isaac Hayden,GB1,0,0,0,0,1
2698364_286384,2698364,286384,985,2497,2017-05-14,Eric Bailly,GB1,1,0,0,0,90
3605300_448344,3605300,448344,714,16795,2021-10-03,Óscar Melendo,ES1,0,0,0,0,58
2594670_16635,2594670,16635,13,13,2016-01-17,Juanfran Torres,ES1,0,0,0,1,90
3592302_442248,3592302,442248,1148,1148,2022-01-02,Ethan Pinnock,GB1,0,0,0,0,90
3592076_66934,3592076,66934,873,703,2021-12-12,Cheikhou Kouyaté,GB1,0,0,0,0,90
3838273_324358,3838273,324358,405,405,2023-01-04,Ollie Watkins,GB1,0,0,0,0,66
3611444_298976,3611444,298976,3709,3709,2022-04-09,Borja Mayoral,ES1,0,0,0,0,45
4095066_614258,4095066,614258,631,631,2023-09-24,Levi Colwill,GB1,0,0,0,0,90
2594538_44069,2594538,44069,897,5358,2015-10-03,Pedro Mosquera,ES1,0,0,0,0,90
2698118_71271,2698118,71271,379,150,2016-10-01,Adrián San Miguel,GB1,0,0,0,0,90
2718805_322917,2718805,322917,2448,2448,2016-10-29,Dani Ndi,ES1,0,0,0,0,20
3605311_289255,3605311,289255,681,621,2021-10-16,Andoni Gorosabel,ES1,0,0,0,0,45
3451094_366930,3451094,366930,5358,681,2021-01-20,Sergio Gómez,ES1,0,0,0,0,28
3838743_126664,3838743,126664,405,405,2023-02-25,Lucas Digne,GB1,0,0,0,0,61
2698273_121257,2698273,121257,641,399,2017-02-04,Adam Forshaw,GB1,0,0,0,0,62
2486727_29692,2486727,29692,2288,379,2015-02-21,Lukasz Fabianski,GB1,0,0,0,0,90
3605205_85258,3605205,85258,621,621,2021-09-18,Mikel Balenziaga,ES1,0,0,0,0,90
3886608_617074,3886608,617074,1049,940,2023-04-03,Ilaix Moriba,ES1,0,0,0,0,2
3451411_255508,3451411,255508,621,621,2021-04-21,Iñaki Williams,ES1,0,0,0,0,8
2698397_3547,2698397,3547,984,512,2017-04-29,Darren Fletcher,GB1,0,0,0,0,21
2718994_230784,2718994,230784,13,1050,2017-04-01,Thomas Partey,ES1,0,0,0,0,53
3210101_300168,3210101,300168,621,621,2020-07-01,Mikel Vesga,ES1,0,0,0,0,24
3451373_255488,3451373,255488,621,621,2021-03-20,Yeray Álvarez,ES1,0,0,0,0,90
3431904_278837,3431904,278837,1108,1049,2020-09-13,Luis Rioja,ES1,1,0,0,0,64
4113088_72047,4113088,72047,940,940,2023-11-10,Iago Aspas,ES1,1,0,1,1,90
2697997_74810,2697997,74810,1132,1148,2016-08-20,Ben Mee,GB1,0,0,0,0,90
3886534_221322,3886534,221322,1049,1049,2023-02-11,José Gayà,ES1,0,0,0,0,90
3451413_121483,3451413,121483,13,13,2021-04-25,Jan Oblak,ES1,0,0,0,0,90
3886559_331496,3886559,331496,12321,237,2023-02-26,Valery Fernández,ES1,0,0,0,0,19
2698338_15956,2698338,15956,281,368,2017-04-27,Jesús Navas,GB1,0,0,0,0,10
2718850_158795,2718850,158795,1244,3709,2016-12-10,David Timor,ES1,0,0,0,0,90
2486774_10003,2486774,10003,1003,1003,2015-04-04,Wes Morgan,GB1,0,0,0,0,90
2578237_37526,2578237,37526,379,379,2016-05-10,Winston Reid,GB1,0,0,1,0,90
4113153_298197,4113153,298197,1108,1108,2023-10-29,Antonio Sivera,ES1,0,0,0,0,90
2872122_331726,2872122,331726,2288,405,2017-08-12,Tammy Abraham,GB1,0,0,0,0,81
2594629_89313,2594629,89313,621,897,2015-12-20,Eneko Bóveda,ES1,0,0,0,0,6
2594748_156814,2594748,156814,621,1244,2016-03-06,Javi Eraso,ES1,0,0,0,0,18
3209958_298589,3209958,298589,331,331,2020-02-16,David García,ES1,0,0,0,0,2
3610327_412363,3610327,412363,418,418,2022-02-06,Rodrygo,ES1,0,0,0,0,65
4113166_566574,4113166,566574,472,472,2023-12-01,Kirian Rodríguez,ES1,0,0,0,1,90
3080852_250845,3080852,250845,13,13,2019-03-30,José María Giménez,ES1,0,0,0,0,90
3079529_372246,3079529,372246,1049,681,2019-01-12,Carlos Soler,ES1,0,0,0,1,90
3421759_135343,3421759,135343,762,762,2020-11-21,Fabian Schär,GB1,0,0,0,0,45
2486765_13640,2486765,13640,180,180,2015-03-21,Kelvin Davis,GB1,0,0,0,0,76
4113057_331505,4113057,331505,940,940,2023-10-08,Óscar Mingueza,ES1,0,0,0,0,90
3209801_364603,3209801,364603,331,331,2020-02-02,José Manuel Arnáiz,ES1,0,0,0,0,24
2718803_351478,2718803,351478,681,681,2016-10-28,Mikel Oyarzabal,ES1,0,0,0,0,90
2872278_249089,2872278,249089,989,989,2017-12-13,Lewis Cook,GB1,0,0,0,0,13
2698287_77274,2698287,77274,984,984,2017-02-11,Matt Phillips,GB1,0,0,0,0,67
3610360_524000,3610360,524000,621,621,2022-02-20,Dani Vivian,ES1,0,0,1,0,90
2872132_33544,2872132,33544,985,985,2017-08-19,Antonio Valencia,GB1,0,0,0,0,90
3451059_401922,3451059,401922,1050,931,2020-12-22,Samuel Chukwueze,ES1,0,0,0,0,8
3210126_138927,3210126,138927,418,418,2020-07-13,Daniel Carvajal,ES1,0,0,0,0,90
4095156_823231,4095156,823231,989,1148,2023-10-21,Dango Ouattara,GB1,0,0,0,0,15
3210106_27493,3210106,27493,1244,237,2020-07-05,Iván Cuéllar,ES1,0,0,0,0,90
3208834_342385,3208834,342385,150,1049,2020-01-19,Guido Rodríguez,ES1,0,0,0,0,22
2594553_45775,2594553,45775,472,472,2015-10-25,Nauzet Alemán,ES1,0,0,0,0,11
2872331_66100,2872331,66100,180,12321,2018-01-02,Oriol Romeu,GB1,0,0,0,0,90
3592216_340324,3592216,340324,11,873,2022-05-16,Eddie Nketiah,GB1,1,0,0,0,90
2698406_90836,2698406,90836,989,703,2017-05-13,Steve Cook,GB1,0,0,0,0,90
2718747_27493,2718747,27493,2448,237,2016-09-17,Iván Cuéllar,ES1,0,0,0,0,90
3610344_570421,3610344,570421,714,714,2022-02-13,Nico Melamed,ES1,2,0,0,0,29
3605330_166677,3605330,166677,237,714,2021-10-23,Brian Oliván,ES1,1,0,0,0,90
3607580_339816,3607580,339816,1531,1531,2021-12-05,Tete Morente,ES1,1,0,1,0,86
3429693_184573,3429693,184573,985,405,2021-01-30,Victor Lindelöf,GB1,0,0,0,0,90
3583525_568177,3583525,568177,281,631,2021-08-21,Cole Palmer,GB1,0,0,0,0,21
3210100_177847,3210100,177847,681,368,2020-07-02,Adnan Januzaj,ES1,0,0,0,0,45
4113060_591916,4113060,591916,621,621,2023-10-06,Aitor Paredes,ES1,0,0,0,0,82
3838631_355915,3838631,355915,148,148,2023-05-06,Cristian Romero,GB1,0,0,0,0,90
4113058_177452,4113058,177452,237,237,2023-10-07,Abdón Prats,ES1,0,0,0,0,61
3429696_128901,3429696,128901,543,1003,2021-01-30,Conor Coady,GB1,1,0,0,0,90
2872461_241641,2872461,241641,281,281,2018-04-22,Bernardo Silva,GB1,0,0,1,0,90
2718787_19979,2718787,19979,897,897,2016-10-15,Germán Lux,ES1,0,0,0,0,90
3050254_51528,3050254,51528,1237,1237,2018-10-20,Bruno Saltor,GB1,0,0,0,0,68
3050340_57500,3050340,57500,631,368,2018-12-22,César Azpilicueta,GB1,0,0,0,0,90
3429706_351749,3429706,351749,399,677,2021-02-03,Kalvin Phillips,GB1,0,0,0,0,90
2578237_141660,2578237,141660,985,703,2016-05-10,Jesse Lingard,GB1,0,0,0,0,7
3421829_314353,3421829,314353,31,418,2020-12-30,Trent Alexander-Arnold,GB1,0,0,0,0,90
3050477_215876,3050477,215876,1003,1003,2019-03-16,Ricardo Pereira,GB1,0,0,0,0,90
2899756_357885,2899756,357885,1050,150,2018-01-27,Pablo Fornals,ES1,0,0,1,1,90
3210000_108390,3210000,108390,418,418,2020-03-08,Thibaut Courtois,ES1,0,0,0,0,90
3451061_284857,3451061,284857,3709,631,2020-12-30,Marc Cucurella,ES1,0,0,0,0,90
2594484_40423,2594484,40423,131,150,2015-08-29,Claudio Bravo,ES1,0,0,0,0,90
3050518_139208,3050518,139208,31,31,2019-04-14,Virgil van Dijk,GB1,0,0,0,1,90
3451129_61812,3451129,61812,621,621,2021-02-07,Yuri Berchiche,ES1,0,0,0,0,15
2475393_91763,2475393,91763,940,940,2015-02-07,Pablo Hernández,ES1,0,0,0,0,1
2594835_74954,2594835,74954,1533,1533,2016-05-08,Saúl Berjón,ES1,0,0,0,0,28
3429838_52570,3429838,52570,180,989,2021-05-08,Fraser Forster,GB1,0,0,0,0,90
2475403_37501,2475403,37501,681,681,2015-02-13,Imanol Agirretxe,ES1,0,0,1,0,90
3050249_392775,3050249,392775,931,931,2018-10-20,Ryan Sessegnon,GB1,0,0,1,0,90
3886598_149231,3886598,149231,1531,1531,2023-03-19,Fidel,ES1,0,0,0,0,83
2899884_39381,2899884,39381,418,418,2018-04-18,Gareth Bale,ES1,0,0,0,0,21
2594722_81988,2594722,81988,1533,1533,2016-02-26,Sergi Enrich,ES1,1,0,0,0,77
2698252_36861,2698252,36861,873,873,2017-01-21,Damien Delaney,GB1,0,0,0,0,90
4095212_348795,4095212,348795,148,150,2023-12-03,Giovani Lo Celso,GB1,0,0,1,0,79
2899665_18944,2899665,18944,131,131,2017-11-04,Gerard Piqué,ES1,0,0,0,0,90
4087952_349066,4087952,349066,762,31,2023-08-27,Alexander Isak,GB1,0,0,0,0,72
2698004_85935,2698004,85935,984,984,2016-08-20,James McClean,GB1,0,0,0,0,26
2594775_56134,2594775,56134,1049,1050,2016-04-02,Javi Fuego,ES1,1,0,0,0,90
2594789_28171,2594789,28171,1084,1084,2016-04-08,Chory Castro,ES1,0,0,0,0,90
3886512_226261,3886512,226261,3302,366,2023-01-27,César de la Hoz,ES1,0,0,0,0,90
3886534_170472,3886534,170472,1049,1049,2023-02-11,Dimitri Foulquier,ES1,0,0,0,0,90
3208831_378139,3208831,378139,1244,150,2020-01-03,Aitor Ruibal,ES1,0,0,0,0,4
4095238_644401,4095238,644401,1148,1148,2023-12-17,Keane Lewis-Potter,GB1,0,0,1,0,68
4087929_260827,4087929,260827,873,931,2023-08-12,Joachim Andersen,GB1,0,0,0,0,90
3219244_92469,3219244,92469,762,762,2020-01-21,Matt Ritchie,GB1,0,0,0,0,90
3451477_225122,3451477,225122,1049,681,2021-05-22,Gonçalo Guedes,ES1,0,0,0,0,77
4095067_206040,4095067,206040,931,931,2023-09-23,Raúl Jiménez,GB1,0,0,0,0,79
2718860_156808,2718860,156808,1244,1244,2016-12-18,Unai Bustinza,ES1,0,0,0,0,90
2475467_70934,2475467,70934,940,940,2015-04-05,Nolito,ES1,1,0,0,0,90
2475536_51510,2475536,51510,1533,237,2015-05-08,Ángel Rodríguez,ES1,0,0,0,0,27
3050206_175446,3050206,175446,543,1108,2018-09-01,Jonny Otto,GB1,0,0,0,0,90
3451478_175323,3451478,175323,3368,3368,2021-05-21,Óscar Duarte,ES1,0,0,0,0,90
2486792_45330,2486792,45330,984,984,2015-04-18,Claudio Yacob,GB1,0,0,0,0,90
3886662_326330,3886662,326330,131,131,2023-05-02,Frenkie de Jong,ES1,0,0,0,1,90
2594708_98322,2594708,98322,1049,1049,2016-02-13,Denis Cheryshev,ES1,0,0,1,0,84
4095156_249089,4095156,249089,989,989,2023-10-21,Lewis Cook,GB1,0,1,0,0,54
3451176_67089,3451176,67089,2687,2687,2021-02-28,Juan Cala,ES1,0,0,0,0,11
2594754_39381,2594754,39381,418,418,2016-03-13,Gareth Bale,ES1,0,0,0,0,79
2899808_156808,2899808,156808,1244,1244,2018-03-03,Unai Bustinza,ES1,0,0,0,0,86
2698154_61651,2698154,61651,31,1148,2016-11-06,Jordan Henderson,GB1,0,0,0,0,90
3219217_427568,3219217,427568,989,762,2020-02-29,Aaron Ramsdale,GB1,0,0,0,0,90
3886705_162038,3886705,162038,367,367,2023-05-28,Raúl de Tomás,ES1,1,0,1,0,72
3592247_354362,3592247,354362,148,148,2022-05-07,Rodrigo Bentancur,GB1,0,0,0,0,90
2698243_74810,2698243,74810,1132,1148,2017-01-22,Ben Mee,GB1,0,0,0,0,90
3208723_127837,3208723,127837,621,621,2019-10-26,Ibai Gómez,ES1,0,0,0,0,34
3421852_241641,3421852,241641,281,281,2021-01-13,Bernardo Silva,GB1,0,0,0,0,90
2578040_5658,2578040,5658,11,11,2015-11-21,Petr Cech,GB1,0,0,0,0,90
2578150_50362,2578150,50362,281,29,2016-04-19,Fabian Delph,GB1,0,0,0,0,68
3441594_349066,3441594,349066,681,31,2020-10-03,Alexander Isak,ES1,0,0,0,0,73
2698129_167268,2698129,167268,289,3008,2016-10-15,Paddy McNair,GB1,0,0,0,0,55
3210098_72047,3210098,72047,940,940,2020-06-30,Iago Aspas,ES1,0,0,1,0,90
3050326_357662,3050326,357662,379,11,2018-12-08,Declan Rice,GB1,0,0,0,0,90
2594640_16635,2594640,16635,13,13,2015-12-30,Juanfran Torres,ES1,0,0,0,0,90
2578083_43003,2578083,43003,11,681,2015-12-26,Nacho Monreal,GB1,0,0,0,0,90
2718727_171362,2718727,171362,1244,5358,2016-08-27,Pablo Insua,ES1,0,0,0,0,27
3219307_249565,3219307,249565,1003,405,2019-12-21,Youri Tielemans,GB1,0,0,0,0,77
3886662_169497,3886662,169497,331,331,2023-05-02,Juan Cruz,ES1,0,0,0,0,31
2594788_63290,2594788,63290,714,714,2016-04-09,Víctor Sánchez,ES1,1,0,0,0,83
4113163_284854,4113163,284854,3709,1108,2023-09-24,Carles Aleñá,ES1,0,0,1,0,76
3421770_181579,3421770,181579,180,1132,2020-11-29,James Ward-Prowse,GB1,1,0,1,1,90
3050307_87672,3050307,87672,989,989,2018-12-04,Junior Stanislas,GB1,0,0,0,0,28
3886507_247250,3886507,247250,2687,2687,2023-01-21,Rubén Alcaraz,ES1,0,0,0,0,90
3429831_406560,3429831,406560,350,350,2021-05-02,Rhian Brewster,GB1,0,0,0,0,45
4095268_461883,4095268,461883,931,931,2023-12-31,Calvin Bassey,GB1,1,0,0,0,90
3429687_183299,3429687,183299,984,984,2021-01-26,Callum Robinson,GB1,0,0,0,0,45
3592255_687626,3592255,687626,1237,631,2022-04-16,Moisés Caicedo,GB1,0,0,0,0,78
3451028_15956,3451028,15956,368,368,2020-12-05,Jesús Navas,ES1,0,0,0,0,90
4113157_264372,4113157,264372,12321,12321,2023-11-04,Viktor Tsygankov,ES1,0,0,1,0,20
2486703_43266,2486703,43266,3008,3008,2015-02-07,Stephen Quinn,GB1,0,0,0,0,1
2594491_14259,2594491,14259,472,472,2015-09-13,Antolín Alcaraz,ES1,1,0,0,0,90
3610568_300168,3610568,300168,621,621,2022-04-03,Mikel Vesga,ES1,1,0,0,0,65
3886615_257062,3886615,257062,367,367,2023-04-09,Álvaro García,ES1,0,0,0,0,83
2718717_71835,2718717,71835,1244,1244,2016-08-22,Jon Ander Serantes,ES1,0,0,0,0,90
2698404_39679,2698404,39679,985,985,2017-04-23,Marouane Fellaini,GB1,0,0,0,0,90
3429872_429014,3429872,429014,543,703,2021-05-23,Morgan Gibbs-White,GB1,1,0,0,0,30
3450972_337946,3450972,337946,2687,2687,2020-10-25,Jairo Izquierdo,ES1,1,0,0,0,24
2594586_7593,2594586,7593,897,897,2015-11-21,Fernando Navarro,ES1,0,0,0,0,90
3592157_335721,3592157,335721,11,11,2022-03-19,Ben White,GB1,0,0,0,0,90
3219348_314210,3219348,314210,29,350,2019-12-01,Tom Davies,GB1,0,0,0,0,90
3219161_108354,3219161,108354,873,1003,2020-06-24,Jordan Ayew,GB1,0,0,0,0,84
2594717_85258,2594717,85258,621,621,2016-02-21,Mikel Balenziaga,ES1,0,0,0,0,90
2698185_4063,2698185,4063,641,641,2016-11-05,Stewart Downing,GB1,0,0,0,0,78
3081105_85288,3081105,85288,418,150,2019-05-05,Isco,ES1,0,0,0,0,28
3210097_189453,3210097,189453,1244,3709,2020-06-30,Jonathan Silva,ES1,0,0,0,0,90
3451055_281989,3451055,281989,16795,3709,2020-12-23,Luis Milla,ES1,0,0,0,0,90
2718855_59375,2718855,59375,681,681,2016-12-10,David Zurutuza,ES1,1,0,0,0,90
3429758_182712,3429758,182712,281,131,2021-03-07,João Cancelo,GB1,0,0,0,0,65
2594750_58115,2594750,58115,367,1533,2016-03-07,Yoel Rodríguez,ES1,0,0,0,0,90
2486747_33873,2486747,33873,512,29,2015-03-04,Asmir Begovic,GB1,1,0,0,0,90
2899732_242497,2899732,242497,12321,1108,2018-01-13,Pere Pons,ES1,1,0,0,1,78
3050309_105470,3050309,105470,31,31,2018-12-05,Alisson,GB1,0,0,0,0,90
3080865_102423,3080865,102423,3709,714,2019-04-02,Leandro Cabrera,ES1,0,0,0,0,90
3838710_316264,3838710,316264,11,11,2023-04-01,Martin Ødegaard,GB1,0,0,0,1,85
2578167_108354,2578167,108354,405,1003,2016-03-05,Jordan Ayew,GB1,0,0,0,0,80
2872326_177476,2872326,177476,989,281,2018-01-01,Nathan Aké,GB1,0,0,0,0,30
3219235_52495,3219235,52495,350,350,2020-02-01,Chris Basham,GB1,0,0,0,0,90
2577889_95976,2577889,95976,873,180,2015-08-16,Alex McCarthy,GB1,0,0,0,0,90
4095265_77757,4095265,77757,1031,1031,2023-12-26,Thomas Kaminski,GB1,0,0,0,0,90
3219086_3333,3219086,3333,31,1237,2019-08-24,James Milner,GB1,0,0,0,0,21
3079507_74857,3079507,74857,131,12321,2018-12-22,Marc-André ter Stegen,ES1,0,0,0,0,90
2899628_7922,2899628,7922,714,714,2017-10-13,Sergio García,ES1,0,0,0,0,33
3050321_86202,3050321,86202,631,418,2018-12-08,Antonio Rüdiger,GB1,0,0,0,0,90
2698012_129078,2698012,129078,180,1132,2016-08-27,Nathan Redmond,GB1,1,0,0,0,90
2872476_67063,2872476,67063,11,1237,2018-05-06,Danny Welbeck,GB1,0,0,0,0,18
3219115_64399,3219115,64399,873,940,2020-07-07,Vicente Guaita,GB1,0,0,0,0,90
3208682_506248,3208682,506248,1533,714,2019-09-26,Edu Expósito,ES1,1,0,0,0,90
2899651_280730,2899651,280730,681,681,2017-11-05,Álvaro Odriozola,ES1,0,0,0,1,90
3429837_123682,3429837,123682,762,379,2021-05-07,Callum Wilson,GB1,0,0,2,0,90
2578245_131978,2578245,131978,29,405,2016-04-30,Ross Barkley,GB1,0,0,0,1,87
3605042_212391,3605042,212391,3368,2687,2021-08-14,Roger Martí,ES1,0,0,0,0,64
2594612_229804,2594612,229804,681,681,2015-12-11,Aritz Elustondo,ES1,0,0,0,0,85
3607606_480763,3607606,480763,1050,1050,2021-12-18,Juan Foyth,ES1,0,0,0,0,90
2718870_74229,2718870,74229,13,13,2017-01-07,Koke,ES1,1,0,0,0,90
2698090_162029,2698090,162029,289,940,2016-09-12,Javier Manquillo,GB1,0,0,0,0,90
2899590_62920,2899590,62920,1050,150,2017-09-21,Víctor Ruiz,ES1,0,0,0,0,90
3050431_410425,3050431,410425,1237,148,2019-04-03,Yves Bissouma,GB1,0,0,0,0,90
3591962_148153,3591962,148153,1237,1237,2021-09-19,Lewis Dunk,GB1,0,0,0,0,90
3079494_35939,3079494,35939,1049,1049,2018-12-08,Ezequiel Garay,ES1,0,0,0,0,90
3208757_95641,3208757,95641,331,1244,2019-11-03,Darko Brasanac,ES1,0,0,0,0,5
2486703_3333,2486703,3333,281,1237,2015-02-07,James Milner,GB1,0,0,1,0,24
3050350_55125,3050350,55125,1110,1110,2018-12-29,Chris Löwe,GB1,0,0,0,0,90
3050264_95976,3050264,95976,180,180,2018-10-27,Alex McCarthy,GB1,0,0,0,0,90
3605198_142021,3605198,142021,714,237,2021-09-12,Sergi Darder,ES1,0,0,0,0,90
3592215_105470,3592215,105470,31,31,2022-04-10,Alisson,GB1,0,0,0,0,90
3591977_75067,3591977,75067,399,399,2021-10-31,Liam Cooper,GB1,0,0,0,0,90
2872340_34838,2872340,34838,512,512,2018-01-15,Stephen Ireland,GB1,1,0,0,0,90
3080877_74229,3080877,74229,13,13,2019-04-06,Koke,ES1,0,0,0,0,90
3208632_227961,3208632,227961,3709,472,2020-07-19,Jaime Mata,ES1,0,0,0,0,81
3611442_228917,3611442,228917,3368,3368,2022-04-10,Jorge Miramón,ES1,0,0,0,0,90
3079324_56777,3079324,56777,5358,5358,2018-09-02,Luísinho,ES1,1,0,0,0,90
3885857_411295,3885857,411295,131,131,2022-09-03,Raphinha,ES1,0,0,1,0,90
4113072_625651,4113072,625651,681,714,2023-09-27,Urko González de Zárate,ES1,1,0,0,0,45
3838619_349066,3838619,349066,762,31,2023-05-13,Alexander Isak,GB1,0,0,0,1,90
2899894_193938,2899894,193938,1084,1244,2018-04-06,Diego Rolán,ES1,0,0,1,0,90
3208648_221309,3208648,221309,366,366,2019-08-24,Óscar Plano,ES1,0,0,0,1,90
3450978_481084,3450978,481084,366,366,2020-10-25,Marcos André,ES1,0,0,0,0,31
3079413_51710,3079413,51710,1050,366,2018-10-07,Sergio Asenjo,ES1,0,0,0,0,90
4087960_324358,4087960,324358,405,405,2023-09-03,Ollie Watkins,GB1,0,0,0,0,73
3429737_54383,3429737,54383,350,350,2021-02-20,John Fleck,GB1,0,0,0,0,90
4112966_165467,4112966,165467,367,1049,2023-09-30,Stole Dimitrievski,ES1,0,0,0,0,90
3592251_250478,3592251,250478,762,762,2022-04-03,Matt Targett,GB1,0,0,0,0,90
3219239_215876,3219239,215876,1003,1003,2020-01-22,Ricardo Pereira,GB1,0,0,1,1,90
3610405_226012,3610405,226012,3709,3709,2022-03-05,David Soria,ES1,0,0,0,0,90
4113164_221322,4113164,221322,1049,1049,2023-08-18,José Gayà,ES1,0,0,0,0,90
3050248_134294,3050248,134294,180,379,2018-10-20,Danny Ings,GB1,0,0,0,0,79
3431918_448844,3431918,448844,16795,16795,2020-09-20,Carlos Neva,ES1,0,0,0,0,90
2594834_175449,2594834,175449,3709,331,2016-05-08,Moi Gómez,ES1,0,0,0,0,66
3886697_348795,3886697,348795,1050,150,2023-05-24,Giovani Lo Celso,ES1,0,0,0,0,69
3838703_503733,3838703,503733,762,762,2023-04-02,Anthony Gordon,GB1,0,0,0,0,22
3209987_59561,3209987,59561,1049,1050,2020-02-29,Dani Parejo,ES1,0,0,1,0,90
3050441_92572,3050441,92572,873,873,2019-02-27,Joel Ward,GB1,0,0,1,0,90
3837975_314875,3837975,314875,379,379,2022-09-03,Jarrod Bowen,GB1,0,0,0,0,90
2719067_45305,2719067,45305,1084,1084,2017-05-07,Miguel Torres,ES1,0,0,0,0,90
3208806_99922,3208806,99922,150,150,2019-12-15,Marc Bartra,ES1,0,0,1,0,90
3838729_602105,3838729,602105,985,150,2023-03-12,Antony,GB1,0,0,0,0,74
3610437_133794,3610437,133794,1108,1108,2022-03-13,Edgar Méndez,ES1,0,0,0,0,73
3592105_67420,3592105,67420,399,399,2022-02-20,Luke Ayling,GB1,1,0,0,0,90
3421823_534033,3421823,534033,1237,31,2020-12-29,Alexis Mac Allister,GB1,0,0,0,0,67
2577948_108390,2577948,108390,631,418,2015-08-29,Thibaut Courtois,GB1,0,0,0,0,90
3429843_212847,3429843,212847,1237,1237,2021-05-15,Adam Webster,GB1,0,0,0,0,90
3050264_40611,3050264,40611,180,1003,2018-10-27,Ryan Bertrand,GB1,0,0,0,0,90
3886484_162056,3886484,162056,3302,3302,2023-01-08,Gonzalo Melero,ES1,0,0,0,0,90
3208710_226012,3208710,226012,3709,3709,2019-10-06,David Soria,ES1,0,0,0,0,90
4095063_319859,4095063,319859,1148,1148,2023-09-23,Mathias Jensen,GB1,0,0,1,0,90
3208636_298575,3208636,298575,331,331,2020-07-19,Kike Barja,ES1,0,0,0,0,81
2872203_249126,2872203,249126,148,1003,2017-10-22,Harry Winks,GB1,0,0,0,0,90
3219314_48066,3219314,48066,762,762,2019-12-14,Andy Carroll,GB1,1,0,0,0,90
2698109_61841,2698109,61841,989,989,2016-09-24,Adam Smith,GB1,0,0,0,0,90
3219222_163744,3219222,163744,180,180,2020-02-01,Jack Stephens,GB1,1,0,0,0,90
2486829_3306,2486829,3306,512,1132,2015-05-16,Jonathan Walters,GB1,0,0,0,0,59
2698221_20007,2698221,20007,281,379,2016-12-10,Pablo Zabaleta,GB1,0,0,0,0,90
2899718_69660,2899718,69660,12321,331,2017-12-21,Jonás Ramalho,ES1,0,0,0,0,90
3886561_89733,3886561,89733,2687,2687,2023-02-25,Álex Fernández,ES1,0,0,0,0,12
2578053_15220,2578053,15220,989,989,2015-12-05,Artur Boruc,GB1,0,0,0,0,90
2698417_50202,2698417,50202,631,418,2017-02-04,Eden Hazard,GB1,0,0,1,0,84
3080837_255284,3080837,255284,12321,12321,2019-03-10,Álex Granell,ES1,0,0,0,1,90
3838275_357565,3838275,357565,281,281,2023-01-05,Rodri,GB1,0,0,0,0,86
3431939_74229,3431939,74229,13,13,2020-09-30,Koke,ES1,0,0,0,0,15
2698130_148262,2698130,148262,1132,762,2016-10-16,Jeff Hendrick,GB1,0,0,0,0,90
3431929_39151,3431929,39151,2687,2687,2020-09-27,Augusto Fernández,ES1,1,0,0,0,19
3611518_142031,3611518,142031,1531,237,2022-05-22,Omar Mascarell,ES1,0,0,0,0,90
2872327_74810,2872327,74810,1132,1148,2018-01-01,Ben Mee,GB1,0,0,0,0,90
3050415_126665,3050415,126665,29,29,2019-02-09,Idrissa Gueye,GB1,0,0,0,0,90
2475402_7593,2475402,7593,368,897,2015-02-14,Fernando Navarro,ES1,0,0,0,0,90
4087926_480987,4087926,480987,989,984,2023-08-12,Chris Mepham,GB1,1,0,0,0,30
3838022_410708,3838022,410708,399,399,2022-10-09,Pascal Struijk,GB1,1,0,1,0,90
2475448_44514,2475448,44514,1533,1533,2015-03-14,Federico Piovaccari,ES1,0,0,0,0,21
3079464_142021,3079464,142021,714,237,2018-11-25,Sergi Darder,ES1,0,0,0,0,90
2718851_16635,2718851,16635,13,13,2016-12-12,Juanfran Torres,ES1,0,0,0,0,90
2594833_27374,2594833,27374,897,150,2016-05-08,Sidnei,ES1,0,0,0,0,90
2578074_39037,2578074,39037,762,1010,2015-12-13,Rob Elliot,GB1,0,0,0,0,90
2578231_35518,2578231,35518,281,681,2016-04-23,David Silva,GB1,0,0,0,0,57
2872418_340324,2872418,340324,11,873,2018-05-09,Eddie Nketiah,GB1,0,0,0,0,6
2594543_129753,2594543,129753,3709,1531,2015-10-18,Víctor Rodríguez,ES1,0,0,1,0,90
2486785_14066,2486785,14066,2288,2288,2015-04-11,Wayne Routledge,GB1,0,0,0,0,90
2697993_35518,2697993,35518,281,681,2016-08-13,David Silva,GB1,0,0,0,0,64
3886327_216870,3886327,216870,331,2497,2022-10-17,Nacho Vidal,ES1,0,0,0,0,90
3421749_258004,3421749,258004,281,281,2020-11-08,Rúben Dias,GB1,0,0,0,0,90
3838052_284857,3838052,284857,631,631,2022-10-19,Marc Cucurella,GB1,0,0,0,0,61
3194824_333241,3194824,333241,762,762,2019-08-11,Joelinton,GB1,0,0,0,0,90
3219299_66923,3219299,66923,350,350,2019-12-21,Luke Freeman,GB1,0,0,0,0,53
3592180_192080,3592180,192080,1132,762,2022-02-08,Nick Pope,GB1,0,0,0,0,90
3838779_474701,3838779,474701,399,379,2023-02-05,Crysencio Summerville,GB1,0,0,0,0,33
2698256_66219,2698256,66219,2288,2288,2017-01-21,Kyle Naughton,GB1,0,0,0,0,90
2872417_74300,2872417,74300,873,873,2018-03-17,Luka Milivojevic,GB1,0,0,1,0,90
2899749_448344,2899749,448344,714,16795,2018-01-20,Óscar Melendo,ES1,0,0,0,0,45
3886574_524000,3886574,524000,621,621,2023-03-05,Dani Vivian,ES1,0,0,0,0,90
3451444_298575,3451444,298575,331,331,2021-05-08,Kike Barja,ES1,0,0,0,0,88
3886367_505674,3886367,505674,367,367,2022-10-22,Sergio Camello,ES1,0,0,1,1,90
3611487_349856,3611487,349856,3368,3368,2022-05-06,Son,ES1,0,0,0,0,90
3592262_31835,3592262,31835,379,379,2022-04-03,Mark Noble,GB1,0,0,0,0,20
2698362_108390,2698362,108390,631,418,2017-05-08,Thibaut Courtois,GB1,0,0,0,0,90
2899869_25557,2899869,25557,418,368,2018-05-06,Sergio Ramos,ES1,1,0,0,0,90
3886328_378139,3886328,378139,150,150,2022-10-16,Aitor Ruibal,ES1,0,0,0,0,5
2872451_112515,2872451,112515,631,940,2018-04-14,Marcos Alonso,GB1,0,0,0,1,90
2594600_34601,2594600,34601,621,621,2015-11-29,Raúl García,ES1,0,0,0,1,90
2718818_66099,2718818,66099,940,12321,2016-11-19,Carles Planas,ES1,0,0,0,0,75
3219151_35416,3219151,35416,350,350,2020-07-20,David McGoldrick,GB1,0,0,0,0,90
3451409_125931,3451409,125931,3368,3368,2021-04-21,Toño García,ES1,0,0,0,0,90
2899565_59375,2899565,59375,681,681,2017-08-19,David Zurutuza,ES1,0,0,0,0,90
3838018_262980,3838018,262980,989,873,2022-10-08,Jefferson Lerma,GB1,0,0,0,0,90
3208846_203496,3208846,203496,150,150,2020-01-26,Nabil Fekir,ES1,0,0,0,0,72
3607526_142021,3607526,142021,714,237,2021-10-26,Sergi Darder,ES1,0,0,0,0,90
3451114_72047,3451114,72047,940,940,2021-01-31,Iago Aspas,ES1,1,0,0,0,90
3429692_3333,3429692,3333,31,1237,2021-01-28,James Milner,GB1,0,0,0,0,90
2578063_45494,2578063,45494,873,703,2015-12-12,Wayne Hennessey,GB1,0,0,0,0,90
2486824_73482,2486824,73482,3008,405,2015-05-09,James Chester,GB1,0,0,0,0,90
3429783_105470,3429783,105470,31,31,2021-04-03,Alisson,GB1,0,0,0,0,90
2899868_102423,2899868,102423,3709,714,2018-04-21,Leandro Cabrera,ES1,0,0,0,0,88
3079526_151470,3079526,151470,3368,3368,2019-01-13,Nikola Vukcevic,ES1,0,0,0,1,68
3838776_258923,3838776,258923,985,131,2023-02-04,Marcus Rashford,GB1,0,0,1,0,90
4087932_537860,4087932,537860,631,631,2023-08-13,Mykhaylo Mudryk,GB1,0,0,0,0,9
2718816_176285,2718816,176285,16795,16795,2016-11-05,Isaac Cuenca,ES1,0,0,0,0,90
2577994_45330,2577994,45330,984,984,2015-10-03,Claudio Yacob,GB1,1,0,0,0,90
3886703_238868,3886703,238868,331,331,2023-05-28,Rubén Peña,ES1,0,0,0,0,90
3838206_44779,3838206,44779,543,543,2022-10-29,Diego Costa,GB1,0,1,0,0,90
2577860_192765,2577860,192765,148,148,2015-08-08,Ben Davies,GB1,0,0,0,0,90
3208720_25557,3208720,25557,418,368,2019-10-19,Sergio Ramos,ES1,0,0,0,0,90
3219201_184528,3219201,184528,762,762,2020-07-05,Emil Krafth,GB1,0,0,0,1,90
2719012_298589,2719012,298589,331,331,2017-04-09,David García,ES1,0,0,0,0,90
3605220_213260,3605220,213260,331,331,2021-09-23,Rubén García,ES1,0,0,0,0,73
3080864_26066,3080864,26066,1533,1533,2019-04-03,Iván Ramis,ES1,0,0,0,0,90
2698338_12282,2698338,12282,985,12321,2017-04-27,Daley Blind,GB1,0,0,0,0,90
4113139_213670,4113139,213670,331,331,2023-12-02,Lucas Torró,ES1,0,0,0,0,90
3592272_413403,3592272,413403,405,405,2022-04-02,Ezri Konsa,GB1,1,0,0,0,90
3605195_67082,3605195,67082,3709,13,2021-09-13,Vitolo,ES1,0,0,0,0,30
4112974_709187,4112974,709187,621,621,2023-09-30,Nico Williams,ES1,0,0,0,0,63
2698257_287431,2698257,287431,2288,931,2017-01-03,Alfie Mawson,GB1,0,0,1,0,90
3451005_257376,3451005,257376,16795,3709,2020-11-22,Domingos Duarte,ES1,0,0,1,0,90
3838677_340324,3838677,340324,11,873,2023-04-16,Eddie Nketiah,GB1,0,0,0,0,1
3050285_13573,3050285,13573,989,989,2018-11-10,Simon Francis,GB1,0,0,0,0,90
3611452_246204,3611452,246204,2687,714,2022-04-18,Salvi Sánchez,ES1,0,0,0,0,64
3050477_398065,3050477,398065,1003,762,2019-03-16,Harvey Barnes,GB1,0,0,0,0,77
3605212_189453,3605212,189453,3709,3709,2021-09-18,Jonathan Silva,ES1,0,0,0,0,18
2899615_126737,2899615,126737,681,3709,2017-10-01,Juanmi,ES1,0,0,0,1,60
3591994_57500,3591994,57500,631,368,2021-08-28,César Azpilicueta,GB1,0,0,0,0,90
3081100_114060,3081100,114060,5358,331,2019-04-28,Enric Gallego,ES1,0,0,0,0,62
3886365_408471,3886365,408471,714,714,2022-10-23,Javi Puado,ES1,0,0,1,0,58
3431911_227805,3431911,227805,1049,1049,2020-09-13,Jaume Doménech,ES1,0,0,0,0,90
2698006_50202,2698006,50202,631,418,2016-08-27,Eden Hazard,GB1,0,0,1,0,80
2872314_61832,2872314,61832,984,984,2017-12-26,Jake Livermore,GB1,0,0,0,0,69
3838774_503987,3838774,503987,631,11,2023-02-03,Noni Madueke,GB1,0,0,0,0,45
2872225_44983,2872225,44983,989,1010,2017-11-18,Dan Gosling,GB1,0,0,0,0,4
2719072_176133,2719072,176133,472,472,2017-05-14,Hernán Santana,ES1,0,0,0,0,12
3886490_177467,3886490,177467,1050,1050,2023-01-13,Gerard Moreno,ES1,0,0,1,0,90
3607598_256429,3607598,256429,367,367,2021-12-12,Sergi Guardiola,ES1,0,0,0,0,82
4112805_442805,4112805,442805,3302,3302,2023-08-11,Iddrisu Baba,ES1,0,0,0,0,77
3451087_25557,3451087,25557,418,368,2021-01-09,Sergio Ramos,ES1,0,0,0,0,90
2872359_314210,2872359,314210,29,350,2018-01-31,Tom Davies,GB1,0,0,0,0,90
2899932_59323,2899932,59323,12321,12321,2017-08-26,Cristhian Stuani,ES1,0,0,0,0,81
2578122_44983,2578122,44983,989,1010,2016-02-02,Dan Gosling,GB1,0,0,0,0,90
2718772_255501,2718772,255501,621,621,2016-10-02,Iñigo Lekue,ES1,1,0,0,0,46
2899571_25557,2899571,25557,418,368,2017-09-09,Sergio Ramos,ES1,1,0,0,0,90
4095062_309400,4095062,309400,11,11,2023-09-24,Kai Havertz,GB1,1,0,0,0,45
2718858_85258,2718858,85258,621,621,2016-12-19,Mikel Balenziaga,ES1,0,0,0,0,90
2475427_52469,2475427,52469,621,621,2015-03-01,Mikel San José,ES1,1,0,0,0,90
3079413_399775,3079413,399775,1050,714,2018-10-07,Miguel Llambrich,ES1,1,0,0,0,80
3592146_403151,3592146,403151,1237,631,2022-03-05,Robert Sánchez,GB1,0,0,0,0,90
2486800_16947,2486800,16947,1003,1003,2015-04-25,Marcin Wasilewski,GB1,0,0,0,0,90
2577864_3333,2577864,3333,31,1237,2015-08-09,James Milner,GB1,1,0,0,0,90
3451050_278837,3451050,278837,1108,1049,2020-12-23,Luis Rioja,ES1,0,0,0,1,89
2578034_85475,2578034,85475,2288,762,2015-11-07,Federico Fernández,GB1,0,0,0,0,90
2475533_19981,2475533,19981,131,131,2015-05-09,Javier Mascherano,ES1,1,0,0,0,90
3886689_291417,3886689,291417,418,418,2023-05-21,Ferland Mendy,ES1,0,0,0,0,86
3886531_341278,3886531,341278,12321,12321,2023-02-10,Iván Martín,ES1,0,0,0,0,90
3219073_140191,3219073,140191,379,989,2019-09-22,Ryan Fredericks,GB1,0,0,0,0,80
2718749_44412,2718749,44412,1050,1050,2016-09-21,Bruno Soriano,ES1,0,0,1,0,90
2872358_27511,2872358,27511,631,873,2018-01-31,Gary Cahill,GB1,0,0,0,0,90
3607560_191217,3607560,191217,150,150,2021-11-21,Héctor Bellerín,ES1,0,1,0,0,67
2698347_40433,2698347,40433,11,368,2017-04-10,Alexis Sánchez,GB1,0,0,0,0,90
3421720_52495,3421720,52495,350,350,2020-10-18,Chris Basham,GB1,0,0,0,0,81
2698263_61841,2698263,61841,989,989,2016-12-31,Adam Smith,GB1,0,0,0,0,17
3050540_181579,3050540,181579,180,1132,2019-04-27,James Ward-Prowse,GB1,0,0,1,0,90
2594609_63689,2594609,63689,16795,1533,2015-12-05,Fran Rico,ES1,1,0,0,0,78
4112808_358250,4112808,358250,940,940,2023-08-13,Joseph Aidoo,ES1,0,0,0,0,90
3844092_255729,3844092,255729,2687,2687,2022-08-14,Awer Mabil,ES1,0,0,0,0,45
2578131_14081,2578131,14081,1010,1010,2016-02-03,Ben Watson,GB1,0,0,0,0,90
3838608_344605,3838608,344605,1003,1003,2023-05-22,Boubakary Soumaré,GB1,0,0,0,0,90
2698282_173504,2698282,173504,1132,29,2017-01-14,James Tarkowski,GB1,0,0,0,0,3
3208696_127554,3208696,127554,366,366,2019-09-29,Nacho Martínez,ES1,0,0,0,0,90
3050347_49755,3050347,49755,1237,1132,2018-12-29,Dale Stephens,GB1,0,0,0,0,90
2718868_7874,2718868,7874,621,12321,2017-01-08,Gorka Iraizoz,ES1,0,0,0,0,54
3208705_96718,3208705,96718,621,621,2019-10-06,Óscar de Marcos,ES1,0,0,0,0,66
2899605_132921,2899605,132921,12321,12321,2017-09-23,Aday Benítez,ES1,1,0,0,0,69
3079524_153427,3079524,153427,367,367,2019-01-05,Bebé,ES1,1,0,0,0,27
2872437_128969,2872437,128969,1237,3368,2018-04-07,Mathew Ryan,GB1,0,0,0,0,90
3611484_341264,3611484,341264,367,418,2022-05-08,Fran García,ES1,0,0,0,0,90
2486747_4072,2486747,4072,512,1132,2015-03-04,Peter Crouch,GB1,0,0,0,0,64
4095239_403898,4095239,403898,1132,1132,2023-12-16,Jordan Beyer,GB1,0,0,0,0,90
4113076_203496,4113076,203496,150,150,2023-11-26,Nabil Fekir,ES1,0,0,0,0,14
3208642_227961,3208642,227961,3709,472,2019-08-24,Jaime Mata,ES1,0,0,1,0,90
3837843_148153,3837843,148153,1237,1237,2022-08-21,Lewis Dunk,GB1,0,0,0,0,90
2577962_59606,2577962,59606,1010,1010,2015-09-19,Craig Cathcart,GB1,0,0,0,0,90
3208744_51667,3208744,51667,366,366,2019-10-29,Kiko Olivas,ES1,0,0,1,0,90
2698354_234803,2698354,234803,3008,31,2017-04-08,Andrew Robertson,GB1,0,0,0,0,90
2899771_32522,2899771,32522,150,1531,2018-02-26,Antonio Barragán,ES1,0,0,0,0,13
3886700_339816,3886700,339816,1531,1531,2023-05-28,Tete Morente,ES1,0,0,0,0,90
3838673_183293,3838673,183293,989,989,2023-04-23,Joe Rothwell,GB1,0,0,0,0,45
3610349_59016,3610349,59016,418,418,2022-02-12,David Alaba,ES1,0,0,0,0,90
3886526_102423,3886526,102423,714,714,2023-02-04,Leandro Cabrera,ES1,0,0,0,0,90
3451073_51510,3451073,51510,3709,237,2021-01-02,Ángel Rodríguez,ES1,0,0,0,0,90
3080816_227961,3080816,227961,3709,472,2019-02-23,Jaime Mata,ES1,0,0,1,1,90
2698123_90836,2698123,90836,989,703,2016-10-01,Steve Cook,GB1,0,0,0,0,90
3429741_357885,3429741,357885,379,150,2021-02-21,Pablo Fornals,GB1,1,0,0,1,82
2577955_32617,2577955,32617,405,405,2015-09-13,Micah Richards,GB1,0,0,0,1,90
3431918_170472,3431918,170472,16795,1049,2020-09-20,Dimitri Foulquier,ES1,0,0,0,0,90
3838693_351749,3838693,351749,281,677,2023-04-08,Kalvin Phillips,GB1,0,0,0,0,9
2872272_42412,2872272,42412,984,985,2017-12-09,Jonny Evans,GB1,1,0,0,0,90
3050447_241641,3050447,241641,281,281,2019-03-02,Bernardo Silva,GB1,0,0,0,0,90
3886534_591916,3886534,591916,621,621,2023-02-11,Aitor Paredes,ES1,0,0,0,0,1
2718857_199321,2718857,199321,940,12321,2016-12-11,Rubén Blanco,ES1,0,0,0,0,90
2486789_31720,2486789,31720,289,289,2015-05-20,Sebastian Larsson,GB1,0,0,0,0,90
3219201_48066,3219201,48066,762,762,2020-07-05,Andy Carroll,GB1,0,0,0,0,9
2578118_12282,2578118,12282,985,12321,2016-01-23,Daley Blind,GB1,0,0,0,0,90
4112876_404839,4112876,404839,418,418,2023-12-09,Andriy Lunin,ES1,0,0,0,0,90
3451053_298983,3451053,298983,5358,331,2020-12-22,Javi Ontiveros,ES1,0,0,1,0,86
3885853_338285,3885853,338285,940,1049,2022-09-02,Unai Núñez,ES1,0,0,0,0,90
3838006_398065,3838006,398065,1003,762,2022-09-17,Harvey Barnes,GB1,0,0,0,0,90
2698350_111508,2698350,111508,984,3709,2017-03-18,Allan Nyom,GB1,0,0,0,0,90
3209960_79352,3209960,79352,1533,1533,2020-03-10,Quique González,ES1,0,0,0,0,13
2486749_31835,2486749,31835,379,379,2015-03-14,Mark Noble,GB1,0,0,0,0,82
3886512_705813,3886512,705813,714,714,2023-01-27,Rubén Sánchez,ES1,0,0,0,1,45
2719050_171362,2719050,171362,1244,5358,2017-04-30,Pablo Insua,ES1,0,0,0,0,90
2698009_39679,2698009,39679,985,985,2016-08-27,Marouane Fellaini,GB1,1,0,0,0,90
3208827_277384,3208827,277384,237,237,2020-01-05,Martin Valjent,ES1,0,0,0,0,90
3421701_65976,3421701,65976,984,984,2020-09-26,Hal Robson-Kanu,GB1,0,0,0,0,24
3886512_81997,3886512,81997,3302,3302,2023-01-27,Fernando Martínez,ES1,0,0,0,0,90
3429775_477758,3429775,477758,985,379,2021-03-03,Aaron Wan-Bissaka,GB1,0,0,0,0,90
3592284_314353,3592284,314353,31,418,2022-03-16,Trent Alexander-Arnold,GB1,0,0,0,0,90
2698392_249089,2698392,249089,989,989,2017-04-29,Lewis Cook,GB1,1,0,0,0,90
3844550_37337,3844550,37337,367,367,2023-06-04,Mario Suárez,ES1,0,0,0,0,5
3858325_229804,3858325,229804,681,681,2022-09-18,Aritz Elustondo,ES1,1,0,0,0,90
2718800_133089,2718800,133089,150,150,2016-10-30,Felipe Gutiérrez,ES1,1,0,0,0,90
3219131_186590,3219131,186590,281,281,2020-07-08,John Stones,GB1,0,0,0,0,90
3607603_57825,3607603,57825,16795,16795,2021-12-19,Jorge Molina,ES1,0,0,3,0,90
3208839_95641,3208839,95641,331,1244,2020-01-18,Darko Brasanac,ES1,0,0,0,0,90
4113161_212862,4113161,212862,681,681,2023-09-17,Álex Remiro,ES1,0,0,0,0,90
2578055_66219,2578055,66219,2288,2288,2015-11-29,Kyle Naughton,GB1,0,0,0,0,90
3050489_477758,3050489,477758,873,379,2019-03-30,Aaron Wan-Bissaka,GB1,0,0,0,0,90
3451018_193784,3451018,193784,3368,1531,2020-11-27,Carlos Clerc,ES1,0,0,0,0,90
3210058_94308,3210058,94308,1533,714,2020-06-20,Marko Dmitrovic,ES1,0,0,0,0,90
2872199_62688,2872199,62688,873,873,2017-10-21,Scott Dann,GB1,0,0,0,0,90
3886567_298589,3886567,298589,331,331,2023-02-26,David García,ES1,0,0,1,0,90
3838051_340324,3838051,340324,11,873,2023-02-15,Eddie Nketiah,GB1,1,0,0,1,90
2899702_177847,2899702,177847,681,368,2017-12-16,Adnan Januzaj,ES1,0,0,0,0,85
4113046_424042,4113046,424042,13,13,2023-12-23,Nahuel Molina,ES1,1,0,0,0,45
3837822_490307,3837822,490307,1237,1237,2022-08-07,Enock Mwepu,GB1,0,0,0,0,14
2872278_14086,2872278,14086,985,29,2017-12-13,Ashley Young,GB1,0,0,0,0,7
4087956_135343,4087956,135343,762,762,2023-09-02,Fabian Schär,GB1,1,0,0,0,90
3610367_278837,3610367,278837,1108,1049,2022-02-19,Luis Rioja,ES1,0,0,0,0,72
3886296_81999,3886296,81999,714,418,2022-09-10,Joselu,ES1,1,0,1,0,90
2718915_34601,2718915,34601,621,621,2017-02-04,Raúl García,ES1,0,0,0,0,74
2718954_176285,2718954,176285,16795,16795,2017-03-01,Isaac Cuenca,ES1,1,0,1,0,90
3079495_139895,3079495,139895,1108,1108,2018-12-17,Tomás Pina,ES1,0,0,0,0,90
3429789_258923,3429789,258923,985,131,2021-04-04,Marcus Rashford,GB1,0,0,1,0,72
3605210_411975,3605210,411975,368,131,2021-09-19,Jules Koundé,ES1,0,0,0,0,90
3838641_378710,3838641,378710,148,148,2023-04-30,Richarlison,GB1,1,0,1,0,6
3607571_627294,3607571,627294,237,1050,2021-12-04,Fer Niño,ES1,0,0,0,0,10
3592120_204103,3592120,204103,543,379,2022-01-15,Adama Traoré,GB1,0,0,1,0,12
3886559_455349,3886559,455349,621,621,2023-02-26,Jon Morcillo,ES1,0,0,0,0,12
3886505_278359,3886505,278359,150,940,2023-01-21,Borja Iglesias,ES1,0,0,0,0,90
3050559_37304,3050559,37304,180,180,2019-05-04,Shane Long,GB1,0,0,0,0,90
3592041_230784,3592041,230784,11,1050,2021-10-22,Thomas Partey,GB1,0,0,1,0,90
2594592_81988,2594592,81988,1533,1533,2015-11-29,Sergi Enrich,ES1,0,0,0,0,86
3050239_206040,3050239,206040,543,931,2018-10-06,Raúl Jiménez,GB1,0,0,0,1,75
2718959_298607,2718959,298607,331,331,2017-03-05,Miguel Olavide,ES1,0,0,0,0,59
3219297_74960,3219297,74960,762,1132,2019-12-21,Martin Dúbravka,GB1,0,0,0,0,90
2698164_191217,2698164,191217,11,150,2016-11-06,Héctor Bellerín,GB1,0,0,0,0,90
4095181_399434,4095181,399434,989,989,2023-11-04,Marcus Tavernier,GB1,0,0,0,0,72
4095217_983989,4095217,983989,1237,399,2023-12-06,Facundo Buonanotte,GB1,1,0,0,0,69
3451103_94308,3451103,94308,1533,714,2021-01-24,Marko Dmitrovic,ES1,0,0,0,0,90
3210038_255488,3210038,255488,621,621,2020-06-17,Yeray Álvarez,ES1,0,0,0,0,90
3451178_227961,3451178,227961,3709,472,2021-02-27,Jaime Mata,ES1,0,0,1,0,85
3081105_16306,3081105,16306,418,985,2019-05-05,Casemiro,ES1,0,0,0,0,90
3050372_33713,3050372,33713,29,180,2019-01-13,Theo Walcott,GB1,0,0,0,0,12
3886694_118997,3886694,118997,331,331,2023-05-25,Aitor Fernández,ES1,0,0,0,0,90
3605305_573775,3605305,573775,1049,1049,2021-10-17,Hugo Duro,ES1,0,0,0,0,59
2475556_74230,2475556,74230,3709,543,2015-05-23,Pablo Sarabia,ES1,0,0,0,0,90
3592081_321247,3592081,321247,405,405,2022-05-19,Emiliano Buendía,GB1,0,0,1,0,90
2486722_13507,2486722,13507,29,29,2015-02-22,Leighton Baines,GB1,0,0,0,0,90
3592189_309400,3592189,309400,631,11,2022-03-13,Kai Havertz,GB1,1,0,1,0,90
3208641_72047,3208641,72047,940,940,2019-08-24,Iago Aspas,ES1,0,0,0,0,90
3429797_131996,3429797,131996,405,289,2021-04-10,Bertrand Traoré,GB1,0,0,0,0,68
2594499_56134,2594499,56134,1049,1050,2015-09-12,Javi Fuego,ES1,1,0,0,0,90
2475357_263727,2475357,263727,714,368,2015-01-10,Joan Jordán,ES1,0,0,0,0,68
3431909_34870,3431909,34870,16795,3368,2020-09-12,Roberto Soldado,ES1,0,0,0,0,80
3079534_225015,3079534,225015,5358,2687,2019-01-12,Carlos Akapo,ES1,0,0,0,0,90
2899773_221899,2899773,221899,714,3302,2018-02-11,Léo Baptistão,ES1,0,0,1,0,73
2872459_13507,2872459,13507,29,29,2018-04-23,Leighton Baines,GB1,0,0,0,0,90
2899601_153238,2899601,153238,472,3302,2017-09-24,Jonathan Viera,ES1,0,0,0,0,90
4095245_670848,4095245,670848,379,281,2023-12-17,Divin Mubama,GB1,0,0,0,0,3
2899794_73180,2899794,73180,1244,5358,2018-02-16,Martín Mantovani,ES1,1,0,0,0,90
3592023_110867,3592023,110867,405,405,2021-09-11,Jed Steer,GB1,0,0,0,0,90
3050236_95976,3050236,95976,180,180,2018-09-29,Alex McCarthy,GB1,0,0,0,0,90
3219215_61560,3219215,61560,1003,1003,2020-02-28,Marc Albrighton,GB1,0,0,0,0,12
3838648_316264,3838648,316264,11,11,2023-05-02,Martin Ødegaard,GB1,0,0,2,0,90
3838611_67420,3838611,67420,399,399,2023-05-21,Luke Ayling,GB1,0,0,0,0,90
2594699_18644,2594699,18644,1049,2687,2016-02-07,Álvaro Negredo,ES1,0,0,0,0,90
3611514_99353,3611514,99353,681,12321,2022-05-22,Portu,ES1,1,0,0,0,27
2594646_73636,2594646,73636,714,714,2016-01-02,Hernán Pérez,ES1,0,0,0,0,90
3080789_5856,3080789,5856,1050,1050,2019-02-03,Daniele Bonera,ES1,1,0,0,0,90
3219329_363205,3219329,363205,281,11,2019-12-07,Gabriel Jesus,GB1,0,0,0,0,90
2899760_221899,2899760,221899,714,3302,2018-01-28,Léo Baptistão,ES1,1,0,0,0,90
2872155_49755,2872155,49755,1237,1132,2017-09-15,Dale Stephens,GB1,0,0,0,0,90
3208728_252677,3208728,252677,3368,3368,2019-10-27,José Luis Morales,ES1,0,0,0,0,90
2475421_27486,2475421,27486,714,3709,2015-02-27,Kiko Casilla,ES1,0,0,0,0,90
3451435_29178,3451435,29178,1531,1531,2021-05-01,Nino,ES1,0,0,0,0,19
2475473_63290,2475473,63290,714,714,2015-04-09,Víctor Sánchez,ES1,0,0,1,0,83
3886586_401922,3886586,401922,1050,931,2023-03-12,Samuel Chukwueze,ES1,0,0,0,0,90
3210035_212862,3210035,212862,681,681,2020-06-18,Álex Remiro,ES1,0,0,0,0,90
3219388_66100,3219388,66100,180,12321,2019-10-19,Oriol Romeu,GB1,0,0,0,0,82
3837835_503749,3837835,503749,405,762,2022-08-20,Jacob Ramsey,GB1,0,0,0,0,90
2594670_22969,2594670,22969,13,13,2016-01-17,Gabi,ES1,0,0,0,0,90
4095262_475959,4095262,475959,281,281,2023-12-27,Josko Gvardiol,GB1,0,0,0,0,47
3592175_392765,3592175,392765,11,931,2022-04-20,Emile Smith Rowe,GB1,0,0,1,0,75
2718797_45912,2718797,45912,940,940,2016-10-23,Sergio Álvarez,ES1,0,0,0,1,90
2594754_59551,2594754,59551,472,16795,2016-03-13,Ángel Montoro,ES1,1,0,0,0,90
3838058_234803,3838058,234803,31,31,2022-10-19,Andrew Robertson,GB1,0,0,0,0,9
2899603_208890,2899603,208890,3368,3368,2017-09-25,Samu García,ES1,0,0,0,0,33
2475439_72315,2475439,72315,16795,16795,2015-03-07,Javi Márquez,ES1,1,0,0,0,90
3219386_319745,3219386,319745,11,418,2019-10-21,Dani Ceballos,GB1,0,0,0,0,45
2872166_119269,2872166,119269,1237,931,2017-09-24,Shane Duffy,GB1,1,0,0,0,90
3451065_129753,3451065,129753,1531,1531,2020-12-30,Víctor Rodríguez,ES1,0,0,0,0,74
4087940_66934,4087940,66934,703,703,2023-08-18,Cheikhou Kouyaté,GB1,0,0,0,0,1
3421741_82873,3421741,82873,1237,1237,2020-11-01,Pascal Groß,GB1,0,0,0,1,90
3208772_372246,3208772,372246,1049,681,2019-11-23,Carlos Soler,ES1,0,0,0,0,15
3079513_212391,3079513,212391,3368,2687,2018-12-23,Roger Martí,ES1,0,0,0,0,78
3208777_278296,3208777,278296,237,237,2019-11-22,Antonio Raíllo,ES1,0,0,0,0,90
4095163_127032,4095163,127032,703,703,2023-10-21,Serge Aurier,GB1,0,0,0,0,88
3844598_229804,3844598,229804,681,681,2022-08-21,Aritz Elustondo,ES1,1,0,0,0,78
2718921_153238,2718921,153238,472,3302,2017-02-12,Jonathan Viera,ES1,0,0,0,0,90
3208819_371998,3208819,371998,418,418,2019-12-22,Vinicius Junior,ES1,0,0,0,0,72
2594522_14259,2594522,14259,472,472,2015-09-26,Antolín Alcaraz,ES1,1,0,0,0,90
3838641_568693,3838641,568693,148,148,2023-04-30,Pape Matar Sarr,GB1,0,0,0,0,24
3080814_357565,3080814,357565,13,281,2019-02-24,Rodri,ES1,0,0,0,0,90
3611516_170472,3611516,170472,1049,1049,2022-05-21,Dimitri Foulquier,ES1,1,0,0,0,90
3429730_128901,3429730,128901,543,1003,2021-02-14,Conor Coady,GB1,0,0,0,0,90
3208700_316264,3208700,316264,681,11,2019-09-29,Martin Ødegaard,ES1,1,0,0,1,90
4112965_417913,4112965,417913,472,150,2023-10-02,Álvaro Valles,ES1,0,0,0,0,90
3208658_39381,3208658,39381,418,418,2019-09-01,Gareth Bale,ES1,2,0,2,0,90
3610367_371998,3610367,371998,418,418,2022-02-19,Vinicius Junior,ES1,0,0,1,0,85
2718855_59561,2718855,59561,1049,1050,2016-12-10,Dani Parejo,ES1,1,0,1,1,90
3610432_85258,3610432,85258,621,621,2022-03-13,Mikel Balenziaga,ES1,0,0,0,0,32
3431919_448628,3431919,448628,5358,331,2020-09-20,Javi Galán,ES1,0,0,0,0,90
2594747_44069,2594747,44069,897,5358,2016-03-05,Pedro Mosquera,ES1,1,0,0,0,90
2899882_28261,2899882,28261,714,714,2018-05-06,José Manuel Jurado,ES1,0,0,0,0,7
3451476_696883,3451476,696883,16795,16795,2021-05-23,Juan Brunet,ES1,0,0,0,0,1
3050248_277033,3050248,277033,989,989,2018-10-20,David Brooks,GB1,0,0,0,0,59
3886596_145769,3886596,145769,366,366,2023-03-17,Sergio León,ES1,0,0,0,0,32
3838649_51471,3838649,51471,631,281,2023-04-26,Mateo Kovacic,GB1,0,0,0,0,90
3209971_7663,3209971,7663,150,150,2020-02-21,Joaquín,ES1,0,0,1,0,78
3591963_343052,3591963,343052,11,1050,2021-09-18,Nicolas Pépé,GB1,0,0,0,0,90
3219083_126664,3219083,126664,29,405,2019-09-01,Lucas Digne,GB1,0,0,0,1,90
3605295_74857,3605295,74857,131,12321,2021-10-02,Marc-André ter Stegen,ES1,0,0,0,0,90
3219074_324882,3219074,324882,405,1031,2019-09-22,Marvelous Nakamba,GB1,0,0,0,0,85
3050182_306024,3050182,306024,29,399,2018-08-18,Dominic Calvert-Lewin,GB1,0,0,0,0,15
3421707_406635,3421707,406635,281,281,2020-10-03,Phil Foden,GB1,0,0,0,0,90
3605056_87469,3605056,87469,331,331,2021-08-23,Cote,ES1,0,0,0,0,7
3208749_156808,3208749,156808,1244,1244,2019-10-30,Unai Bustinza,ES1,1,0,0,0,72
2594536_73319,2594536,73319,681,681,2015-10-03,Alberto de la Bella,ES1,0,0,0,0,90
3610343_246204,3610343,246204,2687,714,2022-02-12,Salvi Sánchez,ES1,0,0,0,0,64
2486666_3878,2486666,3878,985,985,2015-01-01,Michael Carrick,GB1,0,0,0,1,90
2475428_13872,2475428,13872,367,367,2015-02-28,Zé Castro,ES1,1,0,0,0,45
2698145_36814,2698145,36814,984,984,2016-10-22,Chris Brunt,GB1,0,0,0,0,45
2578112_126665,2578112,126665,405,29,2016-01-23,Idrissa Gueye,GB1,0,0,0,0,90
3208656_199321,3208656,199321,940,12321,2019-08-30,Rubén Blanco,ES1,0,0,0,0,90
2899643_223725,2899643,223725,1108,1244,2017-10-28,Munir El Haddadi,ES1,0,0,0,1,73
3451449_401530,3451449,401530,418,418,2021-05-09,Éder Militão,ES1,0,0,0,0,90
2594485_192736,2594485,192736,621,1244,2015-08-30,Sabin Merino,ES1,0,0,0,0,45
3610274_186399,3610274,186399,940,940,2022-01-19,Thiago Galhardo,ES1,0,0,0,0,19
3079318_126737,3079318,126737,681,3709,2018-08-24,Juanmi,ES1,1,0,0,0,90
3429858_342046,3429858,342046,985,1132,2021-05-18,Axel Tuanzebe,GB1,0,0,0,0,90
3208622_74294,3208622,74294,368,368,2019-08-18,Nemanja Gudelj,ES1,0,0,0,0,14
4113095_634131,4113095,634131,331,331,2023-08-27,Aimar Oroz,ES1,0,0,1,0,67
3611453_251106,3611453,251106,3709,989,2022-04-16,Enes Ünal,ES1,0,0,1,0,90
2594653_142031,2594653,142031,2448,237,2016-01-10,Omar Mascarell,ES1,0,0,0,0,90
3592198_272622,3592198,272622,379,931,2022-02-13,Issa Diop,GB1,0,0,0,1,90
4113161_423440,4113161,423440,681,11,2023-09-17,Martín Zubimendi,ES1,0,0,0,0,90
3451131_262939,3451131,262939,1531,237,2021-02-06,Johan Mojica,ES1,0,0,0,0,90
2872458_57842,2872458,57842,1110,1110,2018-05-09,Christopher Schindler,GB1,0,0,0,0,90
4087954_357147,4087954,357147,985,985,2023-09-03,Diogo Dalot,GB1,0,0,0,0,90
2899773_177467,2899773,177467,714,1050,2018-02-11,Gerard Moreno,ES1,0,0,1,1,90
2872121_338424,2872121,338424,762,11,2017-08-13,Mikel Merino,GB1,0,0,0,0,14
3079463_266795,3079463,266795,1533,2687,2018-11-24,Gonzalo Escalante,ES1,0,0,1,0,90
2594722_202984,2594722,202984,472,366,2016-02-26,Roque Mesa,ES1,0,0,0,0,90
3219089_130164,3219089,130164,29,29,2019-08-23,Jordan Pickford,GB1,0,0,0,0,90
3592011_66934,3592011,66934,873,703,2021-10-18,Cheikhou Kouyaté,GB1,0,0,0,0,23
2872373_63494,2872373,63494,1010,1050,2018-02-05,Étienne Capoue,GB1,0,0,0,0,90
3080794_85258,3080794,85258,621,621,2019-02-10,Mikel Balenziaga,ES1,0,0,0,0,90
4095210_687626,4095210,687626,631,631,2023-12-03,Moisés Caicedo,GB1,1,0,0,0,90
3886599_257062,3886599,257062,367,367,2023-03-18,Álvaro García,ES1,0,0,0,0,90
2594822_44373,2594822,44373,1049,1049,2016-05-01,Guilherme Siqueira,ES1,0,0,0,0,90
4095229_463603,4095229,463603,631,631,2023-12-10,Benoît Badiashile,GB1,0,0,0,0,90
3838703_349066,3838703,349066,762,31,2023-04-02,Alexander Isak,GB1,0,0,0,0,80
3583524_108725,3583524,108725,1132,703,2021-08-21,Chris Wood,GB1,0,0,0,0,75
3050489_57842,3050489,57842,1110,1110,2019-03-30,Christopher Schindler,GB1,0,0,0,0,90
2475512_15804,2475512,15804,621,621,2015-04-28,Andoni Iraola,ES1,0,0,0,0,90
3838732_628451,3838732,628451,180,631,2023-03-04,Roméo Lavia,GB1,0,0,0,0,90
3610294_85383,3610294,85383,2687,2687,2022-01-22,Rubén Sobrino,ES1,0,0,0,0,29
2872268_67355,2872268,67355,29,29,2017-12-10,Ashley Williams,GB1,0,0,0,0,90
2899703_131505,2899703,131505,1049,399,2017-12-16,Rodrigo,ES1,0,0,0,0,90
3050246_177476,3050246,177476,989,281,2018-10-06,Nathan Aké,GB1,0,0,0,0,90
3611460_330352,3611460,330352,1531,1531,2022-04-19,Raúl Guti,ES1,0,0,0,0,90
3219274_434223,3219274,434223,1123,2288,2020-01-01,Adam Idah,GB1,0,0,0,0,1
3210133_156814,3210133,156814,1244,1244,2020-07-16,Javi Eraso,ES1,1,0,0,0,60
3079500_337066,3079500,337066,366,12321,2018-12-15,Toni Villa,ES1,1,0,0,0,75
3592174_92571,3592174,92571,379,379,2022-04-10,Aaron Cresswell,GB1,0,0,0,0,90
3079400_145769,3079400,145769,150,366,2018-09-30,Sergio León,ES1,0,0,0,0,84
2872188_37442,2872188,37442,1003,1003,2017-10-16,Danny Simpson,GB1,0,0,0,0,74
2899680_39151,2899680,39151,13,2687,2017-12-02,Augusto Fernández,ES1,0,0,0,0,1
3858327_51510,3858327,51510,237,237,2022-09-17,Ángel Rodríguez,ES1,0,0,0,0,7
3592121_173504,3592121,173504,1132,29,2022-01-23,James Tarkowski,GB1,0,0,0,0,90
4095239_173504,4095239,173504,29,29,2023-12-16,James Tarkowski,GB1,0,0,0,0,90
3451020_465967,3451020,465967,681,1108,2020-12-06,Ander Guevara,ES1,0,0,0,0,90
2872295_256178,2872295,256178,31,31,2017-12-22,Joe Gomez,GB1,0,0,0,0,90
2899575_58112,2899575,58112,1244,1244,2017-09-08,Omar Ramos,ES1,0,0,0,0,62
2594762_15951,2594762,15951,131,131,2016-03-20,Dani Alves,ES1,0,0,0,0,34
2872353_121279,2872353,121279,2288,2288,2018-01-22,Tom Carroll,GB1,0,0,0,0,26
4112970_398184,4112970,398184,131,131,2023-09-29,Ferran Torres,ES1,0,0,0,0,19
2718887_298983,2718887,298983,1084,331,2017-01-16,Javi Ontiveros,ES1,0,0,0,0,25
3079520_74230,3079520,74230,368,543,2019-01-06,Pablo Sarabia,ES1,1,0,0,0,79
2899589_64399,2899589,64399,3709,940,2017-09-21,Vicente Guaita,ES1,0,0,0,0,90
2718972_59375,2718972,59375,681,681,2017-03-12,David Zurutuza,ES1,0,0,0,0,86
3079527_87469,3079527,87469,1533,331,2019-01-13,Cote,ES1,0,0,0,0,90
3592224_398065,3592224,398065,1003,762,2022-05-22,Harvey Barnes,GB1,0,0,0,1,77
3208662_58330,3208662,58330,16795,16795,2019-09-15,Víctor Díaz,ES1,1,0,0,0,90
3451429_59561,3451429,59561,1050,1050,2021-04-18,Dani Parejo,ES1,0,0,0,2,81
3080897_85288,3080897,85288,418,150,2019-04-21,Isco,ES1,0,0,0,0,20
3837851_429014,3837851,429014,703,703,2022-08-28,Morgan Gibbs-White,GB1,0,0,0,0,90
3607602_199369,3607602,199369,3709,472,2021-12-19,Sandro Ramírez,ES1,1,0,0,0,83
2698337_47995,2698337,47995,873,1110,2017-04-05,Jason Puncheon,GB1,0,0,0,0,90
2718883_81999,2718883,81999,897,418,2017-01-14,Joselu,ES1,0,0,0,0,7
3450979_216464,3450979,216464,368,681,2020-10-24,Carlos Fernández,ES1,0,0,0,0,20
3838755_511550,3838755,511550,29,29,2023-02-18,Ellis Simms,GB1,0,0,0,0,9
3050403_141660,3050403,141660,985,703,2019-02-03,Jesse Lingard,GB1,1,0,0,0,90
2578018_40433,2578018,40433,11,368,2015-11-08,Alexis Sánchez,GB1,0,0,0,0,90
3080780_374077,3080780,374077,5358,1244,2019-01-27,Christian Rivera,ES1,0,0,0,0,90
3420838_357885,3420838,357885,379,150,2020-09-19,Pablo Fornals,GB1,0,0,0,0,88
2899645_27487,2899645,27487,3709,3709,2017-11-03,Francisco Molinero,ES1,0,0,0,0,90
3429769_121477,3429769,121477,379,543,2021-03-14,Craig Dawson,GB1,0,0,0,0,90
3219334_148153,3219334,148153,1237,1237,2019-12-05,Lewis Dunk,GB1,0,0,0,0,90
3838632_415970,3838632,415970,703,1132,2023-05-08,Joe Worrall,GB1,0,0,0,0,26
4087928_14086,4087928,14086,29,29,2023-08-12,Ashley Young,GB1,0,0,0,0,90
2872217_27659,2872217,27659,1110,1110,2017-11-04,Martin Cranie,GB1,0,0,0,0,29
3050542_13572,3050542,13572,1010,1010,2019-04-27,Ben Foster,GB1,0,0,0,0,90
3208841_188854,3208841,188854,1050,1050,2020-01-19,Manu Trigueros,ES1,1,0,0,0,90
3219424_41416,3219424,41416,873,873,2019-08-31,James McArthur,GB1,0,0,0,0,90
2594666_15693,2594666,15693,681,681,2016-01-16,Xabi Prieto,ES1,0,0,1,0,87
3611492_298976,3611492,298976,3709,3709,2022-05-11,Borja Mayoral,ES1,0,0,0,0,90
2594822_357565,2594822,357565,1050,281,2016-05-01,Rodri,ES1,1,0,0,0,59
2698384_128904,2698384,128904,641,1123,2017-04-30,Ben Gibson,GB1,0,0,0,0,90
3208656_221315,3208656,221315,940,940,2019-08-30,Kevin Vázquez,ES1,1,0,0,0,65
2486715_37011,2486715,37011,2288,2288,2015-02-11,Nathan Dyer,GB1,0,0,0,0,63
3838239_371814,3838239,371814,31,31,2022-11-12,Nathaniel Phillips,GB1,0,0,0,0,3
2718930_126737,2718930,126737,681,3709,2017-02-19,Juanmi,ES1,0,0,0,0,66
3050393_26399,3050393,26399,281,131,2019-01-29,Sergio Agüero,GB1,0,0,1,0,90
3050501_105470,3050501,105470,31,31,2019-04-05,Alisson,GB1,0,0,0,0,90
3886554_108390,3886554,108390,418,418,2023-02-18,Thibaut Courtois,ES1,0,0,0,0,90
2899856_374139,2899856,374139,150,150,2018-04-13,Junior Firpo,ES1,0,0,0,0,90
3837850_392757,3837850,392757,873,281,2022-08-27,Marc Guéhi,GB1,1,0,0,0,90
3210141_355628,3210141,355628,681,681,2020-07-16,Igor Zubeldia,ES1,0,0,0,0,90
3838277_306024,3838277,306024,29,399,2023-01-03,Dominic Calvert-Lewin,GB1,0,0,0,0,83
3592177_173504,3592177,173504,1132,29,2022-04-06,James Tarkowski,GB1,0,0,0,0,90
2594634_44073,2594634,44073,1533,1084,2015-12-30,Adrián González,ES1,0,0,0,0,14
2718928_298589,2718928,298589,331,331,2017-02-19,David García,ES1,0,0,0,0,90
4095157_111873,4095157,111873,405,405,2023-10-22,Emiliano Martínez,GB1,0,0,0,0,90
3607612_139435,3607612,139435,237,237,2022-01-02,Dani Rodríguez,ES1,1,0,0,0,90
2698174_179451,2698174,179451,289,289,2016-11-19,Donald Love,GB1,0,0,0,0,2
3886367_257062,3886367,257062,367,367,2022-10-22,Álvaro García,ES1,0,0,1,0,70
2475481_61812,2475481,61812,681,621,2015-04-12,Yuri Berchiche,ES1,0,0,0,0,90
3611477_258475,3611477,258475,367,1108,2022-05-01,Nikola Maras,ES1,0,0,0,0,90
3592039_240306,3592039,240306,985,985,2021-11-20,Bruno Fernandes,GB1,0,0,0,0,90
2718889_51474,2718889,51474,621,5358,2017-01-22,Mikel Rico,ES1,0,0,0,0,1
3208749_25557,3208749,25557,418,368,2019-10-30,Sergio Ramos,ES1,0,0,1,0,90
3611491_61812,3611491,61812,621,621,2022-05-10,Yuri Berchiche,ES1,0,0,0,0,90
4112878_226012,4112878,226012,3709,3709,2023-12-08,David Soria,ES1,0,0,0,0,90
3219216_241641,3219216,241641,281,281,2020-02-22,Bernardo Silva,GB1,0,0,0,0,90
3592000_401173,3592000,401173,985,405,2021-08-29,Jadon Sancho,GB1,0,0,0,0,72
2594621_128295,2594621,128295,367,367,2015-12-20,Tito,ES1,0,1,0,1,14
3838603_61841,3838603,61841,989,989,2023-05-20,Adam Smith,GB1,0,0,0,0,66
3451057_331505,3451057,331505,131,940,2020-12-22,Óscar Mingueza,ES1,0,0,0,0,90
3079425_357885,3079425,357885,1050,150,2018-10-20,Pablo Fornals,ES1,0,0,0,0,90
3208619_632741,3208619,632741,940,3368,2019-08-17,Iker Losada,ES1,0,0,1,0,2
2698106_289846,2698106,289846,379,1010,2016-09-25,Ashley Fletcher,GB1,0,0,0,0,19
3080854_356197,3080854,356197,1050,1050,2019-03-30,Alfonso Pedraza,ES1,1,0,1,0,90
2899799_272679,2899799,272679,1244,1244,2018-02-28,José Naranjo,ES1,0,0,0,0,34
2578105_63494,2578105,63494,1010,1050,2016-01-18,Étienne Capoue,GB1,0,0,0,0,90
2899890_192279,2899890,192279,621,11,2018-04-23,Kepa Arrizabalaga,ES1,0,0,0,0,90
3219251_319301,3219251,319301,985,399,2020-01-19,Daniel James,GB1,0,0,0,0,90
2475484_176553,2475484,176553,621,621,2015-04-12,Aymeric Laporte,ES1,1,0,0,0,90
3451083_149231,3451083,149231,1531,1531,2021-01-11,Fidel,ES1,0,0,0,0,56
3838263_340324,3838263,340324,11,873,2022-12-31,Eddie Nketiah,GB1,0,0,1,0,90
4095158_195633,4095158,195633,1132,180,2023-10-21,Charlie Taylor,GB1,0,0,0,0,90
2698134_26399,2698134,26399,281,131,2016-10-15,Sergio Agüero,GB1,0,0,0,0,34
2718936_165007,2718936,165007,131,1108,2017-02-19,Denis Suárez,ES1,0,0,0,0,10
3429836_542586,3429836,542586,399,399,2021-05-08,Illan Meslier,GB1,0,0,0,0,90
2594480_22969,2594480,22969,13,13,2015-08-22,Gabi,ES1,0,0,0,0,90
3838697_374139,3838697,374139,399,150,2023-04-09,Junior Firpo,GB1,1,0,0,0,60
2872406_5658,2872406,5658,11,11,2018-03-11,Petr Cech,GB1,0,0,0,0,90
3421732_333241,3421732,333241,762,762,2020-10-25,Joelinton,GB1,0,0,0,0,12
2577899_61644,2577899,61644,762,703,2015-08-22,Jack Colback,GB1,0,0,0,0,90
3219207_126600,3219207,126600,1123,1123,2020-07-04,Kenny McLean,GB1,0,0,0,0,90
4095239_129078,4095239,129078,1132,1132,2023-12-16,Nathan Redmond,GB1,0,0,0,0,3
2719010_54245,2719010,54245,621,621,2017-04-07,Markel Susaeta,ES1,0,0,0,0,9
2698221_37442,2698221,37442,1003,1003,2016-12-10,Danny Simpson,GB1,1,0,0,0,90
3451026_422460,3451026,422460,3368,1049,2020-12-05,Dani Gómez,ES1,1,0,1,0,60
2719072_59551,2719072,59551,472,16795,2017-05-14,Ángel Montoro,ES1,0,0,0,0,78
3838269_182904,3838269,182904,148,13,2023-01-01,Clément Lenglet,GB1,1,0,0,0,90
2475389_15804,2475389,15804,621,621,2015-02-01,Andoni Iraola,ES1,1,0,0,0,90
3080880_175449,3080880,175449,5358,331,2019-04-07,Moi Gómez,ES1,0,0,0,0,90
3219361_331726,3219361,331726,631,405,2019-11-02,Tammy Abraham,GB1,0,0,1,1,88
2718961_35773,2718961,35773,681,681,2017-03-03,Carlos Vela,ES1,0,0,0,0,90
2475431_44065,2475431,44065,681,714,2015-03-08,Esteban Granero,ES1,0,0,0,0,74
3081130_221322,3081130,221322,1049,1049,2019-05-18,José Gayà,ES1,1,0,0,0,90
3451100_242497,3451100,242497,1108,1108,2021-01-23,Pere Pons,ES1,0,0,0,0,18
3219406_378710,3219406,378710,29,148,2019-10-05,Richarlison,GB1,0,0,0,0,90
3838276_581598,3838276,581598,148,148,2023-01-04,Harvey White,GB1,0,0,0,0,4
3421757_398065,3421757,398065,1003,762,2020-11-22,Harvey Barnes,GB1,0,0,0,0,62
3050293_192765,3050293,192765,148,148,2018-11-24,Ben Davies,GB1,0,0,0,0,90
4112850_634105,4112850,634105,1049,1049,2023-12-16,Alberto Marí,ES1,0,0,0,0,9
4095167_144028,4095167,144028,11,11,2023-10-28,Leandro Trossard,GB1,0,0,0,0,24
2899736_126664,2899736,126664,131,405,2018-01-14,Lucas Digne,ES1,0,0,0,0,10
2577988_37526,2577988,37526,379,379,2015-09-26,Winston Reid,GB1,0,0,0,0,90
3050219_63200,3050219,63200,1132,1132,2018-09-22,Ashley Barnes,GB1,0,0,2,0,21
3592123_171679,3592123,171679,148,543,2022-01-23,Matt Doherty,GB1,0,0,0,0,90
2698176_71271,2698176,71271,379,150,2016-10-30,Adrián San Miguel,GB1,0,0,0,0,90
4095139_279455,4095139,279455,931,931,2023-10-02,Harry Wilson,GB1,0,0,0,0,54
3838734_183318,3838734,183318,762,762,2023-03-04,Jamaal Lascelles,GB1,1,0,0,0,90
2578209_43763,2578209,43763,512,1132,2016-04-02,Erik Pieters,GB1,0,0,0,0,90
2594662_71905,2594662,71905,368,3368,2016-01-16,Coke,ES1,1,0,0,0,90
3886689_466805,3886689,466805,1049,281,2023-05-21,Nico González,ES1,0,0,0,0,90
2698207_78959,2698207,78959,873,873,2016-12-14,Martin Kelly,GB1,1,0,0,0,90
2698204_65976,2698204,65976,984,984,2016-12-26,Hal Robson-Kanu,GB1,0,0,0,0,10
3050360_112515,3050360,112515,631,940,2019-01-02,Marcos Alonso,GB1,0,0,0,0,90
3080800_266795,3080800,266795,1533,2687,2019-02-10,Gonzalo Escalante,ES1,0,0,0,0,18
3592164_193116,3592164,193116,405,405,2022-04-09,John McGinn,GB1,0,0,0,0,90
3605067_184779,3605067,184779,1531,1531,2021-08-28,Gonzalo Verdú,ES1,1,0,0,0,54
2872285_258889,2872285,258889,31,148,2017-12-17,Dominic Solanke,GB1,0,0,0,0,14
3605041_278359,3605041,278359,150,940,2021-08-14,Borja Iglesias,ES1,0,0,0,0,90
2718868_40888,2718868,40888,621,621,2017-01-08,Beñat Etxebarria,ES1,0,0,0,0,90
3583484_348795,3583484,348795,148,150,2021-08-15,Giovani Lo Celso,GB1,0,0,0,0,13
3210101_85258,3210101,85258,621,621,2020-07-01,Mikel Balenziaga,ES1,0,0,0,0,1
3210001_71548,3210001,71548,1533,1533,2020-03-07,Anaitz Arbilla,ES1,0,0,0,0,90
3886660_197545,3886660,197545,621,621,2023-05-04,Ander Capa,ES1,0,0,0,0,9
4113173_223725,4113173,223725,472,1244,2023-09-17,Munir El Haddadi,ES1,1,0,0,0,85
3420839_425334,3420839,425334,405,405,2020-09-21,Matty Cash,GB1,1,0,0,0,90
2719025_177065,2719025,177065,897,1237,2017-04-15,Florin Andone,ES1,0,0,0,0,31
3429808_146509,3429808,146509,984,677,2021-04-22,Conor Townsend,GB1,0,0,0,0,90
2594541_70898,2594541,70898,367,367,2015-10-17,Chechu Dorado,ES1,1,0,0,0,45
3421707_258004,3421707,258004,281,281,2020-10-03,Rúben Dias,GB1,0,0,0,0,90
2899744_139434,2899744,139434,1244,366,2018-01-21,Raúl Carnero,ES1,0,0,0,0,90
3886508_481084,3886508,481084,1049,366,2023-01-23,Marcos André,ES1,0,0,0,0,2
3838750_470607,3838750,470607,703,873,2023-02-25,Brennan Johnson,GB1,0,0,0,0,86
3607532_466805,3607532,466805,131,281,2021-10-30,Nico González,ES1,0,0,0,0,80
2594753_5856,2594753,5856,1050,1050,2016-03-13,Daniele Bonera,ES1,1,0,0,0,90
2486694_61560,2486694,61560,1003,1003,2015-01-31,Marc Albrighton,GB1,0,0,0,1,28
2899607_52469,2899607,52469,621,621,2017-09-23,Mikel San José,ES1,0,0,0,0,88
2872170_35518,2872170,35518,281,681,2017-09-23,David Silva,GB1,0,0,0,2,90
3451087_552425,3451087,552425,331,331,2021-01-09,Jon Moncayola,ES1,0,0,0,0,90
2719000_52469,2719000,52469,621,621,2017-04-04,Mikel San José,ES1,0,0,0,0,17
3838269_568693,3838269,568693,148,148,2023-01-01,Pape Matar Sarr,GB1,0,0,0,0,10
2899886_62945,2899886,62945,1084,2687,2018-04-30,Luis Hernández,ES1,1,0,0,0,90
4087948_126664,4087948,126664,405,405,2023-08-27,Lucas Digne,GB1,0,0,0,1,81
3431928_192009,3431928,192009,621,367,2020-09-27,Unai López,ES1,0,0,2,0,90
3450962_72047,3450962,72047,940,940,2020-10-17,Iago Aspas,ES1,1,0,0,0,90
2718723_221322,2718723,221322,1049,1049,2016-08-27,José Gayà,ES1,0,0,0,0,90
2594794_221322,2594794,221322,1049,1049,2016-04-17,José Gayà,ES1,0,0,0,0,2
3081108_284854,3081108,284854,131,1108,2019-05-04,Carles Aleñá,ES1,0,0,0,0,90
4112879_139435,4112879,139435,237,237,2023-12-09,Dani Rodríguez,ES1,0,0,0,0,81
2872347_192080,2872347,192080,1132,762,2018-01-20,Nick Pope,GB1,0,0,0,0,90
3605055_455181,3605055,455181,3368,367,2021-08-22,Jorge de Frutos,ES1,0,0,0,1,86
3592234_158764,3592234,158764,399,399,2022-04-25,Stuart Dallas,GB1,0,0,0,0,90
3451013_338425,3451013,338425,621,621,2020-11-29,Álex Berenguer,ES1,0,0,0,1,79
3219305_95976,3219305,95976,180,180,2019-12-14,Alex McCarthy,GB1,0,0,0,0,90
3592019_319301,3592019,319301,399,399,2021-10-16,Daniel James,GB1,0,0,0,0,90
2577971_5658,2577971,5658,11,11,2015-09-26,Petr Cech,GB1,0,0,0,0,90
3050503_59606,3050503,59606,1010,1010,2019-04-02,Craig Cathcart,GB1,0,0,0,0,90
2719085_18006,2719085,18006,368,897,2017-05-20,Michael Krohn-Dehli,ES1,0,0,0,0,83
3429688_487465,3429688,487465,543,631,2021-01-27,Pedro Neto,GB1,1,0,0,0,90
4113164_443222,4113164,443222,472,472,2023-08-18,Marc Cardona,ES1,0,0,0,0,8
3885855_457931,3885855,457931,150,367,2022-09-03,Luiz Felipe,ES1,0,0,0,0,90
2872310_183288,2872310,183288,985,985,2017-12-26,Luke Shaw,GB1,1,0,0,0,90
2872135_44983,2872135,44983,989,1010,2017-08-26,Dan Gosling,GB1,0,0,0,0,90
3421724_131996,3421724,131996,405,289,2020-10-23,Bertrand Traoré,GB1,0,0,0,0,24
2578149_236953,2578149,236953,379,399,2016-02-13,Sam Byram,GB1,0,0,0,0,90
2872340_33544,2872340,33544,985,985,2018-01-15,Antonio Valencia,GB1,0,0,1,0,90
2698201_42412,2698201,42412,984,985,2016-12-03,Jonny Evans,GB1,0,0,1,0,90
3838007_357565,3838007,357565,281,281,2022-09-17,Rodri,GB1,1,0,0,0,81
4087924_566799,4087924,566799,1132,281,2023-08-11,James Trafford,GB1,0,0,0,0,90
3208695_94308,3208695,94308,1533,714,2019-09-29,Marko Dmitrovic,ES1,0,0,0,0,90
3592306_542586,3592306,542586,399,399,2022-01-02,Illan Meslier,GB1,0,0,0,0,90
2578168_181579,2578168,181579,180,1132,2016-03-05,James Ward-Prowse,GB1,0,0,0,0,25
4113120_74857,4113120,74857,131,12321,2023-10-22,Marc-André ter Stegen,ES1,0,0,0,0,90
2899826_71571,2899826,71571,621,714,2018-03-18,Ander Iturraspe,ES1,0,0,0,0,45
3838757_503733,3838757,503733,762,762,2023-02-18,Anthony Gordon,GB1,0,0,0,0,26
4095243_72476,4095243,72476,931,931,2023-12-16,Bernd Leno,GB1,0,0,0,0,90
4095181_357565,4095181,357565,281,281,2023-11-04,Rodri,GB1,0,0,0,1,71
3451134_71579,3451134,71579,331,331,2021-02-07,Iñigo Pérez,ES1,0,0,0,0,1
3210005_238868,3210005,238868,1050,331,2020-03-08,Rubén Peña,ES1,1,0,0,0,87
3886466_65318,3886466,65318,237,237,2022-12-30,Jaume Costa,ES1,0,0,0,0,90
2594782_23338,2594782,23338,1533,1533,2016-04-09,Asier Riesgo,ES1,0,0,0,0,90
2475440_63706,2475440,63706,993,993,2015-03-15,Mikel Saizar,ES1,0,0,0,0,90
2578253_95424,2578253,95424,148,1132,2016-04-25,Kyle Walker,GB1,0,0,0,0,90
3421722_53360,3421722,53360,1132,1132,2020-10-19,Jay Rodríguez,GB1,0,0,0,0,13
3451462_320271,3451462,320271,1049,237,2021-05-12,Toni Lato,ES1,0,0,0,0,79
2872190_430788,2872190,430788,512,512,2017-10-14,Tom Edwards,GB1,0,0,0,0,53
2697990_42412,2697990,42412,984,985,2016-08-13,Jonny Evans,GB1,1,0,0,0,90
2578286_95424,2578286,95424,148,1132,2016-05-08,Kyle Walker,GB1,0,0,0,0,90
4087966_126665,4087966,126665,29,29,2023-09-17,Idrissa Gueye,GB1,0,0,0,0,90
3838780_314875,3838780,314875,379,379,2023-02-04,Jarrod Bowen,GB1,0,0,0,0,90
2698394_45494,2698394,45494,873,703,2017-04-23,Wayne Hennessey,GB1,0,0,0,0,90
2594782_16306,2594782,16306,418,985,2016-04-09,Casemiro,ES1,0,0,0,0,54
3607559_339820,3607559,339820,237,366,2021-11-22,Amath Ndiaye,ES1,0,0,0,0,20
2719012_145769,2719012,145769,331,366,2017-04-09,Sergio León,ES1,0,0,2,0,90
3592176_403151,3592176,403151,1237,631,2022-03-12,Robert Sánchez,GB1,0,0,0,0,90
3886561_449796,3886561,449796,367,331,2023-02-25,Alejandro Catena,ES1,2,0,0,0,90
2698277_63200,2698277,63200,1132,1132,2017-01-02,Ashley Barnes,GB1,0,0,0,0,69
3611510_348795,3611510,348795,1050,150,2022-05-22,Giovani Lo Celso,ES1,0,0,0,0,90
3421744_212847,3421744,212847,1237,1237,2020-11-06,Adam Webster,GB1,0,0,0,0,90
3607544_423444,3607544,423444,940,12321,2021-11-06,Fran Beltrán,ES1,0,0,0,0,45
3838236_163744,3838236,163744,989,180,2022-11-12,Jack Stephens,GB1,0,0,0,0,90
3605207_335225,3605207,335225,714,237,2021-09-19,Manu Morlanes,ES1,1,0,0,0,45
3838243_67420,3838243,67420,399,399,2022-11-12,Luke Ayling,GB1,0,0,0,0,11
3421733_40611,3421733,40611,180,1003,2020-11-01,Ryan Bertrand,GB1,0,0,0,0,79
4095235_606718,4095235,606718,543,543,2023-12-09,Toti,GB1,0,0,0,0,90
2719017_372246,2719017,372246,1049,681,2017-04-09,Carlos Soler,ES1,1,0,0,1,90
3605206_636688,3605206,636688,131,131,2021-09-20,Alejandro Balde,ES1,0,0,0,0,42
2899569_44675,2899569,44675,1108,512,2017-09-10,Bojan Krkic,ES1,0,0,0,0,79
3886565_7663,3886565,7663,150,150,2023-02-24,Joaquín,ES1,0,0,0,0,45
3208767_138927,3208767,138927,418,418,2019-11-09,Daniel Carvajal,ES1,0,0,0,0,90
2698220_117996,2698220,117996,985,985,2016-12-11,Phil Jones,GB1,0,0,0,0,90
3219160_249565,3219160,249565,1003,405,2020-06-23,Youri Tielemans,GB1,0,0,0,0,21
3605219_162056,3605219,162056,3368,3302,2021-09-21,Gonzalo Melero,ES1,0,0,0,0,17
3838737_983989,3838737,983989,1237,399,2023-03-04,Facundo Buonanotte,GB1,0,0,0,1,14
3219120_134270,3219120,134270,1237,762,2020-07-11,Dan Burn,GB1,0,0,0,0,12
2718818_71548,2718818,71548,1533,1533,2016-11-19,Anaitz Arbilla,ES1,0,0,0,0,90
2594482_44735,2594482,44735,472,472,2015-08-30,Aythami Artiles,ES1,0,0,0,0,90
3583522_66934,3583522,66934,873,703,2021-08-21,Cheikhou Kouyaté,GB1,0,0,0,0,90
2899844_62920,2899844,62920,1050,150,2018-04-14,Víctor Ruiz,ES1,0,0,0,0,90
3451455_51587,3451455,51587,1533,1533,2021-05-13,Pedro León,ES1,0,0,0,0,1
3886604_31909,3886604,31909,418,418,2023-04-02,Toni Kroos,ES1,0,0,0,0,90
3607613_85288,3607613,85288,418,150,2022-01-02,Isco,ES1,0,0,0,0,5
2486752_38145,2486752,38145,873,1010,2015-03-14,Adrian Mariappa,GB1,0,0,0,0,33
3050434_40433,3050434,40433,985,368,2019-02-24,Alexis Sánchez,GB1,0,0,0,0,47
2899662_263856,2899662,263856,150,150,2017-11-20,Víctor Camarasa,ES1,0,0,0,0,70
3079508_238868,3079508,238868,1533,331,2018-12-22,Rubén Peña,ES1,0,0,0,0,90
3429698_42412,3429698,42412,1003,985,2021-01-31,Jonny Evans,GB1,0,0,0,0,90
4112852_254037,4112852,254037,2687,2687,2023-12-17,Iza Carcelén,ES1,0,0,0,0,90
3451135_378139,3451135,378139,150,150,2021-02-07,Aitor Ruibal,ES1,0,0,0,0,65
3607611_191217,3607611,191217,150,150,2022-01-02,Héctor Bellerín,ES1,0,0,0,0,90
3451057_182904,3451057,182904,131,13,2020-12-22,Clément Lenglet,ES1,0,0,1,0,90
3209800_358250,3209800,358250,940,940,2020-02-01,Joseph Aidoo,ES1,0,0,0,0,90
3210109_82503,3210109,82503,331,367,2020-07-05,Aridane Hernández,ES1,1,0,0,0,90
4095217_413039,4095217,413039,1148,985,2023-12-06,Bryan Mbeumo,GB1,0,0,1,0,40
3208678_51710,3208678,51710,1050,366,2019-09-21,Sergio Asenjo,ES1,0,0,0,0,90
3605300_288318,3605300,288318,714,367,2021-10-03,Adrián Embarba,ES1,1,0,0,1,65
3886647_341264,3886647,341264,367,418,2023-04-26,Fran García,ES1,0,0,1,0,90
2698161_66333,2698161,66333,3008,405,2016-11-26,Ahmed Elmohamady,GB1,0,0,0,0,90
2594759_52469,2594759,52469,621,621,2016-03-13,Mikel San José,ES1,0,0,0,1,90
3050450_139208,3050450,139208,31,31,2019-03-03,Virgil van Dijk,GB1,0,0,0,0,90
4095137_399776,4095137,399776,405,405,2023-09-30,Pau Torres,GB1,0,0,0,0,90
2899688_76746,2899688,76746,3709,3709,2017-12-09,Damián Suárez,ES1,0,0,0,0,90
2578150_170321,2578150,170321,762,762,2016-04-19,Paul Dummett,GB1,0,0,0,0,90
2578012_61560,2578012,61560,1003,1003,2015-10-31,Marc Albrighton,GB1,0,0,0,2,76
2486717_35518,2486717,35518,281,681,2015-02-11,David Silva,GB1,0,0,0,1,80
3838604_614258,3838604,614258,1237,631,2023-05-21,Levi Colwill,GB1,0,0,0,1,89
2594690_207924,2594690,207924,367,940,2016-02-01,Jozabed Sánchez,ES1,0,0,1,0,90
4113147_488626,4113147,488626,331,621,2023-10-20,Jesús Areso,ES1,0,0,0,0,85
3219384_258923,3219384,258923,985,131,2019-10-20,Marcus Rashford,GB1,0,0,1,0,84
3592045_260827,3592045,260827,873,931,2021-10-23,Joachim Andersen,GB1,1,0,0,0,90
3838244_262226,3838244,262226,1003,931,2022-11-12,Timothy Castagne,GB1,0,0,0,0,90
2872267_51528,2872267,51528,1237,1237,2017-12-09,Bruno Saltor,GB1,0,0,0,0,90
2577945_15799,2577945,15799,11,2497,2015-09-12,Santi Cazorla,GB1,0,0,0,1,90
2594701_44735,2594701,44735,472,472,2016-02-14,Aythami Artiles,ES1,0,0,0,0,90
3050437_43003,3050437,43003,11,681,2019-02-27,Nacho Monreal,GB1,0,0,0,0,90
3592113_63200,3592113,63200,1132,1132,2022-03-01,Ashley Barnes,GB1,0,0,0,0,2
3886611_311044,3886611,311044,2687,367,2023-04-09,Alfonso Espino,ES1,0,0,0,0,90
2899605_263482,2899605,263482,12321,12321,2017-09-23,Michael Olunga,ES1,0,0,0,0,60
3080847_423444,3080847,423444,940,12321,2019-03-16,Fran Beltrán,ES1,0,0,0,0,15
2475354_40428,2475354,40428,16795,1050,2015-01-11,Manuel Iturra,ES1,0,0,0,0,90
4113140_380598,4113140,380598,1050,1050,2023-10-30,Santi Comesaña,ES1,0,0,0,0,6
3844600_115333,3844600,115333,12321,12321,2022-08-22,Juanpe,ES1,1,0,0,0,90
3838786_346314,3838786,346314,631,631,2023-01-21,Trevoh Chalobah,GB1,1,0,0,0,81
3429732_29692,3429732,29692,379,379,2021-02-15,Lukasz Fabianski,GB1,0,0,0,0,90
3838667_433188,3838667,433188,31,31,2023-04-22,Curtis Jones,GB1,0,0,0,0,81
3421832_38094,3421832,38094,984,984,2020-12-29,Lee Peltier,GB1,0,0,0,0,90
3451083_284854,3451083,284854,3709,1108,2021-01-11,Carles Aleñá,ES1,1,0,0,0,90
3210018_142021,3210018,142021,714,237,2020-06-13,Sergi Darder,ES1,0,0,0,0,39
3429867_475411,3429867,475411,1003,631,2021-05-23,Wesley Fofana,GB1,0,0,0,0,21
3885848_145769,3885848,145769,366,366,2022-08-28,Sergio León,ES1,0,0,0,0,29
3050454_207014,3050454,207014,1010,873,2019-03-03,Will Hughes,GB1,0,0,0,0,90
3081111_54245,3081111,54245,621,621,2019-05-12,Markel Susaeta,ES1,0,0,0,0,11
2872476_6710,2872476,6710,11,11,2018-05-06,Per Mertesacker,GB1,0,0,0,0,13
2475359_71905,2475359,71905,368,3368,2015-01-11,Coke,ES1,0,0,1,0,45
3050280_477758,3050280,477758,873,379,2018-11-10,Aaron Wan-Bissaka,GB1,0,0,0,0,90
2594537_40888,2594537,40888,621,621,2015-10-04,Beñat Etxebarria,ES1,0,0,0,0,86
3429853_241641,3429853,241641,281,281,2021-05-18,Bernardo Silva,GB1,1,0,0,0,77
4095070_108725,4095070,108725,703,703,2023-09-23,Chris Wood,GB1,0,0,0,0,15
2698338_20007,2698338,20007,281,379,2017-04-27,Pablo Zabaleta,GB1,0,0,0,0,90
2698409_191217,2698409,191217,11,150,2017-02-11,Héctor Bellerín,GB1,0,0,0,0,90
3886655_65318,3886655,65318,237,237,2023-05-01,Jaume Costa,ES1,0,0,0,0,90
3080847_221315,3080847,221315,940,940,2019-03-16,Kevin Vázquez,ES1,0,0,0,0,90
2899786_37917,2899786,37917,1244,1244,2018-02-10,Nabil El Zhar,ES1,0,0,0,0,31
3050301_410425,3050301,410425,1237,148,2018-12-01,Yves Bissouma,GB1,0,0,0,0,90
3607536_35518,3607536,35518,681,681,2021-10-31,David Silva,ES1,0,0,0,0,79
2475506_18644,2475506,18644,1049,2687,2015-04-27,Álvaro Negredo,ES1,0,0,1,1,22
3050400_49501,3050400,49501,1110,1110,2019-02-02,Elias Kachunga,GB1,0,0,0,0,90
2475346_71548,2475346,71548,714,1533,2015-01-04,Anaitz Arbilla,ES1,1,0,0,1,90
2899938_72047,2899938,72047,940,940,2017-08-25,Iago Aspas,ES1,0,0,0,0,90
3219155_140579,3219155,140579,1123,1123,2020-06-19,Josip Drmic,GB1,0,0,0,0,89
2899840_242497,2899840,242497,12321,1108,2018-04-19,Pere Pons,ES1,0,0,0,0,11
2718820_255488,2718820,255488,621,621,2016-11-20,Yeray Álvarez,ES1,0,0,0,0,90
2486832_246968,2486832,246968,762,1050,2015-05-16,Ayoze Pérez,GB1,0,0,0,0,90
2577979_37442,2577979,37442,1003,1003,2015-10-03,Danny Simpson,GB1,0,0,0,0,65
3050451_215118,3050451,215118,931,405,2019-03-03,Calum Chambers,GB1,1,0,1,0,90
3886449_390688,3886449,390688,3709,3709,2022-11-09,Juan Iglesias,ES1,1,0,0,0,90
3607543_401624,3607543,401624,150,3302,2021-11-07,Edgar González,ES1,0,0,0,0,90
3421809_333241,3421809,333241,762,762,2020-12-19,Joelinton,GB1,0,0,0,0,75
2578234_123682,2578234,123682,989,379,2016-04-23,Callum Wilson,GB1,0,0,0,0,27
3885854_527350,3885854,527350,12321,12321,2022-09-03,Manu Vallejo,ES1,0,0,0,1,12
3837826_470607,3837826,470607,703,873,2022-08-14,Brennan Johnson,GB1,1,0,0,0,90
4113149_353032,4113149,353032,3709,289,2023-10-28,Omar Alderete,ES1,0,0,0,0,90
3050245_192765,3050245,192765,148,148,2018-10-06,Ben Davies,GB1,0,0,0,0,2
2899693_18006,2899693,18006,368,897,2017-12-09,Michael Krohn-Dehli,ES1,0,0,0,0,9
3079315_357565,3079315,357565,13,281,2018-08-25,Rodri,ES1,0,0,0,0,90
3210084_261502,3210084,261502,1108,1108,2020-06-27,Paulino de la Fuente,ES1,0,0,0,0,12
2594504_125781,2594504,125781,13,13,2015-09-19,Antoine Griezmann,ES1,0,0,0,0,90
3429700_324882,3429700,324882,405,1031,2021-01-30,Marvelous Nakamba,GB1,0,0,0,0,1
3611504_298976,3611504,298976,3709,3709,2022-05-15,Borja Mayoral,ES1,0,0,0,0,67
3605056_423444,3605056,423444,940,12321,2021-08-23,Fran Beltrán,ES1,0,0,0,0,20
3592223_121257,3592223,121257,399,399,2022-03-13,Adam Forshaw,GB1,0,0,0,0,90
3421753_253677,3421753,253677,405,405,2020-11-21,Tyrone Mings,GB1,0,0,0,0,90
2872219_92469,2872219,92469,762,762,2017-11-04,Matt Ritchie,GB1,0,0,0,0,90
2718719_71206,2718719,71206,331,331,2016-08-27,Nauzet Pérez,ES1,0,0,0,0,90
2698166_52570,2698166,52570,180,989,2016-12-03,Fraser Forster,GB1,0,0,0,0,90
3421775_108725,3421775,108725,1132,703,2020-12-05,Chris Wood,GB1,0,0,0,0,90
3050253_186590,3050253,186590,281,281,2018-10-20,John Stones,GB1,0,0,0,0,90
4087963_173504,4087963,173504,29,29,2023-09-02,James Tarkowski,GB1,0,0,0,0,90
3838595_351749,3838595,351749,281,677,2023-05-28,Kalvin Phillips,GB1,0,0,0,0,90
2698330_44779,2698330,44779,631,543,2017-03-06,Diego Costa,GB1,0,0,1,0,90
4095151_262226,4095151,262226,931,931,2023-10-07,Timothy Castagne,GB1,0,0,0,0,90
4087933_16306,4087933,16306,985,985,2023-08-14,Casemiro,GB1,0,0,0,0,90
3208794_76746,3208794,76746,3709,3709,2019-12-08,Damián Suárez,ES1,0,0,0,1,90
3886390_711382,3886390,711382,681,681,2022-10-30,Jon Karrikaburu,ES1,0,0,0,0,5
4095250_319900,4095250,319900,1031,1031,2023-12-23,Elijah Adebayo,GB1,0,0,0,0,80
3050520_163744,3050520,163744,180,180,2019-04-13,Jack Stephens,GB1,0,0,0,0,6
3838743_217115,3838743,217115,29,368,2023-02-25,Neal Maupay,GB1,0,0,0,0,76
3838024_182712,3838024,182712,281,131,2022-10-08,João Cancelo,GB1,0,0,1,1,70
3837861_51471,3837861,51471,631,281,2022-08-30,Mateo Kovacic,GB1,0,0,0,0,45
2718716_81998,2718716,81998,331,331,2016-08-19,Jaime Romero,ES1,0,0,0,0,13
2872464_65976,2872464,65976,984,984,2018-04-21,Hal Robson-Kanu,GB1,0,0,0,0,1
3838211_3333,3838211,3333,31,1237,2022-10-29,James Milner,GB1,0,0,0,0,11
2718904_73250,2718904,73250,1050,1050,2017-01-28,Mario Gaspar,ES1,0,0,0,0,90
3219312_217115,3219312,217115,1237,368,2019-12-16,Neal Maupay,GB1,0,0,1,0,90
2475516_64484,2475516,64484,367,367,2015-04-30,Manucho,ES1,0,0,0,0,90
2872449_121477,2872449,121477,984,543,2018-04-15,Craig Dawson,GB1,0,0,0,0,90
3421862_401320,3421862,401320,984,677,2021-01-16,Dara O'Shea,GB1,0,0,0,0,90
3421700_206225,3421700,206225,762,1039,2020-09-27,Isaac Hayden,GB1,1,0,0,0,90
3050418_126665,3050418,126665,29,29,2018-12-26,Idrissa Gueye,GB1,1,0,0,0,15
3607569_573775,3607569,573775,1049,1049,2021-11-27,Hugo Duro,ES1,0,0,0,1,88
3429794_199527,3429794,199527,762,762,2021-04-11,Jacob Murphy,GB1,0,0,1,0,90
2899867_18006,2899867,18006,897,897,2018-04-29,Michael Krohn-Dehli,ES1,0,0,0,0,90
2594850_153427,2594850,153427,367,367,2016-05-15,Bebé,ES1,0,0,0,1,31
3050205_192765,3050205,192765,148,148,2018-09-02,Ben Davies,GB1,0,0,0,0,89
3421856_131505,3421856,131505,399,399,2021-01-16,Rodrigo,GB1,0,0,0,0,62
2899890_34601,2899890,34601,621,621,2018-04-23,Raúl García,ES1,1,0,1,0,90
3886692_225593,3886692,225593,1531,714,2023-05-24,Pere Milla,ES1,1,0,0,0,24
4112814_495621,4112814,495621,1108,1108,2023-08-14,Antonio Blanco,ES1,0,0,0,0,64
3208676_70934,3208676,70934,368,940,2019-09-22,Nolito,ES1,0,0,0,0,9
3886593_74294,3886593,74294,368,368,2023-03-19,Nemanja Gudelj,ES1,0,0,0,0,90
2698097_3333,2698097,3333,31,1237,2016-09-16,James Milner,GB1,0,0,0,0,90
3451069_568157,3451069,568157,1050,873,2020-12-29,Yéremy Pino,ES1,0,0,0,0,45
2578036_45861,2578036,45861,512,512,2015-11-07,Ryan Shawcross,GB1,1,0,0,0,90
3611470_709187,3611470,709187,621,621,2022-04-30,Nico Williams,ES1,0,0,0,0,74
3079397_7512,3079397,7512,366,366,2018-09-27,Borja Fernández,ES1,0,0,0,0,15
2718848_40888,2718848,40888,621,621,2016-12-11,Beñat Etxebarria,ES1,0,0,0,0,90
2872370_66219,2872370,66219,2288,2288,2018-02-03,Kyle Naughton,GB1,0,0,0,0,90
2486745_3357,2486745,3357,1003,1003,2015-03-04,Mark Schwarzer,GB1,0,0,0,0,90
3451381_367466,3451381,367466,1049,1049,2021-03-21,Thierry Correia,ES1,0,0,0,0,90
4095223_401320,4095223,401320,1132,677,2023-12-05,Dara O'Shea,GB1,0,0,0,0,90
3050337_173504,3050337,173504,1132,29,2018-12-22,James Tarkowski,GB1,0,0,0,0,90
3079488_459463,3079488,459463,5358,150,2018-12-09,Cucho Hernández,ES1,0,0,0,0,90
3050204_98240,3050204,98240,762,762,2018-09-01,Ciaran Clark,GB1,0,0,0,0,81
3429765_584769,3429765,584769,1132,29,2021-03-13,Dwight McNeil,GB1,0,0,1,0,90
3431936_203043,3431936,203043,1533,1531,2020-09-30,Pedro Bigas,ES1,0,0,0,0,45
3219226_427568,3219226,427568,989,762,2020-02-01,Aaron Ramsdale,GB1,0,0,0,0,90
3607562_95963,3607562,95963,16795,16795,2021-11-26,Germán Sánchez,ES1,1,0,0,0,45
3429847_371814,3429847,371814,31,31,2021-05-16,Nathaniel Phillips,GB1,0,0,0,0,90
4112973_488626,4112973,488626,331,621,2023-10-01,Jesús Areso,ES1,0,0,0,0,22
3079512_131505,3079512,131505,1049,399,2018-12-23,Rodrigo,ES1,1,0,0,1,90
3838192_534033,3838192,534033,1237,31,2022-10-22,Alexis Mac Allister,GB1,0,0,0,0,87
4113170_121483,4113170,121483,13,13,2023-09-16,Jan Oblak,ES1,0,0,0,0,90
2872163_26399,2872163,26399,281,131,2017-09-16,Sergio Agüero,GB1,0,0,3,1,90
3081106_29124,3081106,29124,621,621,2019-05-05,Aritz Aduriz,ES1,1,0,0,0,31
3421770_258923,3421770,258923,985,131,2020-11-29,Marcus Rashford,GB1,0,0,0,1,90
2594675_23338,2594675,23338,1533,1533,2016-01-24,Asier Riesgo,ES1,0,0,0,0,90
4113144_676042,4113144,676042,368,368,2023-12-03,Juanlu Sánchez,ES1,1,0,0,0,90
2578100_250478,2578100,250478,180,762,2016-01-16,Matt Targett,GB1,0,0,0,1,90
2899599_129444,2899599,129444,714,12321,2017-09-24,David López,ES1,0,0,0,0,90
2475509_60890,2475509,60890,940,366,2015-04-26,Fabián Orellana,ES1,1,0,0,1,70
3886531_895326,3886531,895326,12321,12321,2023-02-10,Joel Roca,ES1,1,0,0,0,45
3079451_225015,3079451,225015,5358,2687,2018-11-11,Carlos Akapo,ES1,1,0,0,0,81
3219384_507700,3219384,507700,985,985,2019-10-20,Brandon Williams,GB1,0,0,0,0,1
3079307_127554,3079307,127554,366,366,2018-08-17,Nacho Martínez,ES1,0,0,0,0,90
4113065_226012,4113065,226012,3709,3709,2023-09-27,David Soria,ES1,0,0,0,0,90
3079505_52469,3079505,52469,621,621,2018-12-22,Mikel San José,ES1,0,0,0,0,14
2872483_162029,2872483,162029,762,940,2018-05-05,Javier Manquillo,GB1,0,0,0,1,67
2594832_51471,2594832,51471,418,281,2016-05-08,Mateo Kovacic,ES1,0,0,0,0,25
2718709_7781,2718709,7781,1108,1108,2016-08-21,Alexis Ruano,ES1,0,0,0,1,90
3210131_316264,3210131,316264,681,11,2020-07-13,Martin Ødegaard,ES1,0,0,0,1,65
2475485_213260,2475485,213260,3368,331,2015-04-13,Rubén García,ES1,0,0,0,0,16
3838658_503749,3838658,503749,405,762,2023-04-25,Jacob Ramsey,GB1,0,0,0,0,77
2872494_92571,2872494,92571,379,379,2018-05-13,Aaron Cresswell,GB1,0,0,0,0,88
2698278_13796,2698278,13796,641,641,2016-12-31,Grant Leadbitter,GB1,0,0,1,0,78
2698177_39532,2698177,39532,289,289,2016-11-26,Victor Anichebe,GB1,0,0,0,0,90
3592005_76467,3592005,76467,1010,3709,2021-10-02,Kiko Femenía,GB1,1,0,0,0,90
3886451_38253,3886451,38253,131,131,2022-11-08,Robert Lewandowski,ES1,2,0,0,0,31
2899633_286415,2899633,286415,714,150,2017-10-23,Pau López,ES1,0,0,0,0,90
4095195_578391,4095195,578391,543,281,2023-11-11,Rayan Aït-Nouri,GB1,1,0,0,0,87
3838277_126665,3838277,126665,29,29,2023-01-03,Idrissa Gueye,GB1,0,0,0,0,64
2698187_13573,2698187,13573,989,989,2016-12-04,Simon Francis,GB1,1,0,0,0,90
2872117_173504,2872117,173504,1132,29,2017-08-12,James Tarkowski,GB1,0,0,0,0,90
3208712_95810,3208712,95810,13,762,2019-10-06,Kieran Trippier,ES1,0,0,0,0,90
2718931_2963,2718931,2963,1084,714,2017-02-20,Martín Demichelis,ES1,0,0,0,0,90
3886697_286779,3886697,286779,2687,2687,2023-05-24,Jorge Meré,ES1,0,0,0,0,90
3592248_181579,3592248,181579,180,1132,2022-03-13,James Ward-Prowse,GB1,0,0,0,0,90
4095177_53360,4095177,53360,1132,1132,2023-11-04,Jay Rodríguez,GB1,0,0,0,0,90
3592110_292246,3592110,292246,543,543,2022-02-20,Hee-chan Hwang,GB1,0,0,0,0,32
2578035_6150,2578035,6150,762,762,2015-11-21,Fabricio Coloccini,GB1,0,0,0,0,90
2872284_249126,2872284,249126,148,1003,2017-12-13,Harry Winks,GB1,0,0,0,1,67
3208826_31909,3208826,31909,418,418,2020-01-04,Toni Kroos,ES1,0,0,0,1,71
3441591_448844,3441591,448844,16795,16795,2020-10-04,Carlos Neva,ES1,0,0,0,0,90
2899766_51471,2899766,51471,418,281,2018-02-10,Mateo Kovacic,ES1,1,0,0,0,27
3210095_335225,3210095,335225,1050,237,2020-07-01,Manu Morlanes,ES1,0,0,0,0,10
2872177_27511,2872177,27511,631,873,2017-09-30,Gary Cahill,GB1,0,0,0,0,90
3605041_126751,3605041,126751,237,621,2021-08-14,Iñigo Ruiz de Galarreta,ES1,0,0,0,0,72
3886583_289255,3886583,289255,681,621,2023-03-12,Andoni Gorosabel,ES1,0,0,0,0,90
2719027_221986,2719027,221986,16795,1108,2017-04-16,Héctor Hernández,ES1,0,0,0,0,16
2578048_45494,2578048,45494,873,703,2015-12-07,Wayne Hennessey,GB1,0,0,0,0,90
3210125_93936,3210125,93936,1533,714,2020-07-12,Kike García,ES1,0,0,0,0,65
2718922_176285,2718922,176285,16795,16795,2017-02-13,Isaac Cuenca,ES1,0,0,0,0,90
3451094_67808,3451094,67808,5358,12321,2021-01-20,Borja García,ES1,0,0,0,0,11
2578281_4072,2578281,4072,512,1132,2016-04-30,Peter Crouch,GB1,0,0,0,1,90
3429762_314875,3429762,314875,379,379,2021-03-08,Jarrod Bowen,GB1,0,0,0,0,17
3219281_477758,3219281,477758,985,379,2019-12-26,Aaron Wan-Bissaka,GB1,0,0,0,1,90
3611480_74229,3611480,74229,13,13,2022-05-08,Koke,ES1,0,0,0,0,90
4113146_192009,4113146,192009,367,367,2023-08-21,Unai López,ES1,0,0,0,1,78
2872243_95810,2872243,95810,148,762,2017-11-25,Kieran Trippier,GB1,0,0,0,0,90
3050328_74300,3050328,74300,873,873,2018-12-15,Luka Milivojevic,GB1,0,0,1,0,90
3050198_40433,3050198,40433,985,368,2018-09-02,Alexis Sánchez,GB1,1,0,0,1,61
4113111_669511,4113111,669511,1050,1050,2023-11-05,Jorge Pascual,ES1,0,0,0,0,13
3837836_242631,3837836,242631,29,931,2022-08-20,Alex Iwobi,GB1,1,0,0,0,90
3208807_247250,3208807,247250,366,2687,2019-12-15,Rubén Alcaraz,ES1,1,0,0,0,35
3050223_294057,3050223,294057,1003,148,2018-09-22,James Maddison,GB1,0,0,1,0,85
3050340_111051,3050340,111051,1003,1010,2018-12-22,Nampalys Mendy,GB1,1,0,0,0,90
3838258_503980,3838258,503980,399,399,2022-12-28,Joe Gelhardt,GB1,0,0,0,0,18
3080895_396894,3080895,396894,940,2687,2019-04-20,Maxi Gómez,ES1,0,0,0,0,90
3592109_468002,3592109,468002,379,677,2022-02-19,Ben Johnson,GB1,0,0,0,0,45
3838054_186186,3838054,186186,931,1003,2022-10-20,Bobby De Cordova-Reid,GB1,0,0,0,0,90
4113106_342385,4113106,342385,150,1049,2023-09-16,Guido Rodríguez,ES1,1,0,0,0,24
2578037_2963,2578037,2963,281,714,2015-11-21,Martín Demichelis,GB1,0,0,0,0,90
3886577_307519,3886577,307519,2687,2687,2023-03-03,Fede San Emeterio,ES1,1,0,0,0,62
2578093_48066,2578093,48066,379,762,2016-01-12,Andy Carroll,GB1,0,0,0,0,14
3050290_199528,3050290,199528,603,603,2018-11-24,Josh Murphy,GB1,0,0,0,0,23
4112846_282411,4112846,282411,13,13,2023-12-16,Marcos Llorente,ES1,0,0,0,0,90
3431912_60890,3431912,60890,366,366,2020-09-13,Fabián Orellana,ES1,0,0,0,0,90
2872383_95810,2872383,95810,148,762,2018-02-10,Kieran Trippier,GB1,0,0,0,0,90
3421717_341501,3421717,341501,1003,1003,2020-10-18,Hamza Choudhury,GB1,0,0,0,0,12
4113139_262939,4113139,262939,331,237,2023-12-02,Johan Mojica,ES1,0,0,0,0,55
4113055_580560,4113055,580560,681,1108,2023-10-08,Jon Pacheco,ES1,0,0,0,0,25
2475396_44073,2475396,44073,1531,1084,2015-02-09,Adrián González,ES1,0,0,0,0,90
2899882_67082,2899882,67082,13,13,2018-05-06,Vitolo,ES1,0,0,0,0,26
3219188_192080,3219188,192080,1132,762,2020-07-05,Nick Pope,GB1,0,0,0,0,90
3050169_194460,3050169,194460,931,931,2018-08-11,Joe Bryan,GB1,0,0,0,0,71
3886568_405398,3886568,405398,681,681,2023-02-25,Takefusa Kubo,ES1,0,0,0,0,73
2872118_74300,2872118,74300,873,873,2017-08-12,Luka Milivojevic,GB1,0,0,0,0,45
2578183_54890,2578183,54890,1003,1003,2016-03-19,Leonardo Ulloa,GB1,0,0,0,0,14
2899636_255508,2899636,255508,621,621,2017-10-22,Iñaki Williams,ES1,0,0,0,0,90
3050306_163744,3050306,163744,180,180,2018-12-01,Jack Stephens,GB1,0,0,0,0,90
2899848_7663,2899848,7663,150,150,2018-04-19,Joaquín,ES1,0,0,0,0,71
2872421_314210,2872421,314210,29,350,2018-03-17,Tom Davies,GB1,0,0,0,0,53
3451377_82503,3451377,82503,331,367,2021-03-20,Aridane Hernández,ES1,0,0,0,0,90
3050304_277033,3050304,277033,989,989,2018-12-01,David Brooks,GB1,0,0,0,0,18
2578247_126665,2578247,126665,405,29,2016-01-02,Idrissa Gueye,GB1,0,0,0,0,90
4113057_76746,4113057,76746,3709,3709,2023-10-08,Damián Suárez,ES1,0,0,0,0,90
3886686_15956,3886686,15956,368,368,2023-05-21,Jesús Navas,ES1,0,0,0,0,8
3886451_93936,3886451,93936,331,714,2022-11-08,Kike García,ES1,0,0,0,0,31
3592070_168157,3592070,168157,543,2497,2021-12-04,Leander Dendoncker,GB1,1,0,0,0,90
2899748_126716,2899748,126716,131,1050,2018-02-04,Paco Alcácer,ES1,0,0,0,0,59
3210040_145769,3210040,145769,3368,366,2020-06-15,Sergio León,ES1,0,0,0,0,18
3219299_217115,3219299,217115,1237,368,2019-12-21,Neal Maupay,GB1,0,0,0,0,90
2718733_131505,2718733,131505,1049,399,2016-09-11,Rodrigo,ES1,0,0,1,0,90
3611478_330352,3611478,330352,1531,1531,2022-05-01,Raúl Guti,ES1,0,0,0,0,39
3421756_340325,3421756,340325,11,1148,2020-11-22,Reiss Nelson,GB1,0,0,0,0,45
2899650_242497,2899650,242497,12321,1108,2017-11-05,Pere Pons,ES1,1,0,0,1,90
3429817_475411,3429817,475411,1003,631,2021-04-26,Wesley Fofana,GB1,0,0,0,0,90
3451057_65331,3451057,65331,366,366,2020-12-22,Míchel Herrero,ES1,0,0,0,0,57
2872464_148455,2872464,148455,31,31,2018-04-21,Mohamed Salah,GB1,0,0,1,0,84
3194820_65477,3194820,65477,1010,1010,2019-08-10,Troy Deeney,GB1,0,0,0,0,90
3451063_423444,3451063,423444,940,12321,2020-12-30,Fran Beltrán,ES1,0,0,0,0,17
2718967_74857,2718967,74857,131,12321,2017-03-04,Marc-André ter Stegen,ES1,0,0,0,0,90
3081084_616369,3081084,616369,681,681,2019-04-25,Ander Barrenetxea,ES1,0,0,0,0,18
2698276_117996,2698276,117996,985,985,2017-02-01,Phil Jones,GB1,0,0,0,0,55
3591986_131505,3591986,131505,399,399,2021-09-25,Rodrigo,GB1,0,0,0,0,90
3607542_34601,3607542,34601,621,621,2021-11-05,Raúl García,ES1,0,0,0,0,32
3431925_57825,3431925,57825,16795,16795,2020-09-27,Jorge Molina,ES1,0,0,1,0,90
3886519_63494,3886519,63494,1050,1050,2023-01-30,Étienne Capoue,ES1,0,0,0,0,81
2718986_7600,2718986,7600,131,131,2017-03-19,Andrés Iniesta,ES1,1,0,0,0,90
2899896_303248,2899896,303248,150,150,2018-05-05,Pedro López,ES1,0,0,0,0,90
2698189_128904,2698189,128904,641,1123,2016-10-29,Ben Gibson,GB1,0,0,0,0,90
2899685_64598,2899685,64598,12321,12321,2017-12-04,Bernardo Espinosa,ES1,0,0,0,0,43
3592272_253677,3592272,253677,405,405,2022-04-02,Tyrone Mings,GB1,0,0,0,0,90
3079388_278359,3079388,278359,714,940,2018-09-22,Borja Iglesias,ES1,0,0,0,0,90
3450966_56777,3450966,56777,5358,5358,2020-10-18,Luísinho,ES1,0,0,0,0,77
3429685_42412,3429685,42412,1003,985,2021-01-27,Jonny Evans,GB1,0,0,0,0,77
3592166_217115,3592166,217115,1237,368,2022-01-18,Neal Maupay,GB1,0,0,0,0,28
2872434_42412,2872434,42412,984,985,2018-03-31,Jonny Evans,GB1,0,0,0,1,90
2718790_298589,2718790,298589,331,331,2016-10-21,David García,ES1,1,0,0,0,90
3451150_35518,3451150,35518,681,681,2021-02-14,David Silva,ES1,0,0,0,0,87
3450999_316264,3450999,316264,418,11,2020-11-08,Martin Ødegaard,ES1,0,0,0,0,26
2577940_63494,2577940,63494,1010,1050,2015-08-29,Étienne Capoue,GB1,0,0,0,0,76
3886452_221322,3886452,221322,1049,1049,2022-11-10,José Gayà,ES1,0,0,0,1,90
4112968_536030,4112968,536030,3302,3302,2023-10-01,Arnau Puigmal,ES1,1,0,0,0,84
3886591_413112,3886591,413112,418,418,2023-03-19,Aurélien Tchouaméni,ES1,0,0,0,0,14
2872204_128969,2872204,128969,1237,3368,2017-10-20,Mathew Ryan,GB1,0,0,0,0,90
3607557_99353,3607557,99353,681,12321,2021-11-21,Portu,ES1,0,0,0,0,6
3592230_64399,3592230,64399,873,940,2022-04-20,Vicente Guaita,GB1,0,0,0,0,90
3838623_262980,3838623,262980,989,873,2023-05-06,Jefferson Lerma,GB1,0,0,0,0,90
3591984_260827,3591984,260827,873,931,2021-09-27,Joachim Andersen,GB1,0,0,0,0,90
2698365_78966,2698365,78966,641,641,2017-05-21,Daniel Ayala,GB1,0,0,0,0,17
3451405_284854,3451405,284854,3709,1108,2021-04-22,Carles Aleñá,ES1,0,0,0,0,45
3610408_59551,3610408,59551,16795,16795,2022-03-05,Ángel Montoro,ES1,0,0,0,0,66
2578206_42412,2578206,42412,984,985,2016-04-02,Jonny Evans,GB1,1,0,0,0,90
2698135_12282,2698135,12282,985,12321,2016-10-17,Daley Blind,GB1,0,0,0,0,90
3429698_294057,3429698,294057,1003,148,2021-01-31,James Maddison,GB1,0,0,0,1,90
2718822_210153,2718822,210153,1244,1244,2016-11-21,Alberto Martín,ES1,0,0,0,0,90
2872141_70950,2872141,70950,762,762,2017-08-26,Mohamed Diamé,GB1,0,0,0,0,8
3611518_221150,3611518,221150,3709,3709,2022-05-22,Dakonam Djené,ES1,1,0,0,0,90
3421856_158764,3421856,158764,399,399,2021-01-16,Stuart Dallas,GB1,0,0,0,0,90
2872324_6710,2872324,6710,11,11,2017-12-31,Per Mertesacker,GB1,0,0,0,0,18
3451208_284854,3451208,284854,3709,1108,2021-03-13,Carles Aleñá,ES1,0,0,0,0,90
2578066_25742,2578066,25742,379,379,2015-12-12,Nikica Jelavic,GB1,0,0,0,0,7
2899561_150948,2899561,150948,1084,1533,2017-08-21,Recio,ES1,0,0,0,0,83
2872299_44983,2872299,44983,989,1010,2017-12-23,Dan Gosling,GB1,0,0,0,0,90
3219077_50362,3219077,50362,29,29,2019-09-15,Fabian Delph,GB1,1,0,0,0,90
2899804_29124,2899804,29124,621,621,2018-03-03,Aritz Aduriz,ES1,0,0,0,0,45
4113081_1013774,4113081,1013774,3302,3302,2023-11-25,Marciano Sanca,ES1,0,0,0,0,6
2486841_31579,2486841,31579,289,289,2015-05-24,Adam Johnson,GB1,0,0,0,1,75
3208836_364603,3208836,364603,1244,331,2020-01-17,José Manuel Arnáiz,ES1,1,0,0,0,33
2899738_15904,2899738,15904,131,131,2018-01-21,Thomas Vermaelen,ES1,0,0,0,0,43
3451459_228917,3451459,228917,3368,3368,2021-05-11,Jorge Miramón,ES1,0,0,0,1,75
3610434_225122,3610434,225122,1049,681,2022-03-12,Gonçalo Guedes,ES1,0,0,0,0,90
3886697_225462,3886697,225462,2687,2687,2023-05-24,José Mari,ES1,0,0,0,0,8
3451049_142027,3451049,142027,366,366,2020-12-19,Pablo Hervías,ES1,0,0,0,0,90
3079436_242497,3079436,242497,12321,1108,2018-10-27,Pere Pons,ES1,0,0,0,0,90
2578099_129078,2578099,129078,1123,1132,2016-01-13,Nathan Redmond,GB1,0,0,0,0,28
4113121_221899,4113121,221899,3302,3302,2023-12-03,Léo Baptistão,ES1,0,0,0,0,90
2872351_127032,2872351,127032,148,703,2018-01-21,Serge Aurier,GB1,0,0,0,0,72
2872331_129078,2872331,129078,180,1132,2018-01-02,Nathan Redmond,GB1,0,0,0,0,11
2698099_90836,2698099,90836,989,703,2016-09-17,Steve Cook,GB1,0,0,0,0,90
3886321_277384,3886321,277384,237,237,2022-10-15,Martin Valjent,ES1,0,0,0,0,90
2475514_321247,2475514,321247,3709,405,2015-04-28,Emiliano Buendía,ES1,0,0,0,0,90
3592226_532541,3592226,532541,543,543,2022-04-08,Luke Cundle,GB1,0,0,0,0,90
3050179_170321,3050179,170321,762,762,2018-08-18,Paul Dummett,GB1,0,0,0,0,90
3610366_471474,3610366,471474,331,331,2022-02-19,Javi Martínez,ES1,0,0,0,0,7
4112966_127108,4112966,127108,367,367,2023-09-30,Florian Lejeune,ES1,0,0,0,0,90
2594661_88490,2594661,88490,131,714,2016-01-17,Aleix Vidal,ES1,0,0,0,0,90
2594600_29124,2594600,29124,621,621,2015-11-29,Aritz Aduriz,ES1,0,0,3,0,90
3210086_501418,3210086,501418,714,1531,2020-06-28,Adrià Pedrosa,ES1,1,0,0,0,45
3838784_387626,3838784,387626,405,405,2023-01-21,Leon Bailey,GB1,0,0,0,0,81
2899629_150948,2899629,150948,1084,1533,2017-10-29,Recio,ES1,0,0,1,0,90
2594746_88590,2594746,88590,1049,3368,2016-03-06,Shkodran Mustafi,ES1,0,0,0,0,90
2594554_16306,2594554,16306,418,985,2015-10-24,Casemiro,ES1,0,0,0,0,90
2475542_27374,2475542,27374,897,150,2015-05-17,Sidnei,ES1,0,0,0,0,90
2594605_7983,2594605,7983,897,897,2015-12-05,Cani,ES1,1,0,0,0,60
3886416_298976,3886416,298976,3709,3709,2022-11-05,Borja Mayoral,ES1,0,0,0,0,75
3420844_183288,3420844,183288,985,985,2020-09-19,Luke Shaw,GB1,0,0,0,0,90
3886468_300168,3886468,300168,621,621,2022-12-29,Mikel Vesga,ES1,1,0,0,0,90
3079465_67823,3079465,67823,5358,5358,2018-11-24,Damián Musto,ES1,0,0,0,0,90
3591992_118534,3591992,118534,29,29,2021-08-28,Michael Keane,GB1,0,0,0,0,90
3429698_158764,3429698,158764,399,399,2021-01-31,Stuart Dallas,GB1,1,0,1,0,90
3050398_181579,3050398,181579,180,1132,2019-02-02,James Ward-Prowse,GB1,0,0,0,0,90
3591966_67420,3591966,67420,399,399,2021-09-17,Luke Ayling,GB1,0,0,0,0,89
2594691_7501,2594691,7501,472,472,2016-02-06,Juan Carlos Valerón,ES1,0,0,0,0,61
3886612_399776,3886612,399776,1050,405,2023-04-08,Pau Torres,ES1,0,0,0,0,90
2594625_99922,2594625,99922,131,150,2016-02-17,Marc Bartra,ES1,0,0,0,0,9
3886361_138927,3886361,138927,418,418,2022-10-22,Daniel Carvajal,ES1,0,0,0,0,77
3431916_423444,3431916,423444,940,12321,2020-09-19,Fran Beltrán,ES1,0,0,0,0,66
3605039_182904,3605039,182904,131,13,2021-08-15,Clément Lenglet,ES1,0,0,0,0,1
2698333_66333,2698333,66333,3008,405,2017-02-25,Ahmed Elmohamady,GB1,0,0,0,0,90
2718755_176067,2718755,176067,897,897,2016-09-22,Borja Valle,ES1,0,0,0,0,9
2578177_35413,2578177,35413,989,989,2016-03-12,Lewis Grabban,GB1,0,0,0,0,25
2486720_50202,2486720,50202,631,418,2015-02-21,Eden Hazard,GB1,0,0,0,1,90
3050412_131978,3050412,131978,631,405,2019-02-10,Ross Barkley,GB1,0,0,0,0,52
3610401_709187,3610401,709187,621,621,2022-03-07,Nico Williams,ES1,0,0,0,0,17
4087964_648195,4087964,648195,631,631,2023-09-17,Enzo Fernández,GB1,0,0,0,0,81
4087956_183318,4087956,183318,762,762,2023-09-02,Jamaal Lascelles,GB1,0,0,0,0,16
2899705_7663,2899705,7663,150,150,2017-12-18,Joaquín,ES1,1,0,0,1,85
3592014_314875,3592014,314875,379,379,2021-10-17,Jarrod Bowen,GB1,0,0,0,1,90
3837824_257455,3837824,257455,931,148,2022-08-13,João Palhinha,GB1,1,0,0,0,90
3219362_66100,3219362,66100,180,12321,2019-11-02,Oriol Romeu,GB1,0,0,0,0,90
2872258_199527,2872258,199527,762,762,2017-12-02,Jacob Murphy,GB1,0,0,0,0,90
4087955_473050,4087955,473050,1148,1148,2023-09-02,Kevin Schade,GB1,0,0,0,0,71
3592280_249126,3592280,249126,148,1003,2022-02-09,Harry Winks,GB1,0,0,0,0,90
3838011_72476,3838011,72476,931,931,2022-10-01,Bernd Leno,GB1,0,0,0,0,90
3079445_34601,3079445,34601,621,621,2018-11-05,Raúl García,ES1,0,0,0,0,90
3886659_522784,3886659,522784,12321,379,2023-05-01,Taty Castellanos,ES1,0,0,1,0,73
3605308_570421,3605308,570421,714,714,2021-10-18,Nico Melamed,ES1,0,0,0,1,32
3050383_183318,3050383,183318,762,762,2019-01-19,Jamaal Lascelles,GB1,0,0,0,1,90
3219075_195488,3219075,195488,148,12321,2019-09-21,Paulo Gazzaniga,GB1,0,0,0,0,90
3429822_168157,3429822,168157,543,2497,2021-04-25,Leander Dendoncker,GB1,0,0,0,0,90
2719075_374081,2719075,374081,331,331,2017-05-13,Aitor Buñuel,ES1,0,0,0,0,68
3429693_316264,3429693,316264,11,11,2021-01-30,Martin Ødegaard,GB1,0,0,0,0,7
2718935_67080,2718935,67080,1108,1108,2017-02-18,Víctor Laguardia,ES1,0,0,0,0,90
3592085_182712,3592085,182712,281,131,2021-12-19,João Cancelo,GB1,0,0,1,1,90
3429709_392765,3429709,392765,11,931,2021-02-02,Emile Smith Rowe,GB1,0,0,0,0,90
3421839_135343,3421839,135343,762,762,2021-01-03,Fabian Schär,GB1,0,0,0,0,90
3610561_307519,3610561,307519,2687,2687,2022-03-20,Fede San Emeterio,ES1,1,0,0,0,67
3079526_250845,3079526,250845,13,13,2019-01-13,José María Giménez,ES1,0,0,0,0,81
3429715_121477,3429715,121477,379,543,2021-02-06,Craig Dawson,GB1,0,0,0,0,90
2594742_15983,2594742,15983,3709,3709,2016-03-05,Juan Rodríguez,ES1,0,0,0,0,90
3591977_410708,3591977,410708,399,399,2021-10-31,Pascal Struijk,GB1,0,0,0,0,90
2594556_121483,2594556,121483,13,13,2015-10-25,Jan Oblak,ES1,0,0,0,0,90
2899657_98322,2899657,98322,1050,1049,2017-11-05,Denis Cheryshev,ES1,0,0,0,0,34
3050260_13573,3050260,13573,989,989,2018-10-27,Simon Francis,GB1,0,0,0,0,90
2594689_131505,2594689,131505,1049,399,2016-01-31,Rodrigo,ES1,0,0,0,0,17
2698138_35518,2698138,35518,281,681,2016-12-03,David Silva,GB1,0,0,0,0,90
2577939_13573,2577939,13573,989,989,2015-08-29,Simon Francis,GB1,0,0,0,0,90
2899578_44073,2899578,44073,1084,1084,2017-09-11,Adrián González,ES1,1,0,0,0,73
4113141_480763,4113141,480763,1050,1050,2023-08-18,Juan Foyth,ES1,0,0,0,0,90
3611463_495625,3611463,495625,2687,1531,2022-04-21,Víctor Chust,ES1,1,0,0,0,55
2899668_372246,2899668,372246,1049,681,2017-11-19,Carlos Soler,ES1,0,0,0,0,10
2475489_119622,2475489,119622,1533,1533,2015-04-11,Javi Lara,ES1,0,0,0,0,90
3451398_67082,3451398,67082,13,13,2021-04-11,Vitolo,ES1,0,0,0,0,26
2577983_6636,2577983,6636,1003,1003,2015-10-17,Christian Fuchs,GB1,0,0,0,0,90
3451200_227961,3451200,227961,3709,472,2021-03-06,Jaime Mata,ES1,0,1,1,0,85
3838272_333241,3838272,333241,762,762,2023-01-03,Joelinton,GB1,1,0,0,0,90
2698148_65976,2698148,65976,984,984,2016-11-21,Hal Robson-Kanu,GB1,0,0,0,0,11
3050540_177476,3050540,177476,989,281,2019-04-27,Nathan Aké,GB1,0,0,0,0,90
3079472_51710,3079472,51710,1050,366,2018-12-02,Sergio Asenjo,ES1,0,0,0,0,90
3610572_165007,3610572,165007,940,1108,2022-04-02,Denis Suárez,ES1,0,0,0,0,90
3219173_88590,3219173,88590,11,3368,2020-07-01,Shkodran Mustafi,GB1,0,0,0,0,45
4112868_517842,4112868,517842,681,681,2023-12-21,Aihen Muñoz,ES1,0,0,0,0,1
2594708_131505,2594708,131505,1049,399,2016-02-13,Rodrigo,ES1,0,0,0,0,58
2698287_65976,2698287,65976,984,984,2017-02-11,Hal Robson-Kanu,GB1,0,0,0,0,23
2698246_7589,2698246,7589,641,641,2017-01-31,Víctor Valdés,GB1,0,0,0,0,90
2872245_177476,2872245,177476,989,281,2017-11-29,Nathan Aké,GB1,0,0,0,0,90
3219163_148368,3219163,148368,31,703,2020-07-22,Divock Origi,GB1,0,0,0,0,3
3429826_64399,3429826,64399,873,940,2021-05-01,Vicente Guaita,GB1,0,0,0,0,90
3080890_226012,3080890,226012,3709,3709,2019-04-14,David Soria,ES1,0,0,0,0,90
3837973_644401,3837973,644401,1148,1148,2022-09-03,Keane Lewis-Potter,GB1,0,0,0,0,59
3219308_68390,3219308,68390,29,29,2019-12-15,Séamus Coleman,GB1,0,0,0,0,90
3421821_209212,3421821,209212,1237,1237,2020-12-27,Solly March,GB1,0,0,0,0,90
3209998_121483,3209998,121483,13,13,2020-03-07,Jan Oblak,ES1,0,0,0,0,90
2872165_13572,2872165,13572,984,1010,2017-09-25,Ben Foster,GB1,0,0,0,0,90
3838772_680806,3838772,680806,180,180,2023-02-04,Samuel Edozie,GB1,0,0,0,0,65
3592264_503733,3592264,503733,29,762,2022-04-24,Anthony Gordon,GB1,1,0,0,0,90
2872330_26399,2872330,26399,281,131,2018-01-02,Sergio Agüero,GB1,0,0,1,0,90
3081124_188854,3081124,188854,1050,1050,2019-05-18,Manu Trigueros,ES1,0,0,0,0,82
2594797_77737,2594797,77737,150,1050,2016-04-16,Alfred N'Diaye,ES1,0,0,1,0,90
2578107_6636,2578107,6636,1003,1003,2016-01-23,Christian Fuchs,GB1,0,0,0,0,90
2578104_33713,2578104,33713,11,180,2016-01-13,Theo Walcott,GB1,0,0,0,0,76
2698099_13573,2698099,13573,989,989,2016-09-17,Simon Francis,GB1,0,0,0,0,90
3050416_206225,3050416,206225,762,1039,2019-02-11,Isaac Hayden,GB1,0,0,1,0,86
3610343_495625,3610343,495625,2687,1531,2022-02-12,Víctor Chust,ES1,0,0,0,0,90
3079514_108390,3079514,108390,418,418,2019-01-03,Thibaut Courtois,ES1,0,0,0,0,90
3209974_16306,3209974,16306,418,985,2020-02-22,Casemiro,ES1,1,0,0,0,90
3451384_331505,3451384,331505,131,940,2021-04-05,Óscar Mingueza,ES1,1,0,0,0,63
3605199_289272,3605199,289272,367,681,2021-09-11,Martín Merquelanz,ES1,0,0,0,0,14
2899751_73636,2899751,73636,1108,714,2018-02-03,Hernán Pérez,ES1,0,0,0,0,1
2718997_35939,2718997,35939,1049,1049,2017-04-02,Ezequiel Garay,ES1,0,0,0,0,90
3208791_131505,3208791,131505,1049,399,2019-11-30,Rodrigo,ES1,0,0,1,0,86
3208787_67548,3208787,67548,3368,16795,2019-12-01,Rubén Rochina,ES1,1,0,0,0,68
3451152_125931,3451152,125931,3368,3368,2021-02-14,Toño García,ES1,1,0,0,0,75
3886391_51510,3886391,51510,237,237,2022-10-28,Ángel Rodríguez,ES1,0,0,0,0,3
2578243_67416,2578243,67416,2288,405,2016-05-01,Neil Taylor,GB1,0,0,0,0,90
3208753_65318,3208753,65318,1049,237,2019-11-02,Jaume Costa,ES1,0,0,0,0,90
3219162_468002,3219162,468002,379,677,2020-07-22,Ben Johnson,GB1,0,0,0,0,90
3886613_346289,3886613,346289,1049,1049,2023-04-09,Mouctar Diakhaby,ES1,0,0,0,0,90
3079397_25412,3079397,25412,3368,5358,2018-09-27,Pedro López,ES1,0,0,0,0,88
2719014_59344,2719014,59344,681,681,2017-04-10,Asier Illarramendi,ES1,0,0,0,0,90
2899574_135343,2899574,135343,897,762,2017-09-10,Fabian Schär,ES1,0,0,0,1,90
3079321_252677,3079321,252677,3368,3368,2018-08-27,José Luis Morales,ES1,0,0,1,0,90
3079395_423444,3079395,423444,940,12321,2018-09-26,Fran Beltrán,ES1,1,0,0,0,90
3610438_74294,3610438,74294,368,368,2022-03-13,Nemanja Gudelj,ES1,0,0,0,0,90
3886582_221311,3886582,221311,366,366,2023-03-11,Iván Sánchez,ES1,0,0,0,0,63
2578128_92469,2578128,92469,989,762,2016-01-23,Matt Ritchie,GB1,0,0,0,0,33
3837820_262980,3837820,262980,989,873,2022-08-06,Jefferson Lerma,GB1,0,0,1,0,90
3050454_42412,3050454,42412,1003,985,2019-03-03,Jonny Evans,GB1,0,0,0,0,90
3210121_257376,3210121,257376,16795,3709,2020-07-10,Domingos Duarte,ES1,0,0,1,1,90
3208626_156808,3208626,156808,1244,1244,2019-08-17,Unai Bustinza,ES1,0,0,0,0,77
3429819_95424,3429819,95424,281,1132,2021-03-10,Kyle Walker,GB1,0,0,0,0,90
4087957_557459,4087957,557459,148,148,2023-09-02,Micky van de Ven,GB1,0,0,0,0,90
2578006_61592,2578006,61592,379,873,2015-10-24,James Tomkins,GB1,0,0,0,0,90
3886626_330352,3886626,330352,1531,1531,2023-04-16,Raúl Guti,ES1,0,0,0,0,45
3451448_378139,3451448,378139,150,150,2021-05-10,Aitor Ruibal,ES1,0,0,0,1,72
3838188_340321,3838188,340321,1148,1148,2022-10-23,Josh Dasilva,GB1,0,0,0,0,45
4095165_461883,4095165,461883,931,931,2023-10-23,Calvin Bassey,GB1,0,0,0,0,90
2698014_5658,2698014,5658,11,11,2016-08-27,Petr Cech,GB1,0,0,0,0,90
3451131_177467,3451131,177467,1050,1050,2021-02-06,Gerard Moreno,ES1,0,0,2,0,50
2475476_230784,2475476,230784,3302,1050,2015-04-08,Thomas Partey,ES1,0,0,0,0,90
2578016_32617,2578016,32617,405,405,2015-11-08,Micah Richards,GB1,0,0,0,0,90
3838230_241641,3838230,241641,281,281,2022-11-05,Bernardo Silva,GB1,1,0,0,0,90
2698389_77760,2698389,77760,148,148,2017-05-05,Victor Wanyama,GB1,0,0,0,0,73
2577992_71271,2577992,71271,379,150,2015-10-17,Adrián San Miguel,GB1,0,0,0,0,90
3451054_254037,3451054,254037,2687,2687,2020-12-23,Iza Carcelén,ES1,0,0,0,0,90
2594668_188838,2594668,188838,150,366,2016-01-16,Bruno González,ES1,0,0,0,0,90
2578047_48066,2578047,48066,379,762,2015-12-05,Andy Carroll,GB1,0,0,0,0,90
3219254_54383,3219254,54383,350,350,2020-01-18,John Fleck,GB1,0,0,1,0,90
3209971_203496,3209971,203496,150,150,2020-02-21,Nabil Fekir,ES1,0,0,1,1,90
2899606_197545,2899606,197545,1533,621,2017-09-24,Ander Capa,ES1,0,0,0,0,90
2475434_15790,2475434,15790,1531,1531,2015-03-07,Ferrán Corominas,ES1,0,0,0,0,2
3592037_250426,3592037,250426,180,543,2021-11-20,Adam Armstrong,GB1,0,0,0,1,90
2872208_34691,2872208,34691,1132,1132,2017-10-30,Stephen Ward,GB1,0,0,0,0,90
4095264_583189,4095264,583189,703,762,2023-12-26,Anthony Elanga,GB1,0,0,0,2,90
2899612_139434,2899612,139434,1244,366,2017-09-30,Raúl Carnero,ES1,0,0,0,0,90
3050177_36291,3050177,36291,1237,1237,2018-08-19,Gaëtan Bong,GB1,0,0,0,0,90
3421846_66100,3421846,66100,180,12321,2021-02-23,Oriol Romeu,GB1,0,0,0,0,70
2719005_67082,2719005,67082,368,13,2017-04-05,Vitolo,ES1,2,0,0,0,90
3591983_241641,3591983,241641,281,281,2021-09-25,Bernardo Silva,GB1,0,0,0,0,90
3607594_34370,3607594,34370,714,367,2021-12-11,Diego López,ES1,0,0,0,0,90
2698296_45861,2698296,45861,512,512,2017-01-21,Ryan Shawcross,GB1,0,0,0,0,90
3886488_367466,3886488,367466,1049,1049,2023-01-06,Thierry Correia,ES1,0,0,0,0,82
3050503_158623,3050503,158623,931,931,2019-04-02,Cyrus Christie,GB1,1,0,0,0,90
3421811_348795,3421811,348795,148,150,2020-12-20,Giovani Lo Celso,GB1,0,0,0,0,49
2486834_5668,2486834,5668,289,289,2015-05-16,Anthony Réveillère,GB1,0,0,0,0,5
3079504_371998,3079504,371998,418,418,2018-12-15,Vinicius Junior,ES1,0,0,0,0,12
3080865_7922,3080865,7922,714,714,2019-04-02,Sergio García,ES1,0,0,0,0,16
2594814_81988,2594814,81988,1533,1533,2016-04-23,Sergi Enrich,ES1,0,0,0,0,90
3208651_356197,3208651,356197,150,1050,2019-08-31,Alfonso Pedraza,ES1,0,0,0,0,90
4113082_412363,4113082,412363,418,418,2023-08-25,Rodrygo,ES1,0,0,0,0,90
2698414_50202,2698414,50202,631,418,2017-05-21,Eden Hazard,GB1,0,0,1,0,71
3219223_128969,3219223,128969,1237,3368,2020-02-08,Mathew Ryan,GB1,0,0,0,0,90
2578200_14221,2578200,14221,29,1132,2016-05-11,Aaron Lennon,GB1,0,0,0,0,45
2872117_112515,2872117,112515,631,940,2017-08-12,Marcos Alonso,GB1,1,0,0,0,90
3610432_378139,3610432,378139,150,150,2022-03-13,Aitor Ruibal,ES1,1,0,0,0,20
3844094_208116,3844094,208116,3302,3302,2022-08-14,Curro Sánchez,ES1,1,0,0,0,33
2899829_255501,2899829,255501,621,621,2018-03-11,Iñigo Lekue,ES1,0,0,0,0,8
4095175_578391,4095175,578391,543,281,2023-10-28,Rayan Aït-Nouri,GB1,1,0,0,0,90
3079381_423444,3079381,423444,940,12321,2018-09-22,Fran Beltrán,ES1,0,0,0,0,8
3886454_252667,3886454,252667,2687,2687,2022-11-10,Fali,ES1,1,0,0,0,90
2486826_4205,2486826,4205,1039,1039,2015-05-10,Bobby Zamora,GB1,0,0,0,0,52
2899596_37403,2899596,37403,1084,366,2017-09-19,Roberto,ES1,0,0,0,0,90
3886691_358250,3886691,358250,940,940,2023-05-23,Joseph Aidoo,ES1,0,0,0,0,90
3886586_246968,3886586,246968,150,1050,2023-03-12,Ayoze Pérez,ES1,0,0,0,0,71
2594822_59561,2594822,59561,1049,1050,2016-05-01,Dani Parejo,ES1,0,0,0,0,90
3050413_90964,3050413,90964,603,603,2019-02-09,Joe Bennett,GB1,0,0,0,0,90
2475463_59323,2475463,59323,714,12321,2015-04-06,Cristhian Stuani,ES1,0,0,0,0,64
2899763_192736,2899763,192736,621,1244,2018-01-26,Sabin Merino,ES1,0,0,0,0,20
3838593_735570,3838593,735570,543,543,2023-05-28,João Gomes,GB1,0,0,0,0,85
3208787_284857,3208787,284857,3709,631,2019-12-01,Marc Cucurella,ES1,0,0,0,0,90
3886700_262396,3886700,262396,621,621,2023-05-28,Unai Simón,ES1,0,0,0,0,90
3592226_135343,3592226,135343,762,762,2022-04-08,Fabian Schär,GB1,1,0,0,0,90
2578195_126665,2578195,126665,405,29,2016-04-02,Idrissa Gueye,GB1,1,0,0,0,82
3079328_131505,3079328,131505,1049,399,2018-09-02,Rodrigo,ES1,0,0,0,0,90
3219418_134270,3219418,134270,1237,762,2019-09-14,Dan Burn,GB1,0,0,0,0,90
2475474_52469,2475474,52469,621,621,2015-04-09,Mikel San José,ES1,0,0,0,0,90
3079530_99353,3079530,99353,12321,12321,2019-01-12,Portu,ES1,0,0,0,0,83
4087969_467623,4087969,467623,1132,1132,2023-09-18,Lyle Foster,GB1,0,1,0,1,90
3611440_203496,3611440,203496,150,150,2022-04-09,Nabil Fekir,ES1,0,0,0,1,90
3886467_66100,3886467,66100,12321,12321,2022-12-29,Oriol Romeu,ES1,1,0,0,0,90
3605294_338425,3605294,338425,621,621,2021-10-01,Álex Berenguer,ES1,1,0,0,0,66
3838747_74810,3838747,74810,1148,1148,2023-04-05,Ben Mee,GB1,0,0,0,0,90
3208651_378139,3208651,378139,1244,150,2019-08-31,Aitor Ruibal,ES1,0,0,0,0,11
2486792_47995,2486792,47995,873,1110,2015-04-18,Jason Puncheon,GB1,1,0,0,0,90
2577994_3838,2577994,3838,984,984,2015-10-03,Boaz Myhill,GB1,0,0,0,0,90
3079433_59561,3079433,59561,1049,1050,2018-10-27,Dani Parejo,ES1,0,0,0,0,90
3886664_221311,3886664,221311,366,366,2023-05-04,Iván Sánchez,ES1,0,0,0,1,31
3451080_95810,3451080,95810,13,762,2021-03-10,Kieran Trippier,ES1,0,0,0,0,90
2594471_7600,2594471,7600,131,131,2015-08-23,Andrés Iniesta,ES1,0,0,0,0,90
2594669_31909,2594669,31909,418,418,2016-01-17,Toni Kroos,ES1,0,0,0,1,90
2594507_31909,2594507,31909,418,418,2015-09-19,Toni Kroos,ES1,0,0,0,0,62
3421747_240306,3421747,240306,985,985,2020-11-07,Bruno Fernandes,GB1,1,0,2,1,90
3591996_333241,3591996,333241,762,762,2021-08-28,Joelinton,GB1,0,0,0,0,21
3591994_112515,3591994,112515,631,940,2021-08-28,Marcos Alonso,GB1,0,0,0,0,90
3886637_256429,3886637,256429,2687,367,2023-04-21,Sergi Guardiola,ES1,0,0,0,0,89
2899696_18006,2899696,18006,368,897,2017-12-02,Michael Krohn-Dehli,ES1,0,0,1,0,21
3610291_320271,3610291,320271,1049,237,2022-01-22,Toni Lato,ES1,1,0,0,1,72
3429831_249126,3429831,249126,148,1003,2021-05-02,Harry Winks,GB1,0,0,0,0,20
3838016_238266,3838016,238266,180,681,2022-10-01,Duje Caleta-Car,GB1,0,0,0,0,90
4095202_571743,4095202,571743,631,1132,2023-11-25,Armando Broja,GB1,0,0,0,0,21
2719045_35939,2719045,35939,1049,1049,2017-04-26,Ezequiel Garay,ES1,1,0,0,0,90
3605194_442805,3605194,442805,237,3302,2021-09-11,Iddrisu Baba,ES1,1,0,0,0,72
2872257_209212,2872257,209212,1237,1237,2017-12-02,Solly March,GB1,0,0,0,0,20
3886302_76467,3886302,76467,1050,3709,2022-09-11,Kiko Femenía,ES1,0,0,0,0,90
3592147_33027,3592147,33027,1123,1031,2022-03-05,Tim Krul,GB1,0,0,0,0,90
3886451_411295,3886451,411295,131,131,2022-11-08,Raphinha,ES1,0,0,1,0,12
3605279_284430,3605279,284430,16795,2497,2021-09-27,Aarón Escandell,ES1,1,0,0,0,13
2872489_3878,2872489,3878,985,985,2018-05-13,Michael Carrick,GB1,0,0,0,0,85
4087969_566799,4087969,566799,1132,281,2023-09-18,James Trafford,GB1,1,0,0,0,90
2718744_223725,2718744,223725,1049,1244,2016-09-18,Munir El Haddadi,ES1,0,0,0,0,90
4095261_420002,4095261,420002,873,873,2023-12-27,Jean-Philippe Mateta,GB1,0,0,0,0,90
3080821_357884,3080821,357884,366,714,2019-02-24,Fernando Calero,ES1,0,0,0,0,90
3219264_215876,3219264,215876,1003,1003,2020-01-19,Ricardo Pereira,GB1,0,0,0,0,90
2475509_255653,2475509,255653,940,940,2015-04-26,Santi Mina,ES1,0,0,1,0,75
4113070_448344,4113070,448344,16795,16795,2023-09-28,Óscar Melendo,ES1,0,0,0,0,62
2475361_76746,2475361,76746,1531,3709,2015-01-18,Damián Suárez,ES1,1,0,0,0,90
3605213_339816,3605213,339816,1531,1531,2021-09-18,Tete Morente,ES1,0,0,0,0,61
3080888_93935,3080888,93935,368,366,2019-04-13,Sergio Escudero,ES1,1,0,0,0,90
4113080_378139,4113080,378139,150,150,2023-08-27,Aitor Ruibal,ES1,0,0,0,1,58
2475451_51587,2475451,51587,3709,1533,2015-03-21,Pedro León,ES1,0,0,0,0,79
3208849_378293,3208849,378293,16795,681,2020-01-25,Yangel Herrera,ES1,0,0,0,0,90
3451389_390688,3451389,390688,3709,3709,2021-04-03,Juan Iglesias,ES1,0,0,0,0,90
3210091_65331,3210091,65331,366,366,2020-06-26,Míchel Herrero,ES1,0,0,0,1,75
3050328_66934,3050328,66934,873,703,2018-12-15,Cheikhou Kouyaté,GB1,0,0,0,0,65
2718844_51471,2718844,51471,418,281,2016-12-03,Mateo Kovacic,ES1,0,0,0,0,86
3450961_610083,3450961,610083,621,3368,2020-10-18,Unai Vencedor,ES1,0,0,0,0,6
2475436_96718,2475436,96718,621,621,2015-03-07,Óscar de Marcos,ES1,0,0,0,0,90
2698328_66100,2698328,66100,180,12321,2017-05-17,Oriol Romeu,GB1,1,0,0,0,90
3592152_128904,3592152,128904,1123,1123,2022-04-02,Ben Gibson,GB1,0,0,0,0,90
3610349_401530,3610349,401530,418,418,2022-02-12,Éder Militão,ES1,1,0,0,0,90
3050205_207014,3050205,207014,1010,873,2018-09-02,Will Hughes,GB1,0,0,0,0,86
2872153_246968,2872153,246968,762,1050,2017-09-10,Ayoze Pérez,GB1,0,0,0,0,90
3837818_644401,3837818,644401,1148,1148,2022-08-07,Keane Lewis-Potter,GB1,0,0,0,0,31
3208705_197545,3208705,197545,621,621,2019-10-06,Ander Capa,ES1,1,0,0,0,90
3451049_111961,3451049,111961,368,368,2020-12-19,Suso,ES1,0,0,0,0,81
2718720_177467,2718720,177467,714,1050,2016-08-26,Gerard Moreno,ES1,0,0,2,0,90
2594772_164055,2594772,164055,1533,940,2016-04-03,David Juncà,ES1,1,0,0,0,74
3451412_616369,3451412,616369,681,681,2021-04-22,Ander Barrenetxea,ES1,1,0,0,0,22
4095237_380350,4095237,380350,1237,1237,2023-12-17,Igor Julio,GB1,0,0,0,0,30
3429804_258004,3429804,258004,281,281,2021-04-21,Rúben Dias,GB1,0,0,0,0,90
3607572_193098,3607572,193098,150,12321,2021-12-04,Álex Moreno,ES1,0,0,0,0,90
3080782_398184,3080782,398184,1049,131,2019-02-02,Ferran Torres,ES1,0,0,0,0,50
4113134_85383,4113134,85383,2687,2687,2023-10-23,Rubén Sobrino,ES1,1,0,0,0,12
3838642_505194,3838642,505194,1003,1003,2023-05-01,Luke Thomas,GB1,1,0,0,0,88
3219226_413403,3219226,413403,405,405,2020-02-01,Ezri Konsa,GB1,0,0,0,0,45
2486819_77932,2486819,77932,2288,3709,2015-05-11,Jefferson Montero,GB1,0,0,0,1,90
3611470_255508,3611470,255508,621,621,2022-04-30,Iñaki Williams,ES1,1,0,1,1,77
3208775_74229,3208775,74229,13,13,2019-11-23,Koke,ES1,0,0,0,0,90
3610404_85295,3610404,85295,367,367,2022-03-06,Iván Balliu,ES1,0,0,0,0,90
3886629_536030,3886629,536030,3302,3302,2023-04-16,Arnau Puigmal,ES1,0,0,0,0,32
2718869_319745,2718869,319745,150,418,2017-01-08,Dani Ceballos,ES1,0,0,0,1,90
2475503_96718,2475503,96718,621,621,2015-04-24,Óscar de Marcos,ES1,0,0,0,0,90
4113118_216464,4113118,216464,681,681,2023-11-04,Carlos Fernández,ES1,0,0,0,0,6
3431939_67808,3431939,67808,5358,12321,2020-09-30,Borja García,ES1,0,0,0,0,69
3451064_142027,3451064,142027,366,366,2020-12-29,Pablo Hervías,ES1,0,0,0,0,90
2594517_185593,2594517,185593,16795,16795,2015-09-22,Nicolás López,ES1,0,0,0,0,35
2899800_396894,2899800,396894,940,2687,2018-02-27,Maxi Gómez,ES1,0,0,0,0,90
2594777_26199,2594777,26199,3368,3368,2016-04-04,Verza,ES1,1,0,0,0,90
3080795_129444,3080795,129444,714,12321,2019-02-09,David López,ES1,0,0,0,0,90
3079327_65331,3079327,65331,366,366,2018-08-31,Míchel Herrero,ES1,0,0,0,0,11
2698268_29692,2698268,29692,2288,379,2016-12-26,Lukasz Fabianski,GB1,0,0,0,0,90
3591962_344605,3591962,344605,1003,1003,2021-09-19,Boubakary Soumaré,GB1,0,0,0,0,75
3080874_199321,3080874,199321,940,12321,2019-04-07,Rubén Blanco,ES1,0,0,0,0,90
2475338_37712,2475338,37712,368,368,2015-02-04,Daniel Carriço,ES1,1,0,0,0,90
3208759_121483,3208759,121483,13,13,2019-11-02,Jan Oblak,ES1,0,0,0,0,90
3451101_251897,3451101,251897,621,1108,2021-01-25,Asier Villalibre,ES1,0,0,0,1,10
2698128_62945,2698128,62945,1003,2687,2016-10-15,Luis Hernández,GB1,0,0,0,0,90
3837996_388165,3837996,388165,1148,762,2023-03-15,Yoane Wissa,GB1,0,0,1,0,25
3441593_255653,3441593,255653,940,940,2020-10-04,Santi Mina,ES1,0,0,0,0,17
3080860_85288,3080860,85288,418,150,2019-03-31,Isco,ES1,0,0,1,0,75
3429683_186186,3429683,186186,931,1003,2021-01-27,Bobby De Cordova-Reid,GB1,0,0,0,0,90
3209999_182904,3209999,182904,131,13,2020-03-07,Clément Lenglet,ES1,1,0,0,0,90
3429822_142310,3429822,142310,543,703,2021-04-25,Willy Boly,GB1,0,0,0,0,90
3610291_646750,3610291,646750,1049,11,2022-01-22,Cristhian Mosquera,ES1,0,0,0,0,18
3421720_258885,3421720,258885,350,350,2020-10-18,Max Lowe,GB1,0,0,0,0,19
3607550_390688,3607550,390688,3709,3709,2021-11-07,Juan Iglesias,ES1,0,0,0,0,30
2577949_50174,2577949,50174,148,1010,2015-08-29,Danny Rose,GB1,0,0,0,0,90
4112811_38253,4112811,38253,131,131,2023-08-13,Robert Lewandowski,ES1,0,0,0,0,90
2698257_37011,2698257,37011,2288,2288,2017-01-03,Nathan Dyer,GB1,0,0,0,0,10
3886587_88490,3886587,88490,714,714,2023-03-11,Aleix Vidal,ES1,0,0,0,0,6
3838713_398065,3838713,398065,1003,762,2023-03-18,Harvey Barnes,GB1,0,0,1,0,90
3429769_92571,3429769,92571,379,379,2021-03-14,Aaron Cresswell,GB1,0,0,0,0,90
3209808_175323,3209808,175323,3368,3368,2020-02-08,Óscar Duarte,ES1,0,0,0,0,3
3079458_54245,3079458,54245,621,621,2018-11-10,Markel Susaeta,ES1,0,0,0,0,88
3885842_378293,3885842,378293,12321,681,2022-08-26,Yangel Herrera,ES1,0,0,0,0,10
2872486_111508,2872486,111508,984,3709,2018-05-13,Allan Nyom,GB1,0,0,0,0,90
3429863_410425,3429863,410425,1237,148,2021-05-23,Yves Bissouma,GB1,0,0,0,0,90
2577985_28261,2577985,28261,1010,714,2015-09-27,José Manuel Jurado,GB1,1,0,0,0,90
2872382_287431,2872382,287431,2288,931,2018-02-10,Alfie Mawson,GB1,0,0,0,0,90
3844596_570421,3844596,570421,714,714,2022-08-19,Nico Melamed,ES1,0,0,0,0,34
3592097_626724,3592097,626724,1010,631,2021-11-28,João Pedro,GB1,0,0,0,0,45
4113154_34601,4113154,34601,621,621,2023-08-19,Raúl García,ES1,0,0,0,0,6
2872414_50935,2872414,50935,379,379,2018-03-10,Chicharito,GB1,0,0,0,0,19
3838691_204103,3838691,204103,543,379,2023-04-08,Adama Traoré,GB1,0,0,0,0,16
2475374_44073,2475374,44073,1531,1084,2015-01-24,Adrián González,ES1,0,0,0,0,69
3451475_300168,3451475,300168,621,621,2021-05-22,Mikel Vesga,ES1,0,0,0,0,57
2872153_121279,2872153,121279,2288,2288,2017-09-10,Tom Carroll,GB1,0,0,0,0,86
3421728_218087,3421728,218087,350,350,2020-10-24,Ben Osborn,GB1,0,0,0,0,90
3219422_212847,3219422,212847,1237,1237,2019-08-31,Adam Webster,GB1,0,0,0,0,90
2872236_45861,2872236,45861,512,512,2017-11-25,Ryan Shawcross,GB1,0,0,0,1,90
2486748_95424,2486748,95424,148,1132,2015-03-04,Kyle Walker,GB1,0,0,0,0,90
3208667_355628,3208667,355628,681,681,2019-09-14,Igor Zubeldia,ES1,1,0,0,0,90
2475400_27453,2475400,27453,714,714,2015-02-14,Diego Colotto,ES1,0,1,0,0,2
2899701_138803,2899701,138803,3709,3302,2017-12-17,Francisco Portillo,ES1,0,0,0,0,90
2872127_338424,2872127,338424,762,11,2017-08-20,Mikel Merino,GB1,0,0,0,0,90
2698305_249126,2698305,249126,148,1003,2017-03-19,Harry Winks,GB1,0,0,0,0,15
3219410_170472,3219410,170472,1010,1049,2019-09-21,Dimitri Foulquier,GB1,0,0,0,0,33
2698344_33544,2698344,33544,985,985,2017-03-19,Antonio Valencia,GB1,0,0,1,0,90
3050173_92469,3050173,92469,762,762,2018-08-11,Matt Ritchie,GB1,0,0,0,1,69
3886487_111961,3886487,111961,368,368,2023-01-08,Suso,ES1,0,0,0,0,17
2578083_242631,2578083,242631,11,931,2015-12-26,Alex Iwobi,GB1,0,0,0,0,12
2594570_65243,2594570,65243,714,714,2015-11-01,Abraham González,ES1,0,0,0,0,19
3219125_262980,3219125,262980,989,873,2020-07-04,Jefferson Lerma,GB1,1,0,0,0,90
3080782_284854,3080782,284854,131,1108,2019-02-02,Carles Aleñá,ES1,0,0,0,0,66
3079314_162056,3079314,162056,5358,3302,2018-08-27,Gonzalo Melero,ES1,0,0,0,1,90
3592044_392768,3592044,392768,631,703,2021-10-23,Callum Hudson-Odoi,GB1,0,0,1,0,70
2899571_51471,2899571,51471,418,281,2017-09-09,Mateo Kovacic,ES1,0,0,0,0,18
2486828_19368,2486828,19368,148,148,2015-05-09,Mousa Dembélé,GB1,0,0,0,0,14
3079329_257062,3079329,257062,367,367,2018-10-24,Álvaro García,ES1,0,0,0,0,29
3080823_66112,3080823,66112,366,366,2019-03-02,Keko Gontán,ES1,0,0,0,0,22
3079389_225122,3079389,225122,1049,681,2018-09-23,Gonçalo Guedes,ES1,0,0,0,0,34
3219419_246968,3219419,246968,1003,1050,2019-09-14,Ayoze Pérez,GB1,0,0,0,0,33
3886493_35047,3886493,35047,13,12321,2023-01-15,Axel Witsel,ES1,0,0,0,0,90
3081085_52469,3081085,52469,621,621,2019-04-24,Mikel San José,ES1,0,0,0,0,90
2698197_29975,2698197,29975,989,989,2016-12-26,Andrew Surman,GB1,0,0,0,0,66
4112881_424042,4112881,424042,13,13,2023-12-10,Nahuel Molina,ES1,0,0,0,0,15
2698279_3292,2698279,3292,1132,1132,2017-02-04,Joey Barton,GB1,0,0,0,0,90
3079380_51663,3079380,51663,12321,2687,2018-09-23,Pedro Alcalá,ES1,1,0,0,0,90
3208769_399776,3208769,399776,1050,405,2019-11-10,Pau Torres,ES1,0,0,0,0,90
3429732_468002,3429732,468002,379,677,2021-02-15,Ben Johnson,GB1,0,0,0,0,90
3886690_630995,3886690,630995,150,150,2023-05-24,Rodri Sánchez,ES1,0,0,0,0,18
2698401_66934,2698401,66934,379,703,2017-04-22,Cheikhou Kouyaté,GB1,0,0,0,0,79
4095071_95810,4095071,95810,762,762,2023-09-24,Kieran Trippier,GB1,0,0,0,3,70
3208788_100722,3208788,100722,237,237,2019-11-30,Lago Júnior,ES1,0,0,1,0,45
3838228_306024,3838228,306024,29,399,2022-11-05,Dominic Calvert-Lewin,GB1,0,0,0,0,61
2594520_58497,2594520,58497,2448,367,2015-09-23,Alberto García,ES1,0,0,0,0,90
4112811_227961,4112811,227961,3709,472,2023-08-13,Jaime Mata,ES1,2,0,0,0,57
3592065_102258,3592065,102258,1132,1132,2021-12-04,Matthew Lowton,GB1,0,0,0,0,75
3429706_67420,3429706,67420,399,399,2021-02-03,Luke Ayling,GB1,1,0,0,0,90
3050406_105470,3050406,105470,31,31,2019-02-04,Alisson,GB1,0,0,0,0,90
3219084_258923,3219084,258923,985,131,2019-08-31,Marcus Rashford,GB1,0,0,0,0,90
2698230_27114,2698230,27114,1010,1010,2016-12-17,Younès Kaboul,GB1,1,0,0,0,78
2594651_88590,2594651,88590,1049,3368,2016-01-10,Shkodran Mustafi,ES1,0,0,0,0,90
3451048_188854,3451048,188854,1050,1050,2020-12-19,Manu Trigueros,ES1,0,0,0,1,90
3592153_108354,3592153,108354,873,1003,2022-02-12,Jordan Ayew,GB1,0,0,0,0,78
2594688_15693,2594688,15693,681,681,2016-01-30,Xabi Prieto,ES1,0,0,1,0,90
2594770_170472,2594770,170472,16795,1049,2016-03-19,Dimitri Foulquier,ES1,0,0,0,0,90
4095070_357565,4095070,357565,281,281,2023-09-23,Rodri,GB1,0,1,0,0,46
2486743_108390,2486743,108390,631,418,2015-03-04,Thibaut Courtois,GB1,0,0,0,0,90
2578172_63494,2578172,63494,1010,1050,2016-03-05,Étienne Capoue,GB1,0,0,0,0,88
2899689_300168,2899689,300168,621,621,2017-12-10,Mikel Vesga,ES1,1,0,0,0,90
2698129_36866,2698129,36866,289,289,2016-10-15,Billy Jones,GB1,1,0,0,0,50
2594781_64399,2594781,64399,3709,940,2016-04-10,Vicente Guaita,ES1,0,0,0,0,90
2475548_42373,2475548,42373,1049,940,2015-05-17,Diego Alves,ES1,0,0,0,0,90
2475531_51474,2475531,51474,621,5358,2015-05-09,Mikel Rico,ES1,0,0,0,0,87
3592000_183288,3592000,183288,985,985,2021-08-29,Luke Shaw,GB1,0,0,0,0,90
3208709_162074,3208709,162074,16795,714,2019-10-05,Álvaro Vadillo,ES1,0,0,0,0,39
3429765_378710,3429765,378710,29,148,2021-03-13,Richarlison,GB1,0,0,0,0,90
3886604_412363,3886604,412363,418,418,2023-04-02,Rodrygo,ES1,0,0,1,2,82
2475414_72189,2475414,72189,897,897,2015-02-21,Álex Bergantiños,ES1,0,0,0,0,90
3421724_46220,3421724,46220,399,399,2020-10-23,Pablo Hernández,GB1,0,0,0,0,11
2872118_47995,2872118,47995,873,1110,2017-08-12,Jason Puncheon,GB1,1,0,0,0,90
3208682_94308,3208682,94308,1533,714,2019-09-26,Marko Dmitrovic,ES1,0,0,0,0,90
3592228_392765,3592228,392765,11,931,2022-02-10,Emile Smith Rowe,GB1,0,0,0,0,22
4095258_74230,4095258,74230,543,543,2023-12-27,Pablo Sarabia,GB1,0,0,0,1,65
3429808_351755,3429808,351755,984,984,2021-04-22,Darnell Furlong,GB1,0,0,0,0,90
2698324_45330,2698324,45330,984,984,2017-04-01,Claudio Yacob,GB1,1,0,0,0,23
3210038_71548,3210038,71548,1533,1533,2020-06-17,Anaitz Arbilla,ES1,0,0,0,0,90
2718766_177065,2718766,177065,897,1237,2016-09-25,Florin Andone,ES1,0,0,0,0,60
3605202_646740,3605202,646740,131,131,2021-12-21,Gavi,ES1,1,0,0,0,90
2899861_7593,2899861,7593,897,897,2018-04-14,Fernando Navarro,ES1,0,0,0,0,13
3592232_148455,3592232,148455,31,31,2022-04-30,Mohamed Salah,GB1,0,0,0,0,21
2899931_56134,2899931,56134,714,1050,2017-08-27,Javi Fuego,ES1,0,0,0,0,90
3429748_92571,3429748,92571,379,379,2021-02-27,Aaron Cresswell,GB1,0,0,0,0,90
3079370_61812,3079370,61812,621,621,2018-09-15,Yuri Berchiche,ES1,1,0,0,0,90
3844555_256429,3844555,256429,2687,367,2023-06-04,Sergi Guardiola,ES1,0,0,0,0,53
2872252_48002,2872252,48002,379,379,2017-11-29,Angelo Ogbonna,GB1,0,0,0,0,90
3209958_300168,3209958,300168,621,621,2020-02-16,Mikel Vesga,ES1,0,0,0,0,90
3210017_73250,3210017,73250,1050,1050,2020-06-13,Mario Gaspar,ES1,0,0,0,0,90
3886295_449796,3886295,449796,367,331,2022-09-10,Alejandro Catena,ES1,0,0,0,0,90
3838213_123682,3838213,123682,762,379,2022-10-29,Callum Wilson,GB1,0,0,2,1,86
3886596_338425,3886596,338425,621,621,2023-03-17,Álex Berenguer,ES1,0,0,0,0,15
2594571_15983,2594571,15983,3709,3709,2015-11-07,Juan Rodríguez,ES1,0,0,0,0,90
3208621_227961,3208621,227961,3709,472,2019-08-18,Jaime Mata,ES1,0,0,0,0,80
2698215_4072,2698215,4072,512,1132,2016-12-27,Peter Crouch,GB1,0,0,0,0,84
2594747_28171,2594747,28171,1084,1084,2016-03-05,Chory Castro,ES1,0,0,0,0,45
2594720_27493,2594720,27493,2448,237,2016-02-20,Iván Cuéllar,ES1,0,0,0,0,90
4113161_369081,4113161,369081,418,418,2023-09-17,Federico Valverde,ES1,0,0,1,0,87
3429753_487465,3429753,487465,543,631,2021-03-06,Pedro Neto,GB1,0,0,0,0,90
3607553_448628,3607553,448628,940,331,2021-11-20,Javi Galán,ES1,0,0,0,0,90
3219066_342046,3219066,342046,985,1132,2019-10-06,Axel Tuanzebe,GB1,0,0,0,0,90
3429791_99331,3429791,99331,180,1003,2021-04-04,Jannik Vestergaard,GB1,0,0,0,0,90
4113047_560483,4113047,560483,367,367,2023-09-02,Randy Nteka,ES1,0,0,0,0,78
3451456_349836,3451456,349836,1531,1531,2021-05-11,Diego González,ES1,0,0,0,0,90
2698229_65477,2698229,65477,1010,1010,2016-12-14,Troy Deeney,GB1,0,0,0,0,18
3605043_63040,3605043,63040,331,331,2021-08-14,Oier Sanjurjo,ES1,0,0,0,0,27
3838711_730893,3838711,730893,873,873,2023-03-19,Tyrick Mitchell,GB1,0,0,0,0,90
3592296_121257,3592296,121257,399,399,2022-03-10,Adam Forshaw,GB1,0,0,0,0,67
2486706_77932,2486706,77932,2288,3709,2015-02-07,Jefferson Montero,GB1,0,0,0,0,45
2577948_47995,2577948,47995,873,1110,2015-08-29,Jason Puncheon,GB1,0,0,0,0,90
3050170_192279,3050170,192279,631,11,2018-08-11,Kepa Arrizabalaga,GB1,0,0,0,0,90
4087941_378710,4087941,378710,148,148,2023-08-19,Richarlison,GB1,0,0,0,0,70
4087969_214666,4087969,214666,1132,1132,2023-09-18,Connor Roberts,GB1,1,0,0,0,90
3605301_85295,3605301,85295,367,367,2021-10-02,Iván Balliu,ES1,1,0,0,0,90
3420847_363205,3420847,363205,281,11,2020-09-21,Gabriel Jesus,GB1,1,0,1,0,90
3050235_29692,3050235,29692,379,379,2018-09-29,Lukasz Fabianski,GB1,0,0,0,0,90
2899702_255501,2899702,255501,621,621,2017-12-16,Iñigo Lekue,ES1,1,0,0,0,90
3208668_127554,3208668,127554,366,366,2019-09-15,Nacho Martínez,ES1,0,0,0,0,90
4095171_262980,4095171,262980,873,873,2023-10-27,Jefferson Lerma,GB1,0,0,0,0,79
3219263_66100,3219263,66100,180,12321,2020-01-11,Oriol Romeu,GB1,0,0,0,0,1
3208823_298976,3208823,298976,3368,3709,2020-01-04,Borja Mayoral,ES1,0,0,0,0,45
3219288_31835,3219288,31835,379,379,2020-01-29,Mark Noble,GB1,1,0,0,0,90
3886287_517842,3886287,517842,681,681,2022-10-02,Aihen Muñoz,ES1,0,0,0,0,90
3209796_150948,3209796,150948,1244,1533,2020-02-02,Recio,ES1,1,0,0,0,90
3450981_411975,3450981,411975,368,131,2020-10-31,Jules Koundé,ES1,1,0,0,0,90
2577900_29692,2577900,29692,2288,379,2015-08-22,Lukasz Fabianski,GB1,0,0,0,0,90
3080836_221150,3080836,221150,3709,3709,2019-03-09,Dakonam Djené,ES1,0,0,0,0,90
2486817_3333,2486817,3333,281,1237,2015-05-03,James Milner,GB1,1,0,0,0,90
3050540_66100,3050540,66100,180,12321,2019-04-27,Oriol Romeu,GB1,1,0,0,0,45
3886519_480763,3886519,480763,1050,1050,2023-01-30,Juan Foyth,ES1,1,0,0,0,82
2698335_36939,2698335,36939,989,989,2017-02-25,Marc Pugh,GB1,0,0,0,0,79
2475341_52469,2475341,52469,621,621,2015-01-03,Mikel San José,ES1,0,0,0,0,90
3050269_199528,3050269,199528,603,603,2018-11-03,Josh Murphy,GB1,0,0,0,0,85
3050514_209781,3050514,209781,603,29,2019-04-13,Oumar Niasse,GB1,0,0,0,0,12
2899934_70934,2899934,70934,368,940,2017-08-27,Nolito,ES1,0,0,0,0,90
2899789_27924,2899789,27924,1050,1050,2018-02-25,Antonio Rukavina,ES1,0,0,0,0,90
2718788_203043,2718788,203043,472,1531,2016-10-23,Pedro Bigas,ES1,0,0,0,0,90
4095166_381963,4095166,381963,1132,1132,2023-10-28,Mike Tresor,GB1,0,0,0,0,9
3886525_371998,3886525,371998,418,418,2023-02-05,Vinicius Junior,ES1,1,0,0,0,90
3837844_340324,3837844,340324,11,873,2022-08-27,Eddie Nketiah,GB1,0,0,0,0,29
2899591_39381,2899591,39381,418,418,2017-09-20,Gareth Bale,ES1,0,0,0,0,90
4095257_335721,4095257,335721,11,11,2023-12-28,Ben White,GB1,0,0,0,0,90
3591957_262226,3591957,262226,1003,931,2021-11-07,Timothy Castagne,GB1,0,0,0,0,90
3838204_469781,3838204,469781,989,989,2022-10-29,Marcos Senesi,GB1,0,0,0,0,90
3429783_319745,3429783,319745,11,418,2021-04-03,Dani Ceballos,GB1,0,0,0,0,58
2486683_40433,2486683,40433,11,368,2015-01-18,Alexis Sánchez,GB1,0,0,0,0,84
3210087_227961,3210087,227961,3709,472,2020-06-29,Jaime Mata,ES1,1,0,2,0,90
3607559_380598,3607559,380598,367,1050,2021-11-22,Santi Comesaña,ES1,0,0,0,1,73
3838791_413403,3838791,413403,405,405,2023-01-13,Ezri Konsa,GB1,0,0,0,0,90
2486689_33713,2486689,33713,11,180,2015-02-01,Theo Walcott,GB1,0,0,1,0,70
3219128_314353,3219128,314353,31,418,2020-03-07,Trent Alexander-Arnold,GB1,0,0,0,0,90
2719060_7767,2719060,7767,13,13,2017-05-06,Fernando Torres,ES1,1,0,0,0,45
2872383_5658,2872383,5658,11,11,2018-02-10,Petr Cech,GB1,0,0,0,0,90
4113119_502676,4113119,502676,1049,31,2023-10-29,Giorgi Mamardashvili,ES1,0,0,0,0,90
3611459_517894,3611459,517894,13,985,2022-04-20,Matheus Cunha,ES1,0,0,0,0,20
4113078_177847,4113078,177847,368,368,2023-11-26,Adnan Januzaj,ES1,0,0,0,0,17
3451176_158704,3451176,158704,2687,2687,2021-02-28,Jon Ander Garrido,ES1,0,0,0,0,70
4113118_229804,4113118,229804,681,681,2023-11-04,Aritz Elustondo,ES1,0,0,0,0,27
3886583_513031,3886583,513031,237,237,2023-03-12,Antonio Sánchez,ES1,0,0,0,0,8
3080781_298976,3080781,298976,3368,3709,2019-01-26,Borja Mayoral,ES1,0,0,0,0,90
2475445_230784,2475445,230784,3302,1050,2015-03-15,Thomas Partey,ES1,0,0,0,0,90
2577990_63494,2577990,63494,1010,1050,2015-10-17,Étienne Capoue,GB1,0,0,0,0,90
3837818_413039,3837818,413039,1148,985,2022-08-07,Bryan Mbeumo,GB1,0,0,0,0,90
4112969_490421,4112969,490421,2687,2687,2023-10-01,Momo Mbaye,ES1,0,0,0,0,55
2594637_185593,2594637,185593,16795,16795,2015-12-30,Nicolás López,ES1,0,0,0,0,45
3592174_148367,3592174,148367,1148,11,2022-04-10,Christian Nørgaard,GB1,0,0,0,0,90
4087944_183293,4087944,183293,989,989,2023-08-26,Joe Rothwell,GB1,0,0,0,0,45
2594481_120705,2594481,120705,367,12321,2015-08-29,Juan Carlos,ES1,0,0,0,0,80
3208815_189453,3208815,189453,1244,3709,2019-12-22,Jonathan Silva,ES1,0,0,0,0,90
3886529_192009,3886529,192009,367,367,2023-02-06,Unai López,ES1,0,0,0,0,18
3429809_195633,3429809,195633,1132,180,2021-04-18,Charlie Taylor,GB1,0,0,0,0,90
2577949_186590,2577949,186590,29,281,2015-08-29,John Stones,GB1,0,0,0,0,90
3208632_193784,3208632,193784,3368,1531,2020-07-19,Carlos Clerc,ES1,0,0,0,0,23
3421776_309400,3421776,309400,631,11,2020-12-05,Kai Havertz,GB1,0,0,0,0,67
3886685_341278,3886685,341278,12321,12321,2023-05-20,Iván Martín,ES1,0,0,0,0,90
3219233_88590,3219233,88590,11,3368,2020-02-02,Shkodran Mustafi,GB1,0,0,0,0,90
4112870_346289,4112870,346289,1049,1049,2023-12-19,Mouctar Diakhaby,ES1,1,0,0,0,90
3219240_392775,3219240,392775,148,931,2020-01-22,Ryan Sessegnon,GB1,0,0,0,0,90
3858325_88490,3858325,88490,714,714,2022-09-18,Aleix Vidal,ES1,0,0,0,0,15
2578131_19059,2578131,19059,1010,1010,2016-02-03,Heurelho Gomes,GB1,0,0,0,0,90
3605328_58330,3605328,58330,16795,16795,2021-10-22,Víctor Díaz,ES1,0,0,0,0,90
3886662_480267,3886662,480267,131,131,2023-05-02,Ronald Araujo,ES1,0,0,0,0,90
2698216_121257,2698216,121257,641,399,2017-01-02,Adam Forshaw,GB1,0,0,0,0,89
3886610_341278,3886610,341278,12321,12321,2023-04-10,Iván Martín,ES1,0,0,0,0,85
2697990_3547,2697990,3547,984,512,2016-08-13,Darren Fletcher,GB1,0,0,0,0,90
3431934_158704,3431934,158704,2687,2687,2020-10-01,Jon Ander Garrido,ES1,0,0,0,0,2
3610570_411975,3610570,411975,368,131,2022-04-03,Jules Koundé,ES1,0,0,0,0,90
3219233_433177,3219233,433177,11,11,2020-02-02,Bukayo Saka,GB1,0,0,0,0,45
2578181_50202,2578181,50202,631,418,2016-05-11,Eden Hazard,GB1,0,0,1,0,90
3605312_56067,3605312,56067,1531,1531,2021-10-17,Pablo Piatti,ES1,0,0,0,0,65
3219109_37304,3219109,37304,180,180,2020-07-09,Shane Long,GB1,0,0,0,0,20
3079382_156808,3079382,156808,1244,1244,2018-09-22,Unai Bustinza,ES1,0,0,0,0,90
3592021_230784,3592021,230784,11,1050,2021-09-11,Thomas Partey,GB1,1,0,0,0,28
3209794_401624,3209794,401624,150,3302,2020-02-02,Edgar González,ES1,1,0,0,0,82
2899642_87469,2899642,87469,1533,331,2017-10-22,Cote,ES1,0,0,0,0,90
2718755_19979,2718755,19979,897,897,2016-09-22,Germán Lux,ES1,0,0,0,0,90
3838683_257455,3838683,257455,931,148,2023-04-15,João Palhinha,GB1,0,0,0,0,90
2872224_48002,2872224,48002,379,379,2017-11-04,Angelo Ogbonna,GB1,0,0,0,0,90
2718973_133794,2718973,133794,1108,1108,2017-03-11,Edgar Méndez,ES1,0,0,1,0,29
2899560_177467,2899560,177467,714,1050,2017-08-19,Gerard Moreno,ES1,0,0,0,0,90
3838758_823231,3838758,823231,989,1148,2023-02-18,Dango Ouattara,GB1,0,0,0,0,58
2577994_121477,2577994,121477,984,543,2015-10-03,Craig Dawson,GB1,0,0,0,0,90
3421839_61560,3421839,61560,1003,1003,2021-01-03,Marc Albrighton,GB1,0,0,0,1,90
3219080_241641,3219080,241641,281,281,2019-09-14,Bernardo Silva,GB1,1,0,0,1,73
2698417_108390,2698417,108390,631,418,2017-02-04,Thibaut Courtois,GB1,0,0,0,0,90
2475341_7881,2475341,7881,897,897,2015-01-03,Alberto Lopo,ES1,0,0,0,0,90
3451084_378293,3451084,378293,16795,681,2021-01-09,Yangel Herrera,ES1,0,0,0,0,67
3079426_167721,3079426,167721,5358,150,2018-10-21,Chimy Ávila,ES1,1,0,0,0,90
3611439_278296,3611439,278296,237,237,2022-04-09,Antonio Raíllo,ES1,0,0,0,0,90
3421696_479999,3421696,479999,873,11,2020-09-26,Eberechi Eze,GB1,0,0,0,0,75
3209802_506248,3209802,506248,1533,714,2020-02-07,Edu Expósito,ES1,0,0,0,0,90
3081105_401922,3081105,401922,1050,931,2019-05-05,Samuel Chukwueze,ES1,0,0,0,0,90
2872256_33544,2872256,33544,985,985,2017-12-02,Antonio Valencia,GB1,0,0,1,0,90
3420839_52495,3420839,52495,350,350,2020-09-21,Chris Basham,GB1,0,0,0,0,68
3080865_170472,3080865,170472,3709,1049,2019-04-02,Dimitri Foulquier,ES1,0,0,0,0,67
2594750_246277,2594750,246277,714,1108,2016-03-07,Burgui,ES1,0,0,0,0,62
2698171_167268,2698171,167268,289,3008,2016-10-22,Paddy McNair,GB1,0,0,0,0,10
2872377_249089,2872377,249089,989,989,2018-02-11,Lewis Cook,GB1,0,0,0,0,90
2594627_45775,2594627,45775,472,472,2015-12-19,Nauzet Alemán,ES1,0,0,0,0,65
2899885_372246,2899885,372246,1049,681,2018-04-29,Carlos Soler,ES1,0,0,0,0,81
2872192_85475,2872192,85475,2288,762,2017-10-14,Federico Fernández,GB1,0,0,0,0,90
2718766_57876,2718766,57876,897,897,2016-09-25,Laure,ES1,0,0,0,0,90
2594531_7717,2594531,7717,368,714,2015-10-03,José Antonio Reyes,ES1,0,0,0,0,21
3080874_229804,3080874,229804,681,681,2019-04-07,Aritz Elustondo,ES1,0,0,0,0,90
3886288_15956,3886288,15956,368,368,2022-10-01,Jesús Navas,ES1,0,0,0,0,45
3591975_95424,3591975,95424,281,1132,2021-10-30,Kyle Walker,GB1,0,0,0,0,90
2698390_43003,2698390,43003,11,681,2017-01-31,Nacho Monreal,GB1,1,0,0,0,90
3421793_341051,3421793,341051,180,379,2020-12-16,Kyle Walker-Peters,GB1,0,0,0,0,90
3219225_74960,3219225,74960,762,1132,2020-02-16,Martin Dúbravka,GB1,0,0,0,0,90
2578101_61644,2578101,61644,762,703,2016-01-16,Jack Colback,GB1,0,0,0,0,90
3208699_213260,3208699,213260,331,331,2019-09-29,Rubén García,ES1,0,0,1,0,83
3838668_735570,3838668,735570,543,543,2023-04-22,João Gomes,GB1,0,0,0,0,90
3429850_466794,3429850,466794,281,131,2021-05-14,Eric García,GB1,0,0,0,0,90
2594475_15983,2594475,15983,3709,3709,2015-08-22,Juan Rodríguez,ES1,0,0,0,0,67
2899887_63290,2899887,63290,714,714,2018-04-01,Víctor Sánchez,ES1,1,0,0,0,68
2594830_230784,2594830,230784,13,1050,2016-04-30,Thomas Partey,ES1,0,0,0,0,90
3050315_378710,3050315,378710,29,148,2018-12-05,Richarlison,GB1,0,0,1,0,90
3081113_76746,3081113,76746,3709,3709,2019-05-12,Damián Suárez,ES1,0,0,0,0,90
3050343_47995,3050343,47995,873,1110,2018-12-22,Jason Puncheon,GB1,0,0,0,0,1
3837841_95424,3837841,95424,281,1132,2022-08-21,Kyle Walker,GB1,0,0,0,0,90
3591999_283628,3591999,283628,379,379,2021-08-28,Tomáš Souček,GB1,0,0,0,0,90
3838197_398065,3838197,398065,1003,762,2022-10-23,Harvey Barnes,GB1,0,0,1,0,79
3886691_284884,3886691,284884,940,1244,2023-05-23,Óscar Rodríguez,ES1,0,0,0,0,90
3209997_346289,3209997,346289,1049,1049,2020-03-06,Mouctar Diakhaby,ES1,1,0,0,0,90
3429687_357565,3429687,357565,281,281,2021-01-26,Rodri,GB1,0,0,0,0,90
3591987_99331,3591987,99331,1003,1003,2021-09-25,Jannik Vestergaard,GB1,1,0,0,0,90
3592176_217115,3592176,217115,1237,368,2022-03-12,Neal Maupay,GB1,1,0,0,0,90
3886518_375382,3886518,375382,1049,1049,2023-01-29,André Almeida,ES1,1,0,0,0,90
2698203_67355,2698203,67355,29,29,2016-12-13,Ashley Williams,GB1,0,0,1,0,90
2899681_87469,2899681,87469,1533,331,2017-12-03,Cote,ES1,0,0,0,0,39
3079526_248330,3079526,248330,3368,3709,2019-01-13,Chema Rodríguez,ES1,0,0,0,0,45
2899674_192279,2899674,192279,621,11,2017-11-19,Kepa Arrizabalaga,ES1,0,0,0,0,90
3886633_683840,3886633,683840,131,131,2023-04-23,Pedri,ES1,0,0,0,0,29
2718879_54245,2718879,54245,621,621,2017-01-14,Markel Susaeta,ES1,0,0,0,0,33
2872167_102258,2872167,102258,1132,1132,2017-09-23,Matthew Lowton,GB1,0,0,0,0,90
3080813_263727,3080813,263727,1533,368,2019-02-23,Joan Jordán,ES1,0,0,0,0,90
3838702_503680,3838702,503680,703,703,2023-04-01,Neco Williams,GB1,0,0,0,0,90
3208652_448344,3208652,448344,714,16795,2019-09-01,Óscar Melendo,ES1,0,0,0,0,90
3607606_177847,3607606,177847,681,368,2021-12-18,Adnan Januzaj,ES1,0,0,0,0,52
2475425_18006,2475425,18006,940,897,2015-03-02,Michael Krohn-Dehli,ES1,1,0,1,0,90
3050192_19368,3050192,19368,148,148,2018-08-27,Mousa Dembélé,GB1,0,0,0,0,90
2577858_67416,2577858,67416,2288,405,2015-08-08,Neil Taylor,GB1,0,0,0,0,90
3886578_235412,3886578,235412,366,142,2023-03-05,Jawad El Yamiq,ES1,0,0,0,0,90
2594614_40423,2594614,40423,131,150,2015-12-12,Claudio Bravo,ES1,0,0,0,0,90
3208660_35939,3208660,35939,1049,1049,2019-09-14,Ezequiel Garay,ES1,0,0,0,0,90
3837994_601883,3837994,601883,543,281,2023-03-01,Matheus Nunes,GB1,0,0,0,0,64
3607524_263727,3607524,263727,368,368,2021-10-27,Joan Jordán,ES1,0,0,0,0,82
2718851_73250,2718851,73250,1050,1050,2016-12-12,Mario Gaspar,ES1,0,0,0,0,90
2899709_188854,2899709,188854,1050,1050,2017-12-17,Manu Trigueros,ES1,1,0,0,0,90
2698410_3878,2698410,3878,985,985,2017-05-07,Michael Carrick,GB1,0,0,0,0,90
3050370_50202,3050370,50202,631,418,2019-01-12,Eden Hazard,GB1,0,0,0,1,87
3838625_72476,3838625,72476,931,931,2023-05-08,Bernd Leno,GB1,0,0,0,0,90
2872322_66934,2872322,66934,379,703,2018-01-04,Cheikhou Kouyaté,GB1,0,0,0,0,90
2698310_42413,2698310,42413,289,289,2017-03-18,Darron Gibson,GB1,1,0,0,0,74
2698221_10003,2698221,10003,1003,1003,2016-12-10,Wes Morgan,GB1,0,0,0,0,90
3210113_571020,3210113,571020,621,621,2020-07-09,Oihan Sancet,ES1,0,0,0,0,45
2594629_262980,2594629,262980,3368,873,2015-12-20,Jefferson Lerma,ES1,1,0,0,0,90
3610279_399776,3610279,399776,1050,405,2022-01-16,Pau Torres,ES1,0,0,0,0,90
3451020_67080,3451020,67080,1108,1108,2020-12-06,Víctor Laguardia,ES1,0,0,0,0,90
3451005_95963,3451005,95963,16795,16795,2020-11-22,Germán Sánchez,ES1,0,0,0,0,90
2698145_25248,2698145,25248,984,984,2016-10-22,Jonas Olsson,GB1,0,0,0,0,90
3838195_182904,3838195,182904,148,13,2022-10-23,Clément Lenglet,GB1,0,0,0,1,81
3605304_7663,3605304,7663,150,150,2021-10-18,Joaquín,ES1,0,0,0,1,26
2475487_55866,2475487,55866,3302,3302,2015-04-11,Sebastián Dubarbier,ES1,0,0,0,1,90
3081087_140436,3081087,140436,714,714,2019-04-24,Lei Wu,ES1,0,0,1,0,90
2578017_77760,2578017,77760,180,148,2015-11-01,Victor Wanyama,GB1,2,0,0,0,78
2718780_164816,2718780,164816,331,331,2016-10-17,Javi Álamo,ES1,0,0,0,0,8
3844092_212862,3844092,212862,681,681,2022-08-14,Álex Remiro,ES1,0,0,0,0,90
3219425_123682,3219425,123682,989,379,2019-08-31,Callum Wilson,GB1,1,0,1,0,90
2486838_3291,2486838,3291,29,984,2015-05-16,Gareth Barry,GB1,1,0,0,0,90
2486759_50362,2486759,50362,405,29,2015-03-21,Fabian Delph,GB1,0,0,0,0,90
2718759_57693,2718759,57693,331,331,2016-09-25,Mario Fernández,ES1,1,0,0,0,45
2899927_249513,2899927,249513,1244,3709,2018-05-19,Diego Rico,ES1,2,0,0,0,24
3607612_442805,3607612,442805,237,3302,2022-01-02,Iddrisu Baba,ES1,0,0,0,0,61
2486810_21725,2486810,21725,631,13,2015-05-03,Filipe Luís,GB1,0,0,0,0,1
3210112_139895,3210112,139895,1108,1108,2020-07-04,Tomás Pina,ES1,1,0,0,0,89
3886519_596122,3886519,596122,367,367,2023-01-30,Pep Chavarría,ES1,0,0,0,0,27
2475377_29124,2475377,29124,621,621,2015-01-25,Aritz Aduriz,ES1,0,0,0,0,90
2872360_241641,2872360,241641,281,281,2018-01-31,Bernardo Silva,GB1,0,0,0,0,90
3592285_520624,3592285,520624,762,762,2022-02-26,Bruno Guimarães,GB1,0,0,0,0,26
4112866_390688,4112866,390688,3709,3709,2023-12-19,Juan Iglesias,ES1,0,0,0,0,45
3219153_262980,3219153,262980,989,873,2020-06-20,Jefferson Lerma,GB1,0,0,0,0,90
3420824_398065,3420824,398065,1003,762,2020-09-13,Harvey Barnes,GB1,0,0,0,0,90
3838025_199527,3838025,199527,762,762,2022-10-08,Jacob Murphy,GB1,0,0,1,0,66
2718821_56067,2718821,56067,714,1531,2016-11-20,Pablo Piatti,ES1,0,0,0,1,90
2475527_89313,2475527,89313,1533,897,2015-05-03,Eneko Bóveda,ES1,0,0,0,0,90
4095259_537382,4095259,537382,148,12321,2023-12-28,Bryan Gil,GB1,0,0,0,0,25
3605329_162056,3605329,162056,3368,3302,2021-10-24,Gonzalo Melero,ES1,0,0,1,0,90
2578214_10375,2578214,10375,989,989,2016-04-09,Shaun MacDonald,GB1,0,0,0,0,3
3886685_548111,3886685,548111,1050,13,2023-05-20,Álex Baena,ES1,0,0,0,0,90
3421784_41416,3421784,41416,873,873,2020-12-13,James McArthur,GB1,0,0,0,0,90
3838671_241641,3838671,241641,281,281,2023-05-24,Bernardo Silva,GB1,1,0,0,0,84
2718886_138927,2718886,138927,418,418,2017-01-15,Daniel Carvajal,ES1,0,0,0,1,90
2698431_67355,2698431,67355,29,29,2017-02-04,Ashley Williams,GB1,0,0,0,0,90
2718772_51474,2718772,51474,621,5358,2016-10-02,Mikel Rico,ES1,0,0,0,0,15
2718858_61546,2718858,61546,940,331,2016-12-19,Facundo Roncaglia,ES1,2,0,0,0,80
3208695_266795,3208695,266795,1533,2687,2019-09-29,Gonzalo Escalante,ES1,0,0,0,0,90
3079518_229804,3079518,229804,681,681,2019-01-06,Aritz Elustondo,ES1,0,0,0,0,69
2698378_9988,2698378,9988,3008,3008,2017-04-29,Michael Dawson,GB1,0,0,0,0,1
3219219_324882,3219219,324882,405,1031,2020-02-16,Marvelous Nakamba,GB1,1,0,0,0,30
3219085_148368,3219085,148368,31,703,2019-08-31,Divock Origi,GB1,0,0,0,0,5
3886550_457931,3886550,457931,150,367,2023-02-18,Luiz Felipe,ES1,0,0,0,0,90
3611480_404839,3611480,404839,418,418,2022-05-08,Andriy Lunin,ES1,0,0,0,0,90
3605065_127108,3605065,127108,1108,367,2021-08-27,Florian Lejeune,ES1,1,0,0,0,90
3886513_61812,3886513,61812,621,621,2023-01-29,Yuri Berchiche,ES1,0,0,0,0,90
3838279_246968,3838279,246968,1003,1050,2023-01-03,Ayoze Pérez,GB1,0,0,0,0,90
3605206_257376,3605206,257376,16795,3709,2021-09-20,Domingos Duarte,ES1,0,0,1,0,90
2486718_4205,2486718,4205,1039,1039,2015-02-10,Bobby Zamora,GB1,1,0,1,0,90
2698006_36827,2698006,36827,631,984,2016-08-27,Branislav Ivanovic,GB1,1,0,0,0,90
3451176_252667,3451176,252667,2687,2687,2021-02-28,Fali,ES1,0,0,0,0,79
3886706_343463,3886706,343463,366,180,2023-05-28,Cyle Larin,ES1,0,0,0,0,90
2594504_21725,2594504,21725,13,13,2015-09-19,Filipe Luís,ES1,0,0,0,0,90
2899737_135343,2899737,135343,897,762,2018-01-21,Fabian Schär,ES1,0,0,0,0,90
3886601_246968,3886601,246968,150,1050,2023-04-02,Ayoze Pérez,ES1,1,0,0,0,69
3886453_380598,3886453,380598,367,1050,2022-11-10,Santi Comesaña,ES1,1,0,0,0,70
3592309_181579,3592309,181579,180,1132,2022-03-10,James Ward-Prowse,GB1,0,0,0,0,90
3421711_181579,3421711,181579,180,1132,2020-10-04,James Ward-Prowse,GB1,0,0,0,0,90
3050382_258923,3050382,258923,985,131,2019-01-19,Marcus Rashford,GB1,1,0,1,0,90
2698177_61651,2698177,61651,31,1148,2016-11-26,Jordan Henderson,GB1,0,0,0,1,90
2698347_17396,2698347,17396,873,3709,2017-04-10,Mathieu Flamini,GB1,0,0,0,0,8
3592276_29692,3592276,29692,379,379,2022-05-01,Lukasz Fabianski,GB1,0,0,0,0,90
2578043_28336,2578043,28336,873,873,2015-11-28,Mile Jedinak,GB1,0,0,0,0,23
3886526_785353,3886526,785353,331,1108,2023-02-04,Pablo Ibáñez,ES1,0,0,0,0,22
3610361_203496,3610361,203496,150,150,2022-02-20,Nabil Fekir,ES1,0,0,0,0,90
3219373_73484,3219373,73484,1010,1010,2019-10-26,Tom Cleverley,GB1,0,0,0,0,10
3429762_183334,3429762,183334,399,399,2021-03-08,Patrick Bamford,GB1,0,0,0,0,90
3886453_358250,3886453,358250,940,940,2022-11-10,Joseph Aidoo,ES1,0,0,0,0,90
3886580_524000,3886580,524000,621,621,2023-03-12,Dani Vivian,ES1,0,0,0,0,90
3080767_380598,3080767,380598,367,1050,2019-01-20,Santi Comesaña,ES1,0,0,1,0,90
4113047_127108,4113047,127108,367,367,2023-09-02,Florian Lejeune,ES1,0,0,0,0,90
2475358_175446,2475358,175446,940,1108,2015-01-10,Jonny Otto,ES1,1,0,0,0,90
4113068_461617,4113068,461617,13,150,2023-09-28,Rodrigo Riquelme,ES1,0,0,1,0,23
2594698_35773,2594698,35773,681,681,2016-02-08,Carlos Vela,ES1,0,0,1,1,90
3838014_403151,3838014,403151,1237,631,2022-10-01,Robert Sánchez,GB1,0,0,0,0,90
2594479_64598,2594479,64598,2448,12321,2015-08-23,Bernardo Espinosa,ES1,0,0,0,0,90
4095171_354362,4095171,354362,148,148,2023-10-27,Rodrigo Bentancur,GB1,0,0,0,0,1
2578279_62688,2578279,62688,873,873,2016-04-17,Scott Dann,GB1,1,0,0,0,90
4113128_552425,4113128,552425,331,331,2023-10-29,Jon Moncayola,ES1,0,0,0,0,45
3219352_67416,3219352,67416,405,405,2019-11-10,Neil Taylor,GB1,0,0,0,0,45
4095142_397033,4095142,397033,762,762,2023-09-30,Sandro Tonali,GB1,0,0,0,0,22
2899646_74230,2899646,74230,368,543,2017-10-21,Pablo Sarabia,ES1,0,0,0,0,22
3210108_229804,3210108,229804,681,681,2020-07-06,Aritz Elustondo,ES1,1,0,0,0,90
3838279_206746,3838279,206746,931,931,2023-01-03,Kenny Tete,GB1,1,0,0,0,90
3886527_907813,3886527,907813,681,681,2023-02-05,Pablo Marín,ES1,0,0,0,0,84
3080762_150948,3080762,150948,1244,1533,2019-01-20,Recio,ES1,0,0,0,0,90
2718771_351478,2718771,351478,681,681,2016-09-30,Mikel Oyarzabal,ES1,0,0,0,1,90
2594641_246291,2594641,246291,367,150,2016-01-03,Diego Llorente,ES1,1,0,1,0,90
3210037_401624,3210037,401624,150,3302,2020-06-15,Edgar González,ES1,1,0,0,0,71
4113130_451801,4113130,451801,367,367,2023-12-02,Abdul Mumin,ES1,0,0,0,0,90
2486839_27614,2486839,27614,984,984,2015-05-24,James Morrison,GB1,0,0,0,0,90
3605328_167721,3605328,167721,331,150,2021-10-22,Chimy Ávila,ES1,0,0,1,0,67
3838623_463603,3838623,463603,631,631,2023-05-06,Benoît Badiashile,GB1,1,0,1,0,90
2899733_72047,2899733,72047,940,940,2018-01-21,Iago Aspas,ES1,0,0,1,0,90
3592172_242631,3592172,242631,29,931,2022-05-15,Alex Iwobi,GB1,0,0,0,0,90
3611464_102423,3611464,102423,714,714,2022-04-21,Leandro Cabrera,ES1,1,0,0,0,90
2475368_221322,2475368,221322,1049,1049,2015-01-17,José Gayà,ES1,0,0,0,1,90
3605044_74294,3605044,74294,368,368,2021-08-15,Nemanja Gudelj,ES1,0,0,0,0,1
2594668_221899,2594668,221899,1050,3302,2016-01-16,Léo Baptistão,ES1,0,0,0,0,22
3592296_253677,3592296,253677,405,405,2022-03-10,Tyrone Mings,GB1,1,0,0,1,90
3611454_93935,3611454,93935,16795,366,2022-04-17,Sergio Escudero,ES1,0,0,0,0,90
2718744_255488,2718744,255488,621,621,2016-09-18,Yeray Álvarez,ES1,0,0,0,0,20
3451423_44069,3451423,44069,5358,5358,2021-04-18,Pedro Mosquera,ES1,0,0,0,0,77
2899869_18944,2899869,18944,131,131,2018-05-06,Gerard Piqué,ES1,0,0,0,0,90
3081089_59323,3081089,59323,12321,12321,2019-04-23,Cristhian Stuani,ES1,1,0,0,0,90
2594538_57876,2594538,57876,897,897,2015-10-03,Laure,ES1,0,0,0,0,90
3592039_288255,3592039,288255,985,12321,2021-11-20,Donny van de Beek,GB1,0,0,1,0,45
3607604_328480,3607604,328480,3368,1049,2021-12-20,Pepelu,ES1,1,0,0,0,56
3886678_288318,3886678,288318,3302,367,2023-05-13,Adrián Embarba,ES1,0,0,0,0,68
3886387_429983,3886387,429983,940,873,2022-10-29,Jørgen Strand Larsen,ES1,0,0,0,0,45
3844595_640428,3844595,640428,418,418,2022-08-20,Eduardo Camavinga,ES1,0,0,0,0,83
3219391_26267,3219391,26267,281,281,2019-10-19,Fernandinho,GB1,0,0,0,0,90
3886530_30321,3886530,30321,367,367,2023-02-12,Óscar Trejo,ES1,0,0,0,0,68
2899836_25319,2899836,25319,472,472,2018-03-17,Momo,ES1,1,0,0,0,90
4113049_59323,4113049,59323,12321,12321,2023-09-03,Cristhian Stuani,ES1,0,0,0,0,61
3080839_27374,3080839,27374,150,150,2019-03-10,Sidnei,ES1,0,0,0,0,90
4113122_411975,4113122,411975,131,131,2023-09-23,Jules Koundé,ES1,0,0,0,0,90
2594537_126716,2594537,126716,1049,1050,2015-10-04,Paco Alcácer,ES1,0,0,0,0,25
2899636_197135,2899636,197135,1244,2687,2017-10-22,Joseba Zaldua,ES1,0,0,0,0,90
3838772_319859,3838772,319859,1148,1148,2023-02-04,Mathias Jensen,GB1,0,0,1,0,82
4112808_710677,4112808,710677,331,331,2023-08-13,Iker Muñoz,ES1,0,0,0,0,1
3219370_144028,3219370,144028,1237,11,2019-11-02,Leandro Trossard,GB1,0,0,1,1,31
2872164_121477,2872164,121477,984,543,2017-09-16,Craig Dawson,GB1,0,0,0,0,90
3451165_70934,3451165,70934,940,940,2021-02-20,Nolito,ES1,1,0,0,0,90
2578067_15956,2578067,15956,281,368,2015-12-05,Jesús Navas,GB1,0,0,0,0,28
2486827_27614,2486827,27614,984,984,2015-05-09,James Morrison,GB1,1,0,0,0,35
4113047_336869,4113047,336869,150,150,2023-09-02,Marc Roca,ES1,1,0,0,0,90
3050178_195633,3050178,195633,1132,180,2018-08-19,Charlie Taylor,GB1,0,0,0,0,16
2578261_108354,2578261,108354,405,1003,2016-05-07,Jordan Ayew,GB1,0,0,0,0,90
3219301_249356,3219301,249356,989,989,2019-12-21,Jack Stacey,GB1,0,0,0,0,90
3429792_578391,3429792,578391,543,281,2021-04-05,Rayan Aït-Nouri,GB1,0,0,0,0,90
2899659_50487,2899659,50487,1108,1108,2017-11-04,Christian Santos,ES1,1,0,1,0,82
4095068_120629,4095068,120629,379,379,2023-09-24,Alphonse Areola,GB1,0,0,0,0,90
2899746_255501,2899746,255501,621,621,2018-02-04,Iñigo Lekue,ES1,0,0,0,0,90
3886538_263727,3886538,263727,368,368,2023-02-11,Joan Jordán,ES1,1,0,0,0,8
2872388_40611,2872388,40611,180,1003,2018-02-24,Ryan Bertrand,GB1,0,0,0,0,90
2475361_44073,2475361,44073,1531,1084,2015-01-18,Adrián González,ES1,1,0,0,0,90
3050366_108354,3050366,108354,873,1003,2019-01-02,Jordan Ayew,GB1,0,0,1,0,88
3592304_108354,3592304,108354,873,1003,2022-01-01,Jordan Ayew,GB1,0,0,0,0,90
2578252_92571,2578252,92571,379,379,2016-05-15,Aaron Cresswell,GB1,0,0,0,0,90
3050349_95435,3050349,95435,873,873,2018-12-30,Connor Wickham,GB1,0,0,0,0,21
2899591_370691,2899591,370691,150,150,2017-09-20,Francis Guerrero,ES1,0,0,0,0,61
3050556_14086,3050556,14086,985,29,2019-05-05,Ashley Young,GB1,0,0,0,0,90
3838011_135343,3838011,135343,762,762,2022-10-01,Fabian Schär,GB1,0,0,0,0,83
2594597_263856,2594597,263856,3368,150,2015-11-27,Víctor Camarasa,ES1,0,0,0,0,90
3421846_95976,3421846,95976,180,180,2021-02-23,Alex McCarthy,GB1,0,0,0,0,90
3429684_192080,3429684,192080,1132,762,2021-01-27,Nick Pope,GB1,0,0,0,0,90
3210130_46413,3210130,46413,237,331,2020-07-12,Ante Budimir,ES1,1,0,0,0,90
3050517_70950,3050517,70950,762,762,2019-04-12,Mohamed Diamé,GB1,0,0,0,0,8
2698237_191217,2698237,191217,11,150,2016-12-18,Héctor Bellerín,GB1,0,0,0,0,90
4112872_298197,4112872,298197,1108,1108,2023-12-21,Antonio Sivera,ES1,0,0,0,0,90
3208633_76273,3208633,76273,1108,1108,2020-07-19,Manu García,ES1,0,0,0,0,59
3451025_453704,3451025,453704,5358,368,2020-12-06,Álvaro Fernández,ES1,0,0,0,0,90
3583526_33713,3583526,33713,180,180,2021-08-22,Theo Walcott,GB1,0,0,0,0,45
2719010_45383,2719010,45383,1050,331,2017-04-07,Adrián López,ES1,0,0,1,0,53
3219220_86202,3219220,86202,631,418,2020-02-01,Antonio Rüdiger,GB1,0,0,2,0,90
3592279_206040,3592279,206040,543,931,2022-03-10,Raúl Jiménez,GB1,0,0,1,0,71
2698298_122223,2698298,122223,3008,2288,2017-02-04,Sam Clucas,GB1,0,0,0,0,90
2872441_14086,2872441,14086,985,29,2018-04-07,Ashley Young,GB1,0,0,0,0,90
3208786_95641,3208786,95641,331,1244,2019-12-01,Darko Brasanac,ES1,0,0,0,0,90
3592214_41416,3592214,41416,873,873,2022-05-22,James McArthur,GB1,0,0,0,0,7
2719050_127108,2719050,127108,1533,367,2017-04-30,Florian Lejeune,ES1,0,0,0,0,90
4113159_237499,4113159,237499,1108,1108,2023-09-22,Aleksandar Sedlar,ES1,0,0,0,0,90
3610434_290249,3610434,290249,3709,3709,2022-03-12,Mauro Arambarri,ES1,0,0,0,0,60
3219113_410225,3219113,410225,1010,873,2020-03-07,Ismaïla Sarr,GB1,0,0,0,0,90
2578012_2998,2578012,2998,1003,1003,2015-10-31,Robert Huth,GB1,1,0,0,0,90
2594678_30584,2594678,30584,150,150,2016-01-24,Juan Manuel Vargas,ES1,1,0,0,0,90
2475498_44514,2475498,44514,1533,1533,2015-04-19,Federico Piovaccari,ES1,0,0,0,0,45
3838206_262749,3838206,262749,1148,11,2022-10-29,David Raya,GB1,0,0,0,0,90
3838718_429014,3838718,429014,703,703,2023-03-17,Morgan Gibbs-White,GB1,1,0,0,0,90
3451387_238868,3451387,238868,1050,331,2021-04-03,Rubén Peña,ES1,0,0,0,0,63
3838025_262749,3838025,262749,1148,11,2022-10-08,David Raya,GB1,0,0,0,0,90
3431909_131667,3431909,131667,16795,16795,2020-09-12,Ramon Azeez,ES1,0,0,0,0,10
2899726_16306,2899726,16306,418,985,2018-01-07,Casemiro,ES1,1,0,0,0,90
3050398_95976,3050398,95976,180,180,2019-02-02,Alex McCarthy,GB1,0,0,0,0,90
2594540_127554,2594540,127554,367,366,2015-10-04,Nacho Martínez,ES1,0,0,0,0,64
2578130_39679,2578130,39679,985,985,2016-02-07,Marouane Fellaini,GB1,0,0,0,0,79
3592102_321247,3592102,321247,405,405,2022-02-19,Emiliano Buendía,GB1,0,0,0,0,71
2594662_154059,2594662,154059,1084,1533,2016-01-16,Charles,ES1,0,0,1,0,90
3607624_640428,3607624,640428,418,418,2022-01-08,Eduardo Camavinga,ES1,0,0,0,0,19
3610376_248738,3610376,248738,331,331,2022-02-27,Sergio Herrera,ES1,0,0,0,0,90
3838696_260841,3838696,260841,1003,1003,2023-04-08,Daniel Iversen,GB1,0,0,0,0,90
2698246_27614,2698246,27614,984,984,2017-01-31,James Morrison,GB1,0,0,1,0,90
2698163_6636,2698163,6636,1003,1003,2016-11-26,Christian Fuchs,GB1,1,0,0,0,90
2899818_208890,2899818,208890,1084,3368,2018-03-10,Samu García,ES1,0,1,0,0,30
3451472_411975,3451472,411975,368,131,2021-05-16,Jules Koundé,ES1,0,0,0,0,90
3219086_234803,3219086,234803,31,31,2019-08-24,Andrew Robertson,GB1,0,0,0,0,90
2899924_138803,2899924,138803,3709,3302,2018-05-19,Francisco Portillo,ES1,0,0,0,0,68
2899812_238868,2899812,238868,1533,331,2018-03-03,Rubén Peña,ES1,1,0,0,0,90
2578197_107427,2578197,107427,1010,1010,2016-04-02,Ikechi Anya,GB1,0,0,0,0,49
3050525_90964,3050525,90964,603,603,2019-04-21,Joe Bennett,GB1,0,0,0,0,90
2475415_237617,2475415,237617,1531,472,2015-02-22,Cristian Herrera,ES1,0,0,0,0,9
3079437_27374,3079437,27374,150,150,2018-10-28,Sidnei,ES1,0,0,0,0,71
2698127_77544,2698127,77544,641,641,2016-10-16,George Friend,GB1,0,0,0,0,90
3450994_71918,3450994,71918,5358,5358,2020-11-07,David Ferreiro,ES1,0,0,0,0,83
3208805_358250,3208805,358250,940,940,2019-12-15,Joseph Aidoo,ES1,1,0,0,0,90
3450991_193098,3450991,193098,150,12321,2020-11-07,Álex Moreno,ES1,1,0,0,1,90
4113075_251876,4113075,251876,237,237,2023-11-25,Pablo Maffeo,ES1,0,0,0,0,8
4112813_517842,4112813,517842,681,681,2023-08-12,Aihen Muñoz,ES1,0,0,0,1,90
3592131_250478,3592131,250478,405,762,2021-12-01,Matt Targett,GB1,0,0,0,0,67
3420826_128969,3420826,128969,1237,3368,2020-09-14,Mathew Ryan,GB1,0,0,0,0,90
2486708_183288,2486708,183288,985,985,2015-02-08,Luke Shaw,GB1,2,0,0,0,90
3838020_148153,3838020,148153,1237,1237,2022-10-08,Lewis Dunk,GB1,0,0,0,0,90
3886565_246968,3886565,246968,150,1050,2023-02-24,Ayoze Pérez,ES1,0,0,0,1,85
3610576_249513,3610576,249513,681,3709,2022-04-04,Diego Rico,ES1,1,0,0,0,90
2594653_188854,2594653,188854,1050,1050,2016-01-10,Manu Trigueros,ES1,0,0,0,0,65
3210039_76746,3210039,76746,3709,3709,2020-06-16,Damián Suárez,ES1,0,0,0,0,90
3421813_331726,3421813,331726,631,405,2020-12-26,Tammy Abraham,GB1,0,0,1,0,90
2899660_93935,2899660,93935,368,366,2017-10-28,Sergio Escudero,ES1,0,0,0,0,90
3208623_125931,3208623,125931,3368,3368,2019-08-18,Toño García,ES1,0,0,0,0,90
4113085_34601,4113085,34601,621,621,2023-11-27,Raúl García,ES1,0,0,0,0,16
3838763_215118,3838763,215118,405,405,2023-02-12,Calum Chambers,GB1,0,0,0,0,90
3583484_406638,3583484,406638,148,1003,2021-08-15,Oliver Skipp,GB1,0,0,0,0,90
3605055_193784,3605055,193784,3368,1531,2021-08-22,Carlos Clerc,ES1,1,0,0,0,90
3451012_57935,3451012,57935,2687,2687,2020-11-28,Álvaro Giménez,ES1,0,0,1,0,90
2578128_45693,2578128,45693,989,1237,2016-01-23,Glenn Murray,GB1,0,0,0,0,1
3421783_53360,3421783,53360,1132,1132,2020-12-13,Jay Rodríguez,GB1,0,0,0,0,59
2486813_61651,2486813,61651,31,1148,2015-05-02,Jordan Henderson,GB1,0,0,0,0,90
3610347_56067,3610347,56067,1531,1531,2022-02-11,Pablo Piatti,ES1,0,0,0,0,16
2872173_19059,2872173,19059,1010,1010,2017-09-23,Heurelho Gomes,GB1,0,0,0,0,90
3886650_126737,3886650,126737,150,3709,2023-04-29,Juanmi,ES1,0,0,0,0,15
3219118_181579,3219118,181579,180,1132,2020-03-07,James Ward-Prowse,GB1,0,0,0,0,90
4112852_237617,4112852,237617,472,472,2023-12-17,Cristian Herrera,ES1,0,0,0,0,10
2594475_35539,2594475,35539,3709,1084,2015-08-22,Mehdi Lacen,ES1,0,0,0,0,90
2872123_76799,2872123,76799,1010,1010,2017-08-12,Miguel Britos,GB1,0,0,1,0,90
2578198_139208,2578198,139208,180,31,2016-04-03,Virgil van Dijk,GB1,0,0,0,0,90
2698008_314210,2698008,314210,29,350,2016-08-27,Tom Davies,GB1,0,0,0,0,2
3421784_85177,3421784,85177,873,873,2020-12-13,Nathaniel Clyne,GB1,0,0,0,0,90
2594627_58799,2594627,58799,714,237,2015-12-19,Salva Sevilla,ES1,1,0,0,0,5
3208685_120629,3208685,120629,418,379,2019-09-25,Alphonse Areola,ES1,0,0,0,0,90
2594527_255508,2594527,255508,621,621,2015-09-27,Iñaki Williams,ES1,1,0,0,0,18
3607559_30321,3607559,30321,367,367,2021-11-22,Óscar Trejo,ES1,1,0,1,1,68
3886362_337066,3886362,337066,12321,12321,2022-10-23,Toni Villa,ES1,0,0,0,0,55
3610362_309110,3610362,309110,940,681,2022-02-21,Brais Méndez,ES1,0,0,0,0,90
3451069_188854,3451069,188854,1050,1050,2020-12-29,Manu Trigueros,ES1,1,0,0,0,83
3605202_18944,3605202,18944,131,131,2021-12-21,Gerard Piqué,ES1,0,0,0,0,90
3592257_192765,3592257,192765,148,148,2022-05-01,Ben Davies,GB1,1,0,0,0,90
3421755_126664,3421755,126664,29,405,2020-11-22,Lucas Digne,GB1,0,0,0,2,90
2719066_355628,2719066,355628,681,681,2017-05-05,Igor Zubeldia,ES1,0,0,0,0,9
3429714_63200,3429714,63200,1132,1132,2021-02-06,Ashley Barnes,GB1,0,0,0,0,90
2872145_13573,2872145,13573,989,989,2017-09-09,Simon Francis,GB1,1,0,0,0,45
3079515_398184,3079515,398184,1049,131,2019-01-05,Ferran Torres,ES1,1,0,0,0,28
2718771_178187,2718771,178187,150,237,2016-09-30,Álex Alegría,ES1,0,0,0,0,90
3208818_298589,3208818,298589,331,331,2019-12-22,David García,ES1,0,0,0,0,90
3607554_199369,3607554,199369,3709,472,2021-11-21,Sandro Ramírez,ES1,1,0,0,0,61
2698339_13572,2698339,13572,984,1010,2017-04-08,Ben Foster,GB1,0,0,0,0,90
2486781_3333,2486781,3333,281,1237,2015-04-12,James Milner,GB1,1,0,0,0,63
2899878_62920,2899878,62920,1050,150,2018-04-28,Víctor Ruiz,ES1,0,0,0,0,90
3208646_118732,3208646,118732,237,237,2019-08-25,Pablo Chavarría,ES1,0,0,0,0,6
3079448_459463,3079448,459463,5358,150,2018-11-04,Cucho Hernández,ES1,1,0,0,0,81
3838736_834742,3838736,834742,399,237,2023-03-04,Mateo Joseph,GB1,0,0,0,0,22
2698148_36814,2698148,36814,984,984,2016-11-21,Chris Brunt,GB1,0,0,0,0,90
4087929_543387,4087929,543387,873,873,2023-08-12,Cheick Doucouré,GB1,0,0,0,0,90
3079425_40428,3079425,40428,1050,1050,2018-10-20,Manuel Iturra,ES1,1,0,0,0,64
2899582_138927,2899582,138927,418,418,2017-09-17,Daniel Carvajal,ES1,0,0,0,0,90
3886703_281989,3886703,281989,3709,3709,2023-05-28,Luis Milla,ES1,0,0,0,1,77
4112974_61812,4112974,61812,621,621,2023-09-30,Yuri Berchiche,ES1,0,0,0,0,90
3429745_99331,3429745,99331,180,1003,2021-03-01,Jannik Vestergaard,GB1,0,0,0,0,90
2872492_4072,2872492,4072,512,1132,2018-05-13,Peter Crouch,GB1,1,0,1,0,90
4113124_192279,4113124,192279,418,11,2023-10-28,Kepa Arrizabalaga,ES1,0,0,0,0,90
4113050_237499,4113050,237499,1108,1108,2023-09-02,Aleksandar Sedlar,ES1,0,0,0,0,75
2872323_37011,2872323,37011,2288,2288,2017-12-30,Nathan Dyer,GB1,0,0,0,0,9
3592299_129078,3592299,129078,180,1132,2021-12-28,Nathan Redmond,GB1,0,0,0,0,7
2872286_338424,2872286,338424,762,11,2017-12-16,Mikel Merino,GB1,0,0,0,0,82
2486695_67416,2486695,67416,2288,405,2015-02-01,Neil Taylor,GB1,1,0,0,0,90
2719078_19958,2719078,19958,1244,1244,2017-05-20,Nereo Champagne,ES1,0,0,0,0,90
3838022_64399,3838022,64399,873,940,2022-10-09,Vicente Guaita,GB1,0,0,0,0,90
3080850_199369,3080850,199369,681,472,2019-03-15,Sandro Ramírez,ES1,1,0,0,0,66
3838616_51471,3838616,51471,631,281,2023-05-13,Mateo Kovacic,GB1,0,0,0,0,45
3080791_165467,3080791,165467,367,1049,2019-02-04,Stole Dimitrievski,ES1,0,0,0,0,90
2578089_49319,2578089,49319,405,405,2016-01-12,Mark Bunn,GB1,0,0,0,0,90
3886601_35047,3886601,35047,13,12321,2023-04-02,Axel Witsel,ES1,0,0,0,0,6
3079523_553875,3079523,553875,12321,148,2019-01-04,Pedro Porro,ES1,0,0,0,0,90
2578115_25742,2578115,25742,379,379,2016-01-23,Nikica Jelavic,GB1,0,0,0,0,3
3431917_51510,3431917,51510,3709,237,2020-09-19,Ángel Rodríguez,ES1,0,0,0,0,1
3451391_355628,3451391,355628,681,681,2021-04-07,Igor Zubeldia,ES1,1,0,0,1,90
3886587_319745,3886587,319745,418,418,2023-03-11,Dani Ceballos,ES1,1,0,0,0,16
2698273_215118,2698273,215118,641,405,2017-02-04,Calum Chambers,GB1,0,0,0,0,90
2872127_157368,2872127,157368,1110,1110,2017-08-20,Tom Ince,GB1,0,0,0,0,90
4113071_480763,4113071,480763,1050,1050,2023-09-27,Juan Foyth,ES1,0,0,0,0,90
3219072_212847,3219072,212847,1237,1237,2019-09-21,Adam Webster,GB1,0,0,0,0,90
4112813_378293,4112813,378293,12321,681,2023-08-12,Yangel Herrera,ES1,0,0,0,0,86
3429687_65976,3429687,65976,984,984,2021-01-26,Hal Robson-Kanu,GB1,1,0,0,0,26
3429728_433188,3429728,433188,31,31,2021-02-13,Curtis Jones,GB1,1,0,0,0,75
3219269_294057,3219269,294057,1003,148,2020-01-01,James Maddison,GB1,0,0,1,0,77
3605298_252667,3605298,252667,2687,2687,2021-10-02,Fali,ES1,0,0,0,0,78
2899877_248330,2899877,248330,3368,3709,2018-04-27,Chema Rodríguez,ES1,0,0,0,0,4
3208624_65318,3208624,65318,1049,237,2019-08-17,Jaume Costa,ES1,0,0,0,0,82
3611514_289255,3611514,289255,681,621,2022-05-22,Andoni Gorosabel,ES1,0,0,0,0,71
3591999_108354,3591999,108354,873,1003,2021-08-28,Jordan Ayew,GB1,0,0,0,0,90
3886553_320271,3886553,320271,1049,237,2023-02-20,Toni Lato,ES1,0,0,0,0,32
3886655_625014,3886655,625014,621,1049,2023-05-01,Julen Agirrezabala,ES1,0,0,0,0,90
2698093_34130,2698093,34130,1132,985,2016-09-10,Tom Heaton,GB1,0,0,0,0,90
2594765_56134,2594765,56134,1049,1050,2016-03-20,Javi Fuego,ES1,0,0,0,0,90
2594699_59561,2594699,59561,1049,1050,2016-02-07,Dani Parejo,ES1,0,0,0,0,90
3429861_171679,3429861,171679,148,543,2021-05-19,Matt Doherty,GB1,0,0,0,0,7
3611496_573775,3611496,573775,1049,1049,2022-05-10,Hugo Duro,ES1,0,0,0,0,89
3886310_216464,3886310,216464,681,681,2022-10-09,Carlos Fernández,ES1,1,0,0,0,16
4087956_565093,4087956,565093,1237,1237,2023-09-02,Bart Verbruggen,GB1,0,0,0,0,90
2594521_7923,2594521,7923,367,367,2015-09-26,Roberto Trashorras,ES1,1,0,0,0,85
3592251_134270,3592251,134270,762,762,2022-04-03,Dan Burn,GB1,1,0,0,0,90
4087930_520624,4087930,520624,762,762,2023-08-12,Bruno Guimarães,GB1,1,0,0,0,85
3837999_433177,3837999,433177,11,11,2022-09-18,Bukayo Saka,GB1,0,0,0,2,90
3219106_277033,3219106,277033,989,989,2020-07-12,David Brooks,GB1,0,0,0,0,81
2899698_18944,2899698,18944,131,131,2017-12-23,Gerard Piqué,ES1,0,0,0,0,90
3219261_27511,3219261,27511,873,873,2020-01-18,Gary Cahill,GB1,0,0,0,1,90
2594617_45912,2594617,45912,940,940,2015-12-12,Sergio Álvarez,ES1,0,0,0,0,90
2899906_255508,2899906,255508,621,621,2018-04-09,Iñaki Williams,ES1,0,0,1,1,90
3592049_413032,3592049,413032,180,180,2021-10-23,Ibrahima Diallo,GB1,0,0,0,1,90
3208846_193098,3208846,193098,150,12321,2020-01-26,Álex Moreno,ES1,0,0,0,0,90
2578094_13520,2578094,13520,29,350,2016-01-13,Phil Jagielka,GB1,0,0,0,0,90
3592162_14221,3592162,14221,1132,1132,2022-02-13,Aaron Lennon,GB1,0,0,0,0,90
2578060_37171,2578060,37171,984,984,2015-12-13,Craig Gardner,GB1,0,0,0,0,90
2899836_7593,2899836,7593,897,897,2018-03-17,Fernando Navarro,ES1,1,0,0,0,90
3886299_338425,3886299,338425,621,621,2022-09-11,Álex Berenguer,ES1,0,0,1,1,90
3079400_300168,3079400,300168,1244,621,2018-09-30,Mikel Vesga,ES1,0,0,0,0,35
3050225_33544,3050225,33544,985,985,2018-09-22,Antonio Valencia,GB1,0,0,0,0,90
3050284_141660,3050284,141660,985,703,2018-11-11,Jesse Lingard,GB1,0,0,0,0,57
3429850_340329,3429850,340329,762,762,2021-05-14,Joe Willock,GB1,0,0,1,0,90
3219214_85475,3219214,85475,762,762,2020-02-29,Federico Fernández,GB1,0,0,0,0,90
3583480_505194,3583480,505194,1003,1003,2021-08-14,Luke Thomas,GB1,0,0,0,0,90
2698279_65477,2698279,65477,1010,1010,2017-02-04,Troy Deeney,GB1,0,0,1,0,90
4095198_661053,4095198,661053,29,29,2023-11-26,Jarrad Branthwaite,GB1,0,0,0,0,90
3050227_76467,3050227,76467,1010,3709,2018-09-29,Kiko Femenía,GB1,0,0,0,0,6
3451028_412363,3451028,412363,418,418,2020-12-05,Rodrygo,ES1,0,0,0,0,66
2594674_215,2594674,215,1084,1084,2016-01-23,Roque Santa Cruz,ES1,0,0,0,0,10
3429708_35416,3429708,35416,350,350,2021-02-02,David McGoldrick,GB1,1,0,0,0,90
3592085_98240,3592085,98240,762,762,2021-12-19,Ciaran Clark,GB1,0,0,0,0,90
3838053_111195,3838053,111195,1237,1237,2022-10-18,Joël Veltman,GB1,0,0,0,0,90
2698257_85475,2698257,85475,2288,762,2017-01-03,Federico Fernández,GB1,0,0,0,0,90
3838707_413403,3838707,413403,405,405,2023-04-01,Ezri Konsa,GB1,0,0,0,0,90
3451412_423444,3451412,423444,940,12321,2021-04-22,Fran Beltrán,ES1,0,0,0,0,28
3605328_448844,3605328,448844,16795,16795,2021-10-22,Carlos Neva,ES1,0,0,0,0,83
3838718_92469,3838718,92469,762,762,2023-03-17,Matt Ritchie,GB1,0,0,0,0,6
3219409_64399,3219409,64399,873,940,2019-09-28,Vicente Guaita,GB1,0,0,0,0,90
3838682_105470,3838682,105470,31,31,2023-04-17,Alisson,GB1,0,0,0,0,90
2899838_74229,2899838,74229,13,13,2018-04-08,Koke,ES1,0,0,0,0,90
3838721_559263,3838721,559263,31,1148,2023-03-11,Fábio Carvalho,GB1,0,0,0,0,2
2578066_31835,2578066,31835,379,379,2015-12-12,Mark Noble,GB1,0,0,0,0,90
2698214_4321,2698214,4321,289,289,2016-12-31,Steven Pienaar,GB1,0,0,0,0,45
3607614_311044,3607614,311044,2687,367,2022-01-03,Alfonso Espino,ES1,0,0,0,0,90
3451183_356197,3451183,356197,1050,1050,2021-02-28,Alfonso Pedraza,ES1,0,0,0,0,60
3592093_144028,3592093,144028,1237,11,2021-11-27,Leandro Trossard,GB1,0,0,0,0,90
2594822_5856,2594822,5856,1050,1050,2016-05-01,Daniele Bonera,ES1,0,0,0,0,90
2899652_230784,2899652,230784,13,1050,2017-11-04,Thomas Partey,ES1,0,0,1,0,90
3451067_162056,3451067,162056,3368,3302,2020-12-29,Gonzalo Melero,ES1,0,0,0,0,19
2578155_5658,2578155,5658,11,11,2016-03-02,Petr Cech,GB1,0,0,0,0,90
3219196_177907,3219196,177907,985,985,2020-02-23,Harry Maguire,GB1,0,0,0,0,90
2577963_43530,2577963,43530,31,180,2015-09-20,Adam Lallana,GB1,0,0,0,0,27
3208761_177452,3208761,177452,237,237,2019-11-03,Abdón Prats,ES1,0,0,0,0,14
2718709_21725,2718709,21725,13,13,2016-08-21,Filipe Luís,ES1,0,0,0,0,90
3079499_171362,3079499,171362,5358,5358,2018-12-16,Pablo Insua,ES1,1,0,0,0,86
3886594_82503,3886594,82503,331,367,2023-03-19,Aridane Hernández,ES1,0,0,0,0,90
4113115_733576,4113115,733576,472,1050,2023-11-03,Alberto Moleiro,ES1,0,0,0,1,63
2872158_121398,2872158,121398,1110,1110,2017-09-16,Tommy Smith,GB1,0,0,0,0,90
3886299_571020,3886299,571020,621,621,2022-09-11,Oihan Sancet,ES1,0,0,1,0,64
3451112_71548,3451112,71548,1533,1533,2021-01-30,Anaitz Arbilla,ES1,1,0,0,0,90
3429866_67421,3429866,67421,984,984,2021-05-23,Kyle Bartley,GB1,0,0,0,0,90
3431914_455349,3431914,455349,621,621,2021-01-06,Jon Morcillo,ES1,0,0,0,0,10
3050174_99331,3050174,99331,180,1003,2018-08-12,Jannik Vestergaard,GB1,0,0,0,0,90
2486713_92572,2486713,92572,873,873,2015-02-11,Joel Ward,GB1,0,0,0,0,90
3079453_45912,3079453,45912,940,940,2018-11-11,Sergio Álvarez,ES1,0,0,0,0,90
3611488_74294,3611488,74294,368,368,2022-05-08,Nemanja Gudelj,ES1,0,0,0,0,31
3844096_337066,3844096,337066,366,12321,2022-08-13,Toni Villa,ES1,0,0,0,0,62
3592242_433177,3592242,433177,11,11,2022-04-16,Bukayo Saka,GB1,0,0,0,0,90
4087925_495666,4087925,495666,11,11,2023-08-12,William Saliba,GB1,0,0,0,1,90
3208647_266795,3208647,266795,1533,2687,2019-08-24,Gonzalo Escalante,ES1,0,0,0,0,90
2698120_4055,2698120,4055,1132,1132,2016-10-02,Dean Marney,GB1,0,0,0,0,90
3208807_65263,3208807,65263,366,366,2019-12-15,Jordi Masip,ES1,0,0,0,0,90
3607557_616369,3607557,616369,681,681,2021-11-21,Ander Barrenetxea,ES1,0,0,0,0,60
4087938_469958,4087938,469958,1031,1031,2023-10-03,Jacob Brown,GB1,1,0,0,0,69
2718856_45305,2718856,45305,1084,1084,2016-12-09,Miguel Torres,ES1,1,0,0,0,90
2698430_88590,2698430,88590,11,3368,2017-04-02,Shkodran Mustafi,GB1,1,0,1,1,90
2594561_7781,2594561,7781,3709,1108,2015-10-31,Alexis Ruano,ES1,1,0,0,0,90
2718972_255508,2718972,255508,621,621,2017-03-12,Iñaki Williams,ES1,0,0,1,0,88
3886684_423443,3886684,423443,3302,3302,2023-05-20,Álex Centelles,ES1,0,0,0,0,90
3219425_398065,3219425,398065,1003,762,2019-08-31,Harvey Barnes,GB1,0,0,0,0,71
3837814_316264,3837814,316264,11,11,2022-08-05,Martin Ødegaard,GB1,0,0,0,0,90
3420842_75067,3420842,75067,399,399,2020-09-19,Liam Cooper,GB1,0,0,0,0,90
3050285_246968,3050285,246968,762,1050,2018-11-10,Ayoze Pérez,GB1,0,0,0,0,90
3079379_57825,3079379,57825,3709,16795,2018-09-16,Jorge Molina,ES1,0,0,0,1,90
2899572_74230,2899572,74230,368,543,2017-09-09,Pablo Sarabia,ES1,0,0,0,1,90
3421774_148153,3421774,148153,1237,1237,2020-12-07,Lewis Dunk,GB1,1,0,0,0,90
3838800_413032,3838800,413032,180,180,2023-01-14,Ibrahima Diallo,GB1,1,0,0,0,85
2475497_35536,2475497,35536,367,367,2015-04-19,Toño,ES1,0,0,0,0,90
3208720_401530,3208720,401530,418,418,2019-10-19,Éder Militão,ES1,0,0,0,0,90
3219404_249126,3219404,249126,148,1003,2019-09-28,Harry Winks,GB1,0,0,0,0,90
3079534_156808,3079534,156808,1244,1244,2019-01-12,Unai Bustinza,ES1,1,0,0,0,90
3208745_423444,3208745,423444,940,12321,2019-10-30,Fran Beltrán,ES1,0,0,0,0,90
2718983_246291,2718983,246291,1084,150,2017-03-19,Diego Llorente,ES1,0,0,0,0,90
3886415_355861,3886415,355861,1050,1049,2022-11-06,Arnaut Danjuma,ES1,0,0,0,0,90
3886392_257062,3886392,257062,367,367,2022-10-29,Álvaro García,ES1,0,0,1,0,90
3886507_62945,3886507,62945,2687,2687,2023-01-21,Luis Hernández,ES1,0,0,0,0,90
3080872_37917,3080872,37917,1244,1244,2019-04-07,Nabil El Zhar,ES1,0,0,0,0,15
3886688_506248,3886688,506248,714,714,2023-05-21,Edu Expósito,ES1,0,0,0,0,2
3838054_193116,3838054,193116,405,405,2022-10-20,John McGinn,GB1,0,0,0,0,90
3592061_42412,3592061,42412,1003,985,2021-12-05,Jonny Evans,GB1,0,0,0,0,90
3081113_102423,3081113,102423,3709,714,2019-05-12,Leandro Cabrera,ES1,0,0,0,0,90
3886681_634131,3886681,634131,331,331,2023-05-21,Aimar Oroz,ES1,0,0,0,0,90
3838280_288255,3838280,288255,985,12321,2023-01-03,Donny van de Beek,GB1,0,0,0,0,45
3079489_251106,3079489,251106,366,989,2018-12-09,Enes Ünal,ES1,0,0,0,0,79
3050392_40613,3050392,40613,1132,1132,2019-01-29,Jack Cork,GB1,1,0,0,1,90
2594755_45912,2594755,45912,940,940,2016-03-12,Sergio Álvarez,ES1,0,0,0,0,90
3592225_193116,3592225,193116,405,405,2022-02-13,John McGinn,GB1,1,0,0,0,85
3210096_398738,3210096,398738,1533,1533,2020-07-02,Miguel Marí,ES1,0,0,0,0,5
2872197_61573,2872197,61573,1110,1110,2017-10-21,Jonathan Hogg,GB1,0,0,0,0,90
3219086_314353,3219086,314353,31,418,2019-08-24,Trent Alexander-Arnold,GB1,0,0,0,1,90
4113110_566574,4113110,566574,472,472,2023-11-11,Kirian Rodríguez,ES1,0,0,0,0,90
2698249_177847,2698249,177847,289,368,2017-01-14,Adnan Januzaj,GB1,1,0,0,0,90
2698319_3160,2698319,3160,631,631,2017-05-15,John Terry,GB1,0,0,1,0,90
2594767_71394,2594767,71394,2448,2448,2016-03-19,Carlos Carmona,ES1,0,0,0,0,21
3886621_342385,3886621,342385,150,1049,2023-04-15,Guido Rodríguez,ES1,0,0,0,0,90
3079476_298976,3079476,298976,3368,3709,2018-12-03,Borja Mayoral,ES1,0,0,0,0,2
3050372_33873,3050372,33873,989,29,2019-01-13,Asmir Begovic,GB1,0,0,0,0,90
3610270_640428,3610270,640428,418,418,2021-12-22,Eduardo Camavinga,ES1,1,0,0,0,90
3451037_138935,3451037,138935,1533,1533,2020-12-13,Sergio Álvarez,ES1,0,0,0,0,14
2486683_132,2486683,132,11,11,2015-01-18,Tomas Rosicky,GB1,0,0,0,0,24
3605056_448628,3605056,448628,940,331,2021-08-23,Javi Galán,ES1,0,0,0,0,90
3837845_134294,3837845,134294,405,379,2022-08-28,Danny Ings,GB1,0,0,0,0,78
2719046_355624,2719046,355624,1084,1084,2017-04-25,Luis Muñoz,ES1,0,0,0,0,90
3219214_108725,3219214,108725,1132,703,2020-02-29,Chris Wood,GB1,0,0,0,0,32
3838675_361093,3838675,361093,762,762,2023-04-15,Sven Botman,GB1,0,0,0,0,90
2872217_44792,2872217,44792,984,984,2017-11-04,Kieran Gibbs,GB1,0,0,0,0,90
3050204_199527,3050204,199527,762,762,2018-09-01,Jacob Murphy,GB1,0,0,0,0,9
2899893_138927,2899893,138927,418,418,2018-04-15,Daniel Carvajal,ES1,0,0,0,0,90
3079447_189458,3079447,189458,367,367,2018-11-03,Emiliano Velázquez,ES1,1,0,0,0,19
2718806_126716,2718806,126716,131,1050,2016-10-29,Paco Alcácer,ES1,0,0,0,0,7
3886594_213670,3886594,213670,331,331,2023-03-19,Lucas Torró,ES1,1,0,0,0,78
2578088_77932,2578088,77932,2288,3709,2015-12-26,Jefferson Montero,GB1,0,0,0,0,45
3451132_291417,3451132,291417,418,418,2021-02-06,Ferland Mendy,ES1,0,0,0,0,78
3210112_67080,3210112,67080,1108,1108,2020-07-04,Víctor Laguardia,ES1,0,0,0,0,90
3838612_204103,3838612,204103,543,379,2023-05-20,Adama Traoré,GB1,1,0,0,0,88
2594819_28005,2594819,28005,3368,3368,2016-04-24,Joan Verdú,ES1,0,0,0,0,28
3050310_61560,3050310,61560,1003,1003,2018-12-05,Marc Albrighton,GB1,0,0,0,0,90
2899901_44073,2899901,44073,1084,1084,2018-04-22,Adrián González,ES1,1,0,1,0,90
3208808_145769,3208808,145769,3368,366,2019-12-14,Sergio León,ES1,0,0,0,0,2
4095158_469050,4095158,469050,1148,1148,2023-10-21,Nathan Collins,GB1,0,0,0,0,90
2718870_125781,2718870,125781,13,13,2017-01-07,Antoine Griezmann,ES1,0,0,1,0,90
3210078_250845,3210078,250845,13,13,2020-06-23,José María Giménez,ES1,0,0,0,0,31
3611500_182579,3611500,182579,368,368,2022-05-15,Karim Rekik,ES1,0,0,0,0,15
3611517_85295,3611517,85295,367,367,2022-05-20,Iván Balliu,ES1,0,0,0,0,90
2899681_129444,2899681,129444,714,12321,2017-12-03,David López,ES1,1,0,0,0,90
3208846_71559,3208846,71559,3709,3709,2020-01-26,Xabi Etxeita,ES1,1,0,0,0,90
2718783_133794,2718783,133794,1108,1108,2016-10-16,Edgar Méndez,ES1,0,0,0,1,74
3450977_199369,3450977,199369,5358,472,2020-10-25,Sandro Ramírez,ES1,0,0,0,0,56
2594738_26443,2594738,26443,897,897,2016-03-02,Jonás Gutiérrez,ES1,0,0,0,0,45
3592281_142310,3592281,142310,543,703,2022-04-30,Willy Boly,GB1,0,0,0,0,90
2872446_92572,2872446,92572,873,873,2018-04-14,Joel Ward,GB1,0,0,0,0,90
2698299_258923,2698299,258923,985,131,2017-02-05,Marcus Rashford,GB1,0,0,0,0,83
2698189_29975,2698189,29975,989,989,2016-10-29,Andrew Surman,GB1,0,0,0,0,90
4113061_937958,4113061,937958,131,131,2023-10-08,Lamine Yamal,ES1,0,0,1,0,76
2578249_200782,2578249,200782,31,31,2016-04-17,Kevin Stewart,GB1,0,0,0,0,90
3451056_35518,3451056,35518,681,681,2020-12-22,David Silva,ES1,0,0,0,0,75
2594595_45775,2594595,45775,472,472,2015-11-28,Nauzet Alemán,ES1,0,0,0,0,21
3837855_447661,3837855,447661,405,405,2022-08-31,Douglas Luiz,GB1,0,0,1,0,17
2594765_221322,2594765,221322,1049,1049,2016-03-20,José Gayà,ES1,0,0,0,0,39
2577957_61711,2577957,61711,984,984,2015-09-12,Callum McManaman,GB1,0,0,0,0,61
3837992_503680,3837992,503680,703,703,2023-04-04,Neco Williams,GB1,1,0,0,0,90
3080810_156808,3080810,156808,1244,1244,2019-02-16,Unai Bustinza,ES1,1,0,0,0,90
2594850_26199,2594850,26199,3368,3368,2016-05-15,Verza,ES1,1,0,1,0,90
3050526_108725,3050526,108725,1132,703,2019-04-22,Chris Wood,GB1,0,0,0,1,90
4113164_230222,4113164,230222,472,472,2023-08-18,Álvaro Lemos,ES1,0,0,0,0,45
4095138_469958,4095138,469958,1031,1031,2023-09-30,Jacob Brown,GB1,0,0,0,0,90
2486715_85475,2486715,85475,2288,762,2015-02-11,Federico Fernández,GB1,0,0,0,0,90
3050563_90836,3050563,90836,989,703,2019-05-12,Steve Cook,GB1,0,0,0,0,90
2486844_66333,2486844,66333,3008,405,2015-05-24,Ahmed Elmohamady,GB1,0,0,0,0,90
3219304_163744,3219304,163744,180,180,2019-12-21,Jack Stephens,GB1,0,0,1,0,90
3210104_217144,3210104,217144,237,1531,2020-07-03,Aleix Febas,ES1,0,0,0,0,57
2486717_13427,2486717,13427,512,1237,2015-02-11,Steve Sidwell,GB1,0,0,0,0,10
3592196_128904,3592196,128904,1123,1123,2022-02-09,Ben Gibson,GB1,0,0,0,0,90
2718958_34870,2718958,34870,1050,3368,2017-03-04,Roberto Soldado,ES1,0,0,0,0,63
3838665_346707,3838665,346707,762,399,2023-04-23,Sean Longstaff,GB1,0,0,0,1,90
2475524_18944,2475524,18944,131,131,2015-05-02,Gerard Piqué,ES1,0,0,1,0,90
4095063_505219,4095063,505219,29,29,2023-09-23,James Garner,GB1,0,0,0,1,90
3421790_113036,3421790,113036,984,984,2020-12-12,Romaine Sawyers,GB1,0,0,0,0,90
3431929_89733,3431929,89733,2687,2687,2020-09-27,Álex Fernández,ES1,0,0,0,0,90
3079476_29124,3079476,29124,621,621,2018-12-03,Aritz Aduriz,ES1,1,0,0,0,77
4113110_175449,4113110,175449,331,331,2023-11-11,Moi Gómez,ES1,0,0,0,0,66
3429858_536835,3429858,536835,985,985,2021-05-18,Amad Diallo,GB1,0,0,0,0,7
2872270_6636,2872270,6636,1003,1003,2017-12-09,Christian Fuchs,GB1,0,0,0,0,1
3050277_206040,3050277,206040,543,931,2018-11-11,Raúl Jiménez,GB1,0,0,0,1,85
3451036_95810,3451036,95810,13,762,2020-12-12,Kieran Trippier,ES1,0,0,0,0,90
3219374_272622,3219374,272622,379,931,2019-10-26,Issa Diop,GB1,1,0,0,0,90
3219371_206040,3219371,206040,543,931,2019-11-02,Raúl Jiménez,GB1,0,0,1,0,90
3429714_43763,3429714,43763,1132,1132,2021-02-06,Erik Pieters,GB1,0,0,0,0,90
3451035_568157,3451035,568157,1050,873,2020-12-13,Yéremy Pino,ES1,0,0,0,0,45
3210087_351809,3210087,351809,681,13,2020-06-29,Robin Le Normand,ES1,0,0,0,0,90
4113104_15956,4113104,15956,368,368,2023-11-04,Jesús Navas,ES1,0,0,0,0,90
3838796_316264,3838796,316264,11,11,2023-01-15,Martin Ødegaard,GB1,0,0,1,0,90
3886656_221311,3886656,221311,366,366,2023-04-30,Iván Sánchez,ES1,0,0,0,0,30
3886330_326330,3886330,326330,131,131,2022-10-20,Frenkie de Jong,ES1,0,0,0,0,70
2899706_120095,2899706,120095,3368,472,2017-12-15,José Campaña,ES1,1,0,0,0,90
3451066_170472,3451066,170472,16795,1049,2020-12-30,Dimitri Foulquier,ES1,1,0,0,0,73
3079462_227961,3079462,227961,3709,472,2018-11-25,Jaime Mata,ES1,1,0,1,0,90
2594750_153427,2594750,153427,367,367,2016-03-07,Bebé,ES1,0,0,1,0,90
3450977_251876,3450977,251876,5358,237,2020-10-25,Pablo Maffeo,ES1,0,0,0,0,71
3607523_249513,3607523,249513,681,3709,2021-10-28,Diego Rico,ES1,0,0,0,0,6
2486673_15956,2486673,15956,281,368,2015-01-10,Jesús Navas,GB1,0,0,0,0,90
3592149_427568,3592149,427568,11,762,2022-03-06,Aaron Ramsdale,GB1,0,0,0,0,90
2578093_71271,2578093,71271,379,150,2016-01-12,Adrián San Miguel,GB1,0,0,0,0,90
3208760_399776,3208760,399776,1050,405,2019-11-03,Pau Torres,ES1,0,0,0,0,90
2594793_44065,2594793,44065,681,714,2016-04-16,Esteban Granero,ES1,1,0,0,0,6
4095180_324882,4095180,324882,1031,1031,2023-11-05,Marvelous Nakamba,GB1,1,0,0,0,90
3607591_630995,3607591,630995,150,150,2021-12-12,Rodri Sánchez,ES1,0,0,0,0,3
3451031_18644,3451031,18644,2687,2687,2020-12-14,Álvaro Negredo,ES1,0,0,0,0,70
3592273_108725,3592273,108725,762,703,2022-02-08,Chris Wood,GB1,0,0,0,0,90
3219132_95424,3219132,95424,281,1132,2020-07-15,Kyle Walker,GB1,0,0,0,0,45
3450973_149231,3450973,149231,1531,1531,2020-10-23,Fidel,ES1,1,0,1,0,90
3451164_307519,3451164,307519,366,2687,2021-02-20,Fede San Emeterio,ES1,0,0,0,0,6
3429791_108725,3429791,108725,1132,703,2021-04-04,Chris Wood,GB1,0,0,1,1,90
3451047_99353,3451047,99353,681,12321,2020-12-19,Portu,ES1,0,0,0,0,79
3050375_14086,3050375,14086,985,29,2019-01-13,Ashley Young,GB1,0,0,0,0,90
4113145_115333,4113145,115333,12321,12321,2023-10-27,Juanpe,ES1,1,0,0,0,45
3451044_18644,3451044,18644,2687,2687,2020-12-20,Álvaro Negredo,ES1,0,0,0,0,66
2698095_33713,2698095,33713,11,180,2016-09-10,Theo Walcott,GB1,0,0,0,0,75
2698295_31835,2698295,31835,379,379,2017-02-04,Mark Noble,GB1,0,0,1,0,90
2719058_255501,2719058,255501,621,621,2017-05-07,Iñigo Lekue,ES1,0,0,0,0,24
3837862_105470,3837862,105470,31,31,2022-08-31,Alisson,GB1,0,0,0,0,90
2594517_57522,2594517,57522,16795,5358,2015-09-22,Andrés Fernández,ES1,1,0,0,0,90
2475477_175446,2475477,175446,940,1108,2015-04-08,Jonny Otto,ES1,1,0,0,0,90
3838613_144028,3838613,144028,11,11,2023-05-14,Leandro Trossard,GB1,0,0,0,0,70
4095186_135343,4095186,135343,762,762,2023-11-11,Fabian Schär,GB1,0,0,0,0,90
3611505_369081,3611505,369081,418,418,2022-05-15,Federico Valverde,ES1,0,0,0,0,64
3886336_358250,3886336,358250,940,940,2022-10-19,Joseph Aidoo,ES1,0,0,0,0,90
3610273_630995,3610273,630995,150,150,2022-01-18,Rodri Sánchez,ES1,0,0,0,0,18
2475354_35773,2475354,35773,681,681,2015-01-11,Carlos Vela,ES1,1,0,1,0,90
3219226_447661,3219226,447661,405,405,2020-02-01,Douglas Luiz,GB1,1,0,0,0,90
2718999_57522,2718999,57522,1050,5358,2017-04-04,Andrés Fernández,ES1,0,0,0,0,90
2899776_70245,2899776,70245,1084,16795,2018-02-05,Ignasi Miquel,ES1,1,0,0,0,90
3050424_134294,3050424,134294,180,379,2018-12-27,Danny Ings,GB1,0,0,0,0,62
3079455_255284,3079455,255284,12321,12321,2018-11-10,Álex Granell,ES1,0,0,0,0,9
3050270_57500,3050270,57500,631,368,2018-11-04,César Azpilicueta,GB1,0,0,0,0,90
2899760_28261,2899760,28261,714,714,2018-01-28,José Manuel Jurado,ES1,0,0,0,0,9
3611484_284884,3611484,284884,3709,1244,2022-05-08,Óscar Rodríguez,ES1,0,0,0,0,65
3050429_50174,3050429,50174,148,1010,2019-02-23,Danny Rose,GB1,0,0,0,1,90
3592175_111455,3592175,111455,11,289,2022-04-20,Granit Xhaka,GB1,0,0,0,0,90
3219236_26267,3219236,26267,281,281,2020-01-21,Fernandinho,GB1,1,0,0,0,90
3838695_335721,3838695,335721,11,11,2023-04-09,Ben White,GB1,1,0,0,0,90
2899846_64399,2899846,64399,3709,940,2018-04-15,Vicente Guaita,ES1,0,0,0,0,90
2578098_40611,2578098,40611,180,1003,2016-01-13,Ryan Bertrand,GB1,0,0,0,0,90
2578285_77760,2578285,77760,180,148,2016-05-01,Victor Wanyama,GB1,0,0,0,0,90
4112851_517842,4112851,517842,681,681,2023-12-17,Aihen Muñoz,ES1,0,0,0,0,6
2698008_126665,2698008,126665,29,29,2016-08-27,Idrissa Gueye,GB1,0,0,0,0,90
3208723_44779,3208723,44779,13,543,2019-10-26,Diego Costa,ES1,0,0,0,0,23
3838756_357147,3838756,357147,985,985,2023-02-19,Diogo Dalot,GB1,0,0,0,0,90
2872246_49501,2872246,49501,1110,1110,2017-11-29,Elias Kachunga,GB1,0,0,0,0,90
2698113_249126,2698113,249126,148,1003,2016-09-24,Harry Winks,GB1,0,0,0,0,4
3080807_67082,3080807,67082,13,13,2019-02-16,Vitolo,ES1,0,0,0,0,60
3838624_217115,3838624,217115,29,368,2023-05-08,Neal Maupay,GB1,0,0,0,0,3
2718829_203043,2718829,203043,472,1531,2016-11-28,Pedro Bigas,ES1,0,0,0,0,90
3605203_401922,3605203,401922,1050,931,2021-12-21,Samuel Chukwueze,ES1,0,0,0,0,72
3605280_177452,3605280,177452,237,237,2021-09-26,Abdón Prats,ES1,0,0,0,0,26
3592075_309400,3592075,309400,631,11,2021-12-11,Kai Havertz,GB1,0,0,0,0,90
3610326_167721,3610326,167721,331,150,2022-02-05,Chimy Ávila,ES1,0,0,0,0,75
3591957_344605,3591957,344605,1003,1003,2021-11-07,Boubakary Soumaré,GB1,0,0,0,1,90
3592043_209212,3592043,209212,1237,1237,2021-10-23,Solly March,GB1,0,0,0,0,90
2594820_16635,2594820,16635,13,13,2016-04-23,Juanfran Torres,ES1,0,0,0,0,90
3837816_341051,3837816,341051,180,379,2022-08-06,Kyle Walker-Peters,GB1,0,0,0,0,90
3080890_357884,3080890,357884,366,714,2019-04-14,Fernando Calero,ES1,0,0,0,0,90
2594713_175446,2594713,175446,940,1108,2016-02-20,Jonny Otto,ES1,0,0,1,0,90
3607591_238407,3607591,238407,681,13,2021-12-12,Alexander Sørloth,ES1,0,0,0,0,16
2594520_64598,2594520,64598,2448,12321,2015-09-23,Bernardo Espinosa,ES1,2,0,0,0,39
3592233_335721,3592233,335721,11,11,2021-12-26,Ben White,GB1,0,0,0,0,90
3838642_365172,3838642,365172,1003,1003,2023-05-01,Patson Daka,GB1,0,0,0,0,29
3592193_260827,3592193,260827,873,931,2022-05-19,Joachim Andersen,GB1,0,0,0,0,90
3421720_35416,3421720,35416,350,350,2020-10-18,David McGoldrick,GB1,0,0,0,0,64
3607569_256429,3607569,256429,367,367,2021-11-27,Sergi Guardiola,ES1,0,0,0,0,79
4095172_127032,4095172,127032,703,703,2023-10-29,Serge Aurier,GB1,0,0,0,0,90
3886628_375382,3886628,375382,1049,1049,2023-04-16,André Almeida,ES1,0,0,0,0,80
3080865_278359,3080865,278359,714,940,2019-04-02,Borja Iglesias,ES1,0,0,1,0,90
2718782_59344,2718782,59344,681,681,2016-10-16,Asier Illarramendi,ES1,1,0,0,1,90
3886559_438001,3886559,438001,12321,543,2023-02-26,Santiago Bueno,ES1,1,0,0,0,90
2698403_163744,2698403,163744,180,180,2017-05-21,Jack Stephens,GB1,1,0,0,0,90
2899859_197135,2899859,197135,1244,2687,2018-04-14,Joseba Zaldua,ES1,0,0,0,1,90
3838761_48002,3838761,48002,379,379,2023-02-11,Angelo Ogbonna,GB1,0,0,0,0,90
4113090_362086,4113090,362086,367,367,2023-08-28,Isi Palazón,ES1,1,0,0,0,67
3079400_189453,3079400,189453,1244,3709,2018-09-30,Jonathan Silva,ES1,0,0,0,0,90
3219257_184528,3219257,184528,762,762,2020-01-18,Emil Krafth,GB1,0,0,0,0,71
2899623_64598,2899623,64598,12321,12321,2017-10-15,Bernardo Espinosa,ES1,0,0,0,1,90
3421773_250478,3421773,250478,405,762,2021-01-23,Matt Targett,GB1,0,0,0,0,90
2872352_3547,2872352,3547,512,512,2018-01-20,Darren Fletcher,GB1,0,0,0,0,90
2486781_33544,2486781,33544,985,985,2015-04-12,Antonio Valencia,GB1,0,0,0,0,90
2872463_76467,2872463,76467,1010,3709,2018-04-21,Kiko Femenía,GB1,0,0,0,0,20
2486846_35518,2486846,35518,281,681,2015-05-24,David Silva,GB1,0,0,0,0,90
3838653_474701,3838653,474701,399,379,2023-04-25,Crysencio Summerville,GB1,0,0,0,0,58
2594537_85258,2594537,85258,621,621,2015-10-04,Mikel Balenziaga,ES1,0,0,0,0,90
2594491_176133,2594491,176133,472,472,2015-09-13,Hernán Santana,ES1,0,0,0,0,90
2718788_188854,2718788,188854,1050,1050,2016-10-23,Manu Trigueros,ES1,0,0,0,0,90
2719081_93936,2719081,93936,1533,714,2017-05-21,Kike García,ES1,0,0,0,0,90
3886367_89733,3886367,89733,2687,2687,2022-10-22,Álex Fernández,ES1,0,0,0,0,45
2872468_3333,2872468,3333,31,1237,2018-04-28,James Milner,GB1,0,0,0,0,25
3886635_341110,3886635,341110,940,940,2023-04-22,Franco Cervi,ES1,0,0,0,0,45
2872294_117996,2872294,117996,985,985,2017-12-17,Phil Jones,GB1,0,0,0,0,90
3079526_212391,3079526,212391,3368,2687,2019-01-13,Roger Martí,ES1,0,0,0,0,68
3886527_221311,3886527,221311,366,366,2023-02-05,Iván Sánchez,ES1,0,0,0,0,31
2872239_36291,2872239,36291,1237,1237,2017-11-25,Gaëtan Bong,GB1,0,0,0,0,90
2872196_209781,2872196,209781,29,29,2017-10-22,Oumar Niasse,GB1,0,0,1,0,15
2899851_74232,2899851,74232,472,472,2018-04-22,Matías Aguirregaray,ES1,1,0,0,0,45
2698287_13572,2698287,13572,984,1010,2017-02-11,Ben Foster,GB1,0,0,0,0,90
3838731_121477,3838731,121477,543,543,2023-03-04,Craig Dawson,GB1,0,0,0,0,90
3838720_627626,3838720,627626,399,399,2023-03-18,Wilfried Gnonto,GB1,0,0,0,1,61
3208716_125781,3208716,125781,131,13,2019-10-19,Antoine Griezmann,ES1,0,0,1,1,90
3421701_196948,3421701,196948,631,131,2020-09-26,Andreas Christensen,GB1,1,0,0,0,90
2578216_48002,2578216,48002,379,379,2016-04-09,Angelo Ogbonna,GB1,0,0,0,0,90
2594617_73636,2594617,73636,714,714,2015-12-12,Hernán Pérez,ES1,1,0,0,0,90
3838733_314210,3838733,314210,29,350,2023-03-05,Tom Davies,GB1,1,0,0,0,1
2718880_125781,2718880,125781,13,13,2017-01-14,Antoine Griezmann,ES1,0,0,0,0,90
2594552_35539,2594552,35539,3709,1084,2015-10-24,Mehdi Lacen,ES1,0,0,0,0,90
3208827_177452,3208827,177452,237,237,2020-01-05,Abdón Prats,ES1,0,0,0,0,16
3886583_351809,3886583,351809,681,13,2023-03-12,Robin Le Normand,ES1,0,0,0,0,90
3592234_503980,3592234,503980,399,399,2022-04-25,Joe Gelhardt,GB1,0,0,0,0,16
3607547_616369,3607547,616369,681,681,2021-11-07,Ander Barrenetxea,ES1,0,0,0,0,71
3421787_67420,3421787,67420,399,399,2020-12-11,Luke Ayling,GB1,0,0,0,0,90
3605050_330352,3605050,330352,1531,1531,2021-08-22,Raúl Guti,ES1,0,0,0,0,90
3208729_443222,3208729,443222,331,472,2019-10-27,Marc Cardona,ES1,0,0,0,0,32
4113120_625047,4113120,625047,621,621,2023-10-22,Beñat Prados,ES1,0,0,0,0,23
3210055_67082,3210055,67082,13,13,2020-06-20,Vitolo,ES1,0,0,1,0,17
2578071_31835,2578071,31835,379,379,2015-12-20,Mark Noble,GB1,0,0,0,0,90
2718991_145769,2718991,145769,331,366,2017-04-01,Sergio León,ES1,0,0,1,0,24
3450961_422460,3450961,422460,3368,1049,2020-10-18,Dani Gómez,ES1,0,0,0,0,16
3451181_108390,3451181,108390,418,418,2021-03-01,Thibaut Courtois,ES1,0,0,0,0,90
2899814_252677,2899814,252677,3368,3368,2018-03-16,José Luis Morales,ES1,0,0,0,1,90
3592282_203460,3592282,203460,281,29,2022-05-11,Jack Grealish,GB1,0,0,0,0,9
4095149_1005649,4095149,1005649,703,703,2023-10-07,Murillo,GB1,0,0,0,0,90
3886335_225462,3886335,225462,2687,2687,2022-10-19,José Mari,ES1,0,0,0,0,11
2899686_145769,2899686,145769,150,366,2017-12-10,Sergio León,ES1,1,0,0,0,90
3079492_276111,3079492,276111,940,2497,2018-12-08,David Costas,ES1,0,0,0,0,90
3591970_251845,3591970,251845,1148,1049,2021-09-18,Sergi Canós,GB1,0,0,0,0,68
3838604_983989,3838604,983989,1237,399,2023-05-21,Facundo Buonanotte,GB1,1,0,0,0,45
2475488_7923,2475488,7923,367,367,2015-04-11,Roberto Trashorras,ES1,1,0,0,0,90
3208837_76273,3208837,76273,1108,1108,2020-01-18,Manu García,ES1,0,0,0,0,90
3838617_188077,3838617,188077,989,989,2023-05-13,Ryan Christie,GB1,0,0,0,0,60
2594579_126252,2594579,126252,714,331,2015-11-08,Juan Rafael Fuentes,ES1,1,0,0,0,75
3219332_206040,3219332,206040,543,931,2019-12-01,Raúl Jiménez,GB1,0,0,0,1,90
3886299_34601,3886299,34601,621,621,2022-09-11,Raúl García,ES1,0,0,0,0,26
3592188_392768,3592188,392768,631,703,2021-12-29,Callum Hudson-Odoi,GB1,1,0,0,0,67
2872459_306024,2872459,306024,29,399,2018-04-23,Dominic Calvert-Lewin,GB1,0,0,0,0,31
2718780_55240,2718780,55240,1533,1244,2016-10-17,Mauro dos Santos,ES1,0,0,0,0,62
3080827_246277,3080827,246277,1108,1108,2019-03-02,Burgui,ES1,0,0,0,0,13
3451397_366930,3451397,366930,5358,681,2021-04-09,Sergio Gómez,ES1,1,0,0,0,32
2899717_177467,2899717,177467,714,1050,2017-12-22,Gerard Moreno,ES1,0,0,0,0,90
3607566_162038,3607566,162038,714,367,2021-11-28,Raúl de Tomás,ES1,0,0,0,0,90
3219214_53360,3219214,53360,1132,1132,2020-02-29,Jay Rodríguez,GB1,0,0,0,0,90
3451129_571020,3451129,571020,621,621,2021-02-07,Oihan Sancet,ES1,0,0,0,0,66
2899728_251106,2899728,251106,1050,989,2018-01-07,Enes Ünal,ES1,0,0,1,0,90
3838029_534033,3838029,534033,1237,31,2022-10-14,Alexis Mac Allister,GB1,0,0,0,0,90
2719010_255501,2719010,255501,621,621,2017-04-07,Iñigo Lekue,ES1,0,0,0,0,59
3208669_262396,3208669,262396,621,621,2019-09-22,Unai Simón,ES1,1,0,0,0,90
2486833_37304,2486833,37304,180,180,2015-05-16,Shane Long,GB1,0,0,2,2,90
3210134_326330,3210134,326330,131,131,2020-07-16,Frenkie de Jong,ES1,0,0,0,0,11
3451061_74229,3451061,74229,13,13,2020-12-30,Koke,ES1,0,0,0,0,90
3886495_300168,3886495,300168,621,621,2023-01-14,Mikel Vesga,ES1,0,0,0,0,90
2486834_10003,2486834,10003,1003,1003,2015-05-16,Wes Morgan,GB1,0,0,0,0,90
3429797_148455,3429797,148455,31,31,2021-04-10,Mohamed Salah,GB1,0,0,1,0,90
2698352_42413,2698352,42413,289,289,2017-03-05,Darron Gibson,GB1,0,0,0,0,69
3208770_202984,3208770,202984,1244,366,2019-11-08,Roque Mesa,ES1,0,0,0,1,90
3050340_112515,3050340,112515,631,940,2018-12-22,Marcos Alonso,GB1,0,0,0,0,90
3611468_63494,3611468,63494,1050,1050,2022-04-19,Étienne Capoue,ES1,0,0,0,0,90
3080876_188838,3080876,188838,3709,366,2019-04-07,Bruno González,ES1,0,0,0,0,90
2899865_238868,2899865,238868,1533,331,2018-05-05,Rubén Peña,ES1,0,0,0,0,90
2719042_45256,2719042,45256,2448,2448,2017-04-25,Jean-Sylvain Babin,ES1,0,0,0,0,90
3838695_139208,3838695,139208,31,31,2023-04-09,Virgil van Dijk,GB1,1,0,0,0,90
3886298_369081,3886298,369081,418,418,2022-09-11,Federico Valverde,ES1,1,0,1,0,90
3429830_341051,3429830,341051,180,379,2021-04-30,Kyle Walker-Peters,GB1,0,0,0,0,90
2594761_141835,2594761,141835,3709,714,2016-03-18,Álvaro Vázquez,ES1,0,0,0,0,90
3429760_39381,3429760,39381,148,418,2021-03-07,Gareth Bale,GB1,0,0,2,0,70
3079516_93936,3079516,93936,1533,714,2019-01-06,Kike García,ES1,0,0,0,0,10
3219337_140191,3219337,140191,379,989,2019-12-04,Ryan Fredericks,GB1,0,0,0,0,90
3451089_349066,3451089,349066,681,31,2021-01-09,Alexander Isak,ES1,0,0,1,0,90
3421696_306024,3421696,306024,29,399,2020-09-26,Dominic Calvert-Lewin,GB1,0,0,1,0,90
3886464_570421,3886464,570421,714,714,2022-12-31,Nico Melamed,ES1,0,0,0,0,57
2594727_56067,2594727,56067,1049,1531,2016-02-28,Pablo Piatti,ES1,0,0,0,0,14
2577865_63494,2577865,63494,1010,1050,2015-08-08,Étienne Capoue,GB1,0,0,0,0,90
3219394_108354,3219394,108354,873,1003,2019-10-05,Jordan Ayew,GB1,0,0,1,0,90
2578260_16947,2578260,16947,1003,1003,2016-05-07,Marcin Wasilewski,GB1,0,0,0,0,90
2578224_57079,2578224,57079,289,350,2015-12-30,Jack Rodwell,GB1,0,0,0,0,30
3209795_262365,3209795,262365,16795,16795,2020-02-01,Antonio Puertas,ES1,0,0,0,0,90
2594559_52345,2594559,52345,150,331,2015-10-24,Didier Digard,ES1,1,0,0,0,9
2718955_59561,2718955,59561,1049,1050,2017-02-28,Dani Parejo,ES1,1,0,0,0,90
2719045_320271,2719045,320271,1049,237,2017-04-26,Toni Lato,ES1,0,0,0,0,45
3886535_423444,3886535,423444,940,12321,2023-02-12,Fran Beltrán,ES1,0,0,0,0,90
3219226_61841,3219226,61841,989,989,2020-02-01,Adam Smith,GB1,0,0,0,0,90
3079419_167721,3079419,167721,5358,150,2018-10-07,Chimy Ávila,ES1,0,0,0,0,90
2698250_90836,2698250,90836,989,703,2017-01-03,Steve Cook,GB1,1,0,0,0,90
3451011_309110,3451011,309110,940,681,2020-11-29,Brais Méndez,ES1,0,0,0,0,90
2475462_57791,2475462,57791,3709,3709,2015-04-05,Diego Castro,ES1,1,0,0,0,90
3885859_81999,3885859,81999,714,418,2022-09-04,Joselu,ES1,0,0,0,0,90
2594532_66112,2594532,66112,1533,366,2015-10-03,Keko Gontán,ES1,0,0,0,0,4
3592082_262226,3592082,262226,1003,931,2022-04-20,Timothy Castagne,GB1,0,0,0,0,90
3429692_82105,3429692,82105,31,31,2021-01-28,Joel Matip,GB1,0,0,0,0,45
3837817_192080,3837817,192080,762,762,2022-08-06,Nick Pope,GB1,0,0,0,0,90
4113160_264372,4113160,264372,12321,12321,2023-08-20,Viktor Tsygankov,ES1,0,0,0,0,90
3080851_356197,3080851,356197,1050,1050,2019-03-17,Alfonso Pedraza,ES1,0,0,0,0,90
3610437_67080,3610437,67080,1108,1108,2022-03-13,Víctor Laguardia,ES1,1,0,0,0,90
3050370_57500,3050370,57500,631,368,2019-01-12,César Azpilicueta,GB1,0,0,0,0,90
2872260_10003,2872260,10003,1003,1003,2017-12-02,Wes Morgan,GB1,0,0,0,0,90
4113101_139435,4113101,139435,237,237,2023-11-04,Dani Rodríguez,ES1,0,0,0,0,30
2698268_31835,2698268,31835,379,379,2016-12-26,Mark Noble,GB1,0,0,0,0,90
3451177_71918,3451177,71918,5358,5358,2021-02-27,David Ferreiro,ES1,0,0,0,0,90
2719079_40888,2719079,40888,621,621,2017-05-21,Beñat Etxebarria,ES1,0,0,0,0,74
3421845_258923,3421845,258923,985,131,2021-01-20,Marcus Rashford,GB1,0,0,0,0,5
3592224_413220,3592224,413220,1003,399,2022-05-22,James Justin,GB1,0,0,0,0,90
3605280_248738,3605280,248738,331,331,2021-09-26,Sergio Herrera,ES1,0,0,0,0,90
3838009_433177,3838009,433177,11,11,2022-10-01,Bukayo Saka,GB1,0,0,0,0,90
3844094_640428,3844094,640428,418,418,2022-08-14,Eduardo Camavinga,ES1,1,0,0,0,45
3208718_202984,3208718,202984,1244,366,2019-10-19,Roque Mesa,ES1,1,0,0,0,67
3607622_212391,3607622,212391,3368,2687,2022-01-08,Roger Martí,ES1,0,0,0,1,90
3451063_453704,3451063,453704,5358,368,2020-12-30,Álvaro Fernández,ES1,0,0,0,0,90
3611446_525578,3611446,525578,367,367,2022-04-11,Pathé Ciss,ES1,0,0,0,0,28
4113071_252677,4113071,252677,1050,3368,2023-09-27,José Luis Morales,ES1,0,0,0,0,78
3429834_381362,3429834,381362,405,405,2021-05-09,Wesley Moraes,GB1,0,0,0,0,13
3079324_228917,3079324,228917,5358,3368,2018-09-02,Jorge Miramón,ES1,0,0,0,0,90
2577979_73491,2577979,73491,1003,631,2015-10-03,Danny Drinkwater,GB1,0,0,0,0,90
3592145_184573,3592145,184573,985,405,2022-03-06,Victor Lindelöf,GB1,0,0,0,0,90
3451056_121483,3451056,121483,13,13,2020-12-22,Jan Oblak,ES1,0,0,0,0,90
3838756_184573,3838756,184573,985,405,2023-02-19,Victor Lindelöf,GB1,0,0,0,0,90
2872452_331726,2872452,331726,2288,405,2018-04-14,Tammy Abraham,GB1,0,0,0,0,25
3209976_351809,3209976,351809,681,13,2020-02-22,Robin Le Normand,ES1,0,0,0,0,90
3838016_646738,3838016,646738,180,180,2022-10-01,Juan Larios,GB1,0,0,0,0,60
2872370_14066,2872370,14066,2288,2288,2018-02-03,Wayne Routledge,GB1,0,0,0,0,1
2899829_95641,2899829,95641,1244,1244,2018-03-11,Darko Brasanac,ES1,1,0,0,0,45
3838019_433177,3838019,433177,11,11,2022-10-09,Bukayo Saka,GB1,0,0,2,0,90
2698373_195652,2698373,195652,989,989,2017-05-21,Jordon Ibe,GB1,0,0,0,0,27
3079370_255488,3079370,255488,621,621,2018-09-15,Yeray Álvarez,ES1,1,0,0,0,90
3429700_131978,3429700,131978,405,405,2021-01-30,Ross Barkley,GB1,0,0,1,0,90
3610375_212391,3610375,212391,3368,2687,2022-02-25,Roger Martí,ES1,0,0,0,0,86
4087963_505194,4087963,505194,350,1003,2023-09-02,Luke Thomas,GB1,0,0,0,0,22
2698103_13572,2698103,13572,984,1010,2016-09-17,Ben Foster,GB1,0,0,0,0,90
2899793_121483,2899793,121483,13,13,2018-02-10,Jan Oblak,ES1,0,0,0,0,90
2718717_58330,2718717,58330,1244,16795,2016-08-22,Víctor Díaz,ES1,0,0,1,0,90
3219325_51471,3219325,51471,631,281,2019-12-04,Mateo Kovacic,GB1,1,0,0,0,90
3219167_206225,3219167,206225,762,1039,2020-06-24,Isaac Hayden,GB1,0,0,0,0,86
2577884_4267,2577884,4267,29,29,2015-08-15,Tim Howard,GB1,0,0,0,0,90
3431940_142027,3431940,142027,366,366,2020-09-30,Pablo Hervías,ES1,0,0,0,0,90
3208818_63056,3208818,63056,331,331,2019-12-22,Roberto Torres,ES1,0,0,0,2,90
3050269_263856,3050269,263856,603,150,2018-11-03,Víctor Camarasa,GB1,0,0,0,0,90
2578016_9619,2578016,9619,405,405,2015-11-08,Alan Hutton,GB1,0,0,0,0,90
3450975_72047,3450975,72047,940,940,2020-10-26,Iago Aspas,ES1,0,0,0,0,90
2718843_277093,2718843,277093,2448,2448,2016-12-04,Carlos Castro,ES1,0,0,0,0,9
3592219_319859,3592219,319859,1148,1148,2022-05-02,Mathias Jensen,GB1,0,0,0,0,19
3421751_401320,3421751,401320,984,677,2020-11-08,Dara O'Shea,GB1,0,0,0,0,90
2594581_175449,2594581,175449,3709,331,2015-11-23,Moi Gómez,ES1,0,0,0,0,16
3081112_125781,3081112,125781,13,13,2019-05-12,Antoine Griezmann,ES1,0,0,0,0,90
3219416_128901,3219416,128901,543,1003,2019-09-14,Conor Coady,GB1,0,0,0,0,90
3838244_475188,3838244,475188,1003,29,2022-11-12,Kiernan Dewsbury-Hall,GB1,0,0,0,0,69
4095066_399776,4095066,399776,405,405,2023-09-24,Pau Torres,GB1,0,0,0,0,90
3886507_74294,3886507,74294,368,368,2023-01-21,Nemanja Gudelj,ES1,0,0,0,0,90
3079371_71548,3079371,71548,1533,1533,2018-09-15,Anaitz Arbilla,ES1,0,0,0,0,90
4113159_251897,4113159,251897,621,1108,2023-09-22,Asier Villalibre,ES1,0,0,0,0,19
3429866_46220,3429866,46220,399,399,2021-05-23,Pablo Hernández,GB1,0,0,0,0,70
2486719_98240,2486719,98240,405,762,2015-02-21,Ciaran Clark,GB1,0,0,0,0,90
3219096_90836,3219096,90836,989,703,2020-07-26,Steve Cook,GB1,0,0,0,0,90
2475438_7600,2475438,7600,131,131,2015-03-08,Andrés Iniesta,ES1,0,0,0,0,65
2578045_19368,2578045,19368,148,148,2015-11-22,Mousa Dembélé,GB1,0,0,0,0,90
3429696_66934,3429696,66934,873,703,2021-01-30,Cheikhou Kouyaté,GB1,0,0,0,0,90
3050517_61560,3050517,61560,1003,1003,2019-04-12,Marc Albrighton,GB1,0,0,0,0,10
2899937_531062,2899937,531062,472,472,2017-08-26,Fabio González,ES1,1,0,0,0,65
2594679_57816,2594679,57816,2448,2448,2016-01-22,Alberto Lora,ES1,0,0,0,0,90
3079489_62144,3079489,62144,366,366,2018-12-09,Antoñito,ES1,0,0,1,0,90
3451385_527350,3451385,527350,1049,12321,2021-04-04,Manu Vallejo,ES1,0,0,0,0,17
3837835_578539,3837835,578539,873,873,2022-08-20,Chris Richards,GB1,0,0,0,0,1
2718921_44735,2718921,44735,472,472,2017-02-12,Aythami Artiles,ES1,0,0,0,0,90
3081107_34370,3081107,34370,714,367,2019-05-04,Diego López,ES1,0,0,0,0,90
3431933_339816,3431933,339816,1531,1531,2020-09-26,Tete Morente,ES1,0,0,0,0,90
3607534_237499,3607534,237499,237,1108,2021-10-31,Aleksandar Sedlar,ES1,2,0,0,0,42
3591980_503733,3591980,503733,29,762,2021-11-01,Anthony Gordon,GB1,0,0,0,0,12
3079520_198008,3079520,198008,368,1531,2019-01-06,André Silva,ES1,1,0,0,0,90
2578205_95435,2578205,95435,873,873,2016-04-09,Connor Wickham,GB1,0,0,0,0,11
2594644_286779,2594644,286779,2448,2687,2016-01-04,Jorge Meré,ES1,1,0,0,0,90
3219338_321247,3219338,321247,1123,405,2019-12-01,Emiliano Buendía,GB1,0,0,0,0,7
2475453_182712,2475453,182712,1049,131,2015-03-20,João Cancelo,ES1,0,0,0,0,8
2594669_322917,2594669,322917,2448,2448,2016-01-17,Dani Ndi,ES1,0,0,0,0,45
2698092_27511,2698092,27511,631,873,2016-09-11,Gary Cahill,GB1,0,0,0,0,90
2718872_65318,2718872,65318,1050,237,2017-01-08,Jaume Costa,ES1,2,0,0,0,90
3429746_46220,3429746,46220,399,399,2021-02-27,Pablo Hernández,GB1,1,0,0,0,19
2594747_137174,2594747,137174,897,897,2016-03-05,Alejandro Arribas,ES1,0,0,0,0,90
3451147_255653,3451147,255653,940,940,2021-02-12,Santi Mina,ES1,0,0,2,0,76
2899783_76273,2899783,76273,1108,1108,2018-02-24,Manu García,ES1,0,0,0,0,63
3208817_442805,3208817,442805,237,3302,2019-12-21,Iddrisu Baba,ES1,1,0,0,0,78
3610562_501418,3610562,501418,714,1531,2022-03-20,Adrià Pedrosa,ES1,0,0,0,0,90
3451415_71548,3451415,71548,1533,1533,2021-04-26,Anaitz Arbilla,ES1,0,0,0,0,90
3837991_319301,3837991,319301,931,399,2023-01-12,Daniel James,GB1,0,0,0,0,1
2732966_142033,2732966,142033,1108,131,2017-04-30,Adrián Ortolá,ES1,0,0,0,0,90
2698250_111455,2698250,111455,11,289,2017-01-03,Granit Xhaka,GB1,0,0,0,1,90
2872373_38145,2872373,38145,1010,1010,2018-02-05,Adrian Mariappa,GB1,0,0,0,0,90
2698127_48950,2698127,48950,641,641,2016-10-16,Jordan Rhodes,GB1,0,0,0,0,2
3592255_82873,3592255,82873,1237,1237,2022-04-16,Pascal Groß,GB1,0,0,0,0,90
2718764_20346,2718764,20346,16795,16795,2016-09-26,David Barral,ES1,0,0,0,0,90
2594834_71394,2594834,71394,2448,2448,2016-05-08,Carlos Carmona,ES1,0,0,0,1,59
2475453_76746,2475453,76746,1531,3709,2015-03-20,Damián Suárez,ES1,1,0,0,0,90
2486679_50362,2486679,50362,405,29,2015-01-17,Fabian Delph,GB1,0,0,0,0,90
2697992_234803,2697992,234803,3008,31,2016-08-13,Andrew Robertson,GB1,0,0,0,0,90
2594705_221899,2594705,221899,1050,3302,2016-02-13,Léo Baptistão,ES1,0,0,0,1,87
2697993_27114,2697993,27114,289,1010,2016-08-13,Younès Kaboul,GB1,0,0,0,0,90
3210115_342385,3210115,342385,150,1049,2020-07-08,Guido Rodríguez,ES1,0,0,1,0,90
3050373_294057,3050373,294057,1003,148,2019-01-12,James Maddison,GB1,1,0,0,0,90
3079433_34601,3079433,34601,621,621,2018-10-27,Raúl García,ES1,0,0,0,0,90
2899703_221322,2899703,221322,1049,1049,2017-12-16,José Gayà,ES1,0,0,0,0,45
3421830_29692,3421830,29692,379,379,2020-12-29,Lukasz Fabianski,GB1,0,0,0,0,90
3837841_135343,3837841,135343,762,762,2022-08-21,Fabian Schär,GB1,1,0,0,0,90
2718864_81999,2718864,81999,897,418,2016-12-18,Joselu,ES1,0,0,0,0,10
3592020_340918,3592020,340918,31,1148,2021-10-16,Caoimhín Kelleher,GB1,0,0,0,0,90
2486793_13520,2486793,13520,29,350,2015-04-18,Phil Jagielka,GB1,0,0,0,0,90
3210142_67090,3210142,67090,714,714,2020-07-16,Dídac Vilà,ES1,1,0,0,0,90
3050219_262980,3050219,262980,989,873,2018-09-22,Jefferson Lerma,GB1,0,0,0,0,90
3081100_175449,3081100,175449,5358,331,2019-04-28,Moi Gómez,ES1,0,0,0,1,90
3210095_203496,3210095,203496,150,150,2020-07-01,Nabil Fekir,ES1,2,0,0,0,45
3079519_338285,3079519,338285,621,1049,2019-01-07,Unai Núñez,ES1,0,0,0,0,90
3429714_534033,3429714,534033,1237,31,2021-02-06,Alexis Mac Allister,GB1,0,0,0,0,90
3611484_525578,3611484,525578,367,367,2022-05-08,Pathé Ciss,ES1,1,0,0,0,45
3583481_477758,3583481,477758,985,379,2021-08-14,Aaron Wan-Bissaka,GB1,0,0,0,0,90
3429719_181579,3429719,181579,180,1132,2021-02-06,James Ward-Prowse,GB1,0,0,1,0,90
3607570_724520,3607570,724520,131,150,2021-11-27,Abde Ezzalzouli,ES1,0,0,0,0,66
2899748_34370,2899748,34370,714,367,2018-02-04,Diego López,ES1,0,0,0,0,90
2698345_95810,2698345,95810,148,762,2017-04-08,Kieran Trippier,GB1,0,0,0,1,90
2899697_249513,2899697,249513,1244,3709,2018-02-21,Diego Rico,ES1,1,0,0,0,90
2594531_40423,2594531,40423,131,150,2015-10-03,Claudio Bravo,ES1,0,0,0,0,90
3050187_88590,3050187,88590,11,3368,2018-08-25,Shkodran Mustafi,GB1,0,0,0,0,90
3838654_983989,3838654,983989,1237,399,2023-04-26,Facundo Buonanotte,GB1,0,0,1,0,88
3838273_253677,3838273,253677,405,405,2023-01-04,Tyrone Mings,GB1,0,0,0,1,90
3837853_175446,3837853,175446,543,1108,2022-08-28,Jonny Otto,GB1,0,0,0,0,90
3844552_108390,3844552,108390,418,418,2023-06-04,Thibaut Courtois,ES1,0,0,0,0,90
3421802_26399,3421802,26399,281,131,2020-12-15,Sergio Agüero,GB1,0,0,0,0,14
3219370_33027,3219370,33027,1123,1031,2019-11-02,Tim Krul,GB1,0,0,0,0,90
3886469_95641,3886469,95641,331,1244,2022-12-31,Darko Brasanac,ES1,0,0,0,0,24
3421827_182712,3421827,182712,281,131,2021-02-17,João Cancelo,GB1,0,0,0,0,90
2578235_73491,2578235,73491,1003,631,2016-04-17,Danny Drinkwater,GB1,0,0,0,0,90
2698406_34691,2698406,34691,1132,1132,2017-05-13,Stephen Ward,GB1,0,0,0,0,90
3429809_183288,3429809,183288,985,985,2021-04-18,Luke Shaw,GB1,0,0,0,0,90
2475494_252677,2475494,252677,3368,3368,2015-04-17,José Luis Morales,ES1,0,0,0,0,90
3050189_148262,3050189,148262,1132,762,2018-08-26,Jeff Hendrick,GB1,0,0,1,0,90
2718771_95641,2718771,95641,150,1244,2016-09-30,Darko Brasanac,ES1,1,0,0,0,45
2899641_129444,2899641,129444,714,12321,2017-10-30,David López,ES1,1,0,0,0,90
2872271_67063,2872271,67063,11,1237,2017-12-10,Danny Welbeck,GB1,0,0,0,0,26
3838014_314353,3838014,314353,31,418,2022-10-01,Trent Alexander-Arnold,GB1,1,0,0,0,90
3592273_135343,3592273,135343,762,762,2022-02-08,Fabian Schär,GB1,1,0,0,0,90
3431922_15956,3431922,15956,368,368,2021-03-17,Jesús Navas,ES1,0,0,0,0,90
3451099_257376,3451099,257376,16795,3709,2021-01-20,Domingos Duarte,ES1,1,0,0,0,90
3080787_52469,3080787,52469,621,621,2019-02-02,Mikel San José,ES1,0,0,0,0,45
3886519_30321,3886519,30321,367,367,2023-01-30,Óscar Trejo,ES1,0,0,0,1,78
3592188_43530,3592188,43530,1237,180,2021-12-29,Adam Lallana,GB1,0,0,0,0,90
2899745_40888,2899745,40888,621,621,2018-01-19,Beñat Etxebarria,ES1,0,0,0,0,29
2899817_25557,2899817,25557,418,368,2018-03-03,Sergio Ramos,ES1,0,0,0,0,90
3611487_162056,3611487,162056,3368,3302,2022-05-06,Gonzalo Melero,ES1,0,0,1,0,28
2698356_121279,2698356,121279,2288,2288,2017-05-06,Tom Carroll,GB1,0,0,0,0,90
3886569_538996,3886569,538996,368,368,2023-03-04,Tanguy Nianzou,ES1,0,0,0,0,90
3451180_252677,3451180,252677,3368,3368,2021-02-26,José Luis Morales,ES1,0,0,0,0,73
2718984_67082,2718984,67082,368,13,2017-03-19,Vitolo,ES1,0,0,0,0,90
3421703_111455,3421703,111455,11,289,2020-10-04,Granit Xhaka,GB1,0,0,0,0,9
3610434_390688,3610434,390688,3709,3709,2022-03-12,Juan Iglesias,ES1,0,0,0,0,22
3050395_42412,3050395,42412,1003,985,2019-01-30,Jonny Evans,GB1,0,0,0,0,90
2475428_128295,2475428,128295,367,367,2015-02-28,Tito,ES1,0,0,0,0,90
3592191_3333,3592191,3333,31,1237,2022-02-23,James Milner,GB1,0,0,0,0,13
3886665_225593,3886665,225593,1531,714,2023-05-02,Pere Milla,ES1,0,0,0,0,68
2698282_118534,2698282,118534,1132,29,2017-01-14,Michael Keane,GB1,0,0,0,0,90
4087931_328658,4087931,328658,1148,1148,2023-08-13,Kristoffer Ajer,GB1,0,0,0,0,84
2475364_193098,2475364,193098,367,12321,2015-01-17,Álex Moreno,ES1,0,0,0,0,30
3844088_340205,3844088,340205,621,621,2022-08-15,Gorka Guruzeta,ES1,0,0,0,0,20
3838751_495666,3838751,495666,11,11,2023-02-18,William Saliba,GB1,0,0,0,0,90
2872346_49755,2872346,49755,1237,1132,2018-01-20,Dale Stephens,GB1,0,0,0,0,90
4113102_226012,4113102,226012,3709,3709,2023-11-11,David Soria,ES1,0,0,0,0,90
3450989_401922,3450989,401922,1050,931,2020-11-02,Samuel Chukwueze,ES1,0,0,1,0,64
3838193_105470,3838193,105470,31,31,2022-10-22,Alisson,GB1,0,0,0,0,90
3886552_256267,3886552,256267,237,237,2023-02-18,Vedat Muriqi,ES1,0,0,1,1,81
3208748_298589,3208748,298589,331,331,2019-10-31,David García,ES1,1,0,0,0,90
3607590_361254,3607590,361254,368,1531,2021-12-11,Rafa Mir,ES1,0,0,0,0,78
2899600_127048,2899600,127048,1050,150,2017-09-24,Cédric Bakambu,ES1,1,0,0,0,60
3451465_95810,3451465,95810,13,762,2021-05-16,Kieran Trippier,ES1,0,0,0,0,90
3431936_94308,3431936,94308,1533,714,2020-09-30,Marko Dmitrovic,ES1,0,0,0,0,90
3081088_459463,3081088,459463,5358,150,2019-04-23,Cucho Hernández,ES1,0,0,0,0,75
3431938_169497,3431938,169497,331,331,2021-01-12,Juan Cruz,ES1,0,0,0,0,90
2486728_50174,2486728,50174,148,1010,2015-02-22,Danny Rose,GB1,0,0,1,0,90
2578116_43003,2578116,43003,11,681,2016-02-02,Nacho Monreal,GB1,0,0,0,0,90
2594739_142031,2594739,142031,2448,237,2016-03-03,Omar Mascarell,ES1,1,0,0,0,90
2578180_40611,2578180,40611,180,1003,2016-03-12,Ryan Bertrand,GB1,0,0,0,0,90
3080763_67808,3080763,67808,12321,12321,2019-01-20,Borja García,ES1,0,0,0,0,90
3451446_189452,3451446,189452,5358,5358,2021-05-08,Gastón Silva,ES1,0,0,0,0,85
3421752_258878,3421752,258878,931,631,2020-11-07,Tosin Adarabioyo,GB1,0,0,0,0,90
3079534_210143,3079534,210143,5358,5358,2019-01-12,Álex Gallar,ES1,0,0,0,0,28
3208799_140436,3208799,140436,714,714,2019-12-07,Lei Wu,ES1,0,0,0,0,65
3421838_425334,3421838,425334,405,405,2021-01-01,Matty Cash,GB1,0,0,0,0,90
3451429_67548,3451429,67548,3368,16795,2021-04-18,Rubén Rochina,ES1,0,0,0,0,71
2698177_82105,2698177,82105,31,31,2016-11-26,Joel Matip,GB1,0,0,0,0,90
3429707_177907,3429707,177907,985,985,2021-02-02,Harry Maguire,GB1,1,0,0,0,90
3421798_54383,3421798,54383,350,350,2020-12-17,John Fleck,GB1,0,0,0,0,90
3050259_72476,3050259,72476,11,931,2018-10-28,Bernd Leno,GB1,0,0,0,0,90
3208677_189453,3208677,189453,1244,3709,2019-09-22,Jonathan Silva,ES1,0,0,0,0,90
2718830_73250,2718830,73250,1050,1050,2016-11-27,Mario Gaspar,ES1,0,0,0,0,90
3219156_348795,3219156,348795,148,150,2020-07-19,Giovani Lo Celso,GB1,0,0,0,0,77
3050257_128969,3050257,128969,1237,3368,2018-10-27,Mathew Ryan,GB1,0,0,0,0,90
3611493_422460,3611493,422460,3368,1049,2022-05-12,Dani Gómez,ES1,0,0,0,0,57
3420839_54383,3420839,54383,350,350,2020-09-21,John Fleck,GB1,0,0,0,0,63
3429784_406040,3429784,406040,931,13,2021-04-04,Ademola Lookman,GB1,0,0,0,0,47
2578268_24589,2578268,24589,1123,1123,2016-05-07,Wes Hoolahan,GB1,0,0,0,0,90
3605057_177847,3605057,177847,681,368,2021-08-22,Adnan Januzaj,ES1,0,0,0,0,13
3219374_52495,3219374,52495,350,350,2019-10-26,Chris Basham,GB1,0,0,0,0,90
3451106_127554,3451106,127554,366,366,2021-01-22,Nacho Martínez,ES1,0,0,0,0,90
3605057_240360,3605057,240360,367,367,2021-08-22,Esteban Saveljich,ES1,0,0,0,0,90
2578028_61819,2578028,61819,989,989,2015-11-21,Charlie Daniels,GB1,0,0,0,0,90
3607613_357162,3607613,357162,3709,1132,2022-01-02,Florentino,ES1,0,0,0,0,16
3611518_149231,3611518,149231,1531,1531,2022-05-22,Fidel,ES1,0,0,0,1,30
3838016_181579,3838016,181579,180,1132,2022-10-01,James Ward-Prowse,GB1,0,0,0,0,90
4095156_258889,4095156,258889,989,148,2023-10-21,Dominic Solanke,GB1,0,0,1,0,85
4095175_292246,4095175,292246,543,543,2023-10-28,Hee-chan Hwang,GB1,0,0,1,0,90
2872217_65976,2872217,65976,984,984,2017-11-04,Hal Robson-Kanu,GB1,0,0,0,0,59
3429718_118534,3429718,118534,29,29,2021-02-06,Michael Keane,GB1,1,0,0,1,90
4113056_341278,4113056,341278,12321,12321,2023-10-07,Iván Martín,ES1,0,0,0,0,88
3219307_215876,3219307,215876,1003,1003,2019-12-21,Ricardo Pereira,GB1,0,0,0,0,90
3886562_557147,3886562,557147,714,714,2023-02-25,José Gragera,ES1,1,0,0,0,19
3429847_314183,3429847,314183,984,984,2021-05-16,Karlan Grant,GB1,0,0,0,0,8
4087936_204103,4087936,204103,931,379,2023-08-19,Adama Traoré,GB1,0,0,0,0,4
3050555_584769,3050555,584769,1132,29,2019-05-03,Dwight McNeil,GB1,0,0,0,0,21
3885855_412363,3885855,412363,418,418,2022-09-03,Rodrygo,ES1,0,0,1,0,80
2872475_36939,2872475,36939,989,989,2018-05-05,Marc Pugh,GB1,0,0,0,0,78
4087927_344830,4087927,344830,1031,1031,2023-08-12,Tahith Chong,GB1,0,0,0,0,88
3208720_139435,3208720,139435,237,237,2019-10-19,Dani Rodríguez,ES1,0,0,0,0,90
3209962_342385,3209962,342385,150,1049,2020-02-16,Guido Rodríguez,ES1,1,0,0,0,45
3610573_251106,3610573,251106,3709,989,2022-04-02,Enes Ünal,ES1,1,0,0,0,90
3838615_391005,3838615,391005,1148,180,2023-05-14,Mads Roerslev,GB1,0,0,0,0,5
2899929_138927,2899929,138927,418,418,2017-08-27,Daniel Carvajal,ES1,1,0,0,0,90
2594695_51587,2594695,51587,3709,1533,2016-02-05,Pedro León,ES1,0,0,0,0,90
3079531_257062,3079531,257062,367,367,2019-01-11,Álvaro García,ES1,0,0,0,0,29
4087946_262980,4087946,262980,873,873,2023-08-26,Jefferson Lerma,GB1,0,0,0,0,90
3219379_294057,3219379,294057,1003,148,2019-10-25,James Maddison,GB1,0,0,1,0,90
2577965_15956,2577965,15956,281,368,2015-09-19,Jesús Navas,GB1,0,0,0,0,90
2698251_92571,2698251,92571,379,379,2017-01-21,Aaron Cresswell,GB1,0,0,0,0,90
3838007_525247,3838007,525247,543,379,2022-09-17,Maximilian Kilman,GB1,0,0,0,0,90
2594648_52469,2594648,52469,621,621,2016-01-03,Mikel San José,ES1,0,0,0,0,90
3592225_108725,3592225,108725,762,703,2022-02-13,Chris Wood,GB1,0,0,0,0,90
2594582_26066,2594582,26066,1533,1533,2015-11-22,Iván Ramis,ES1,0,0,0,0,16
2698288_37011,2698288,37011,2288,2288,2017-02-05,Nathan Dyer,GB1,0,0,0,0,15
2594788_121483,2594788,121483,13,13,2016-04-09,Jan Oblak,ES1,0,0,0,0,90
3219327_128901,3219327,128901,543,1003,2019-12-08,Conor Coady,GB1,0,0,0,0,90
3886602_298575,3886602,298575,331,331,2023-03-31,Kike Barja,ES1,0,0,0,0,90
3837975_357885,3837975,357885,379,150,2022-09-03,Pablo Fornals,GB1,0,0,0,0,86
3050224_314353,3050224,314353,31,418,2018-09-22,Trent Alexander-Arnold,GB1,0,0,0,1,90
3421742_487465,3421742,487465,543,631,2020-10-30,Pedro Neto,GB1,0,0,0,1,76
4113097_177467,4113097,177467,1050,1050,2023-11-26,Gerard Moreno,ES1,0,0,0,1,79
4087942_357885,4087942,357885,379,150,2023-08-20,Pablo Fornals,GB1,0,0,0,0,14
3886367_85295,3886367,85295,367,367,2022-10-22,Iván Balliu,ES1,0,0,0,0,90
3838763_357565,3838763,357565,281,281,2023-02-12,Rodri,GB1,0,0,1,0,90
3210088_154059,3210088,154059,1533,1533,2020-06-28,Charles,ES1,0,0,0,0,15
4095160_451276,4095160,451276,31,31,2023-10-21,Dominik Szoboszlai,GB1,0,0,0,0,90
2718891_63689,2718891,63689,1533,1533,2017-01-22,Fran Rico,ES1,0,0,0,0,16
4113095_552425,4113095,552425,331,331,2023-08-27,Jon Moncayola,ES1,1,0,0,0,23
2698132_87672,2698132,87672,989,989,2016-10-15,Junior Stanislas,GB1,0,0,2,1,90
3219373_128900,3219373,128900,1010,931,2019-10-26,Nathaniel Chalobah,GB1,0,0,0,0,57
2698137_6636,2698137,6636,1003,1003,2016-12-03,Christian Fuchs,GB1,1,0,0,0,90
3838276_392775,3838276,392775,148,931,2023-01-04,Ryan Sessegnon,GB1,0,0,0,0,13
3607603_93935,3607603,93935,16795,366,2021-12-19,Sergio Escudero,ES1,0,0,0,0,22
3210040_223725,3210040,223725,368,1244,2020-06-15,Munir El Haddadi,ES1,0,0,0,1,63
3591955_578391,3591955,578391,543,281,2021-11-06,Rayan Aït-Nouri,GB1,0,0,0,0,90
3592119_29692,3592119,29692,379,379,2022-01-16,Lukasz Fabianski,GB1,0,0,0,0,90
2872132_39679,2872132,39679,985,985,2017-08-19,Marouane Fellaini,GB1,0,0,0,0,15
2872216_14221,2872216,14221,29,1132,2017-11-05,Aaron Lennon,GB1,0,0,0,1,5
3050312_263856,3050312,263856,603,150,2018-12-04,Víctor Camarasa,GB1,0,0,0,0,90
2698179_27511,2698179,27511,631,873,2016-11-20,Gary Cahill,GB1,0,0,0,0,90
3209807_221150,3209807,221150,3709,3709,2020-02-08,Dakonam Djené,ES1,0,0,0,0,90
2872386_5658,2872386,5658,11,11,2018-03-01,Petr Cech,GB1,0,0,0,0,90
2578076_59606,2578076,59606,1010,1010,2015-12-20,Craig Cathcart,GB1,0,0,0,0,90
2872192_121279,2872192,121279,2288,2288,2017-10-14,Tom Carroll,GB1,0,0,0,1,90
4095193_244338,4095193,244338,1031,1031,2023-11-11,Pelly Ruddock Mpanzu,GB1,0,0,0,0,5
3592276_111455,3592276,111455,11,289,2022-05-01,Granit Xhaka,GB1,0,0,0,0,90
2578222_13573,2578222,13573,989,989,2016-01-02,Simon Francis,GB1,0,1,0,0,57
2577858_3160,2577858,3160,631,631,2015-08-08,John Terry,GB1,1,0,0,0,90
3421735_260827,3421735,260827,931,931,2020-11-02,Joachim Andersen,GB1,0,0,0,0,90
2698335_3547,2698335,3547,984,512,2017-02-25,Darren Fletcher,GB1,0,0,0,0,90
2872431_101682,2872431,101682,1110,1110,2018-03-31,Scott Malone,GB1,0,0,0,0,4
3420843_396174,3420843,396174,1132,1039,2020-09-20,Jimmy Dunne,GB1,0,0,1,0,90
3607544_358250,3607544,358250,940,940,2021-11-06,Joseph Aidoo,ES1,0,0,0,0,90
3451057_374139,3451057,374139,131,150,2020-12-22,Junior Firpo,ES1,0,0,0,0,19
2718929_39907,2718929,39907,714,1533,2017-02-18,Pape Diop,ES1,1,0,0,0,90
3451478_212391,3451478,212391,3368,2687,2021-05-21,Roger Martí,ES1,0,0,1,1,90
3451476_459463,3451476,459463,3709,150,2021-05-23,Cucho Hernández,ES1,0,0,0,0,26
3079467_150948,3079467,150948,1244,1533,2018-11-23,Recio,ES1,0,0,0,0,39
2486671_10642,2486671,10642,762,762,2015-01-10,Mike Williamson,GB1,1,0,0,0,90
3429862_51321,3429862,51321,379,989,2021-05-19,Darren Randolph,GB1,0,0,0,0,90
3050307_253677,3050307,253677,989,405,2018-12-04,Tyrone Mings,GB1,0,0,0,0,1
3451115_203496,3451115,203496,150,150,2021-02-01,Nabil Fekir,ES1,0,0,0,0,90
3208771_59561,3208771,59561,1049,1050,2019-11-09,Dani Parejo,ES1,0,0,0,0,90
3429750_13520,3429750,13520,350,350,2021-02-28,Phil Jagielka,GB1,0,0,0,0,56
2475390_59561,2475390,59561,1049,1050,2015-02-08,Dani Parejo,ES1,0,0,0,1,90
4113104_111961,4113104,111961,368,368,2023-11-04,Suso,ES1,0,0,0,0,20
3886612_412363,3886612,412363,418,418,2023-04-08,Rodrygo,ES1,0,0,0,0,90
2486738_92571,2486738,92571,379,379,2015-02-28,Aaron Cresswell,GB1,0,0,0,0,90
3421787_357662,3421787,357662,379,11,2020-12-11,Declan Rice,GB1,0,0,0,0,90
3219294_168157,3219294,168157,543,2497,2019-12-29,Leander Dendoncker,GB1,0,0,0,0,58
3844554_226012,3844554,226012,3709,3709,2023-06-04,David Soria,ES1,0,0,0,0,90
3219319_173504,3219319,173504,1132,29,2019-12-07,James Tarkowski,GB1,0,0,0,0,90
3592230_340329,3592230,340329,762,762,2022-04-20,Joe Willock,GB1,0,0,0,0,13
2899812_63723,2899812,63723,1533,1533,2018-03-03,David Lombán,ES1,0,0,0,0,90
2718888_192009,2718888,192009,1244,367,2017-01-21,Unai López,ES1,0,0,0,0,17
3219175_277033,3219175,277033,989,989,2020-06-24,David Brooks,GB1,1,0,0,0,66
2899733_59344,2899733,59344,681,681,2018-01-21,Asier Illarramendi,ES1,0,0,0,0,90
3592006_148455,3592006,148455,31,31,2021-10-03,Mohamed Salah,GB1,0,0,1,1,90
2578225_191217,2578225,191217,11,150,2015-12-28,Héctor Bellerín,GB1,0,0,0,0,90
3886634_82503,3886634,82503,331,367,2023-04-22,Aridane Hernández,ES1,1,0,0,0,90
2899817_85288,2899817,85288,418,150,2018-03-03,Isco,ES1,0,0,0,1,90
2899647_121483,2899647,121483,13,13,2017-10-28,Jan Oblak,ES1,0,0,0,0,90
2578042_42413,2578042,42413,29,289,2015-11-21,Darron Gibson,GB1,0,0,0,0,6
4112867_331496,4112867,331496,12321,237,2023-12-21,Valery Fernández,ES1,0,0,0,0,11
3219308_319301,3219308,319301,985,399,2019-12-15,Daniel James,GB1,0,0,0,1,86
3610566_525578,3610566,525578,367,367,2022-03-19,Pathé Ciss,ES1,0,0,0,0,28
2899560_221899,2899560,221899,714,3302,2017-08-19,Léo Baptistão,ES1,1,0,1,0,90
4087945_272622,4087945,272622,931,931,2023-08-26,Issa Diop,GB1,0,0,0,0,90
3080836_378293,3080836,378293,5358,681,2019-03-09,Yangel Herrera,ES1,0,0,0,0,90
2594654_129753,2594654,129753,3709,1531,2016-01-09,Víctor Rodríguez,ES1,0,0,0,0,79
3886560_636093,3886560,636093,940,940,2023-02-26,Carlos Domínguez,ES1,0,0,0,0,16
3050169_477758,3050169,477758,873,379,2018-08-11,Aaron Wan-Bissaka,GB1,0,0,0,1,90
3209803_131667,3209803,131667,16795,16795,2020-02-08,Ramon Azeez,ES1,0,0,0,0,90
3080887_35541,3080887,35541,5358,5358,2019-04-13,Roberto Santamaría,ES1,0,0,0,0,90
2719020_45383,2719020,45383,1050,331,2017-04-17,Adrián López,ES1,0,0,0,0,67
3080840_65331,3080840,65331,366,366,2019-03-10,Míchel Herrero,ES1,0,0,0,0,90
3219380_128901,3219380,128901,543,1003,2019-10-27,Conor Coady,GB1,0,0,0,0,90
4095257_48002,4095257,48002,379,379,2023-12-28,Angelo Ogbonna,GB1,0,0,0,0,90
3208753_142021,3208753,142021,714,237,2019-11-02,Sergi Darder,ES1,0,0,0,0,78
3837835_425334,3837835,425334,405,405,2022-08-20,Matty Cash,GB1,0,0,0,0,90
2872234_85935,2872234,85935,984,984,2017-11-18,James McClean,GB1,0,0,0,0,6
4087954_477758,4087954,477758,985,379,2023-09-03,Aaron Wan-Bissaka,GB1,0,0,0,0,90
3886367_380598,3886367,380598,367,1050,2022-10-22,Santi Comesaña,ES1,0,0,0,0,81
2594525_34870,2594525,34870,1050,3368,2015-09-26,Roberto Soldado,ES1,1,0,0,1,90
3219309_258919,3219309,258919,350,873,2019-12-14,Dean Henderson,GB1,0,0,0,0,90
3592146_217115,3592146,217115,1237,368,2022-03-05,Neal Maupay,GB1,0,0,0,0,31
3611503_405398,3611503,405398,237,681,2022-05-15,Takefusa Kubo,ES1,0,0,0,0,26
3451415_289236,3451415,289236,681,681,2021-04-26,Jon Bautista,ES1,0,0,0,0,17
3080855_102423,3080855,102423,3709,714,2019-03-30,Leandro Cabrera,ES1,0,0,0,0,90
2698250_191217,2698250,191217,11,150,2017-01-03,Héctor Bellerín,GB1,1,0,0,0,90
4113127_844637,4113127,844637,3302,13,2023-08-19,Marc Pubill,ES1,0,0,0,0,69
2475399_35540,2475399,35540,3368,3368,2015-02-07,Víctor Casadesús,ES1,0,0,0,0,11
3605301_63056,3605301,63056,331,331,2021-10-02,Roberto Torres,ES1,0,0,0,0,67
2718827_59561,2718827,59561,1049,1050,2016-11-20,Dani Parejo,ES1,0,0,0,1,90
3219246_262980,3219246,262980,989,873,2020-01-18,Jefferson Lerma,GB1,0,0,0,0,78
3451152_169497,3451152,169497,331,331,2021-02-14,Juan Cruz,ES1,0,0,0,0,90
3219144_217115,3219144,217115,1237,368,2020-06-20,Neal Maupay,GB1,0,0,1,0,90
4113116_411295,4113116,411295,131,131,2023-11-12,Raphinha,ES1,0,0,0,0,27
2475529_55240,2475529,55240,3302,1244,2015-05-04,Mauro dos Santos,ES1,2,0,0,0,76
2594558_34601,2594558,34601,621,621,2015-10-26,Raúl García,ES1,0,0,0,0,90
2698238_177847,2698238,177847,289,368,2016-12-10,Adnan Januzaj,GB1,0,0,0,0,35
3219432_78959,3219432,78959,873,873,2019-08-24,Martin Kelly,GB1,0,0,0,0,90
3592167_363205,3592167,363205,281,11,2022-04-02,Gabriel Jesus,GB1,0,0,0,0,26
2486844_43266,2486844,43266,3008,3008,2015-05-24,Stephen Quinn,GB1,1,0,0,0,90
2718866_58074,2718866,58074,681,681,2016-12-17,Carlos Martínez,ES1,0,0,0,0,60
3592251_249126,3592251,249126,148,1003,2022-04-03,Harry Winks,GB1,0,0,0,0,15
3208787_57825,3208787,57825,3709,16795,2019-12-01,Jorge Molina,ES1,0,0,1,0,79
3050268_184573,3050268,184573,985,405,2018-11-03,Victor Lindelöf,GB1,0,0,0,0,90
2718831_221899,2718831,221899,714,3302,2016-11-26,Léo Baptistão,ES1,0,0,0,1,70
3451163_242497,3451163,242497,1108,1108,2021-02-21,Pere Pons,ES1,0,0,0,0,20
2899820_71905,2899820,71905,3368,3368,2018-04-08,Coke,ES1,2,0,1,0,86
3605206_281989,3605206,281989,16795,3709,2021-09-20,Luis Milla,ES1,0,0,0,0,90
2486690_3163,2486690,3163,281,281,2015-01-31,Frank Lampard,GB1,0,0,0,0,13
2872464_13572,2872464,13572,984,1010,2018-04-21,Ben Foster,GB1,0,0,0,0,90
3886288_125781,3886288,125781,13,13,2022-10-01,Antoine Griezmann,ES1,0,0,0,0,29
3886689_640428,3886689,640428,418,418,2023-05-21,Eduardo Camavinga,ES1,0,0,0,0,45
2698106_37526,2698106,37526,379,379,2016-09-25,Winston Reid,GB1,1,0,0,0,90
3219245_346478,3219245,346478,148,148,2020-01-18,Japhet Tanganga,GB1,1,0,0,0,90
3429733_72476,3429733,72476,11,931,2021-02-21,Bernd Leno,GB1,0,0,0,0,90
2899654_37917,2899654,37917,1244,1244,2017-11-18,Nabil El Zhar,ES1,0,0,0,0,90
3607620_646740,3607620,646740,131,131,2022-01-08,Gavi,ES1,2,0,0,0,79
4113121_401624,4113121,401624,3302,3302,2023-12-03,Edgar González,ES1,0,0,0,0,90
3050239_74300,3050239,74300,873,873,2018-10-06,Luka Milivojevic,GB1,0,0,0,0,90
3592102_73484,3592102,73484,1010,1010,2022-02-19,Tom Cleverley,GB1,0,0,0,0,90
2475484_52469,2475484,52469,621,621,2015-04-12,Mikel San José,ES1,0,0,0,0,90
3610276_494880,3610276,494880,3709,931,2022-01-20,Jorge Cuenca,ES1,0,0,0,0,90
3838598_188077,3838598,188077,989,989,2023-05-28,Ryan Christie,GB1,0,0,0,0,65
4113117_314678,4113117,314678,418,418,2023-09-24,Brahim Díaz,ES1,0,0,0,0,20
3050241_10003,3050241,10003,1003,1003,2018-10-06,Wes Morgan,GB1,2,0,0,0,63
2578271_131996,2578271,131996,631,289,2016-04-16,Bertrand Traoré,GB1,0,0,0,0,20
3592157_324358,3592157,324358,405,405,2022-03-19,Ollie Watkins,GB1,0,0,0,0,82
3450998_15956,3450998,15956,368,368,2020-11-07,Jesús Navas,ES1,0,0,0,0,45
3451080_338285,3451080,338285,621,1049,2021-03-10,Unai Núñez,ES1,0,0,0,0,90
2475434_121990,2475434,121990,3302,11,2015-03-07,Wellington Silva,ES1,0,0,0,0,87
2578148_66100,2578148,66100,180,12321,2016-02-27,Oriol Romeu,GB1,0,0,0,0,90
3219284_38145,3219284,38145,1010,1010,2019-12-26,Adrian Mariappa,GB1,0,0,0,0,90
3081087_448344,3081087,448344,714,16795,2019-04-24,Óscar Melendo,ES1,0,0,0,0,90
2872377_177476,2872377,177476,989,281,2018-02-11,Nathan Aké,GB1,0,0,0,0,90
3451001_7663,3451001,7663,150,150,2020-11-23,Joaquín,ES1,0,0,0,0,71
3219146_181579,3219146,181579,180,1132,2020-07-19,James Ward-Prowse,GB1,1,0,0,0,90
3838783_29692,3838783,29692,379,379,2023-01-21,Lukasz Fabianski,GB1,0,0,0,0,90
2486789_44792,2486789,44792,11,984,2015-05-20,Kieran Gibbs,GB1,0,0,0,0,90
4113143_81999,4113143,81999,418,418,2023-10-21,Joselu,ES1,0,0,0,0,11
3592304_468002,3592304,468002,379,677,2022-01-01,Ben Johnson,GB1,1,0,0,0,45
2594661_71559,2594661,71559,621,3709,2016-01-17,Xabi Etxeita,ES1,0,0,0,0,90
4095211_146310,4095211,146310,31,31,2023-12-03,Wataru Endo,GB1,0,0,1,0,7
2719082_44735,2719082,44735,472,472,2017-05-20,Aythami Artiles,ES1,0,0,0,0,90
3429866_251912,3429866,251912,984,3008,2021-05-23,Semi Ajayi,GB1,0,0,0,0,90
3592187_583189,3592187,583189,985,762,2022-05-07,Anthony Elanga,GB1,0,0,0,0,45
2718718_225020,2718718,225020,418,1108,2016-08-27,Mariano Díaz,ES1,0,0,0,0,13
3079371_121483,3079371,121483,13,13,2018-09-15,Jan Oblak,ES1,0,0,0,0,90
3219071_314353,3219071,314353,31,418,2019-09-22,Trent Alexander-Arnold,GB1,1,0,1,0,90
3451378_118997,3451378,118997,3368,331,2021-03-19,Aitor Fernández,ES1,0,0,0,0,90
2486727_66219,2486727,66219,2288,2288,2015-02-21,Kyle Naughton,GB1,0,0,0,0,90
2718733_221322,2718733,221322,1049,1049,2016-09-11,José Gayà,ES1,0,0,0,0,45
3583521_73484,3583521,73484,1010,1010,2021-08-21,Tom Cleverley,GB1,0,0,0,0,90
3080817_199369,3080817,199369,681,472,2019-02-25,Sandro Ramírez,ES1,0,0,0,0,90
4095264_123682,4095264,123682,762,379,2023-12-26,Callum Wilson,GB1,0,0,0,0,35
3605285_225015,3605285,225015,2687,2687,2021-09-26,Carlos Akapo,ES1,0,0,0,0,77
4095163_236490,4095163,236490,703,703,2023-10-21,Ola Aina,GB1,0,0,0,0,2
2486795_67355,2486795,67355,2288,29,2015-04-18,Ashley Williams,GB1,0,0,0,0,90
3451029_568157,3451029,568157,1050,873,2020-12-06,Yéremy Pino,ES1,0,0,0,0,12
2594709_188838,2594709,188838,150,366,2016-02-13,Bruno González,ES1,0,0,0,0,90
3837819_487465,3837819,487465,543,631,2022-08-06,Pedro Neto,GB1,0,0,0,0,90
3886494_111961,3886494,111961,368,368,2023-01-14,Suso,ES1,0,0,0,0,10
2718778_73250,2718778,73250,1050,1050,2016-10-16,Mario Gaspar,ES1,0,0,0,0,90
2578021_34409,2578021,34409,873,873,2015-11-08,Joe Ledley,GB1,0,0,0,0,11
2698370_76799,2698370,76799,1010,1010,2017-05-01,Miguel Britos,GB1,0,0,0,0,19
2698360_61592,2698360,61592,873,873,2017-05-14,James Tomkins,GB1,0,0,0,0,86
2872207_209212,2872207,209212,1237,1237,2017-10-29,Solly March,GB1,0,0,0,0,3
3219184_333014,3219184,333014,350,931,2020-06-24,Sander Berge,GB1,0,0,0,0,45
2594624_23338,2594624,23338,1533,1533,2015-12-19,Asier Riesgo,ES1,1,0,0,0,90
3605331_262939,3605331,262939,1531,237,2021-10-23,Johan Mojica,ES1,0,0,0,0,90
2698205_67416,2698205,67416,2288,405,2016-12-14,Neil Taylor,GB1,0,0,0,0,90
2486718_3467,2486718,3467,1039,1039,2015-02-10,Shaun Wright-Phillips,GB1,0,0,0,0,38
2697993_179451,2697993,179451,289,289,2016-08-13,Donald Love,GB1,1,0,0,0,90
2719082_65489,2719082,65489,472,472,2017-05-20,Javi Castellano,ES1,0,0,0,0,45
4095190_472423,4095190,472423,631,631,2023-11-12,Reece James,GB1,0,0,0,1,64
3210097_789328,3210097,789328,1244,1244,2020-06-30,Manu Garrido,ES1,1,0,0,0,10
2578134_248045,2578134,248045,289,289,2016-02-06,Duncan Watmore,GB1,0,0,0,0,26
2578101_183318,2578101,183318,762,762,2016-01-16,Jamaal Lascelles,GB1,0,0,0,0,1
3050461_57842,3050461,57842,1110,1110,2019-03-09,Christopher Schindler,GB1,0,0,0,0,90
3605220_213670,3605220,213670,331,331,2021-09-23,Lucas Torró,ES1,0,0,0,0,85
3611444_357162,3611444,357162,3709,1132,2022-04-09,Florentino,ES1,0,0,0,0,16
2718890_175449,2718890,175449,2448,331,2017-01-22,Moi Gómez,ES1,0,0,0,0,29
3050480_26399,3050480,26399,281,131,2019-04-24,Sergio Agüero,GB1,0,0,0,0,89
2486770_57229,2486770,57229,148,131,2015-04-05,Paulinho,GB1,0,0,0,0,90
2594577_62945,2594577,62945,2448,2687,2015-11-08,Luis Hernández,ES1,0,0,0,0,90
3886682_112515,3886682,112515,131,940,2023-05-20,Marcos Alonso,ES1,1,0,0,0,45
2899598_230784,2899598,230784,13,1050,2017-09-20,Thomas Partey,ES1,1,0,0,0,90
2899813_70245,2899813,70245,1084,16795,2018-03-18,Ignasi Miquel,ES1,0,0,0,0,90
3451015_138935,3451015,138935,1533,1533,2020-11-30,Sergio Álvarez,ES1,0,0,0,0,1
2899602_221322,2899602,221322,1049,1049,2017-09-24,José Gayà,ES1,1,0,0,0,75
4095192_451276,4095192,451276,31,31,2023-11-12,Dominik Szoboszlai,GB1,0,0,0,0,90
4113093_74294,4113093,74294,368,368,2023-08-26,Nemanja Gudelj,ES1,0,0,1,0,90
3219295_321247,3219295,321247,1123,405,2019-12-26,Emiliano Buendía,GB1,0,0,0,0,75
2899742_338285,2899742,338285,621,1049,2018-01-14,Unai Núñez,ES1,0,0,0,0,90
2872325_5658,2872325,5658,11,11,2018-01-03,Petr Cech,GB1,0,0,0,0,90
3050185_158623,3050185,158623,931,931,2018-08-18,Cyrus Christie,GB1,0,0,0,0,5
3050456_263856,3050456,263856,603,150,2019-03-02,Víctor Camarasa,GB1,0,0,0,0,90
2899774_51510,2899774,51510,3709,237,2018-02-19,Ángel Rodríguez,ES1,0,0,2,1,90
3605307_95810,3605307,95810,13,762,2021-12-22,Kieran Trippier,ES1,0,0,0,0,90
4095275_661053,4095275,661053,29,29,2023-12-30,Jarrad Branthwaite,GB1,0,0,0,0,90
3886471_568157,3886471,568157,1050,873,2022-12-31,Yéremy Pino,ES1,0,0,0,0,72
2486781_14086,2486781,14086,985,29,2015-04-12,Ashley Young,GB1,0,0,1,2,90
3886688_85295,3886688,85295,367,367,2023-05-21,Iván Balliu,ES1,0,0,0,0,90
2899671_188854,2899671,188854,1050,1050,2017-11-26,Manu Trigueros,ES1,0,0,0,0,84
3837993_503749,3837993,503749,405,762,2023-04-04,Jacob Ramsey,GB1,0,0,0,0,79
2719056_126737,2719056,126737,681,3709,2017-04-29,Juanmi,ES1,0,0,1,0,90
2718959_126252,2718959,126252,331,331,2017-03-05,Juan Rafael Fuentes,ES1,0,0,0,0,90
2486689_9619,2486689,9619,405,405,2015-02-01,Alan Hutton,GB1,0,0,0,0,90
2594783_18944,2594783,18944,131,131,2016-04-09,Gerard Piqué,ES1,1,0,0,0,90
2475431_7922,2475431,7922,714,714,2015-03-08,Sergio García,ES1,0,0,0,0,90
3838696_183293,3838696,183293,989,989,2023-04-08,Joe Rothwell,GB1,1,0,0,0,59
2719086_154059,2719086,154059,1084,1533,2017-05-21,Charles,ES1,0,0,0,0,21
2872413_13572,2872413,13572,984,1010,2018-03-10,Ben Foster,GB1,0,0,0,0,90
3219294_234803,3219294,234803,31,31,2019-12-29,Andrew Robertson,GB1,0,0,0,0,90
4113086_442805,4113086,442805,3302,3302,2023-11-11,Iddrisu Baba,ES1,0,0,0,0,3
3431934_254037,3431934,254037,2687,2687,2020-10-01,Iza Carcelén,ES1,0,0,0,0,90
2486825_85177,2486825,85177,180,873,2015-05-09,Nathaniel Clyne,GB1,0,0,0,0,90
2718791_51474,2718791,51474,621,5358,2016-10-23,Mikel Rico,ES1,0,0,0,0,90
4095193_649452,4095193,649452,1031,281,2023-11-11,Issa Kaboré,GB1,1,0,0,0,86
3050245_55742,3050245,55742,603,703,2018-10-06,Harry Arter,GB1,1,0,0,0,90
3838713_340321,3838713,340321,1148,1148,2023-03-18,Josh Dasilva,GB1,0,0,0,0,29
2872186_102258,2872186,102258,1132,1132,2017-10-14,Matthew Lowton,GB1,0,0,0,0,90
3837853_487465,3837853,487465,543,631,2022-08-28,Pedro Neto,GB1,1,0,0,0,84
3886639_461617,3886639,461617,12321,150,2023-04-22,Rodrigo Riquelme,ES1,0,0,0,0,13
3451430_63040,3451430,63040,331,331,2021-04-18,Oier Sanjurjo,ES1,0,0,0,0,5
2899745_338285,2899745,338285,621,1049,2018-01-19,Unai Núñez,ES1,1,0,0,0,90
2872432_129627,2872432,129627,180,984,2018-03-31,Charlie Austin,GB1,0,0,0,0,83
2578079_51226,2578079,51226,405,379,2015-12-19,Carlos Sánchez,GB1,0,0,0,0,90
2475378_45882,2475378,45882,897,931,2015-01-25,Fabri,ES1,0,0,0,0,90
2486674_67283,2486674,67283,1003,1110,2015-01-10,Ben Hamer,GB1,0,0,0,0,90
2872394_38383,2872394,38383,1110,1110,2018-02-24,Danny Williams,GB1,0,0,0,0,90
3421726_584769,3421726,584769,1132,29,2020-10-26,Dwight McNeil,GB1,0,0,0,0,90
3210005_202984,3210005,202984,1244,366,2020-03-08,Roque Mesa,ES1,0,0,0,0,90
3050499_186590,3050499,186590,281,281,2019-04-03,John Stones,GB1,0,0,0,0,90
2872160_33544,2872160,33544,985,985,2017-09-17,Antonio Valencia,GB1,0,0,1,0,90
2872219_246968,2872219,246968,762,1050,2017-11-04,Ayoze Pérez,GB1,0,0,0,0,22
2899717_230784,2899717,230784,13,1050,2017-12-22,Thomas Partey,ES1,0,0,0,0,63
2872191_338424,2872191,338424,762,11,2017-10-15,Mikel Merino,GB1,0,0,0,0,27
3209968_255488,3209968,255488,621,621,2020-02-23,Yeray Álvarez,ES1,0,0,0,0,90
3838707_537860,3838707,537860,631,631,2023-04-01,Mykhaylo Mudryk,GB1,0,0,0,0,57
3592037_503981,3592037,503981,180,762,2021-11-20,Tino Livramento,GB1,0,0,0,0,90
2475542_57876,2475542,57876,897,897,2015-05-17,Laure,ES1,0,0,0,0,90
3079449_67808,3079449,67808,12321,12321,2018-11-03,Borja García,ES1,0,0,0,0,85
3081113_284854,3081113,284854,131,1108,2019-05-12,Carles Aleñá,ES1,0,0,0,0,28
3451136_212862,3451136,212862,681,681,2021-02-07,Álex Remiro,ES1,0,0,0,0,90
3421799_479999,3421799,479999,873,11,2020-12-16,Eberechi Eze,GB1,0,0,0,0,76
3886325_517753,3886325,517753,367,367,2022-10-14,Óscar Valentín,ES1,0,0,0,0,90
2872122_171260,2872122,171260,2288,2288,2017-08-12,Jay Fulton,GB1,1,0,0,0,16
3219174_279455,3219174,279455,989,931,2020-07-01,Harry Wilson,GB1,0,0,0,0,28
2594810_246291,2594810,246291,367,150,2016-04-20,Diego Llorente,ES1,1,0,0,0,90
3219180_357565,3219180,357565,281,281,2020-07-02,Rodri,GB1,0,0,0,0,90
3451018_247250,3451018,247250,366,2687,2020-11-27,Rubén Alcaraz,ES1,0,0,0,0,90
3451116_175323,3451116,175323,3368,3368,2021-01-30,Óscar Duarte,ES1,0,0,0,0,90
3208638_284854,3208638,284854,150,1108,2020-07-19,Carles Aleñá,ES1,0,0,0,0,66
2475342_59349,2475342,59349,3368,3302,2015-01-03,Diego Mariño,ES1,0,0,0,0,90
3429684_253677,3429684,253677,405,405,2021-01-27,Tyrone Mings,GB1,0,0,0,0,90
2899832_197545,2899832,197545,1533,621,2018-03-10,Ander Capa,ES1,0,0,0,0,90
3208704_94308,3208704,94308,1533,714,2019-10-04,Marko Dmitrovic,ES1,0,0,0,0,90
3838767_140191,3838767,140191,989,989,2023-02-11,Ryan Fredericks,GB1,0,0,0,0,11
3607598_126716,3607598,126716,1050,1050,2021-12-12,Paco Alcácer,ES1,0,0,0,0,5
3886695_88490,3886695,88490,714,714,2023-05-24,Aleix Vidal,ES1,1,0,0,2,35
4113148_250845,4113148,250845,13,13,2023-12-03,José María Giménez,ES1,1,0,0,0,45
3429787_411295,3429787,411295,399,131,2021-04-03,Raphinha,GB1,0,0,0,1,90
2594838_96718,2594838,96718,621,621,2016-05-08,Óscar de Marcos,ES1,0,0,0,0,54
3208646_59344,3208646,59344,681,681,2019-08-25,Asier Illarramendi,ES1,0,0,0,0,90
3219143_141660,3219143,141660,985,703,2020-07-16,Jesse Lingard,GB1,0,0,0,0,28
3079397_65331,3079397,65331,366,366,2018-09-27,Míchel Herrero,ES1,0,0,0,1,90
3451428_108390,3451428,108390,418,418,2021-04-18,Thibaut Courtois,ES1,0,0,0,0,90
2872402_287431,2872402,287431,2288,931,2018-03-03,Alfie Mawson,GB1,0,0,0,0,90
3592238_236953,3592238,236953,1123,399,2022-04-10,Sam Byram,GB1,0,0,0,0,90
3611482_139895,3611482,139895,1108,1108,2022-05-07,Tomás Pina,ES1,1,0,0,0,62
2577864_43530,2577864,43530,31,180,2015-08-09,Adam Lallana,GB1,0,0,0,0,63
3050555_13520,3050555,13520,29,350,2019-05-03,Phil Jagielka,GB1,0,0,0,0,1
3208632_298976,3208632,298976,3368,3709,2020-07-19,Borja Mayoral,ES1,0,0,0,0,23
2594740_138803,2594740,138803,150,3302,2016-03-03,Francisco Portillo,ES1,0,0,0,0,6
4113147_238868,4113147,238868,331,331,2023-10-20,Rubén Peña,ES1,1,0,0,0,85
4113065_338425,4113065,338425,621,621,2023-09-27,Álex Berenguer,ES1,0,0,0,1,85
2475344_242548,2475344,242548,993,897,2015-01-05,Fede Cartabia,ES1,1,0,0,1,49
3050570_272622,3050570,272622,379,931,2019-05-12,Issa Diop,GB1,0,0,0,0,90
3219099_241641,3219099,241641,281,281,2020-07-26,Bernardo Silva,GB1,0,0,0,0,5
3611512_298575,3611512,298575,331,331,2022-05-22,Kike Barja,ES1,0,0,0,0,27
3210087_71559,3210087,71559,3709,3709,2020-06-29,Xabi Etxeita,ES1,0,0,0,0,90
3838647_131505,3838647,131505,399,399,2023-04-30,Rodrigo,GB1,0,0,0,0,20
3079317_255284,3079317,255284,12321,12321,2018-08-26,Álex Granell,ES1,0,0,0,0,90
2719011_34370,2719011,34370,714,367,2017-04-08,Diego López,ES1,1,0,0,0,90
3592021_343052,3592021,343052,11,1050,2021-09-11,Nicolas Pépé,GB1,0,0,0,1,90
2578049_126665,2578049,126665,405,29,2015-12-05,Idrissa Gueye,GB1,0,0,0,0,90
2578233_40043,2578233,40043,2288,2288,2016-01-02,Leon Britton,GB1,0,0,0,0,62
3081111_197545,3081111,197545,621,621,2019-05-12,Ander Capa,ES1,1,0,0,0,90
2872219_29975,2872219,29975,989,989,2017-11-04,Andrew Surman,GB1,1,0,0,1,90
3451479_616369,3451479,616369,681,681,2021-05-22,Ander Barrenetxea,ES1,0,0,0,0,8
3219319_584769,3219319,584769,1132,29,2019-12-07,Dwight McNeil,GB1,0,0,0,0,90
2718987_45912,2718987,45912,940,940,2017-03-19,Sergio Álvarez,ES1,0,0,0,0,90
2578088_14066,2578088,14066,2288,2288,2015-12-26,Wayne Routledge,GB1,0,0,0,0,90
4113059_298197,4113059,298197,1108,1108,2023-10-08,Antonio Sivera,ES1,0,0,0,0,90
3441596_256429,3441596,256429,366,367,2020-10-03,Sergi Guardiola,ES1,0,0,0,0,65
3610559_571020,3610559,571020,621,621,2022-03-18,Oihan Sancet,ES1,0,0,0,0,78
2594771_58001,2594771,58001,367,367,2016-04-01,Miku Fedor,ES1,0,0,1,1,90
2577941_37171,2577941,37171,984,984,2015-08-29,Craig Gardner,GB1,1,0,0,0,45
2698192_139208,2698192,139208,180,31,2016-11-27,Virgil van Dijk,GB1,0,0,0,0,90
2872407_196948,2872407,196948,631,131,2018-03-10,Andreas Christensen,GB1,0,0,0,0,90
2594784_126716,2594784,126716,1049,1050,2016-04-10,Paco Alcácer,ES1,0,0,0,0,86
3592242_343052,3592242,343052,11,1050,2022-04-16,Nicolas Pépé,GB1,0,0,0,0,20
2475513_242548,2475513,242548,993,897,2015-04-28,Fede Cartabia,ES1,0,0,0,0,29
3079411_40888,3079411,40888,621,621,2018-10-05,Beñat Etxebarria,ES1,0,0,0,0,84
2718762_246291,2718762,246291,1084,150,2016-09-23,Diego Llorente,ES1,1,0,0,0,90
3592230_184528,3592230,184528,762,762,2022-04-20,Emil Krafth,GB1,0,0,0,0,90
3886293_255501,3886293,255501,621,621,2022-09-30,Iñigo Lekue,ES1,0,0,0,0,90
2594492_35540,2594492,35540,3368,3368,2015-09-11,Víctor Casadesús,ES1,0,0,0,0,21
2872281_314353,2872281,314353,31,418,2017-12-13,Trent Alexander-Arnold,GB1,0,0,0,0,80
2718721_67082,2718721,67082,368,13,2016-08-28,Vitolo,ES1,1,0,0,0,90
2475346_126741,2475346,126741,714,714,2015-01-04,Jairo Morillas,ES1,0,0,0,0,45
3050317_61573,3050317,61573,1110,1110,2018-12-08,Jonathan Hogg,GB1,0,0,0,0,52
2719044_72189,2719044,72189,897,897,2017-04-26,Álex Bergantiños,ES1,0,0,0,0,90
2475462_141835,2475462,141835,3709,714,2015-04-05,Álvaro Vázquez,ES1,0,0,0,0,90
3838720_410708,3838720,410708,399,399,2023-03-18,Pascal Struijk,GB1,0,0,0,0,9
2872315_33873,2872315,33873,989,29,2017-12-30,Asmir Begovic,GB1,0,0,0,0,90
3607540_55215,3607540,55215,1531,1531,2021-10-30,Javier Pastore,ES1,0,0,0,0,71
3050290_61694,3050290,61694,603,603,2018-11-24,Neil Etheridge,GB1,1,0,0,0,90
3219220_196948,3219220,196948,631,131,2020-02-01,Andreas Christensen,GB1,0,0,0,0,90
3451151_121483,3451151,121483,13,13,2021-02-13,Jan Oblak,ES1,0,0,0,0,90
3610346_262365,3610346,262365,16795,16795,2022-02-13,Antonio Puertas,ES1,0,0,0,0,27
3886617_349836,3886617,349836,1531,1531,2023-04-08,Diego González,ES1,0,0,0,0,27
3592193_207014,3592193,207014,873,873,2022-05-19,Will Hughes,GB1,1,0,0,0,57
3886662_411975,3886662,411975,131,131,2023-05-02,Jules Koundé,ES1,0,0,0,0,90
3583483_3333,3583483,3333,31,1237,2021-08-14,James Milner,GB1,1,0,0,0,90
3592178_60444,3592178,60444,31,31,2022-05-10,Thiago Alcántara,GB1,0,0,0,0,28
3421739_242631,3421739,242631,29,931,2020-11-01,Alex Iwobi,GB1,0,0,0,0,13
3886673_339816,3886673,339816,1531,1531,2023-05-14,Tete Morente,ES1,0,0,0,0,90
2578013_40433,2578013,40433,11,368,2015-10-31,Alexis Sánchez,GB1,0,0,0,0,90
2594586_72047,2594586,72047,940,940,2015-11-21,Iago Aspas,ES1,0,0,0,0,90
3607605_252667,3607605,252667,2687,2687,2021-12-19,Fali,ES1,0,0,0,0,90
2578030_65477,2578030,65477,1010,1010,2015-11-28,Troy Deeney,GB1,1,0,1,0,90
3591964_64399,3591964,64399,873,940,2021-09-18,Vicente Guaita,GB1,0,0,0,0,90
3421720_236490,3421720,236490,931,703,2020-10-18,Ola Aina,GB1,0,0,0,0,90
2698256_121279,2698256,121279,2288,2288,2017-01-21,Tom Carroll,GB1,0,0,0,1,90
3838265_398065,3838265,398065,1003,762,2022-12-30,Harvey Barnes,GB1,0,0,0,0,90
2578258_3146,2578258,3146,512,512,2016-04-18,Shay Given,GB1,0,0,0,0,90
3591963_427568,3591963,427568,11,762,2021-09-18,Aaron Ramsdale,GB1,0,0,0,0,90
3050181_43530,3050181,43530,31,180,2018-08-20,Adam Lallana,GB1,0,0,0,0,3
3592256_578391,3592256,578391,543,281,2022-02-13,Rayan Aït-Nouri,GB1,1,0,0,0,90
3886481_240692,3886481,240692,13,289,2023-01-08,Reinildo Mandava,ES1,0,0,0,0,82
2899570_177467,2899570,177467,714,1050,2017-09-09,Gerard Moreno,ES1,0,0,0,0,90
3592117_404842,3592117,404842,29,29,2022-01-15,Vitaliy Mykolenko,GB1,0,0,0,0,90
3886487_284854,3886487,284854,3709,1108,2023-01-08,Carles Aleñá,ES1,0,0,0,0,76
3451409_411975,3451409,411975,368,131,2021-04-21,Jules Koundé,ES1,0,0,0,0,86
3431933_351809,3431933,351809,681,13,2020-09-26,Robin Le Normand,ES1,0,0,0,0,90
4113149_623521,4113149,623521,3709,366,2023-10-28,Juanmi Latasa,ES1,0,0,0,0,60
3079394_51663,3079394,51663,12321,2687,2018-09-27,Pedro Alcalá,ES1,1,0,0,0,73
2698363_19948,2698363,19948,281,180,2017-05-06,Willy Caballero,GB1,0,0,0,0,90
3219336_162029,3219336,162029,762,940,2019-12-05,Javier Manquillo,GB1,0,0,0,1,90
4112883_455181,4112883,455181,367,367,2023-12-11,Jorge de Frutos,ES1,0,0,0,0,45
4113145_423444,4113145,423444,940,12321,2023-10-27,Fran Beltrán,ES1,0,0,0,0,5
2475428_64484,2475428,64484,367,367,2015-02-28,Manucho,ES1,0,0,0,0,90
3080877_44779,3080877,44779,13,543,2019-04-06,Diego Costa,ES1,0,1,0,0,28
3079386_34601,3079386,34601,621,621,2018-09-23,Raúl García,ES1,0,0,1,1,56
3607537_71579,3607537,71579,331,331,2021-10-30,Iñigo Pérez,ES1,0,0,0,0,68
4095220_316264,4095220,316264,11,11,2023-12-05,Martin Ødegaard,GB1,0,0,0,1,90
3050559_342048,3050559,342048,379,1531,2019-05-04,Grady Diangana,GB1,0,0,0,0,68
3592207_503980,3592207,503980,399,399,2022-04-02,Joe Gelhardt,GB1,0,0,0,0,31
3838671_85941,3838671,85941,281,703,2023-05-24,Stefan Ortega,GB1,0,0,0,0,90
2698001_13465,2698001,13465,3008,3008,2016-08-20,Tom Huddlestone,GB1,0,0,0,0,90
3610292_57825,3610292,57825,16795,16795,2022-01-23,Jorge Molina,ES1,0,0,0,0,90
2578226_77760,2578226,77760,180,148,2016-04-16,Victor Wanyama,GB1,0,0,0,0,72
3219194_175446,3219194,175446,543,1108,2020-07-08,Jonny Otto,GB1,0,0,0,0,90
3429870_584769,3429870,584769,1132,29,2021-05-23,Dwight McNeil,GB1,0,0,0,0,70
3219103_192080,3219103,192080,1132,762,2020-07-26,Nick Pope,GB1,0,0,0,0,90
3838676_388165,3838676,388165,1148,762,2023-04-15,Yoane Wissa,GB1,0,0,0,0,29
3079508_370691,3079508,370691,150,150,2018-12-22,Francis Guerrero,ES1,0,0,0,0,87
2718827_189452,2718827,189452,16795,5358,2016-11-20,Gastón Silva,ES1,0,0,0,0,90
3219281_141660,3219281,141660,985,703,2019-12-26,Jesse Lingard,GB1,0,0,0,0,27
2594666_7881,2594666,7881,897,897,2016-01-16,Alberto Lopo,ES1,1,0,0,0,90
4112869_343463,4112869,343463,237,180,2023-12-21,Cyle Larin,ES1,0,0,0,0,71
2577968_61819,2577968,61819,989,989,2015-09-19,Charlie Daniels,GB1,0,0,0,0,90
3611455_203496,3611455,203496,150,150,2022-04-15,Nabil Fekir,ES1,0,0,0,0,90
2872468_85177,2872468,85177,31,873,2018-04-28,Nathaniel Clyne,GB1,0,0,0,0,25
2718815_93935,2718815,93935,368,366,2016-11-06,Sergio Escudero,ES1,0,0,0,0,90
3838210_182712,3838210,182712,281,131,2022-10-29,João Cancelo,GB1,0,0,0,0,90
