player_id,date,market_value_in_eur,current_club_name,current_club_id,player_club_domestic_competition_id
249471,2017-01-24,800000,RCD Mallorca,1108.0,ES1
93795,2015-02-12,4000000,Newcastle United,940.0,ES1
698164,2022-11-03,250000,West Ham United U21,9267.0,
425902,2020-04-08,800000,Nottingham Forest,703.0,GB1
213670,2018-08-22,3000000,Eintracht Frankfurt,24.0,L1
343052,2019-06-03,65000000,LOSC Lille,1082.0,FR1
480883,2018-05-30,150000,Real Valladolid B,7078.0,
573979,2020-04-08,900000,Vitória Setúbal FC,237.0,ES1
77329,2017-02-27,2000000,Sheffield Wednesday,289.0,GB1
51474,2021-12-27,300000,SD Huesca,5358.0,ES1
60779,2019-06-29,200000,UD Melilla,621.0,ES1
342048,2023-12-21,4500000,West Bromwich Albion,984.0,GB1
548111,2022-09-23,10000000,Villarreal CF,1050.0,ES1
266795,2020-10-29,3200000,SS Lazio,398.0,IT1
595809,2020-08-17,300000,Portimonense SAD,7378.0,PO1
158868,2017-12-15,350000,Gangwon FC,681.0,ES1
226968,2020-04-08,800000,Southampton FC,180.0,GB1
13872,2018-02-23,200000,Académica Coimbra,367.0,ES1
72087,2021-01-25,450000,BG Pathum United,940.0,ES1
93145,2021-04-09,1000000,Cangzhou Mighty Lions,3008.0,GB1
328480,2016-10-27,250000,Atlético Levante UD,11516.0,
268958,2017-06-29,500000,Levante UD,368.0,ES1
254476,2017-02-02,200000,RCD Mallorca B,897.0,ES1
255508,2018-12-21,28000000,Athletic Bilbao,621.0,ES1
569866,2019-02-19,1000000,Real Sociedad B,9899.0,
281755,2018-01-01,1500000,SD Eibar,1533.0,ES1
15921,2018-02-27,1000000,Norwich City,1123.0,GB1
625655,2023-12-20,700000,Real Sociedad B,9899.0,
10642,2016-09-01,750000,Wolverhampton Wanderers,762.0,GB1
74300,2016-12-21,8000000,Olympiacos Piraeus,873.0,GB1
175914,2023-03-24,100000,CD Calahorra,2448.0,ES1
198008,2019-06-11,22000000,Sevilla FC,368.0,ES1
65239,2018-05-30,400000,UD Almería,367.0,ES1
128900,2017-06-28,5000000,Chelsea FC,931.0,GB1
73472,2022-06-30,350000,Wigan Athletic,985.0,GB1
51226,2016-02-09,5000000,Aston Villa,379.0,GB1
142310,2019-12-10,15000000,Wolverhampton Wanderers,543.0,GB1
434675,2019-12-18,6000000,PSV Eindhoven,383.0,NL1
404839,2022-11-07,4000000,Real Madrid,418.0,ES1
156501,2015-09-11,4000000,Sport Club Corinthians Paulista,199.0,BRA1
13443,2020-02-27,350000,Birmingham City,984.0,GB1
70950,2022-12-29,200000,CF Fuenlabrada,762.0,GB1
448344,2019-12-20,7500000,RCD Espanyol Barcelona,714.0,ES1
139449,2019-12-28,2000000,Kawasaki Frontale,150.0,ES1
683620,2021-10-04,1000000,Feyenoord Rotterdam,234.0,NL1
85258,2021-01-05,1200000,Athletic Bilbao,621.0,ES1
44514,2017-01-24,600000,Córdoba CF,1533.0,ES1
670882,2023-03-29,14000000,Borussia Dortmund,16.0,L1
92571,2016-08-01,12000000,West Ham United,379.0,GB1
202981,2023-06-30,200000,Hércules CF,472.0,ES1
398435,2021-06-30,50000,Sevilla FC C,368.0,ES1
58576,2016-02-24,7000000,FC Porto,1050.0,ES1
281773,2018-08-27,1000000,Rayo Vallecano,367.0,ES1
505512,2022-06-29,200000,SD Logroñés,331.0,ES1
195679,2023-04-05,300000,Burton Albion,603.0,GB1
268958,2021-01-08,1000000,CD Leganés,368.0,ES1
407021,2023-06-09,2000000,Barnsley FC,349.0,
202984,2015-07-01,700000,UD Las Palmas,366.0,ES1
74294,2020-04-08,5500000,Sevilla FC,368.0,ES1
680806,2021-10-05,500000,Manchester City U23,9265.0,
526050,2022-11-08,1000000,Minnesota United FC,56089.0,MLS1
67823,2017-07-31,1000000,Club Tijuana,5358.0,ES1
302371,2021-12-27,5000000,FC Porto,720.0,PO1
138800,2016-07-15,200000,Real Zaragoza,142.0,ES1
298589,2018-01-01,1000000,CA Osasuna,331.0,ES1
67080,2022-06-03,2000000,Deportivo Alavés,1108.0,ES1
33873,2021-03-10,2000000,AFC Bournemouth,989.0,GB1
290533,2016-07-13,1250000,FC Toulouse,2687.0,ES1
527972,2020-10-08,50000,CD Alcoyano,11259.0,
85365,2021-06-30,300000,Marbella FC,1050.0,ES1
399357,2017-08-17,50000,Betis Deportivo Balompié,2687.0,ES1
81743,2017-12-27,300000,CS Universitatea Craiova,993.0,ES1
298589,2023-10-13,15000000,CA Osasuna,331.0,ES1
536030,2020-04-08,900000,Manchester United U23,9251.0,
60289,2016-02-05,700000,AZ Alkmaar,5358.0,ES1
86202,2015-02-04,10000000,VfB Stuttgart,79.0,L1
433183,2022-10-27,4000000,Sheffield United,350.0,GB1
513031,2023-06-13,2500000,RCD Mallorca,237.0,ES1
747996,2021-08-01,50000,Dundalk FC,6066.0,
59016,2015-07-01,38000000,Bayern Munich,27.0,L1
603940,2020-02-11,100000,Real Madrid Castilla,6767.0,
67089,2017-01-24,1000000,Getafe CF,2687.0,ES1
233124,2023-06-01,2200000,Aston Villa,405.0,GB1
257968,2023-06-26,325000,Queen's Park FC,289.0,GB1
630990,2021-01-08,1000000,Atlético de Madrid B,1108.0,ES1
298583,2022-01-03,1800000,FC Basel 1893,26.0,C1
454576,2022-06-16,1200000,Fortuna Düsseldorf,38.0,L1
177862,2019-12-18,1250000,Vitesse Arnhem,631.0,GB1
518644,2023-06-13,6000000,UD Almería,3302.0,ES1
42412,2016-08-01,6000000,West Bromwich Albion,984.0,GB1
354359,2021-01-07,150000,Barakaldo CF ,1533.0,ES1
69660,2020-04-08,1200000,Girona FC,331.0,ES1
410708,2023-06-20,18000000,Leeds United,399.0,GB1
631221,2020-10-08,200000,Recreativo Granada,16795.0,ES1
59551,2019-02-19,1000000,Granada CF,16795.0,ES1
127526,2017-02-02,300000,Coruxo FC,940.0,ES1
435648,2020-07-08,9000000,Bayern Munich,27.0,L1
18006,2015-07-01,3500000,Sevilla FC,897.0,ES1
127554,2021-12-27,800000,Real Valladolid CF,366.0,ES1
705815,2022-06-29,150000,RCD Espanyol B,714.0,ES1
127457,2021-06-30,150000,Racing Ferrol,940.0,ES1
511021,2018-05-30,250000,CD Guijuelo,11615.0,
326031,2020-08-25,70000000,Juventus FC,506.0,IT1
162056,2018-09-07,5000000,SD Huesca,5358.0,ES1
85941,2017-06-27,450000,TSV 1860 Munich,72.0,
356141,2022-06-09,22000000,Eintracht Frankfurt,24.0,L1
255488,2022-06-03,13000000,Athletic Bilbao,621.0,ES1
251860,2021-01-08,200000,Albacete Balompié,1049.0,ES1
68390,2022-11-03,1200000,Everton FC,29.0,GB1
203496,2015-01-14,6500000,Olympique Lyon,1041.0,FR1
128901,2015-09-24,2000000,Wolverhampton Wanderers,543.0,GB1
120241,2020-04-08,600000,Cardiff City,603.0,GB1
21725,2020-09-09,2000000,CR Flamengo,13.0,ES1
108390,2022-06-03,60000000,Real Madrid,418.0,ES1
521462,2018-06-30,150000,Betis Deportivo Balompié,150.0,ES1
501418,2022-03-21,9000000,RCD Espanyol Barcelona,714.0,ES1
302371,2020-08-17,7000000,FC Famalicão,3329.0,PO1
387626,2018-06-05,45000000,Bayer 04 Leverkusen,15.0,L1
274347,2021-12-30,800000,Atlético de Madrid,13.0,ES1
77038,2020-02-11,300000,Cultural Leonesa,3368.0,ES1
365108,2023-10-11,8500000,Bologna FC 1909,1025.0,IT1
118534,2023-03-16,10000000,Everton FC,29.0,GB1
55884,2019-08-06,1750000,CA Independiente,1084.0,ES1
217144,2018-01-01,500000,Real Zaragoza,142.0,ES1
473050,2021-06-30,450000,SC Freiburg II,245.0,
442802,2023-06-30,500000,CD Castellón,13.0,ES1
454238,2022-11-07,3000000,Cádiz CF,2687.0,ES1
34409,2020-01-01,1000000,Charlton Athletic,873.0,GB1
7568,2015-01-23,400000,Levante UD,3368.0,ES1
711247,2022-06-15,800000,Watford FC,1010.0,GB1
23338,2016-02-22,800000,SD Eibar,1533.0,ES1
39532,2015-02-12,3500000,West Bromwich Albion,289.0,GB1
167268,2017-09-18,3500000,Sunderland AFC,3008.0,GB1
66333,2015-09-24,4000000,Hull City,405.0,GB1
242606,2020-10-16,1500000,RSC Anderlecht,58.0,BE1
25557,2016-06-01,40000000,Real Madrid,418.0,ES1
7589,2015-07-01,5000000,Manchester United,641.0,GB1
251845,2023-05-22,9000000,Olympiacos Piraeus,683.0,GR1
560483,2021-10-13,2000000,Rayo Vallecano,367.0,ES1
43193,2018-09-24,750000,Blackburn Rovers,1123.0,GB1
191866,2021-12-30,250000,UCAM Murcia CF,1531.0,ES1
127032,2019-12-10,20000000,Tottenham Hotspur,148.0,GB1
289286,2018-05-30,300000,Real Sociedad B,681.0,ES1
173483,2020-04-08,3200000,Bristol City,1132.0,GB1
67420,2016-09-01,750000,Leeds United,399.0,GB1
293194,2023-06-22,12000000,VfB Stuttgart,79.0,L1
428948,2022-11-07,300000,Real Sociedad,681.0,ES1
255729,2023-06-20,1200000,AC Sparta Prague,2687.0,ES1
73314,2015-01-23,2000000,Levante UD,3368.0,ES1
557147,2022-12-29,3000000,Sporting Gijón,2448.0,ES1
251876,2018-03-22,7500000,Girona FC,12321.0,ES1
314288,2021-06-07,12000000,RSC Anderlecht,58.0,BE1
144028,2015-10-22,700000,Oud-Heverlee Leuven,2727.0,BE1
50362,2015-07-01,10000000,Aston Villa,29.0,GB1
284430,2020-10-08,1000000,Granada CF,16795.0,ES1
256652,2023-06-27,225000,Varbergs BoIS,2288.0,GB1
141573,2022-10-27,3000000,Millwall FC,1031.0,GB1
167268,2018-02-27,3000000,Sunderland AFC,3008.0,GB1
331508,2020-02-11,200000,FC Barcelona B,131.0,ES1
205562,2017-10-12,30000000,AS Monaco,162.0,FR1
418560,2019-11-07,30000000,Red Bull Salzburg,409.0,A1
148455,2016-01-04,20000000,AS Roma,12.0,IT1
31909,2020-04-08,48000000,Real Madrid,418.0,ES1
142310,2015-02-17,1200000,SC Braga B,10789.0,
127457,2023-06-30,150000,Racing Ferrol,940.0,ES1
30747,2017-07-31,1000000,Santos Laguna,331.0,ES1
84133,2022-11-23,125000,Club Jorge Wilstermann ,366.0,ES1
73491,2019-06-13,8000000,Chelsea FC,631.0,GB1
65301,2022-06-29,100000,CD Lugo,2448.0,ES1
532464,2023-06-16,125000,Cheltenham Town,1123.0,GB1
420243,2019-07-03,300000,Ajax Amsterdam U21,8817.0,
340325,2019-12-10,14000000,Arsenal FC,11.0,GB1
65255,2015-02-04,2500000,VfL Wolfsburg,1123.0,GB1
534379,2018-10-31,500000,Sevilla Atlético,8519.0,
72476,2022-03-29,10000000,Arsenal FC,11.0,GB1
293213,2020-04-08,600000,Konyaspor,2293.0,TR1
34564,2021-03-19,100000,AD Alcorcón,993.0,ES1
419648,2020-12-22,1700000,FK Cukaricki,6621.0,SER1
258919,2023-06-20,18000000,Manchester United,985.0,GB1
207037,2022-10-27,1200000,Luton Town,1031.0,GB1
233998,2020-10-15,600000,Rotherham United,873.0,GB1
26801,2016-02-06,1000000,CA Independiente,3302.0,ES1
61583,2020-02-27,250000,Luton Town,399.0,GB1
48066,2017-02-20,10000000,West Ham United,762.0,GB1
729264,2022-11-14,2500000,São Paulo Futebol Clube,585.0,BRA1
634131,2022-09-23,3000000,CA Osasuna,331.0,ES1
134270,2023-12-19,10000000,Newcastle United,762.0,GB1
249463,2021-01-07,250000,Racing Santander,13.0,ES1
497291,2022-11-11,12000000,Bologna FC 1909,1025.0,IT1
111195,2021-05-27,6000000,Brighton & Hove Albion,1237.0,GB1
67538,2018-11-23,100000,Unionistas CF,3709.0,ES1
357565,2023-12-19,110000000,Manchester City,281.0,GB1
61694,2023-06-01,500000,Birmingham City,603.0,GB1
268946,2018-05-30,800000,Sevilla Atlético,366.0,ES1
57818,2021-01-07,200000,Marino Luanco,3709.0,ES1
282410,2017-02-02,200000,Villarreal CF B,714.0,ES1
408472,2023-06-30,300000,CD Castellón,13.0,ES1
289255,2022-11-07,10000000,Real Sociedad,681.0,ES1
355915,2022-09-15,55000000,Tottenham Hotspur,148.0,GB1
33507,2022-10-27,500000,Birmingham City,1132.0,GB1
413220,2023-10-27,16000000,Leicester City,1003.0,GB1
396334,2021-10-13,800000,SD Huesca,5358.0,ES1
73522,2021-03-10,1200000,Coventry City,1003.0,GB1
254039,2017-01-24,400000,Córdoba CF,150.0,ES1
57950,2017-06-29,700000,AD Alcorcón,940.0,ES1
500191,2022-06-29,300000,Recreativo Granada,16795.0,ES1
222571,2019-09-10,200000,Villarreal CF B,1050.0,ES1
45330,2020-10-20,800000,Club Nacional,984.0,GB1
890817,2023-12-20,200000,CA Osasuna Promesas,8516.0,
411495,2022-07-29,200000,Lincoln City,1237.0,GB1
398184,2019-12-20,40000000,Valencia CF,1049.0,ES1
38253,2022-11-07,45000000,FC Barcelona,131.0,ES1
65243,2020-10-06,300000,AEK Larnaca,714.0,ES1
16306,2017-06-05,30000000,Real Madrid,418.0,ES1
110864,2022-11-03,6000000,Crystal Palace,873.0,GB1
15904,2019-06-11,2500000,FC Barcelona,131.0,ES1
95641,2021-12-30,2000000,CA Osasuna,331.0,ES1
158848,2021-06-30,100000,Club Portugalete,150.0,ES1
428016,2020-07-30,250000,Viborg FF,1063.0,DK1
293388,2019-02-19,300000,UB Conquense,16602.0,
255488,2023-12-22,10000000,Athletic Bilbao,621.0,ES1
856136,2023-10-13,150000,Unionistas CF,13.0,ES1
93795,2022-04-11,1700000,Club Tijuana,940.0,ES1
142419,2021-06-24,300000,FC Cartagena,331.0,ES1
128901,2020-10-13,25000000,Wolverhampton Wanderers,543.0,GB1
278359,2018-01-01,800000,Real Zaragoza,142.0,ES1
121324,2021-03-18,10000000,Sheffield United,350.0,GB1
156808,2016-02-22,300000,CD Leganés,1244.0,ES1
73067,2017-02-20,3000000,Middlesbrough FC,641.0,GB1
70946,2017-08-17,50000,RCD Mallorca,237.0,ES1
314353,2017-06-28,1500000,Liverpool FC,31.0,GB1
345911,2020-07-10,1800000,AC Sparta Prague,197.0,TS1
470597,2023-09-12,175000,NS Mura,11.0,GB1
278404,2020-02-11,100000,Real Madrid Castilla,6767.0,
40614,2017-10-24,350000,Rotherham United,1032.0,GB1
59568,2020-02-11,150000,Internacional de Madrid,1049.0,ES1
126664,2017-01-24,16000000,FC Barcelona,131.0,ES1
357885,2022-09-15,25000000,West Ham United,379.0,GB1
111873,2021-12-23,32000000,Aston Villa,405.0,GB1
169249,2019-08-06,4500000,CA Independiente,1531.0,ES1
319541,2022-06-29,200000,AD Alcorcón,150.0,ES1
557057,2021-12-27,600000,CD Mirandés,13222.0,
195680,2016-09-01,500000,Cardiff City,603.0,GB1
37579,2015-05-31,11000000,São Paulo Futebol Clube,1050.0,ES1
337715,2018-06-12,1800000,NAC Breda,132.0,NL1
120629,2019-06-03,17500000,Paris Saint-Germain,583.0,FR1
337946,2021-06-10,800000,Cádiz CF,2687.0,ES1
2857,2016-08-01,500000,Hull City,29.0,GB1
395234,2022-11-02,3000000,Angers SCO,1420.0,FR1
278296,2021-06-24,3000000,RCD Mallorca,237.0,ES1
223890,2019-12-20,600000,SD Eibar,1533.0,ES1
277533,2015-07-01,100000,Granada CF,16795.0,ES1
124419,2018-11-01,6000000,SL Benfica,294.0,PO1
636093,2022-06-03,1000000,Celta Vigo B,8733.0,
133794,2020-04-08,1600000,Deportivo Alavés,1108.0,ES1
15773,2017-02-20,1500000,Stoke City,1132.0,GB1
284454,2019-02-19,800000,Málaga CF,1084.0,ES1
213260,2021-12-30,8000000,CA Osasuna,331.0,ES1
35583,2016-04-20,1500000,Sheffield Wednesday,1010.0,GB1
171679,2023-03-23,9000000,Atlético de Madrid,13.0,ES1
480248,2017-08-17,100000,Atlético de Madrid B,13.0,ES1
245585,2020-04-08,600000,Doncaster Rovers,985.0,GB1
287579,2019-06-10,3000000,Club Brugge KV,2282.0,BE1
44065,2018-01-01,1500000,RCD Espanyol Barcelona,714.0,ES1
99924,2017-06-05,700000,CA Osasuna,331.0,ES1
77038,2016-08-01,200000,Cultural Leonesa,3368.0,ES1
250426,2017-02-27,1500000,Barnsley FC,349.0,
196948,2022-11-07,30000000,FC Barcelona,131.0,ES1
213595,2018-05-30,500000,Córdoba CF,366.0,ES1
565419,2023-12-05,75000,Greenock Morton FC,31.0,GB1
175836,2022-10-07,400000,Without Club,1531.0,ES1
568183,2021-06-30,250000,CA Osasuna Promesas,331.0,ES1
52570,2019-06-13,8000000,Southampton FC,180.0,GB1
199132,2015-01-08,800000,Real Betis Balompié,150.0,ES1
272622,2016-11-01,4000000,FC Toulouse,415.0,FR1
138662,2017-08-17,400000,Albacete Balompié,3709.0,ES1
38383,2017-02-27,2000000,Reading FC,1110.0,GB1
503733,2020-07-30,5000000,Everton FC,29.0,GB1
51532,2017-01-24,800000,Getafe CF,621.0,ES1
383109,2020-04-08,675000,Slask Wroclaw,1123.0,GB1
654412,2021-06-25,150000,AC Le Havre U19,12278.0,
46154,2015-02-24,2500000,Derby County,1123.0,GB1
709960,2023-10-13,100000,RCD Espanyol B,985.0,GB1
510990,2019-06-29,250000,Arenas Club,1533.0,ES1
12814,2016-08-01,500000,Crystal Palace,873.0,GB1
316264,2015-01-23,4000000,Real Madrid Castilla,6767.0,
586834,2023-04-05,1000000,Charlton Athletic,358.0,
549069,2021-10-13,1000000,CF Fuenlabrada,418.0,ES1
352567,2021-09-24,800000,CD América de Cali,1531.0,ES1
277033,2018-08-13,9000000,AFC Bournemouth,989.0,GB1
221311,2017-06-30,300000,UD Almería,3302.0,ES1
39907,2016-02-22,2500000,RCD Espanyol Barcelona,1533.0,ES1
111422,2022-09-15,4000000,Fulham FC,931.0,GB1
463332,2019-09-10,300000,Celta Vigo B,940.0,ES1
497291,2021-06-03,10000000,Bologna FC 1909,1025.0,IT1
464896,2021-01-07,50000,Cultural Leonesa,1084.0,ES1
711247,2023-03-31,400000,Fortuna Düsseldorf,1010.0,GB1
61546,2015-07-01,3500000,ACF Fiorentina,331.0,ES1
251860,2021-12-30,200000,Albacete Balompié,1049.0,ES1
226964,2021-06-30,250000,Wycombe Wanderers,180.0,GB1
349873,2021-01-08,600000,CE Sabadell FC,940.0,ES1
531825,2019-02-19,300000,Barakaldo CF ,366.0,ES1
627277,2022-12-29,150000,Mar Menor FC,3368.0,ES1
245056,2023-12-19,10000000,Fulham FC,931.0,GB1
39037,2021-06-30,200000,Watford FC,1010.0,GB1
468539,2023-07-12,4000000,Maccabi Tel Aviv,119.0,
85365,2015-01-08,400000,Albacete Balompié,1050.0,ES1
243715,2019-02-19,600000,Gimnàstic de Tarragona,12321.0,ES1
30471,2016-04-20,1000000,Birmingham City,1123.0,GB1
392770,2021-01-28,6000000,Boavista FC,2503.0,PO1
431190,2021-10-20,150000,CA Independiente,1234.0,ARG1
396334,2019-06-29,300000,Atlético de Madrid B,5358.0,ES1
167721,2019-12-20,15000000,CA Osasuna,331.0,ES1
358981,2020-10-08,100000,Recreativo Granada,16795.0,ES1
67232,2016-10-11,250000,Southend United,3008.0,GB1
52191,2016-04-20,750000,Charlton Athletic,873.0,GB1
500191,2021-06-10,400000,Recreativo Granada,16795.0,ES1
28810,2017-09-18,2000000,Queens Park Rangers,1039.0,GB1
314241,2016-08-05,50000,Hartlepool United,2577.0,
355624,2017-08-17,400000,Málaga CF,1084.0,ES1
340194,2023-04-05,450000,Lincoln City,985.0,GB1
248045,2020-04-08,2000000,Sunderland AFC,289.0,GB1
85177,2016-08-01,21000000,Liverpool FC,31.0,GB1
413403,2023-06-20,25000000,Aston Villa,405.0,GB1
381362,2021-03-18,15000000,Aston Villa,405.0,GB1
100722,2020-10-08,2500000,RCD Mallorca,237.0,ES1
36866,2015-02-12,1500000,Sunderland AFC,289.0,GB1
505194,2021-12-23,8000000,Leicester City,1003.0,GB1
908621,2023-06-30,50000,CF Rayo Majadahonda,13702.0,
85864,2023-06-20,1200000,Newcastle United,762.0,GB1
475959,2022-11-09,60000000,RB Leipzig,23826.0,L1
110861,2020-02-27,2000000,Birmingham City,405.0,GB1
39679,2019-12-27,7000000,Shandong Luneng Taishan,985.0,GB1
531825,2022-12-29,250000,Córdoba CF,366.0,ES1
27487,2019-12-20,400000,Sporting Gijón,3709.0,ES1
51471,2021-12-23,45000000,Chelsea FC,631.0,GB1
6838,2015-11-29,1200000,AIK Solna,3709.0,ES1
181579,2019-12-10,18000000,Southampton FC,180.0,GB1
104586,2021-06-30,500000,Cardiff City,603.0,GB1
69611,2016-07-15,1000000,SD Huesca,3368.0,ES1
225459,2021-06-24,300000,Real Oviedo,142.0,ES1
568693,2022-11-03,15000000,Tottenham Hotspur,148.0,GB1
375885,2016-07-13,150000,FC Toulouse,415.0,FR1
175449,2020-10-08,9000000,Villarreal CF,1050.0,ES1
261503,2020-02-11,300000,Real Madrid Castilla,6767.0,
129473,2019-12-20,12000000,Celta de Vigo,681.0,ES1
249565,2020-04-08,44000000,Leicester City,1003.0,GB1
283655,2023-06-09,275000,Bristol Rovers,148.0,GB1
640428,2022-06-03,55000000,Real Madrid,418.0,ES1
134416,2019-02-25,275000,FK Mladost Doboj-Kakanj,379.0,GB1
70245,2022-12-29,1200000,Granada CF,16795.0,ES1
65233,2021-01-29,600000,BG Pathum United,3302.0,ES1
138927,2019-12-20,50000000,Real Madrid,418.0,ES1
13872,2016-02-22,1500000,Rayo Vallecano,367.0,ES1
392770,2022-05-30,7000000,LOSC Lille,1082.0,FR1
36291,2016-09-01,1500000,Brighton & Hove Albion,1237.0,GB1
182904,2018-05-30,25000000,Sevilla FC,368.0,ES1
73491,2018-12-19,15000000,Chelsea FC,631.0,GB1
420002,2018-12-18,11000000,1.FSV Mainz 05,39.0,L1
198047,2021-01-08,100000,CE L'Hospitalet,714.0,ES1
57935,2021-06-24,1500000,RCD Mallorca,2687.0,ES1
357656,2023-03-24,2800000,West Bromwich Albion,984.0,GB1
145769,2016-07-15,1500000,Elche CF,366.0,ES1
472423,2018-09-24,250000,Wigan Athletic,1071.0,GB1
413220,2020-10-13,10000000,Leicester City,1003.0,GB1
335221,2023-10-13,1200000,FC Andorra,150.0,ES1
51471,2017-06-05,25000000,Real Madrid,418.0,ES1
537762,2021-01-08,500000,Real Madrid Castilla,6767.0,
309110,2022-11-07,30000000,Real Sociedad,681.0,ES1
236490,2016-08-01,500000,Chelsea FC,631.0,GB1
242631,2018-10-17,18000000,Arsenal FC,11.0,GB1
110860,2017-02-20,1500000,Everton FC,29.0,GB1
82243,2022-12-29,250000,Without Club,1123.0,GB1
66333,2018-02-27,3000000,Aston Villa,405.0,GB1
52647,2015-02-01,750000,Fluminense Football Club,3709.0,ES1
319745,2018-03-22,12000000,Real Madrid,418.0,ES1
564529,2023-03-16,12000000,Leicester City,1003.0,GB1
798114,2021-02-09,750000,Atlético Mineiro U20,15037.0,
110860,2020-04-08,600000,Ipswich Town,29.0,GB1
73547,2022-05-13,3000000,Sheffield United,350.0,GB1
240692,2021-10-08,7000000,LOSC Lille,1082.0,FR1
324475,2021-01-07,150000,SD Logroñés,3709.0,ES1
39087,2016-10-27,300000,Getafe CF,13.0,ES1
160182,2022-07-15,250000,Lee Man,1531.0,ES1
852727,2022-06-29,150000,CD Leganés B,17686.0,
126664,2018-10-17,20000000,Everton FC,29.0,GB1
528888,2023-06-20,500000,Fulham FC,931.0,GB1
165467,2019-12-20,3000000,Rayo Vallecano,367.0,ES1
420808,2020-04-08,450000,Leicester City,1003.0,GB1
67420,2017-09-18,1000000,Leeds United,399.0,GB1
540536,2022-06-29,250000,CD Calahorra,4030.0,
101682,2020-10-15,2000000,Millwall FC,1110.0,GB1
199134,2018-06-30,100000,Gimnàstic de Tarragona,150.0,ES1
227805,2018-01-01,2500000,Valencia CF,1049.0,ES1
652331,2021-12-30,250000,UD San Sebastián de los Reyes,11245.0,
253892,2020-06-27,800000,Atlético de San Luis,3709.0,ES1
624942,2023-06-14,2500000,Real Oviedo,2497.0,ES1
290249,2018-07-08,5000000,Getafe CF,3709.0,ES1
581598,2023-04-05,600000,Derby County,148.0,GB1
399776,2019-12-20,15000000,Villarreal CF,1050.0,ES1
357162,2016-09-30,25000,SL Benfica U19,8889.0,
503733,2023-06-20,35000000,Newcastle United,762.0,GB1
251046,2020-07-27,100000,NK Istra 1961,1108.0,ES1
479999,2020-04-08,9000000,Queens Park Rangers,1039.0,GB1
648195,2022-12-23,55000000,SL Benfica,294.0,PO1
324882,2017-01-18,2000000,Vitesse Arnhem,499.0,NL1
88590,2019-09-12,18000000,Arsenal FC,3368.0,ES1
31050,2016-09-01,800000,Nottingham Forest,150.0,ES1
177065,2019-06-13,6000000,Brighton & Hove Albion,1237.0,GB1
283628,2022-06-15,45000000,West Ham United,379.0,GB1
44779,2015-07-01,50000000,Chelsea FC,543.0,GB1
351540,2017-06-30,300000,Albacete Balompié,993.0,ES1
80435,2023-04-05,500000,Derby County,1123.0,GB1
340206,2022-03-21,300000,SD Amorebieta,621.0,ES1
34349,2021-11-24,300000,Derby County,350.0,GB1
65331,2021-01-05,1200000,Real Valladolid CF,366.0,ES1
40888,2018-01-01,5000000,Athletic Bilbao,621.0,ES1
397102,2023-06-09,350000,Barnsley FC,1132.0,GB1
63494,2017-02-20,10000000,Watford FC,1010.0,GB1
45710,2016-11-20,1000000,Hangzhou Greentown,3709.0,ES1
293383,2020-10-08,150000,Cultural Leonesa,12321.0,ES1
255496,2021-01-07,200000,SD Amorebieta,1533.0,ES1
251877,2021-01-08,100000,Betis Deportivo Balompié,150.0,ES1
581781,2021-12-27,1000000,UD Las Palmas,472.0,ES1
240360,2021-12-30,800000,Rayo Vallecano,367.0,ES1
53231,2020-04-08,400000,Botafogo de Futebol e Regatas,873.0,GB1
262396,2020-10-08,30000000,Athletic Bilbao,621.0,ES1
212862,2019-06-11,1500000,Athletic Bilbao,621.0,ES1
321247,2020-04-08,14500000,Norwich City,1123.0,GB1
181579,2016-08-01,11000000,Southampton FC,180.0,GB1
293194,2015-03-17,250000,GNK Dinamo Zagreb II,44796.0,
58361,2015-02-12,1500000,Stoke City,512.0,GB1
540676,2020-02-11,150000,UD Logroñés,940.0,ES1
288453,2019-09-10,150000,Algeciras CF,366.0,ES1
285551,2018-05-28,500000,Huddersfield Town,1110.0,GB1
226049,2016-02-09,250000,Newcastle United,762.0,GB1
348795,2017-01-16,10000000,Paris Saint-Germain,583.0,FR1
338286,2022-12-29,100000,Sestao River,621.0,ES1
373683,2021-06-24,600000,CD Lugo,366.0,ES1
625014,2021-10-13,5000000,Bilbao Athletic,6688.0,
35560,2017-01-24,1500000,Real Sociedad,681.0,ES1
634117,2023-06-30,200000,CA Osasuna Promesas,8516.0,
305956,2016-07-15,800000,CD Tenerife,2687.0,ES1
488656,2023-06-27,2000000,AJ Auxerre,989.0,GB1
242631,2016-10-24,8000000,Arsenal FC,11.0,GB1
70898,2019-06-29,200000,Real Zaragoza,367.0,ES1
256267,2015-01-05,450000,Giresunspor,11688.0,TR1
27448,2016-02-06,1000000,CA San Lorenzo de Almagro,1084.0,ES1
27486,2019-06-28,3000000,Leeds United,3709.0,ES1
248045,2022-09-14,1800000,Middlesbrough FC,289.0,GB1
237125,2018-09-24,6000000,Bristol City,698.0,
158848,2019-02-19,100000,Real Unión Club,150.0,ES1
15904,2022-01-14,700000,Vissel Kobe,131.0,ES1
375382,2017-09-08,100000,Vitória Guimarães SC B,15136.0,
2857,2016-04-20,350000,Hull City,29.0,GB1
390823,2023-06-14,1200000,UD Las Palmas,472.0,ES1
251058,2022-06-07,150000,MTK Budapest,3008.0,GB1
163530,2015-09-24,1000000,Middlesbrough FC,641.0,GB1
51321,2022-11-03,500000,West Ham United,379.0,GB1
290275,2017-06-30,100000,Córdoba CF B,5358.0,ES1
72476,2017-06-19,16000000,Bayer 04 Leverkusen,15.0,L1
541231,2019-06-12,2000000,PEC Zwolle,1269.0,NL1
246335,2017-06-05,300000,Real Madrid,3709.0,ES1
104941,2015-01-12,1000000,El Ahly Cairo,3008.0,GB1
128904,2021-03-10,5000000,Norwich City,1123.0,GB1
54890,2018-01-02,5000000,Leicester City,1003.0,GB1
435648,2019-07-12,1000000,FC Bayern Munich II,28.0,
505673,2023-06-14,3000000,Real Zaragoza,142.0,ES1
52191,2019-12-10,500000,Crystal Palace,873.0,GB1
82243,2022-03-28,400000,FC Zürich,1123.0,GB1
947439,2023-06-30,25000,RCD Mallorca B,237.0,ES1
175773,2016-08-01,300000,Albacete Balompié,1049.0,ES1
113036,2021-06-08,2000000,West Bromwich Albion,984.0,GB1
349856,2022-06-03,1000000,Levante UD,3368.0,ES1
96540,2018-03-14,900000,Real Salt Lake City,472.0,ES1
7980,2019-12-28,1000000,Vissel Kobe,13.0,ES1
142420,2020-10-08,250000,Lleida Esportiu,3709.0,ES1
531373,2021-01-08,300000,Sporting Gijón,940.0,ES1
628451,2022-06-15,2000000,Manchester City U23,9265.0,
505493,2018-11-23,300000,Celta Vigo B,8733.0,
44069,2018-05-30,2000000,Deportivo de La Coruña,5358.0,ES1
58799,2021-01-08,300000,RCD Mallorca,237.0,ES1
255495,2022-12-29,600000,Burgos CF,1536.0,
480966,2020-02-11,100000,Valencia Mestalla,1049.0,ES1
89731,2021-06-24,800000,Real Zaragoza,3302.0,ES1
316264,2018-01-17,3500000,SC Heerenveen,306.0,NL1
507254,2022-06-15,2500000,Crystal Palace,873.0,GB1
834491,2022-12-29,50000,Bilbao Athletic,6688.0,
511023,2023-06-30,200000,CD Guadalajara,1244.0,ES1
95488,2015-06-01,800000,Rapid Bucharest ,142.0,ES1
584769,2023-12-19,20000000,Everton FC,29.0,GB1
99397,2015-07-01,3500000,Newcastle United,762.0,GB1
351478,2021-12-30,70000000,Real Sociedad,681.0,ES1
398065,2021-12-23,32000000,Leicester City,1003.0,GB1
525438,2022-06-03,1200000,FC Rapid 1923,455.0,RO1
583189,2022-06-15,20000000,Manchester United,985.0,GB1
65489,2021-06-24,200000,UD Las Palmas,472.0,ES1
127202,2015-10-22,5000000,KAA Gent,157.0,BE1
388513,2022-11-09,1500000,Borussia Dortmund,16.0,L1
378954,2016-02-04,150000,Stade Rennais FC B,368.0,ES1
33535,2021-06-14,175000,SV Meppen,366.0,ES1
69660,2022-06-03,800000,CA Osasuna,331.0,ES1
434675,2022-11-11,45000000,PSV Eindhoven,383.0,NL1
66110,2023-10-13,250000,Barakaldo CF ,681.0,ES1
466298,2023-04-05,2500000,CA Vélez Sarsfield,1050.0,ES1
291417,2021-03-19,50000000,Real Madrid,418.0,ES1
611075,2023-06-14,600000,FC Andorra,10718.0,
117996,2019-12-10,12000000,Manchester United,985.0,GB1
126737,2020-10-08,3000000,Real Betis Balompié,150.0,ES1
121223,2021-05-30,200000,NorthEast United FC,873.0,GB1
223725,2021-06-10,10000000,Sevilla FC,368.0,ES1
38253,2018-10-22,80000000,Bayern Munich,27.0,L1
382554,2020-02-27,3500000,Stoke City,512.0,GB1
470596,2023-12-27,350000,Bolton Wanderers,355.0,
15930,2015-09-24,200000,Milton Keynes Dons,379.0,GB1
284872,2021-12-27,200000,CF Fuenlabrada,16795.0,ES1
264372,2023-12-22,25000000,Girona FC,12321.0,ES1
385084,2023-06-30,400000,Racing Ferrol,3368.0,ES1
120241,2022-12-15,75000,Haverfordwest County,603.0,GB1
35773,2019-05-27,12500000,Los Angeles FC,681.0,ES1
56134,2021-01-08,300000,Sporting Gijón,1050.0,ES1
525247,2021-12-23,9000000,Wolverhampton Wanderers,543.0,GB1
226219,2018-02-27,250000,Norwich City,1123.0,GB1
57935,2022-06-29,1000000,Real Zaragoza,2687.0,ES1
411295,2021-10-05,32000000,Leeds United,399.0,GB1
364603,2018-01-01,10000000,FC Barcelona B,2464.0,
28261,2017-01-24,3500000,RCD Espanyol Barcelona,714.0,ES1
459463,2019-06-11,10000000,SD Huesca,5358.0,ES1
34409,2017-06-28,3500000,Crystal Palace,873.0,GB1
255284,2022-10-05,400000,Lommel SK,12321.0,ES1
602105,2023-03-16,70000000,Manchester United,985.0,GB1
349873,2021-12-27,400000,AD Alcorcón,940.0,ES1
618813,2022-09-26,100000,Atlético Madrileño,3679.0,
593482,2022-03-23,2000000,Angers SCO,1420.0,FR1
99331,2017-12-28,14000000,Borussia Mönchengladbach,1003.0,GB1
94308,2015-11-20,500000,AD Alcorcón,11596.0,
377219,2019-09-13,3500000,Standard Liège,3057.0,BE1
57403,2018-05-30,200000,AD Alcorcón,150.0,ES1
345886,2020-04-08,9000000,FC Augsburg,167.0,L1
339501,2015-11-23,200000,OFK Beograd,53.0,SER1
29051,2022-12-29,200000,Málaga CF,237.0,ES1
699771,2021-06-30,100000,Valencia Mestalla,6182.0,
136401,2020-02-27,3500000,Bristol City,698.0,
996897,2022-11-30,2000000,Club Libertad Asunción,9875.0,
351478,2017-06-05,15000000,Real Sociedad,681.0,ES1
569384,2020-04-08,3200000,Inter Milan,46.0,IT1
349836,2021-06-10,1000000,Elche CF,1531.0,ES1
649033,2019-05-23,150000,Unknown,3302.0,ES1
67355,2020-04-08,1200000,Bristol City,29.0,GB1
203496,2023-06-13,20000000,Real Betis Balompié,150.0,ES1
461623,2019-09-10,150000,CF Rayo Majadahonda,13.0,ES1
262396,2015-07-01,100000,CD Basconia,6665.0,
126412,2018-01-01,600000,Leeds United,399.0,GB1
175914,2020-10-08,250000,Atlético Baleares,2448.0,ES1
7600,2021-06-29,2300000,Vissel Kobe,131.0,ES1
261502,2021-06-24,500000,UD Logroñés,1108.0,ES1
192736,2016-07-15,3000000,Athletic Bilbao,1244.0,ES1
71840,2015-07-01,500000,Athletic Bilbao,1108.0,ES1
142023,2015-01-23,1000000,Athletic Bilbao,621.0,ES1
87469,2019-12-20,4000000,SD Eibar,331.0,ES1
390688,2023-06-13,3500000,Getafe CF,3709.0,ES1
245625,2023-06-01,900000,West Bromwich Albion,677.0,GB1
175449,2023-03-23,10000000,CA Osasuna,331.0,ES1
165008,2021-12-30,250000,Villarreal CF B,1050.0,ES1
8746,2015-07-01,700000,Real Oviedo,366.0,ES1
187673,2016-02-22,300000,UD Almería,3302.0,ES1
537760,2022-06-29,100000,Zamora CF,237.0,ES1
258878,2020-04-08,2800000,Blackburn Rovers,164.0,
188838,2019-06-11,2000000,Getafe CF,366.0,ES1
343052,2018-12-17,40000000,LOSC Lille,1082.0,FR1
76701,2015-07-03,1000000,CA Peñarol,681.0,ES1
281989,2020-10-08,5000000,Granada CF,16795.0,ES1
14535,2016-07-15,300000,Gimnàstic de Tarragona,993.0,ES1
227961,2015-01-08,300000,Girona FC,12321.0,ES1
340324,2023-03-16,25000000,Arsenal FC,11.0,GB1
922698,2023-12-19,500000,Chelsea FC U21,9250.0,
27374,2022-09-26,1000000,UD Las Palmas,150.0,ES1
127108,2021-01-05,4200000,Deportivo Alavés,1108.0,ES1
173483,2021-11-24,2000000,Bristol City,1132.0,GB1
298602,2020-12-22,200000,Petrolul Ploiesti,331.0,ES1
35512,2017-02-02,100000,CD Ebro,142.0,ES1
502722,2021-12-16,13500000,Red Bull Salzburg,409.0,A1
719673,2023-08-22,3000000,Liverpool FC,31.0,GB1
311435,2020-02-11,100000,Atlético Levante UD,13.0,ES1
419648,2018-07-02,300000,FK Cukaricki,6621.0,SER1
396894,2023-10-13,4000000,Cádiz CF,2687.0,ES1
314140,2022-09-14,5000000,Middlesbrough FC,641.0,GB1
349856,2018-01-01,200000,Barakaldo CF ,3368.0,ES1
197135,2018-12-21,5000000,Real Sociedad,681.0,ES1
144028,2022-06-15,20000000,Brighton & Hove Albion,1237.0,GB1
355861,2023-06-20,25000000,Tottenham Hotspur,148.0,GB1
531274,2019-02-19,100000,Villarreal CF B,3302.0,ES1
271451,2017-02-02,300000,FC Barcelona B,131.0,ES1
166240,2017-01-18,5000000,PSV Eindhoven,1237.0,GB1
227183,2015-02-12,500000,Southampton FC,180.0,GB1
614258,2022-05-13,5000000,Huddersfield Town,1110.0,GB1
1005649,2023-10-09,9000000,Nottingham Forest,703.0,GB1
129674,2020-08-25,5000000,US Sassuolo,6574.0,IT1
657430,2020-11-23,600000,UD Almería,3302.0,ES1
297212,2018-09-24,250000,Swansea City,2288.0,GB1
394236,2017-04-14,300000,FC Luzern U21,5494.0,
33713,2017-02-20,22000000,Arsenal FC,180.0,GB1
74294,2023-12-22,4000000,Sevilla FC,368.0,ES1
576314,2020-10-14,2000000,SC Heerenveen,306.0,NL1
423440,2021-12-30,25000000,Real Sociedad,681.0,ES1
73522,2018-05-28,1500000,Leicester City,1003.0,GB1
566036,2021-01-08,2700000,Atlético de Madrid B,13.0,ES1
635347,2021-01-08,100000,Córdoba CF,1050.0,ES1
511021,2021-06-24,500000,Albacete Balompié,1532.0,
473050,2022-11-09,12000000,SC Freiburg,60.0,L1
49734,2020-04-08,350000,KFC Uerdingen 05,289.0,GB1
67369,2016-09-01,2500000,Derby County,1032.0,GB1
533662,2021-10-05,300000,Aston Villa,405.0,GB1
314341,2023-06-01,2800000,Queens Park Rangers,11.0,GB1
167721,2021-06-10,10000000,CA Osasuna,331.0,ES1
429983,2018-12-30,100000,Sarpsborg 08 FF,10217.0,NO1
92572,2019-06-13,4000000,Crystal Palace,873.0,GB1
25742,2019-12-27,200000,Guizhou Hengfeng,379.0,GB1
434602,2021-12-27,500000,Real Sociedad B,9899.0,
655488,2023-06-20,80000000,Arsenal FC,11.0,GB1
531829,2022-06-29,1500000,SD Huesca,5358.0,ES1
42373,2015-11-22,7000000,Valencia CF,940.0,ES1
268670,2016-08-01,1000000,FC Barcelona B,2464.0,
339556,2015-10-16,100000,Walsall FC,899.0,
51471,2020-07-30,40000000,Chelsea FC,631.0,GB1
342046,2019-06-13,7000000,Manchester United,985.0,GB1
7668,2017-01-24,200000,Cádiz CF,2687.0,ES1
926849,2023-12-20,200000,Atlético de Madrid B,3679.0,
338629,2020-04-08,11000000,1.FC Köln,3.0,L1
342385,2021-03-19,18000000,Real Betis Balompié,150.0,ES1
413032,2019-06-03,2500000,Stade Brestois 29,180.0,GB1
303657,2017-01-02,300000,Inter Milan,46.0,IT1
340339,2021-12-27,700000,CS Marítimo,1244.0,ES1
177467,2023-12-22,15000000,Villarreal CF,1050.0,ES1
50552,2016-08-01,250000,Middlesbrough FC,641.0,GB1
193116,2021-03-18,28000000,Aston Villa,405.0,GB1
371371,2019-10-08,3000000,Hellas Verona,276.0,IT1
213670,2016-10-27,500000,Real Oviedo,2497.0,ES1
67546,2022-12-29,1800000,SD Huesca,5358.0,ES1
404418,2018-06-28,600000,MSK Zilina,1443.0,
127032,2015-01-14,10000000,Paris Saint-Germain,583.0,FR1
286384,2023-09-27,4000000,Besiktas JK,114.0,TR1
298477,2018-01-02,1000000,Swansea City,2288.0,GB1
398184,2020-03-05,50000000,Valencia CF,1049.0,ES1
166240,2021-10-05,3500000,Brighton & Hove Albion,1237.0,GB1
38817,2020-04-08,650000,Real Oviedo,714.0,ES1
243760,2021-06-24,500000,CD Tenerife,648.0,
44741,2016-09-01,1250000,Brighton & Hove Albion,1237.0,GB1
366930,2021-06-10,2500000,SD Huesca,5358.0,ES1
242646,2022-11-24,150000,Pacific FC,379.0,GB1
131978,2021-03-18,20000000,Aston Villa,405.0,GB1
73482,2023-04-05,250000,Derby County,405.0,GB1
292246,2019-06-12,3000000,Hamburger SV,41.0,L1
357658,2021-03-10,500000,AFC Bournemouth,989.0,GB1
3668,2019-06-28,250000,Bolton Wanderers,1010.0,GB1
148262,2016-09-01,5000000,Burnley FC,1132.0,GB1
340324,2020-03-09,12000000,Arsenal FC,11.0,GB1
139449,2017-10-30,2500000,Sport Club Internacional,150.0,ES1
63494,2021-06-10,2000000,Villarreal CF,1050.0,ES1
203496,2021-12-30,30000000,Real Betis Balompié,150.0,ES1
268670,2022-06-03,3000000,Elche CF,1531.0,ES1
388513,2021-10-07,4000000,Borussia Dortmund,16.0,L1
368582,2020-02-11,250000,UE Cornellà,2448.0,ES1
472423,2023-10-09,55000000,Chelsea FC,631.0,GB1
479999,2019-10-17,5000000,Queens Park Rangers,1039.0,GB1
563137,2020-10-08,2500000,Real Sociedad B,9899.0,
166240,2019-06-13,12000000,Brighton & Hove Albion,1237.0,GB1
321247,2021-06-30,35000000,Norwich City,1123.0,GB1
87672,2021-06-30,1800000,AFC Bournemouth,989.0,GB1
394236,2023-06-07,2700000,BSC Young Boys,452.0,C1
99349,2023-06-30,200000,Real Unión Club,714.0,ES1
412045,2019-06-29,250000,RCD Espanyol B,10773.0,
44741,2020-04-08,1200000,Brighton & Hove Albion,1237.0,GB1
77329,2015-02-12,3000000,Sunderland AFC,289.0,GB1
50174,2015-02-12,9000000,Tottenham Hotspur,1010.0,GB1
233998,2022-06-30,500000,Rotherham United,873.0,GB1
217115,2018-09-24,5000000,Brentford FC,1148.0,GB1
61812,2022-06-03,3000000,Athletic Bilbao,621.0,ES1
58074,2018-05-30,500000,Real Sociedad,681.0,ES1
43193,2023-06-09,150000,Shrewsbury Town,1123.0,GB1
121279,2017-10-23,7000000,Swansea City,2288.0,GB1
303657,2021-12-28,4000000,Inter Milan,46.0,IT1
605184,2021-06-04,12000000,OGC Nice,417.0,FR1
314875,2020-10-13,28000000,West Ham United,379.0,GB1
255495,2019-12-20,400000,AD Alcorcón,11596.0,
354362,2019-12-12,40000000,Juventus FC,506.0,IT1
67421,2015-07-01,1000000,Swansea City,984.0,GB1
468066,2019-12-22,500000,FC Midtjylland,865.0,DK1
335247,2023-06-14,100000,Villarreal CF B,1050.0,ES1
450050,2019-06-27,1500000,RC Lens,826.0,FR1
251897,2016-08-15,400000,Bilbao Athletic,6688.0,
268958,2020-10-08,1200000,CD Leganés,368.0,ES1
35540,2016-07-15,1500000,Levante UD,3368.0,ES1
54576,2016-08-08,4200000,CA San Lorenzo de Almagro,984.0,GB1
231776,2021-01-08,200000,Penya Deportiva Santa Eulalia,237.0,ES1
264372,2018-05-14,8000000,Dynamo Kyiv,338.0,UKR1
191217,2020-04-08,32000000,Arsenal FC,11.0,GB1
221322,2016-02-22,20000000,Valencia CF,1049.0,ES1
206225,2020-04-08,8000000,Newcastle United,762.0,GB1
625660,2021-12-27,800000,Real Sociedad B,9899.0,
864121,2023-06-16,4000000,Sporting CP,336.0,PO1
331726,2018-05-28,10000000,Swansea City,2288.0,GB1
22586,2015-01-23,1000000,Deportivo de La Coruña,897.0,ES1
34130,2016-08-01,3000000,Burnley FC,1132.0,GB1
314266,2022-10-27,600000,Birmingham City,984.0,GB1
584769,2021-06-08,22000000,Burnley FC,1132.0,GB1
368635,2020-02-11,100000,Las Rozas CF,367.0,ES1
28810,2020-04-08,525000,Real Salt Lake City,1039.0,GB1
162038,2018-03-28,2500000,Rayo Vallecano,367.0,ES1
85383,2021-06-10,1500000,Cádiz CF,2687.0,ES1
57079,2023-04-05,350000,Sydney FC,350.0,GB1
415912,2018-05-28,3000000,Arsenal FC,11.0,GB1
73244,2020-10-08,150000,Recreativo Huelva,993.0,ES1
503769,2022-03-29,1000000,Arsenal FC,11.0,GB1
341264,2023-10-13,15000000,Real Madrid,418.0,ES1
126719,2018-12-17,12000000,Paris Saint-Germain,583.0,FR1
255501,2023-06-13,3000000,Athletic Bilbao,621.0,ES1
242301,2021-01-08,200000,RCD Mallorca,237.0,ES1
60591,2018-05-09,2000000,Umm Salal SC,3008.0,GB1
374077,2018-12-21,1000000,SD Huesca,1244.0,ES1
142021,2019-12-20,14000000,RCD Espanyol Barcelona,714.0,ES1
142027,2021-06-10,1500000,Real Valladolid CF,366.0,ES1
266795,2020-04-08,3200000,SD Eibar,1533.0,ES1
73472,2018-09-24,750000,Millwall FC,985.0,GB1
87469,2021-01-05,2000000,SD Eibar,331.0,ES1
258004,2015-07-31,25000,SL Benfica B,10330.0,
214023,2023-04-06,250000,Hartlepool United,289.0,GB1
617081,2023-10-13,10000000,Valencia CF,1049.0,ES1
13507,2019-12-10,2000000,Everton FC,29.0,GB1
246335,2022-12-29,1000000,Málaga CF,3709.0,ES1
61546,2018-12-21,2500000,Celta de Vigo,331.0,ES1
123536,2023-12-21,200000,Coventry City,990.0,
412042,2021-12-30,150000,Hércules CF,7971.0,
412045,2021-01-08,800000,RCD Espanyol Barcelona,714.0,ES1
7782,2016-02-22,1000000,Málaga CF,1084.0,ES1
69660,2019-06-11,3000000,Girona FC,331.0,ES1
357119,2020-04-08,40500000,RB Leipzig,23826.0,L1
582718,2019-11-21,50000,Deportivo Alavés B,1108.0,ES1
333347,2022-06-29,200000,CP Cacereño,1533.0,ES1
263856,2017-06-05,5000000,Deportivo Alavés,150.0,ES1
744149,2022-10-27,2500000,Blackburn Rovers,164.0,
35413,2017-06-28,3000000,Reading FC,989.0,GB1
344069,2021-06-16,2500000,SpVgg Greuther Fürth,65.0,L1
19368,2022-01-17,700000,Guangzhou City,148.0,GB1
127032,2015-06-06,10000000,Paris Saint-Germain,583.0,FR1
486049,2019-09-13,5000000,RSC Anderlecht,58.0,BE1
238868,2018-01-01,1000000,SD Eibar,1533.0,ES1
29975,2017-06-28,2000000,AFC Bournemouth,989.0,GB1
62054,2016-12-18,1500000,Molde FK,180.0,GB1
17396,2016-10-24,3000000,Crystal Palace,3709.0,ES1
334222,2020-04-08,950000,Reading FC,1032.0,GB1
162039,2020-08-18,400000,Jagiellonia Bialystok,131.0,ES1
933350,2022-09-26,50000,Celta Vigo B,940.0,ES1
340867,2016-08-23,200000,Real Madrid Castilla,3709.0,ES1
365108,2019-06-04,600000,FC Lausanne-Sport,527.0,C1
260827,2017-12-29,1500000,UC Sampdoria,1038.0,IT1
585323,2021-12-30,300000,Villarreal CF B,11972.0,
511023,2021-12-30,200000,AD Unión Adarve,1244.0,ES1
192009,2019-06-11,1500000,Athletic Bilbao,621.0,ES1
315312,2022-06-29,600000,Burgos CF,150.0,ES1
238032,2016-08-01,250000,RCD Espanyol B,714.0,ES1
67080,2019-06-11,10000000,Deportivo Alavés,1108.0,ES1
408895,2019-06-29,150000,Gernika Club,2687.0,ES1
251892,2023-12-20,1200000,CD Tenerife,648.0,
74960,2019-06-13,7000000,Newcastle United,762.0,GB1
355628,2020-10-08,24000000,Real Sociedad,681.0,ES1
355397,2016-07-15,300000,AD Alcorcón,940.0,ES1
482836,2019-12-15,300000,Slovan Bratislava,641.0,GB1
69653,2018-02-27,1500000,Reading FC,1032.0,GB1
341228,2021-06-30,200000,Villarreal CF B,13.0,ES1
509268,2020-04-08,800000,Hull City,3008.0,GB1
341092,2018-10-12,50000000,ACF Fiorentina,430.0,IT1
392771,2019-06-13,10000000,Chelsea FC,631.0,GB1
268949,2019-02-19,800000,CD Tenerife,368.0,ES1
634431,2021-06-30,300000,Real Sociedad C,44822.0,
183293,2017-10-24,200000,Oxford United,988.0,
74857,2017-01-24,22000000,FC Barcelona,131.0,ES1
101742,2019-02-19,500000,UD Almería,3368.0,ES1
14066,2017-02-20,2500000,Swansea City,2288.0,GB1
210143,2021-12-27,700000,FC Cartagena,5358.0,ES1
51667,2016-02-22,800000,Girona FC,366.0,ES1
581701,2022-12-29,400000,SD Huesca,366.0,ES1
27659,2021-03-10,250000,Luton Town,1110.0,GB1
986298,2023-12-13,100000,Valenciennes FC,1423.0,FR1
85941,2016-02-11,400000,TSV 1860 Munich,72.0,
13573,2019-06-13,2000000,AFC Bournemouth,989.0,GB1
497291,2023-06-15,17000000,Bologna FC 1909,1025.0,IT1
67416,2017-09-18,5000000,Aston Villa,405.0,GB1
7782,2017-01-24,200000,Málaga CF,1084.0,ES1
278357,2018-05-30,250000,Pontevedra CF,940.0,ES1
353032,2022-06-03,10000000,Valencia CF,1049.0,ES1
203460,2017-09-18,5000000,Aston Villa,405.0,GB1
339253,2020-10-21,100000,Lommel SK,281.0,GB1
203778,2019-06-29,400000,Gimnàstic de Tarragona,3368.0,ES1
342229,2021-06-01,160000000,Paris Saint-Germain,583.0,FR1
226049,2020-10-15,6000000,Swansea City,2288.0,GB1
65318,2021-06-10,2000000,Villarreal CF,1050.0,ES1
361254,2023-12-22,5000000,Sevilla FC,368.0,ES1
309007,2022-12-29,200000,UD Melilla,993.0,ES1
335247,2019-02-19,300000,CF Talavera de la Reina,1050.0,ES1
197131,2015-07-01,300000,CD Mirandés,681.0,ES1
560694,2020-12-22,3000000,Huddersfield Town,1110.0,GB1
44794,2015-09-24,2000000,Nottingham Forest,405.0,GB1
528888,2022-05-13,500000,Fulham FC,931.0,GB1
169497,2021-12-30,2000000,CA Osasuna,331.0,ES1
236953,2023-06-01,1000000,Norwich City,1123.0,GB1
122721,2020-12-26,900000,Beijing Guoan,11.0,GB1
785967,2022-11-07,600000,Girona FC,12321.0,ES1
40043,2018-01-02,1000000,Swansea City,2288.0,GB1
111073,2023-06-01,900000,Cardiff City,989.0,GB1
502676,2019-01-05,25000,FC Rustavi,1799.0,
9619,2017-09-18,1500000,Aston Villa,405.0,GB1
71096,2023-08-22,150000,Sporting Kansas City,1071.0,GB1
314288,2020-10-16,4500000,RSC Anderlecht,58.0,BE1
255488,2016-02-22,700000,Bilbao Athletic,6688.0,
547039,2021-03-10,50000,Cardiff City U21,29793.0,
99922,2020-04-08,17500000,Real Betis Balompié,150.0,ES1
186590,2016-02-09,30000000,Everton FC,29.0,GB1
156814,2021-12-27,400000,CD Leganés,1244.0,ES1
105470,2017-01-02,7000000,AS Roma,12.0,IT1
381963,2020-03-12,4000000,Willem II Tilburg,403.0,NL1
547534,2020-10-15,1200000,Norwich City,1123.0,GB1
277093,2019-02-19,1000000,Elche CF,2448.0,ES1
39378,2019-05-27,4000000,Toronto FC,289.0,GB1
386047,2019-06-03,400000,Stade Reims,1421.0,FR1
326416,2021-06-10,1500000,Elche CF,1531.0,ES1
46154,2020-02-27,2000000,Derby County,1123.0,GB1
57944,2016-07-15,200000,Elche CF,1531.0,ES1
67252,2018-12-19,5000000,Wolverhampton Wanderers,1003.0,GB1
87409,2020-04-08,400000,Club Atlético Lanús,150.0,ES1
225462,2018-01-01,600000,Cádiz CF,2687.0,ES1
485963,2020-04-08,1600000,Le Havre AC,738.0,FR1
1009658,2022-09-06,25000,CA Lanús II,14835.0,
7782,2015-01-23,1500000,Málaga CF,1084.0,ES1
236509,2022-07-29,350000,Portsmouth FC,148.0,GB1
357072,2019-06-03,8000000,Nîmes Olympique,1160.0,FR1
328480,2021-01-28,2500000,Vitória Guimarães SC,2420.0,PO1
85288,2017-01-24,35000000,Real Madrid,418.0,ES1
207742,2020-04-08,800000,Charlton Athletic,358.0,
44058,2015-07-01,10000000,Arsenal FC,11.0,GB1
258878,2022-09-15,18000000,Fulham FC,931.0,GB1
406635,2019-12-10,30000000,Manchester City,281.0,GB1
381362,2023-10-27,2500000,Stoke City,405.0,GB1
19981,2018-01-01,6000000,FC Barcelona,131.0,ES1
250431,2019-12-10,75000,Newcastle United,762.0,GB1
274347,2019-06-29,900000,SL Benfica B,13.0,ES1
217149,2018-06-30,100000,Recreativo Granada,3302.0,ES1
290275,2019-02-19,200000,CD Teruel,5358.0,ES1
447052,2023-06-14,1000000,SD Eibar,1533.0,ES1
73482,2021-03-10,1500000,Stoke City,405.0,GB1
652330,2020-12-08,200000,Real Madrid Castilla,6767.0,
26801,2019-12-30,150000,LDU Quito,3302.0,ES1
236490,2021-03-18,7000000,Fulham FC,931.0,GB1
76032,2017-08-17,400000,Cultural Leonesa,237.0,ES1
57950,2021-01-07,200000,Racing Ferrol,940.0,ES1
349873,2017-06-30,300000,Celta Vigo B,940.0,ES1
424042,2019-08-06,1000000,CA Rosario Central,1418.0,ARG1
42198,2016-04-20,2000000,Hull City,3008.0,GB1
18091,2015-07-01,600000,Without Club,1533.0,ES1
388165,2019-06-27,1500000,FC Lorient,1158.0,FR1
711394,2023-12-20,500000,CD Mirandés,13222.0,
122721,2015-02-24,250000,Brentford FC,11.0,GB1
607034,2022-07-01,800000,Lillestrøm SK,353.0,NO1
607223,2022-05-30,18000000,Olympique Lyon,1041.0,FR1
259892,2021-11-25,225000,Oklahoma City Energy FC,512.0,GB1
142310,2017-06-26,3500000,FC Porto,720.0,PO1
418560,2021-06-09,130000000,Borussia Dortmund,16.0,L1
88971,2019-06-28,9000000,Aston Villa,405.0,GB1
191217,2015-07-01,5000000,Arsenal FC,11.0,GB1
251896,2023-03-23,2000000,Real Madrid,418.0,ES1
76743,2021-07-09,300000,Real Salt Lake City,3302.0,ES1
89731,2019-12-20,1000000,Real Zaragoza,3302.0,ES1
906160,2023-05-25,125000,Torpedo Kutaisi,253.0,
127048,2016-04-07,12000000,Villarreal CF,1050.0,ES1
480267,2022-09-23,60000000,FC Barcelona,131.0,ES1
27614,2018-01-02,5000000,West Bromwich Albion,984.0,GB1
605184,2018-12-17,8000000,FC Toulouse,415.0,FR1
628923,2021-01-08,50000,Sevilla Atlético,368.0,ES1
475416,2023-12-21,4800000,Huddersfield Town,1110.0,GB1
336103,2016-08-11,50000,Coruxo FC,150.0,ES1
255570,2019-06-29,250000,CD Izarra,366.0,ES1
716163,2022-12-29,150000,Real Valladolid Promesas,366.0,ES1
253677,2020-10-13,27000000,Aston Villa,405.0,GB1
57825,2019-12-20,2000000,Getafe CF,16795.0,ES1
166677,2016-08-01,300000,Granada CF B,714.0,ES1
164477,2019-12-05,650000,Arsenal Fútbol Club,1084.0,ES1
346289,2017-01-16,2000000,Olympique Lyon,1041.0,FR1
44735,2018-05-30,700000,Córdoba CF,472.0,ES1
3333,2022-11-03,2000000,Liverpool FC,31.0,GB1
85365,2017-06-29,500000,Córdoba CF,1050.0,ES1
326031,2023-10-18,70000000,Bayern Munich,27.0,L1
51088,2017-10-09,4000000,CA River Plate,289.0,GB1
99397,2018-05-28,4500000,Newcastle United,762.0,GB1
214666,2019-06-28,4000000,Swansea City,2288.0,GB1
51474,2016-02-22,5000000,Athletic Bilbao,5358.0,ES1
27114,2017-06-28,2500000,Watford FC,1010.0,GB1
141573,2016-09-01,750000,Wolverhampton Wanderers,1031.0,GB1
138927,2018-03-22,60000000,Real Madrid,418.0,ES1
57229,2016-11-20,10000000,Guangzhou Evergrande Taobao,131.0,ES1
39004,2017-06-29,800000,Real Oviedo,1050.0,ES1
51535,2015-01-23,1000000,Elche CF,1531.0,ES1
251880,2021-06-30,250000,Recreativo Granada,16795.0,ES1
381362,2017-01-21,600000,Club Brugge KV,405.0,GB1
19948,2015-07-01,4500000,Manchester City,180.0,GB1
607779,2020-10-08,200000,CD Mirandés,367.0,ES1
40428,2018-12-21,800000,Villarreal CF,1050.0,ES1
340328,2022-03-23,10000000,Montpellier HSC,969.0,FR1
40433,2016-02-09,55000000,Arsenal FC,11.0,GB1
233124,2017-09-18,1000000,Wolverhampton Wanderers,543.0,GB1
487465,2018-06-07,3000000,SS Lazio,398.0,IT1
226049,2019-06-13,500000,Newcastle United,762.0,GB1
454238,2022-06-03,3000000,Cádiz CF,2687.0,ES1
330659,2019-12-12,25000000,AS Roma,12.0,IT1
365172,2020-04-08,7200000,Red Bull Salzburg,1003.0,GB1
283170,2021-06-10,3000000,FC Barcelona B,2464.0,
567504,2022-12-28,75000,CF Estrela Amadora U23,101419.0,
27614,2017-02-20,5000000,West Bromwich Albion,984.0,GB1
451276,2017-12-13,500000,FC Liefering,37024.0,
351540,2018-05-30,250000,Hércules CF,993.0,ES1
75238,2016-07-15,300000,SD Huesca,993.0,ES1
467623,2018-06-02,175000,Orlando Pirates,2557.0,
339814,2018-05-30,100000,Atlético de Madrid B,13.0,ES1
167228,2020-10-08,300000,CD Mirandés,472.0,ES1
495625,2022-06-03,2500000,Cádiz CF,2687.0,ES1
73547,2021-11-24,4000000,Sheffield United,350.0,GB1
358032,2023-10-11,6000000,Hellas Verona,276.0,IT1
10501,2019-06-28,350000,Preston North End,1003.0,GB1
249089,2023-06-20,10000000,AFC Bournemouth,989.0,GB1
71579,2020-04-08,475000,CA Osasuna,331.0,ES1
169249,2022-09-06,600000,CA Colon,1531.0,ES1
534033,2021-06-08,10000000,Brighton & Hove Albion,1237.0,GB1
92469,2015-10-14,5000000,AFC Bournemouth,989.0,GB1
18227,2023-04-05,150000,Derby County,3008.0,GB1
466807,2021-01-08,100000,UD Melilla,16492.0,
397033,2020-12-29,32000000,AC Milan,5.0,IT1
198589,2020-04-08,2800000,Chelsea FC,631.0,GB1
45256,2022-12-29,300000,AD Alcorcón,2448.0,ES1
706797,2023-12-20,100000,Cádiz CF Mirandilla,11669.0,
258475,2016-12-18,600000,FK Rad,902.0,
399434,2022-11-03,15000000,AFC Bournemouth,989.0,GB1
91763,2023-04-04,150000,CD O'Higgins,940.0,ES1
60890,2017-06-05,3000000,Valencia CF,366.0,ES1
546944,2022-05-13,600000,West Bromwich Albion,984.0,GB1
288255,2018-06-12,14000000,Ajax Amsterdam,610.0,NL1
67808,2021-06-10,1500000,SD Huesca,5358.0,ES1
111073,2016-08-01,250000,AFC Bournemouth,989.0,GB1
8176,2015-01-23,1000000,Granada CF,714.0,ES1
164477,2022-06-16,300000,Santiago Wanderers,1084.0,ES1
56543,2022-06-29,50000,UD Logroñés,366.0,ES1
13460,2020-10-13,350000,Manchester United,985.0,GB1
842341,2021-12-16,3500000,Montpellier HSC,969.0,FR1
19368,2016-08-01,18000000,Tottenham Hotspur,148.0,GB1
56067,2019-12-20,3000000,RCD Espanyol Barcelona,1531.0,ES1
67339,2018-02-27,2000000,Birmingham City,931.0,GB1
282724,2023-06-07,1700000,FC Zürich,1049.0,ES1
382554,2023-10-27,2500000,Stoke City,512.0,GB1
61814,2021-11-24,800000,West Bromwich Albion,984.0,GB1
571020,2021-06-10,3500000,Athletic Bilbao,621.0,ES1
186399,2023-04-07,1500000,Fortaleza Esporte Clube,940.0,ES1
282410,2017-06-05,150000,Villarreal CF B,714.0,ES1
94308,2019-06-11,10000000,SD Eibar,1533.0,ES1
340205,2023-06-13,2000000,Athletic Bilbao,621.0,ES1
735568,2023-04-07,5500000,Red Bull Bragantino,8793.0,BRA1
208890,2018-01-01,1000000,Levante UD,3368.0,ES1
25316,2016-07-15,2000000,Real Betis Balompié,150.0,ES1
25542,2020-01-06,150000,FC Aarau,931.0,GB1
123682,2017-02-20,10000000,AFC Bournemouth,989.0,GB1
326330,2023-12-22,80000000,FC Barcelona,131.0,ES1
199134,2016-10-27,200000,Atlético Sanluqueño,150.0,ES1
243879,2020-11-11,700000,Grenoble Foot 38,1290.0,
217149,2017-02-02,100000,Granada CF B,3302.0,ES1
282411,2021-05-31,80000000,Atlético de Madrid,13.0,ES1
288454,2021-06-24,500000,CD Castellón,1531.0,ES1
62054,2018-12-30,800000,Molde FK,180.0,GB1
111051,2017-02-20,12000000,Leicester City,1003.0,GB1
413507,2019-06-06,30000000,ACF Fiorentina,430.0,IT1
58115,2020-04-08,1200000,SD Eibar,1533.0,ES1
614464,2022-06-29,1200000,Villarreal CF B,1050.0,ES1
338285,2018-05-30,15000000,Athletic Bilbao,621.0,ES1
77760,2022-08-18,4000000,CF Montréal,148.0,GB1
396109,2020-02-11,150000,Sevilla Atlético,368.0,ES1
260827,2019-03-01,20000000,UC Sampdoria,1038.0,IT1
39471,2016-08-01,2500000,Middlesbrough FC,641.0,GB1
972465,2023-03-31,100000,Minnesota United FC,56089.0,MLS1
262226,2017-06-06,3000000,KRC Genk,1184.0,BE1
325443,2023-12-27,45000000,Sporting CP,336.0,PO1
732119,2023-12-19,1200000,Liverpool FC U21,9252.0,
607226,2023-10-11,2400000,US Salernitana 1919,380.0,IT1
314353,2021-05-28,75000000,Liverpool FC,31.0,GB1
20346,2021-06-30,50000,Internacional de Madrid,16795.0,ES1
92381,2020-04-08,2400000,Nottingham Forest,762.0,GB1
27505,2016-12-11,1100000,Malmö FF,984.0,GB1
671074,2022-05-13,250000,West Bromwich Albion U21,984.0,GB1
45305,2018-05-30,800000,Málaga CF,1084.0,ES1
160348,2017-11-13,600000,AEL Limassol,931.0,GB1
632896,2021-06-24,3000000,Real Zaragoza,142.0,ES1
13796,2018-09-24,2000000,Middlesbrough FC,641.0,GB1
61560,2022-06-15,2500000,Leicester City,1003.0,GB1
461866,2022-06-29,100000,Racing Santander,368.0,ES1
50202,2018-01-02,100000000,Chelsea FC,418.0,ES1
40433,2021-10-14,5000000,Inter Milan,46.0,IT1
229804,2022-06-03,20000000,Real Sociedad,681.0,ES1
254039,2019-12-20,500000,Albacete Balompié,150.0,ES1
111873,2019-12-10,3500000,Arsenal FC,11.0,GB1
67538,2019-09-10,200000,Unionistas CF,3709.0,ES1
40442,2015-01-23,1500000,RCD Espanyol Barcelona,714.0,ES1
605528,2023-12-20,100000,Recreativo Granada,21550.0,
138927,2022-11-07,18000000,Real Madrid,418.0,ES1
127032,2023-12-19,7000000,Nottingham Forest,703.0,GB1
158704,2016-07-15,300000,Cádiz CF,2687.0,ES1
231776,2018-06-30,100000,CF Lorca Deportiva,237.0,ES1
164816,2016-02-22,400000,Girona FC,331.0,ES1
50174,2016-06-01,14000000,Tottenham Hotspur,1010.0,GB1
89330,2017-01-24,500000,Real Zaragoza,681.0,ES1
357072,2015-09-06,250000,AS Nancy-Lorraine,1159.0,FR1
485963,2022-11-02,10000000,Olympique Marseille,244.0,FR1
3467,2015-02-12,500000,Queens Park Rangers,1039.0,GB1
59551,2021-06-10,1200000,Granada CF,16795.0,ES1
44859,2019-05-30,250000,FC Pune City,940.0,ES1
309110,2018-01-01,500000,Celta Vigo B,8733.0,
56067,2020-12-18,2000000,Toronto FC,1531.0,ES1
335247,2018-05-30,200000,CF Peralada,1050.0,ES1
354017,2022-06-16,50000,FK Sarajevo,703.0,GB1
349066,2020-10-08,22000000,Real Sociedad,681.0,ES1
162029,2019-06-13,5000000,Newcastle United,762.0,GB1
340918,2021-03-18,2500000,Liverpool FC,31.0,GB1
568005,2022-11-03,3000000,Brighton & Hove Albion,1237.0,GB1
85177,2018-12-19,15000000,Liverpool FC,31.0,GB1
455339,2020-10-08,50000,Real Oviedo Vetusta,331.0,ES1
111961,2018-10-12,40000000,AC Milan,5.0,IT1
286384,2021-03-18,15000000,Manchester United,985.0,GB1
537759,2022-12-29,300000,CD Mirandés,418.0,ES1
282411,2018-01-01,15000000,Real Madrid,418.0,ES1
398184,2021-05-31,50000000,Manchester City,281.0,GB1
311440,2020-10-08,150000,CA Osasuna Promesas,331.0,ES1
169555,2020-02-27,3500000,Cardiff City,603.0,GB1
169555,2015-11-30,450000,Heart of Midlothian FC,603.0,GB1
3109,2015-07-08,2000000,Los Angeles Galaxy,31.0,GB1
353674,2021-11-24,500000,Blackpool FC,873.0,GB1
948275,2022-03-21,200000,Real Madrid Castilla,6767.0,
51540,2023-06-16,500000,Pau FC,762.0,GB1
1000135,2023-09-11,25000,Valencia Mestalla,6182.0,
278837,2021-01-05,2000000,Deportivo Alavés,1108.0,ES1
71020,2015-02-24,1000000,Rotherham United,1123.0,GB1
1034853,2023-04-06,50000,Paris FC B,38673.0,
38253,2020-09-16,60000000,Bayern Munich,27.0,L1
455348,2019-06-29,200000,Bilbao Athletic,621.0,ES1
123275,2021-11-24,6000000,Fulham FC,931.0,GB1
215118,2020-10-13,14500000,Arsenal FC,11.0,GB1
42373,2023-10-25,150000,Without Club,940.0,ES1
503987,2022-01-05,18000000,PSV Eindhoven,383.0,NL1
197131,2019-06-29,700000,AD Alcorcón,681.0,ES1
286841,2019-06-29,800000,Real Oviedo,1531.0,ES1
314875,2023-12-19,50000000,West Ham United,379.0,GB1
501418,2019-06-11,10000000,RCD Espanyol B,10773.0,
457782,2017-06-30,250000,Sporting Club Accra,1244.0,ES1
76746,2023-12-22,1000000,Getafe CF,3709.0,ES1
543387,2020-04-08,1800000,RC Lens,826.0,FR1
71204,2022-06-29,50000,CD Castellón,366.0,ES1
268949,2021-06-24,400000,CD Tenerife,368.0,ES1
220755,2020-02-27,1000000,Hull City,29.0,GB1
617060,2020-07-23,200000,FC Barcelona B,2464.0,
531677,2020-07-30,1000000,Manchester United U23,985.0,GB1
433186,2020-07-30,1000000,Norwich City,1123.0,GB1
77038,2021-06-30,200000,Orihuela CF,3368.0,ES1
624942,2021-10-14,3000000,SS Lazio,398.0,IT1
442802,2021-01-08,600000,Málaga CF,13.0,ES1
298607,2020-10-08,250000,Club Polideportivo El Ejido,331.0,ES1
848509,2021-10-06,650000,Royal Charleroi SC,172.0,BE1
494237,2022-11-21,5000000,Lokomotiv Moscow,932.0,RU1
561702,2021-06-30,200000,Real Sociedad B,9899.0,
234803,2022-11-03,55000000,Liverpool FC,31.0,GB1
378954,2016-07-13,300000,Stade Rennais FC,368.0,ES1
51716,2022-04-06,400000,América Futebol Clube (MG),379.0,GB1
481084,2022-06-03,5000000,Valencia CF,1049.0,ES1
434224,2020-08-14,1000000,FC Sochaux-Montbéliard,750.0,FR1
374081,2019-02-19,400000,Racing Santander,331.0,ES1
396327,2022-12-29,200000,Real Valladolid Promesas,13.0,ES1
104941,2020-02-02,150000,El Gouna FC,3008.0,GB1
128906,2020-10-15,5500000,Reading FC,1003.0,GB1
226261,2021-01-08,500000,UD Almería,3302.0,ES1
399776,2017-06-05,300000,Villarreal CF B,11972.0,
58281,2015-01-23,2000000,Levante UD,3368.0,ES1
1000135,2023-10-13,50000,Valencia Mestalla,6182.0,
275218,2020-11-10,550000,CD O'Higgins,11470.0,
244338,2019-10-17,400000,Luton Town,1031.0,GB1
156501,2017-02-22,8000000,FC Porto,720.0,PO1
337284,2018-08-08,900000,Rangers FC,124.0,SC1
192366,2021-12-31,250000,Greenock Morton FC,1032.0,GB1
257813,2018-01-01,250000,Barakaldo CF ,1533.0,ES1
340328,2020-04-08,3600000,Dijon FCO,2969.0,FR1
126741,2020-02-11,200000,CD Ebro,714.0,ES1
485706,2021-10-08,6000000,LOSC Lille,1082.0,FR1
282724,2020-12-28,400000,FC Lugano,1049.0,ES1
294568,2021-12-31,1500000,Maccabi Haifa,16795.0,ES1
668177,2023-06-14,700000,UD Ibiza,13241.0,
51710,2020-10-08,9000000,Villarreal CF,366.0,ES1
216464,2020-04-08,3200000,Granada CF,16795.0,ES1
464896,2022-12-29,50000,Club Polideportivo El Ejido,1084.0,ES1
231776,2019-09-10,100000,Penya Deportiva Santa Eulalia,237.0,ES1
115333,2016-10-27,800000,Girona FC,12321.0,ES1
173504,2021-06-08,25000000,Burnley FC,1132.0,GB1
303657,2020-12-29,7000000,Inter Milan,46.0,IT1
218087,2023-12-19,1000000,Sheffield United,350.0,GB1
540676,2021-06-30,200000,FC Girondins Bordeaux,940.0,ES1
328658,2021-10-05,17000000,Brentford FC,1148.0,GB1
480267,2018-02-05,175000,CA Boston River,18074.0,
182904,2021-03-19,25000000,FC Barcelona,131.0,ES1
162038,2022-06-03,25000000,RCD Espanyol Barcelona,714.0,ES1
65301,2016-07-15,1500000,Real Betis Balompié,2448.0,ES1
184573,2015-07-01,1500000,SL Benfica,294.0,PO1
293213,2015-02-02,200000,FK Zeljeznicar Sarajevo,2573.0,
81793,2021-06-28,250000,Kyoto Sanga,180.0,GB1
382554,2020-10-15,4500000,Stoke City,512.0,GB1
340328,2023-06-27,6000000,Montpellier HSC,969.0,FR1
102423,2021-03-19,3500000,RCD Espanyol Barcelona,714.0,ES1
162039,2016-08-01,700000,FC Barcelona B,131.0,ES1
189458,2021-06-24,1000000,Rayo Vallecano,367.0,ES1
590690,2019-02-19,250000,RC Deportivo Fabril,11603.0,
669366,2023-06-01,5000000,Everton FC,29.0,GB1
358032,2023-06-15,2000000,Hellas Verona,276.0,IT1
218086,2021-04-09,150000,Phoenix Rising FC,1003.0,GB1
162063,2021-01-07,500000,Deportivo de La Coruña,16795.0,ES1
340870,2021-01-08,400000,CD Tenerife,940.0,ES1
291247,2015-08-25,1000000,Celta de Vigo,940.0,ES1
596446,2023-10-27,2000000,Ipswich Town,677.0,GB1
293383,2020-02-11,150000,Cultural Leonesa,12321.0,ES1
184528,2018-06-07,1500000,Bologna FC 1909,1025.0,IT1
35540,2022-11-25,50000,Atlètic Club d'Escaldes,3368.0,ES1
121477,2017-06-28,6000000,West Bromwich Albion,984.0,GB1
195488,2017-01-24,800000,Rayo Vallecano,367.0,ES1
45693,2017-06-28,3500000,Brighton & Hove Albion,1237.0,GB1
38094,2015-02-24,1500000,Cardiff City,984.0,GB1
630990,2020-10-08,1000000,Atlético de Madrid B,1108.0,ES1
189458,2015-04-09,3000000,Getafe CF,367.0,ES1
168157,2023-06-20,15000000,Aston Villa,405.0,GB1
388165,2021-01-07,8000000,FC Lorient,1158.0,FR1
88709,2021-01-11,175000,Pro Sesto 1913,281.0,GB1
195652,2016-02-09,7000000,Liverpool FC,989.0,GB1
4063,2017-02-20,4000000,Middlesbrough FC,641.0,GB1
521455,2022-06-29,300000,Albacete Balompié,150.0,ES1
357565,2023-10-09,100000000,Manchester City,281.0,GB1
176285,2017-06-05,1500000,Granada CF,16795.0,ES1
63824,2023-06-20,275000,FC Trinity Zlin,405.0,GB1
44139,2020-10-20,100000,Defensor Sporting Club,714.0,ES1
13507,2018-01-02,10000000,Everton FC,29.0,GB1
40043,2015-07-01,1500000,Swansea City,2288.0,GB1
258923,2021-12-23,85000000,Manchester United,985.0,GB1
7600,2015-01-23,35000000,FC Barcelona,131.0,ES1
48950,2021-11-24,500000,Huddersfield Town,641.0,GB1
520757,2021-06-30,250000,CA Osasuna Promesas,331.0,ES1
14044,2017-09-18,350000,Leeds United,399.0,GB1
221150,2018-12-21,15000000,Getafe CF,3709.0,ES1
37579,2017-06-19,6000000,Tianjin Quanjian,1050.0,ES1
184573,2017-02-22,18000000,SL Benfica,294.0,PO1
337527,2022-12-29,100000,Bergantiños FC,897.0,ES1
745452,2023-12-19,250000,Fulham FC U21,9262.0,
281755,2019-12-20,1200000,Cádiz CF,2687.0,ES1
195652,2020-10-15,2000000,Derby County,989.0,GB1
494880,2017-08-17,500000,FC Barcelona B,2464.0,
81999,2020-10-08,5000000,Deportivo Alavés,1108.0,ES1
158057,2021-01-08,1000000,UD Almería,621.0,ES1
166677,2022-11-07,5000000,RCD Espanyol Barcelona,714.0,ES1
395234,2019-12-19,150000,FC Nantes,995.0,FR1
724520,2022-06-03,8000000,FC Barcelona B,2464.0,
257376,2022-11-07,8000000,Getafe CF,3709.0,ES1
625660,2020-10-08,50000,Real Sociedad B,9899.0,
433991,2023-04-06,600000,Salford City,2288.0,GB1
61697,2019-01-03,600000,Rangers FC,124.0,SC1
244125,2017-06-28,500000,Crystal Palace,873.0,GB1
81998,2015-07-01,700000,Udinese Calcio,331.0,ES1
45383,2023-03-28,200000,Without Club,331.0,ES1
55135,2021-12-27,100000,Real Zaragoza,367.0,ES1
344605,2021-12-23,28000000,Leicester City,1003.0,GB1
121398,2020-10-15,1800000,Stoke City,1110.0,GB1
565093,2022-04-12,750000,RSC Anderlecht,58.0,BE1
255729,2019-12-22,2000000,FC Midtjylland,2687.0,ES1
13872,2016-07-15,1200000,Rayo Vallecano,367.0,ES1
345886,2018-04-24,500000,FC Luzern,434.0,C1
257968,2020-02-05,100000,Partick Thistle FC ,289.0,GB1
227961,2018-01-01,1000000,Real Valladolid CF,366.0,ES1
186590,2020-10-13,25000000,Manchester City,281.0,GB1
161267,2016-02-22,400000,Celta de Vigo,237.0,ES1
134294,2015-07-01,12000000,Liverpool FC,31.0,GB1
369316,2021-03-16,4800000,Fenerbahce,36.0,TR1
197128,2016-08-01,300000,CD Guijuelo,681.0,ES1
213260,2020-04-08,6000000,CA Osasuna,331.0,ES1
54231,2019-12-20,600000,CD Tenerife,2448.0,ES1
346707,2022-11-03,22000000,Newcastle United,762.0,GB1
235412,2020-04-08,650000,Real Zaragoza,142.0,ES1
428016,2021-07-09,250000,Orlando City SC,45604.0,MLS1
511021,2019-09-10,300000,Albacete Balompié,1532.0,
54245,2016-02-22,10000000,Athletic Bilbao,621.0,ES1
45383,2017-06-05,3500000,Villarreal CF,331.0,ES1
202984,2021-01-05,3000000,Real Valladolid CF,366.0,ES1
261502,2020-02-11,250000,Deportivo Alavés B,1108.0,ES1
362086,2019-02-19,150000,SD Ponferradina,4032.0,
670858,2023-01-16,5000000,Chelsea FC U21,9250.0,
90964,2016-04-20,1500000,Sheffield Wednesday,603.0,GB1
13572,2020-04-08,1200000,Watford FC,1010.0,GB1
503981,2021-10-05,12000000,Southampton FC,180.0,GB1
375885,2022-11-11,35000000,PSV Eindhoven,383.0,NL1
262391,2021-12-27,800000,Real Zaragoza,714.0,ES1
71904,2017-06-29,400000,Rayo Vallecano,367.0,ES1
268670,2015-01-08,300000,FC Barcelona B,2464.0,
123275,2022-05-13,5000000,Fulham FC,931.0,GB1
291247,2021-01-19,600000,Zaglebie Lubin,940.0,ES1
7781,2019-12-20,600000,Racing Santander,1108.0,ES1
153427,2020-10-08,1000000,Rayo Vallecano,367.0,ES1
39372,2019-02-27,2000000,Norwich City,1123.0,GB1
355915,2016-02-06,150000,CA Belgrano II,61444.0,
327126,2018-12-21,800000,Real Valladolid CF,366.0,ES1
30321,2018-12-21,2500000,Rayo Vallecano,367.0,ES1
630998,2021-12-30,300000,San Fernando CD,150.0,ES1
346478,2021-12-23,15000000,Tottenham Hotspur,148.0,GB1
156501,2021-03-19,15000000,Atlético de Madrid,13.0,ES1
417913,2019-06-29,100000,Las Palmas Atlético,11610.0,
99922,2021-06-10,10000000,Real Betis Balompié,150.0,ES1
311696,2021-06-30,250000,Real Valladolid Promesas,366.0,ES1
85320,2018-01-01,300000,CD Alcoyano,714.0,ES1
743951,2023-07-25,4000000,Red Bull Bragantino,8793.0,BRA1
85706,2017-09-18,350000,Sheffield United,350.0,GB1
52191,2016-09-01,750000,Nottingham Forest,873.0,GB1
189458,2018-12-21,1000000,Rayo Vallecano,367.0,ES1
481084,2019-06-29,400000,Guaratinguetá (SP),15064.0,
294057,2016-09-01,1500000,Aberdeen FC,370.0,SC1
48002,2015-07-01,9000000,Juventus FC,506.0,IT1
64484,2018-05-30,300000,Rayo Vallecano,367.0,ES1
57950,2019-02-19,600000,CD Numancia,940.0,ES1
212862,2017-01-24,800000,Levante UD,3368.0,ES1
116648,2018-08-13,3000000,Fulham FC,931.0,GB1
295313,2016-02-11,300000,FSV Frankfurt,293.0,
215118,2016-02-09,12000000,Arsenal FC,11.0,GB1
732165,2023-12-27,3200000,Peterborough United,1072.0,
441170,2023-12-21,5000000,Besiktas JK,114.0,TR1
288318,2017-01-24,1500000,Rayo Vallecano,367.0,ES1
381362,2021-10-06,10000000,Club Brugge KV,405.0,GB1
275218,2016-02-06,2500000,CA River Plate,209.0,ARG1
367466,2021-06-10,6000000,Valencia CF,1049.0,ES1
335216,2021-06-10,1000000,Athletic Bilbao,621.0,ES1
246968,2015-02-12,5500000,Newcastle United,762.0,GB1
356197,2022-06-03,18000000,Villarreal CF,1050.0,ES1
536030,2023-12-22,2000000,UD Almería,3302.0,ES1
67089,2019-06-29,1500000,UD Las Palmas,2687.0,ES1
225122,2020-04-08,22500000,Valencia CF,1049.0,ES1
262895,2015-07-01,75000,Almere City FC,1237.0,GB1
208379,2020-04-08,800000,Blackburn Rovers,677.0,GB1
349856,2019-06-29,300000,SD Ponferradina,3368.0,ES1
124244,2016-08-08,500000,CD Godoy Cruz Antonio Tomba,367.0,ES1
109751,2015-11-04,150000,VfL Wolfsburg II,1123.0,GB1
618801,2022-09-26,50000,Atlético Madrileño,3679.0,
19958,2018-05-30,300000,CD Leganés,1244.0,ES1
388125,2020-04-08,750000,HNK Hajduk Split,447.0,KR1
502676,2021-10-13,3000000,Valencia CF,1049.0,ES1
37399,2019-06-29,200000,CF Rayo Majadahonda,1533.0,ES1
42513,2019-06-28,1500000,Sheffield Wednesday,1123.0,GB1
298477,2019-02-27,5000000,Swansea City,2288.0,GB1
237617,2020-10-08,700000,CD Lugo,11000.0,
85864,2021-02-10,2000000,1.FC Union Berlin,89.0,L1
42513,2015-02-24,3500000,Norwich City,1123.0,GB1
413459,2021-06-30,300000,Recreativo Granada,16795.0,ES1
283170,2023-06-13,4000000,FC Barcelona,131.0,ES1
491616,2022-11-02,3000000,ESTAC Troyes,1095.0,FR1
121269,2023-06-23,150000,Salford City,1003.0,GB1
35600,2017-06-05,400000,CA Osasuna,331.0,ES1
236509,2023-06-09,400000,Portsmouth FC,148.0,GB1
312553,2023-04-05,150000,Morecambe FC,762.0,GB1
504084,2022-03-30,250000,AS Monaco B,1049.0,ES1
218140,2021-06-30,1000000,Hull City,289.0,GB1
240360,2019-12-20,1000000,Rayo Vallecano,367.0,ES1
698151,2023-12-19,200000,Newcastle United U21,9253.0,
33027,2017-06-07,4000000,AZ Alkmaar,1090.0,NL1
605184,2021-12-16,18000000,OGC Nice,417.0,FR1
63056,2016-07-15,2000000,CA Osasuna,331.0,ES1
121254,2021-11-24,700000,Stoke City,512.0,GB1
340870,2018-01-01,50000,CF Villanovense,940.0,ES1
33027,2021-03-10,2500000,Norwich City,1123.0,GB1
44065,2017-06-05,2000000,Real Sociedad,714.0,ES1
670717,2023-03-02,2000000,Sporting CP B,10949.0,
392765,2021-10-05,28000000,Arsenal FC,11.0,GB1
334222,2017-06-08,2500000,Torino FC,416.0,IT1
59349,2019-06-29,1000000,Sporting Gijón,2448.0,ES1
99353,2021-06-10,20000000,Real Sociedad,681.0,ES1
34370,2019-12-20,1000000,RCD Espanyol Barcelona,367.0,ES1
67322,2022-10-07,250000,Without Club,1123.0,GB1
251880,2018-01-01,250000,Atlético de Madrid B,16795.0,ES1
179471,2023-04-05,550000,Melbourne City FC,762.0,GB1
705810,2021-12-30,250000,RCD Espanyol B,714.0,ES1
256429,2023-12-22,1000000,Cádiz CF,2687.0,ES1
49319,2018-09-24,250000,Aston Villa,405.0,GB1
70245,2018-01-01,700000,Málaga CF,1084.0,ES1
74768,2016-02-09,1000000,Watford FC,641.0,GB1
455056,2019-06-29,500000,Gimnàstic de Tarragona,1050.0,ES1
307781,2020-04-08,600000,Sunderland AFC,289.0,GB1
725912,2021-12-26,100000,SK Slavia Prague,62.0,TS1
1031293,2023-03-22,125000,Hamilton Academical FC,2999.0,SC1
246968,2019-06-13,20000000,Newcastle United,762.0,GB1
385105,2020-11-10,1200000,CSD Colo-Colo,2433.0,
65255,2016-02-09,5000000,Norwich City,1123.0,GB1
62945,2023-12-22,900000,Cádiz CF,2687.0,ES1
203460,2020-12-17,50000000,Aston Villa,405.0,GB1
85288,2019-12-20,50000000,Real Madrid,418.0,ES1
175773,2019-12-30,350000,Odisha FC,1049.0,ES1
202981,2016-07-15,100000,Las Palmas Atlético,472.0,ES1
177907,2023-06-20,20000000,Manchester United,985.0,GB1
63494,2017-06-28,9000000,Watford FC,1010.0,GB1
480763,2017-08-30,5000000,Tottenham Hotspur,148.0,GB1
711337,2019-10-16,50000,Fluminense Football Club,2462.0,BRA1
274771,2016-07-15,300000,UD Las Palmas,472.0,ES1
258878,2018-01-02,1000000,Manchester City U23,9265.0,
110861,2022-05-13,1000000,Birmingham City,405.0,GB1
322089,2023-06-26,75000,Hamilton Academical FC,543.0,GB1
133858,2021-12-17,200000,Halmstads BK,543.0,GB1
55135,2022-12-29,100000,Real Zaragoza,367.0,ES1
206746,2021-11-24,5000000,Fulham FC,931.0,GB1
120186,2021-05-27,800000,Watford FC,1010.0,GB1
48294,2022-06-29,100000,Real Oviedo,3302.0,ES1
503981,2023-10-09,30000000,Newcastle United,762.0,GB1
281773,2020-10-08,300000,AD Alcorcón,367.0,ES1
286849,2020-10-08,500000,Girona FC,1533.0,ES1
129473,2017-01-24,15000000,FC Barcelona,681.0,ES1
357162,2023-12-27,20000000,SL Benfica,294.0,PO1
210142,2016-10-27,100000,Arandina CF,3302.0,ES1
54170,2015-02-12,25000000,Chelsea FC,631.0,GB1
221322,2023-06-13,30000000,Valencia CF,1049.0,ES1
35416,2015-02-24,1200000,Ipswich Town,350.0,GB1
57403,2017-01-24,400000,AD Alcorcón,150.0,ES1
365172,2022-11-03,20000000,Leicester City,1003.0,GB1
397033,2021-06-03,27000000,AC Milan,5.0,IT1
70934,2022-09-26,800000,UD Ibiza,940.0,ES1
268258,2019-09-16,300000,NK Istra 1961,1533.0,ES1
352041,2022-08-05,1000000,Clube Náutico Capibaribe,2646.0,
116648,2021-12-23,2500000,Chelsea FC,631.0,GB1
583510,2019-09-10,100000,CF Fuenlabrada,16486.0,
718177,2021-12-30,50000,Atlético Levante UD,11516.0,
627294,2020-04-08,900000,Villarreal CF B,1050.0,ES1
129078,2015-02-24,5000000,Norwich City,1123.0,GB1
628923,2022-12-29,300000,Albacete Balompié,368.0,ES1
66110,2018-05-30,500000,Gimnàstic de Tarragona,681.0,ES1
339789,2022-07-01,150000,The New Saints,379.0,GB1
39010,2022-01-11,250000,Omonia Nicosia,289.0,GB1
427568,2023-12-19,28000000,Arsenal FC,11.0,GB1
648195,2021-06-11,5000000,Defensa y Justicia,2402.0,ARG1
392766,2020-06-29,25000,SC Cambuur Leeuwarden,631.0,GB1
442248,2021-06-30,7000000,Brentford FC,1148.0,GB1
340867,2020-10-08,500000,SD Huesca,3709.0,ES1
486477,2023-10-27,4000000,Watford FC,1010.0,GB1
935245,2023-12-20,200000,Real Madrid Castilla,6767.0,
289844,2020-04-08,650000,Preston North End,985.0,GB1
7781,2016-04-07,1500000,Besiktas JK,1108.0,ES1
16810,2015-10-14,250000,Chelsea FC,631.0,GB1
522784,2022-11-07,9000000,Girona FC,12321.0,ES1
44012,2016-07-15,300000,UD Las Palmas,472.0,ES1
61344,2019-02-19,400000,CD Numancia,2448.0,ES1
403151,2021-03-18,5000000,Brighton & Hove Albion,1237.0,GB1
70898,2019-09-10,200000,SD Ejea,367.0,ES1
626888,2022-10-27,1500000,Huddersfield Town,1110.0,GB1
568559,2021-01-11,800000,Juventus FC,506.0,IT1
378954,2018-10-31,12000000,Sevilla FC,368.0,ES1
340194,2023-06-09,450000,Lincoln City,985.0,GB1
30321,2022-06-03,3000000,Rayo Vallecano,367.0,ES1
39518,2015-09-24,1500000,Cardiff City,603.0,GB1
32568,2020-04-08,2800000,Grêmio Foot-Ball Porto Alegrense,237.0,ES1
625660,2023-06-30,1000000,Real Sociedad B,9899.0,
472423,2019-02-27,1000000,Wigan Athletic,1071.0,GB1
455661,2020-02-11,350000,SV Werder Bremen U19,2491.0,
126719,2021-12-16,12000000,Paris Saint-Germain,583.0,FR1
379530,2020-10-08,500000,SD Ponferradina,714.0,ES1
578391,2020-02-11,17000000,Angers SCO,1420.0,FR1
632498,2022-09-26,25000,RCD Mallorca B,8494.0,
33754,2023-06-20,500000,Leicester City,1003.0,GB1
340206,2017-06-30,300000,Bilbao Athletic,621.0,ES1
71548,2022-06-29,400000,SD Eibar,1533.0,ES1
119164,2019-09-12,2000000,Brighton & Hove Albion,1237.0,GB1
129444,2017-06-05,6500000,RCD Espanyol Barcelona,714.0,ES1
61694,2020-02-27,3000000,Cardiff City,603.0,GB1
314140,2021-11-24,6000000,Middlesbrough FC,641.0,GB1
541231,2018-06-12,500000,PEC Zwolle U19,15587.0,
735568,2021-02-09,1000000,CR Flamengo,614.0,BRA1
54774,2021-06-30,200000,Córdoba CF,331.0,ES1
52495,2023-12-19,300000,Sheffield United,350.0,GB1
677311,2019-12-19,250000,Angers SCO B,1132.0,GB1
274771,2015-01-08,300000,UD Las Palmas,472.0,ES1
217149,2017-06-30,150000,UD Almería,3302.0,ES1
626960,2021-10-13,600000,Bilbao Athletic,621.0,ES1
339814,2022-06-29,50000,CD Palencia Cristo Atlético,13.0,ES1
320271,2017-02-02,300000,Valencia Mestalla,6182.0,
434223,2021-06-30,3000000,Norwich City,1123.0,GB1
922693,2022-11-03,200000,Leeds United U18,10161.0,
55240,2020-04-08,475000,Albirex Niigata,1244.0,ES1
356141,2017-10-18,1250000,Eintracht Frankfurt,24.0,L1
96540,2018-05-02,700000,Real Salt Lake City,472.0,ES1
156808,2018-12-21,3500000,CD Leganés,1244.0,ES1
623524,2021-01-08,500000,Real Madrid Castilla,6767.0,
282006,2021-06-10,50000,NK Istra 1961,13.0,ES1
162027,2018-09-17,100000,Cádiz CF,2687.0,ES1
237617,2023-06-14,600000,UD Ibiza,13241.0,
251877,2017-08-17,100000,Atlético de Madrid B,150.0,ES1
374077,2022-12-29,500000,Sporting Gijón,1244.0,ES1
31642,2021-11-09,200000,FC Cincinnati,512.0,GB1
126746,2016-02-22,200000,Girona FC,714.0,ES1
531829,2019-02-19,500000,CD Lugo,5358.0,ES1
289257,2020-04-08,325000,CD Mirandés,13222.0,
256178,2015-02-24,500000,Charlton Athletic,358.0,
638235,2023-06-14,1000000,Levante UD,3368.0,ES1
221150,2023-12-22,4000000,Getafe CF,3709.0,ES1
55125,2018-12-19,2000000,Huddersfield Town,1110.0,GB1
51426,2018-01-01,1800000,Getafe CF,3709.0,ES1
522784,2023-03-23,10000000,Girona FC,12321.0,ES1
94570,2018-01-01,300000,Lorca FC,331.0,ES1
466806,2020-10-08,200000,FC Barcelona B,131.0,ES1
505673,2020-10-08,4000000,Getafe CF,3709.0,ES1
34564,2023-06-30,50000,Atlético Baleares,993.0,ES1
44859,2017-06-29,300000,Real Oviedo,940.0,ES1
92572,2022-11-03,2000000,Crystal Palace,873.0,GB1
131667,2017-06-29,500000,UD Almería,16795.0,ES1
58576,2020-04-08,2400000,CF Monterrey,1050.0,ES1
142420,2020-02-11,250000,Lleida Esportiu,3709.0,ES1
447661,2022-09-15,35000000,Aston Villa,405.0,GB1
28810,2015-02-12,2000000,Queens Park Rangers,1039.0,GB1
127032,2021-12-30,12000000,Villarreal CF,1050.0,ES1
610849,2023-12-21,8000000,Hull City,3008.0,GB1
109751,2017-03-27,1000000,Eintracht Braunschweig,1123.0,GB1
72201,2022-06-29,200000,AD Alcorcón,2448.0,ES1
160671,2015-01-08,200000,Recreativo Huelva,1049.0,ES1
51474,2022-12-29,200000,FC Cartagena,5358.0,ES1
256429,2023-06-13,2000000,Cádiz CF,2687.0,ES1
541646,2022-03-22,250000,NK Osijek,3709.0,ES1
648032,2022-09-27,200000,Udinese Calcio,410.0,IT1
469064,2020-10-15,150000,AFC Bournemouth,989.0,GB1
618806,2022-12-29,200000,Unionistas CF,3368.0,ES1
7881,2015-07-01,400000,Deportivo de La Coruña,897.0,ES1
15693,2017-06-05,3000000,Real Sociedad,681.0,ES1
354697,2023-10-13,400000,CD Mirandés,1108.0,ES1
581326,2022-07-25,400000,FC Honka,5411.0,
42920,2015-11-20,400000,SD Huesca,714.0,ES1
87409,2018-12-18,500000,Club Atlético Lanús,150.0,ES1
584769,2019-02-15,2500000,Burnley FC,1132.0,GB1
189453,2021-12-30,2000000,Getafe CF,3709.0,ES1
652979,2023-12-21,500000,Plymouth Argyle,2262.0,
15952,2016-05-30,900000,Orlando City SC,1084.0,ES1
657724,2022-11-03,150000,Fulham FC U21,931.0,GB1
85864,2019-03-27,7000000,Besiktas JK,114.0,TR1
199330,2021-12-30,300000,CD Numancia,366.0,ES1
57816,2016-02-22,3000000,Sporting Gijón,2448.0,ES1
44735,2015-01-08,1000000,UD Las Palmas,472.0,ES1
358981,2018-05-30,200000,SD Formentera,16795.0,ES1
322917,2015-07-01,500000,Sporting Gijón,2448.0,ES1
164389,2015-10-16,150000,Gillingham FC,2288.0,GB1
55884,2019-12-05,1000000,CA Independiente,1084.0,ES1
59606,2019-06-13,5000000,Watford FC,1010.0,GB1
392765,2022-11-03,38000000,Arsenal FC,11.0,GB1
77737,2019-02-19,4000000,Málaga CF,1050.0,ES1
333014,2019-06-10,22000000,KRC Genk,1184.0,BE1
119537,2019-02-08,1800000,Atlas Guadalajara,150.0,ES1
218087,2021-06-08,2000000,Sheffield United,350.0,GB1
251883,2020-10-08,400000,SD Ponferradina,3302.0,ES1
565822,2022-11-03,35000000,Liverpool FC,31.0,GB1
139859,2015-04-13,300000,Albacete Balompié,3709.0,ES1
244040,2015-10-16,100000,Blackpool FC,31.0,GB1
196948,2022-06-15,35000000,Chelsea FC,631.0,GB1
283489,2019-06-11,1000000,Real Madrid,16795.0,ES1
72476,2018-10-17,22000000,Arsenal FC,11.0,GB1
8184,2020-10-08,500000,CA Osasuna,331.0,ES1
54774,2015-06-29,1400000,Spezia Calcio,331.0,ES1
401604,2023-10-20,4000000,Hertha BSC,1237.0,GB1
332705,2020-04-08,11500000,RB Leipzig,23826.0,L1
459463,2019-12-20,7500000,RCD Mallorca,237.0,ES1
551182,2019-06-29,50000,Celta Vigo B,8733.0,
349884,2020-10-08,300000,Real Oviedo,2497.0,ES1
476367,2022-12-14,75000,FK Pardubice,379.0,GB1
81998,2016-07-15,500000,CA Osasuna,331.0,ES1
49501,2023-04-05,450000,Bolton Wanderers,1110.0,GB1
20005,2017-10-13,18000000,Atalanta BC,800.0,IT1
52428,2023-06-12,300000,FC Südtirol,940.0,ES1
661427,2020-12-31,200000,SK Brann II,35018.0,
480987,2018-09-24,8000000,Brentford FC,1148.0,GB1
208379,2020-02-27,1000000,Blackburn Rovers,677.0,GB1
146310,2020-04-08,1600000,VfB Stuttgart,79.0,L1
1111589,2023-06-29,150000,Tromsø IL,1293.0,NO1
493003,2019-06-21,950000,Unknown,873.0,GB1
354359,2023-06-30,150000,CD Ibiza Islas Pitiusas,1533.0,ES1
173504,2023-06-20,18000000,Everton FC,29.0,GB1
124845,2016-09-01,750000,Queens Park Rangers,148.0,GB1
37304,2016-02-09,10000000,Southampton FC,180.0,GB1
40611,2017-06-28,20000000,Southampton FC,1003.0,GB1
8176,2021-12-30,300000,RCD Espanyol Barcelona,714.0,ES1
43084,2016-09-01,500000,Leeds United,399.0,GB1
69001,2017-12-27,1300000,CFR Cluj,1010.0,GB1
126412,2020-10-13,325000,Leeds United,399.0,GB1
523968,2019-02-19,100000,AD Unión Adarve,1244.0,ES1
249126,2017-06-28,4000000,Tottenham Hotspur,148.0,GB1
134424,2023-06-01,900000,Stoke City,985.0,GB1
258889,2023-12-19,25000000,AFC Bournemouth,989.0,GB1
338424,2021-01-05,40000000,Real Sociedad,681.0,ES1
394694,2021-01-08,600000,UD Las Palmas,472.0,ES1
855256,2021-11-24,300000,Bristol City,698.0,
687609,2023-12-20,400000,Sevilla Atlético,8519.0,
271455,2020-04-08,800000,Montpellier HSC,969.0,FR1
331496,2019-02-28,300000,Girona FC,12321.0,ES1
215810,2023-12-19,200000,Wolverhampton Wanderers,543.0,GB1
501418,2022-09-23,7000000,RCD Espanyol Barcelona,714.0,ES1
657994,2021-03-10,200000,Huddersfield Town,1110.0,GB1
556385,2023-10-09,38000000,Tottenham Hotspur,148.0,GB1
232964,2023-12-19,1500000,AFC Bournemouth,989.0,GB1
186590,2020-04-08,36000000,Manchester City,281.0,GB1
111419,2019-06-04,225000,FC Winterthur,11.0,GB1
255508,2016-07-15,20000000,Athletic Bilbao,621.0,ES1
522784,2018-02-05,200000,Club Atlético Torque,37535.0,
231776,2018-02-18,100000,CF Lorca Deportiva,237.0,ES1
72935,2017-12-01,650000,Shanghai Shenxin,714.0,ES1
494880,2023-03-23,5000000,Villarreal CF,1050.0,ES1
81997,2021-06-24,400000,UD Almería,3302.0,ES1
290249,2018-12-21,10000000,Getafe CF,3709.0,ES1
128900,2015-07-01,4000000,Chelsea FC,931.0,GB1
392591,2019-06-28,150000,Brentford FC,1148.0,GB1
71096,2020-08-26,475000,Sporting Kansas City,1071.0,GB1
245744,2020-12-22,2500000,FK Partizan Belgrade,669.0,SER1
136501,2023-10-20,400000,Bandirmaspor,603.0,GB1
22491,2017-10-23,500000,Burnley FC,1132.0,GB1
258475,2019-12-20,1500000,UD Almería,3302.0,ES1
40611,2015-07-01,10000000,Southampton FC,1003.0,GB1
67546,2015-01-08,200000,Albacete Balompié,5358.0,ES1
144128,2023-09-27,700000,Fatih Karagümrük,6646.0,TR1
292246,2018-01-02,4000000,Red Bull Salzburg,409.0,A1
540676,2021-10-13,400000,Celta Vigo B,940.0,ES1
125781,2018-10-31,150000000,Atlético de Madrid,13.0,ES1
111961,2021-10-13,18000000,Sevilla FC,368.0,ES1
618801,2023-10-13,400000,Atlético Madrileño,3679.0,
102382,2020-12-22,300000,Nottingham Forest,1110.0,GB1
271446,2020-12-21,75000,Siheung City,3302.0,ES1
128488,2022-12-29,200000,UD Ibiza,367.0,ES1
930096,2022-06-29,50000,Cádiz CF B,11669.0,
392768,2020-10-13,35000000,Chelsea FC,631.0,GB1
124244,2018-05-08,600000,CD Godoy Cruz Antonio Tomba,367.0,ES1
210143,2023-06-14,700000,Málaga CF,5358.0,ES1
747951,2023-12-21,11000000,Southampton FC,180.0,GB1
199369,2020-10-08,3000000,SD Huesca,5358.0,ES1
1054934,2023-06-30,100000,Deportivo Alavés B,8880.0,
371851,2022-11-11,10000000,Udinese Calcio,410.0,IT1
372246,2023-06-27,25000000,Paris Saint-Germain,583.0,FR1
59551,2016-07-15,800000,UD Las Palmas,16795.0,ES1
834487,2022-12-29,100000,Bilbao Athletic,6688.0,
282406,2023-06-14,800000,UD Las Palmas,2687.0,ES1
591916,2022-11-07,400000,Athletic Bilbao,621.0,ES1
184528,2016-10-14,1500000,Bologna FC 1909,1025.0,IT1
158764,2016-04-20,1500000,Leeds United,399.0,GB1
14940,2015-08-25,1000000,Rayo Vallecano,367.0,ES1
76273,2018-05-30,1800000,Deportivo Alavés,1108.0,ES1
646735,2023-12-20,250000,Atlético Madrileño,3679.0,
35773,2018-12-15,10000000,Los Angeles FC,681.0,ES1
289286,2019-06-11,4000000,Real Sociedad,681.0,ES1
44072,2016-02-22,500000,UE Llagostera,3302.0,ES1
249274,2019-07-25,100000,Rovaniemen Palloseura,1108.0,ES1
199527,2017-08-16,7000000,Newcastle United,762.0,GB1
340205,2019-06-29,500000,Bilbao Athletic,6688.0,
28984,2021-11-24,250000,Middlesbrough FC,603.0,GB1
35047,2022-11-07,5000000,Atlético de Madrid,13.0,ES1
362108,2022-11-02,5000000,LOSC Lille,1082.0,FR1
53360,2017-06-28,10000000,Southampton FC,180.0,GB1
12516,2017-05-31,500000,Madura United FC,512.0,GB1
29055,2017-06-28,2500000,Newcastle United,762.0,GB1
140436,2019-12-20,10000000,RCD Espanyol Barcelona,714.0,ES1
486477,2022-03-29,3000000,Watford FC,1010.0,GB1
217145,2017-02-02,300000,Racing Ferrol,897.0,ES1
116648,2021-03-10,2500000,Middlesbrough FC,641.0,GB1
315185,2020-07-30,200000,Southampton FC,180.0,GB1
502722,2019-12-03,200000,FC Liefering,37024.0,
620164,2021-06-30,2000000,Villarreal CF B,11972.0,
43003,2021-06-10,1500000,Real Sociedad,681.0,ES1
225166,2015-07-01,100000,AFC Bournemouth,989.0,GB1
580809,2021-10-05,200000,Brighton & Hove Albion U23,39336.0,
289272,2020-07-23,2000000,Real Sociedad,681.0,ES1
520624,2021-12-16,30000000,Olympique Lyon,1041.0,FR1
161267,2020-10-08,300000,CD Castellón,237.0,ES1
531305,2020-10-08,50000,CD Numancia B,366.0,ES1
576314,2021-01-06,2500000,SC Heerenveen,306.0,NL1
249089,2018-03-23,15000000,AFC Bournemouth,989.0,GB1
15790,2019-12-30,475000,FC Goa,1531.0,ES1
356141,2019-10-02,9000000,Eintracht Frankfurt,24.0,L1
504849,2022-12-23,8500000,Brighton & Hove Albion,1237.0,GB1
242301,2020-10-08,200000,RCD Mallorca,237.0,ES1
101682,2021-03-10,2000000,Millwall FC,1110.0,GB1
37148,2015-07-01,4000000,Aston Villa,405.0,GB1
39010,2020-04-08,325000,Omonia Nicosia,289.0,GB1
96540,2017-01-24,1000000,Cádiz CF,472.0,ES1
341713,2023-10-13,500000,CD Leganés,1244.0,ES1
134270,2018-09-24,3000000,Wigan Athletic,1071.0,GB1
375885,2021-10-04,10000000,PSV Eindhoven,383.0,NL1
50362,2021-03-18,5000000,Everton FC,29.0,GB1
264220,2021-06-30,1500000,Hull City,3008.0,GB1
288453,2016-10-27,150000,Recreativo Huelva,366.0,ES1
82873,2019-06-13,10000000,Brighton & Hove Albion,1237.0,GB1
475188,2022-09-15,15000000,Leicester City,1003.0,GB1
192765,2016-02-09,8000000,Tottenham Hotspur,148.0,GB1
263236,2023-06-27,22000000,RC Lens,826.0,FR1
122980,2020-11-12,800000,Pyramids FC,984.0,GB1
203496,2021-06-10,25000000,Real Betis Balompié,150.0,ES1
471474,2020-02-11,200000,CA Osasuna Promesas,8516.0,
37152,2021-06-30,300000,Huddersfield Town,989.0,GB1
221986,2022-06-29,300000,Deportivo de La Coruña,1108.0,ES1
251860,2017-06-29,300000,Valencia Mestalla,1049.0,ES1
256267,2021-03-23,14000000,SS Lazio,398.0,IT1
5794,2020-04-08,400000,Without Club,3368.0,ES1
49542,2018-09-24,1000000,Sheffield United,350.0,GB1
12691,2018-05-28,1000000,West Ham United,379.0,GB1
170322,2020-02-27,1000000,Charlton Athletic,873.0,GB1
199369,2018-05-30,10000000,Sevilla FC,368.0,ES1
469669,2021-06-04,5000000,AS Saint-Étienne,618.0,FR1
339814,2017-08-17,100000,Atlético de Madrid B,13.0,ES1
610622,2022-12-29,400000,SD Amorebieta,16575.0,
209781,2021-04-09,1500000,Huddersfield Town,29.0,GB1
291544,2023-06-01,700000,Rotherham United,1123.0,GB1
77262,2022-11-14,800000,Ceará Sporting Club,472.0,ES1
429790,2018-01-10,2000000,Red Star Belgrade,159.0,SER1
718580,2022-12-29,100000,Betis Deportivo Balompié,150.0,ES1
248738,2020-10-08,1500000,CA Osasuna,331.0,ES1
657817,2023-12-19,400000,Brighton & Hove Albion U21,39336.0,
554175,2019-12-10,250000,Manchester City U23,281.0,GB1
19981,2015-01-23,15000000,FC Barcelona,131.0,ES1
118732,2021-12-27,300000,Málaga CF,237.0,ES1
95795,2017-12-21,300000,FC Slovan Liberec,697.0,TS1
287178,2023-12-04,400000,FC OKMK Olmaliq,2448.0,ES1
47648,2018-01-01,200000,Real Unión Club,681.0,ES1
78959,2023-06-01,300000,West Bromwich Albion,873.0,GB1
250426,2021-03-10,16000000,Blackburn Rovers,164.0,
314140,2023-06-01,4500000,Middlesbrough FC,641.0,GB1
36814,2015-02-12,4000000,West Bromwich Albion,984.0,GB1
404632,2019-02-19,100000,UD Logroñés,1050.0,ES1
252688,2022-03-21,200000,UD Alzira,3302.0,ES1
470607,2022-05-13,15000000,Nottingham Forest,703.0,GB1
200612,2017-02-02,100000,CF Fuenlabrada,1531.0,ES1
293388,2022-12-29,500000,CD Mirandés,13222.0,
256178,2018-05-28,22000000,Liverpool FC,31.0,GB1
557057,2023-12-20,800000,Levante UD,3368.0,ES1
51426,2017-01-24,2000000,Real Sociedad,3709.0,ES1
181579,2020-12-17,25000000,Southampton FC,180.0,GB1
719720,2023-12-20,50000,UD Ibiza,13241.0,
238266,2015-12-29,1500000,Red Bull Salzburg,409.0,A1
41665,2020-07-25,400000,Strømsgodset IF,873.0,GB1
31720,2018-02-27,2000000,Hull City,289.0,GB1
729814,2023-06-16,10000000,FC Metz,347.0,FR1
16595,2015-01-23,2000000,Getafe CF,3709.0,ES1
941080,2023-12-20,50000,CA Osasuna Promesas,8516.0,
37304,2016-08-01,10000000,Southampton FC,180.0,GB1
971775,2022-12-29,50000,Cádiz CF Mirandilla,2687.0,ES1
26267,2015-07-01,28000000,Manchester City,281.0,GB1
378293,2022-06-03,14000000,RCD Espanyol Barcelona,714.0,ES1
495602,2021-06-30,50000,Real Madrid Castilla,418.0,ES1
357119,2023-12-19,38000000,Liverpool FC,31.0,GB1
183284,2022-07-29,150000,Charlton Athletic,873.0,GB1
282411,2021-12-30,60000000,Atlético de Madrid,13.0,ES1
249463,2017-02-02,150000,CF Fuenlabrada,13.0,ES1
175773,2021-01-08,200000,CD Castellón,1049.0,ES1
119537,2020-12-18,2500000,Atlas Guadalajara,150.0,ES1
57876,2018-05-30,300000,AD Alcorcón,897.0,ES1
458466,2022-12-29,500000,FC Cartagena,418.0,ES1
249471,2021-12-30,700000,Deportivo Alavés,1108.0,ES1
51550,2019-12-20,300000,AD Alcorcón,940.0,ES1
548111,2023-06-13,20000000,Villarreal CF,1050.0,ES1
44139,2022-01-01,50000,Rampla Juniors FC,714.0,ES1
355915,2022-11-03,55000000,Tottenham Hotspur,148.0,GB1
279090,2019-02-19,300000,Atlético de Madrid B,940.0,ES1
221309,2017-06-29,700000,AD Alcorcón,366.0,ES1
61344,2018-03-02,700000,Sporting Gijón,2448.0,ES1
425902,2019-06-28,1000000,Nottingham Forest,703.0,GB1
15500,2015-07-01,300000,UD Las Palmas,472.0,ES1
620322,2022-09-19,15000000,Olympique Lyon,1041.0,FR1
399434,2019-06-28,1500000,Middlesbrough FC,641.0,GB1
390688,2021-01-08,250000,Getafe CF B,8510.0,
142027,2021-01-05,1500000,Real Valladolid CF,366.0,ES1
61651,2019-06-13,35000000,Liverpool FC,31.0,GB1
109751,2019-12-10,4000000,Norwich City,1123.0,GB1
378954,2022-10-07,500000,Without Club,368.0,ES1
618813,2023-12-20,3000000,CD Mirandés,13222.0,
184573,2021-12-23,24000000,Manchester United,985.0,GB1
710679,2021-12-30,150000,CA Osasuna Promesas,8516.0,
236490,2017-02-20,1000000,Chelsea FC,631.0,GB1
49755,2015-02-24,750000,Brighton & Hove Albion,1132.0,GB1
392775,2018-08-13,35000000,Fulham FC,931.0,GB1
46413,2017-01-02,2500000,UC Sampdoria,1038.0,IT1
293388,2020-02-11,300000,Real Valladolid Promesas,7078.0,
92813,2016-10-27,600000,AD Alcorcón,3368.0,ES1
324882,2023-06-01,4000000,Aston Villa,405.0,GB1
86643,2015-03-29,750000,VfL Bochum,11.0,GB1
413220,2021-12-23,17000000,Leicester City,1003.0,GB1
307781,2017-06-28,750000,Sunderland AFC,289.0,GB1
365108,2023-06-07,3500000,FC Basel 1893,26.0,C1
694535,2021-12-30,50000,SD Logroñés,1531.0,ES1
40423,2022-11-07,1000000,Real Betis Balompié,150.0,ES1
71271,2020-10-13,4000000,Liverpool FC,31.0,GB1
610621,2023-10-27,300000,Watford FC,1010.0,GB1
44072,2015-02-24,1000000,Brentford FC,3302.0,ES1
608531,2019-09-10,50000,UD San Sebastián de los Reyes,367.0,ES1
314875,2020-04-08,16000000,West Ham United,379.0,GB1
288454,2022-06-29,300000,Albacete Balompié,1531.0,ES1
420210,2022-11-11,12000000,Feyenoord Rotterdam,234.0,NL1
76032,2019-12-20,400000,RCD Mallorca,237.0,ES1
420808,2023-10-27,1800000,Ipswich Town,677.0,GB1
504855,2023-06-16,200000,Luton Town,1031.0,GB1
937955,2023-12-20,1000000,FC Barcelona Atlètic,2464.0,
9988,2018-02-27,1000000,Hull City,3008.0,GB1
495621,2023-07-12,5000000,Real Madrid,418.0,ES1
718581,2023-06-30,100000,Sevilla Atlético,8519.0,
34322,2017-12-28,22000000,Borussia Dortmund,16.0,L1
93795,2021-01-28,2000000,SL Benfica,940.0,ES1
100722,2019-06-29,2000000,RCD Mallorca,237.0,ES1
146310,2023-06-22,6500000,VfB Stuttgart,79.0,L1
337529,2019-02-19,200000,Club Rápido de Bouzas,897.0,ES1
44674,2016-05-30,8000000,Los Angeles Galaxy,1050.0,ES1
66923,2020-10-15,2800000,Nottingham Forest,350.0,GB1
67252,2015-07-01,1500000,Norwich City,1003.0,GB1
282700,2022-12-29,800000,Levante UD,1244.0,ES1
132921,2021-06-24,500000,Girona FC,12321.0,ES1
137150,2015-10-16,75000,Colchester United,873.0,GB1
258987,2019-06-28,800000,IFK Göteborg,801.0,SE1
295082,2021-06-30,200000,Bilbao Athletic,621.0,ES1
95641,2021-01-05,1800000,CA Osasuna,331.0,ES1
282421,2023-06-14,1000000,SD Eibar,1533.0,ES1
146509,2019-06-28,750000,West Bromwich Albion,984.0,GB1
193938,2018-03-22,4500000,Málaga CF,1244.0,ES1
163744,2015-09-24,250000,Middlesbrough FC,641.0,GB1
319301,2023-12-21,14000000,Leeds United,399.0,GB1
311044,2020-07-23,1200000,Cádiz CF,2687.0,ES1
343273,2023-03-24,1000000,Levante UD,3368.0,ES1
27659,2016-09-01,500000,Huddersfield Town,1110.0,GB1
340205,2016-08-01,300000,Bilbao Athletic,6688.0,
264220,2021-11-24,1200000,Luton Town,1031.0,GB1
221986,2017-01-24,600000,Real Sociedad,1108.0,ES1
62984,2022-09-26,100000,UD Mutilvera,331.0,ES1
207014,2019-06-13,18000000,Watford FC,1010.0,GB1
104962,2021-12-26,150000,FK Senica (- 2022),1071.0,GB1
282410,2019-12-20,2000000,UD Almería,714.0,ES1
242497,2017-06-29,2500000,Girona FC,1108.0,ES1
396894,2022-03-21,15000000,Valencia CF,1049.0,ES1
85383,2015-04-13,400000,SD Ponferradina,4032.0,
534379,2020-10-08,300000,UD Las Palmas,472.0,ES1
626724,2023-03-24,24000000,Watford FC,1010.0,GB1
127048,2015-06-25,5500000,Bursaspor,20.0,TR1
329648,2018-01-01,200000,Real Madrid Castilla,368.0,ES1
127457,2022-12-29,150000,Racing Ferrol,940.0,ES1
27053,2016-10-11,200000,Rochdale AFC,1003.0,GB1
258475,2020-04-08,1200000,UD Almería,3302.0,ES1
87409,2016-08-08,1800000,CA Boca Juniors,150.0,ES1
668273,2023-06-30,25000,Atlético de Madrid B,13.0,ES1
74857,2015-07-01,18000000,FC Barcelona,131.0,ES1
351746,2022-12-29,150000,UD San Sebastián de los Reyes,1108.0,ES1
358032,2022-11-11,1300000,FC Groningen,202.0,NL1
292246,2020-07-22,15000000,RB Leipzig,23826.0,L1
121324,2021-11-24,7000000,Sheffield United,350.0,GB1
257968,2023-03-22,300000,Queen's Park FC,289.0,GB1
247366,2016-08-01,200000,Villarreal CF B,2687.0,ES1
262226,2021-03-18,24000000,Leicester City,1003.0,GB1
489359,2023-10-20,2000000,Fortuna Düsseldorf,38.0,L1
37579,2015-12-15,11000000,São Paulo Futebol Clube,1050.0,ES1
170321,2017-06-28,3500000,Newcastle United,762.0,GB1
275028,2021-06-30,300000,San Fernando CD,2448.0,ES1
183302,2020-10-15,1600000,Preston North End,989.0,GB1
520624,2022-09-15,50000000,Newcastle United,762.0,GB1
65477,2015-02-24,5000000,Watford FC,1010.0,GB1
45882,2020-10-13,1200000,Fulham FC,931.0,GB1
81988,2018-05-30,3000000,SD Eibar,1533.0,ES1
670840,2023-06-20,900000,Crystal Palace U21,6945.0,
434602,2019-09-10,100000,Real Sociedad B,9899.0,
237499,2016-05-29,400000,FK Metalac Gornji Milanovac,12135.0,
655488,2019-12-10,18000000,Arsenal FC,11.0,GB1
591916,2022-12-29,400000,Athletic Bilbao,621.0,ES1
44058,2018-06-07,20000000,Juventus FC,506.0,IT1
130755,2017-04-21,150000,AFC Wimbledon,1123.0,GB1
458586,2021-06-30,200000,CA Osasuna Promesas,331.0,ES1
381753,2022-06-16,1000000,SV Werder Bremen,86.0,L1
480966,2019-02-19,50000,Valencia Mestalla,1049.0,ES1
18644,2020-10-08,1000000,Cádiz CF,2687.0,ES1
243589,2018-09-24,3000000,Sheffield Wednesday,931.0,GB1
64399,2017-01-24,1800000,Getafe CF,3709.0,ES1
242434,2022-07-29,150000,Morecambe FC,29.0,GB1
204103,2022-09-15,15000000,Wolverhampton Wanderers,543.0,GB1
124244,2021-03-11,600000,CDP Curicó Unido,367.0,ES1
65243,2015-01-23,1200000,RCD Espanyol Barcelona,714.0,ES1
309400,2020-10-13,81000000,Chelsea FC,631.0,GB1
60444,2021-05-31,30000000,Liverpool FC,31.0,GB1
631002,2022-06-29,500000,Betis Deportivo Balompié,2865.0,
501743,2023-12-15,3000000,Sparta Rotterdam,468.0,NL1
258374,2020-04-08,325000,Montedio Yamagata,1049.0,ES1
36291,2023-06-06,150000,Without Club,1237.0,GB1
85288,2021-01-05,20000000,Real Madrid,418.0,ES1
153236,2016-02-22,1200000,UD Las Palmas,472.0,ES1
503679,2021-06-08,5000000,Liverpool FC,31.0,GB1
101723,2018-07-03,150000,Bytovia Bytow,142.0,ES1
144128,2019-12-07,600000,CD Universidad Católica,3277.0,
339820,2021-12-30,3000000,RCD Mallorca,237.0,ES1
85288,2016-02-22,45000000,Real Madrid,418.0,ES1
429014,2022-05-13,11000000,Sheffield United,350.0,GB1
238717,2018-05-30,600000,Sporting Gijón,2448.0,ES1
191320,2018-09-24,1000000,Preston North End,379.0,GB1
15952,2016-12-15,750000,Orlando City SC,1084.0,ES1
28984,2015-09-24,1400000,Leeds United,603.0,GB1
69912,2017-02-27,750000,Rotherham United,1010.0,GB1
307763,2021-07-09,600000,Atlanta United FC,148.0,GB1
366930,2019-12-20,2500000,SD Huesca,5358.0,ES1
451276,2021-12-22,28000000,RB Leipzig,23826.0,L1
199369,2018-12-21,6000000,Real Sociedad,681.0,ES1
134294,2018-12-19,12000000,Southampton FC,180.0,GB1
61644,2016-09-01,6500000,Newcastle United,703.0,GB1
450050,2023-03-27,10000000,RC Strasbourg Alsace,667.0,FR1
628499,2021-01-08,100000,Real Madrid Castilla,714.0,ES1
406635,2022-03-29,90000000,Manchester City,281.0,GB1
39679,2023-01-13,2500000,Shandong Taishan,985.0,GB1
284872,2019-06-29,150000,CD Mirandés,16795.0,ES1
167268,2022-10-27,4500000,Middlesbrough FC,3008.0,GB1
110861,2020-10-15,1400000,Birmingham City,405.0,GB1
355861,2020-04-08,9500000,AFC Bournemouth,989.0,GB1
256178,2022-09-15,25000000,Liverpool FC,31.0,GB1
126716,2019-12-17,42000000,Borussia Dortmund,1050.0,ES1
196722,2023-03-22,350000,St. Johnstone FC,2578.0,SC1
85383,2022-06-03,2000000,Cádiz CF,2687.0,ES1
265132,2023-06-30,150000,CF La Nucía,405.0,GB1
85935,2018-09-24,5000000,Stoke City,984.0,GB1
27659,2021-06-30,250000,Luton Town,1110.0,GB1
213670,2017-01-24,600000,Real Oviedo,2497.0,ES1
43084,2022-12-29,150000,AC Bellinzona,399.0,GB1
355915,2020-08-25,14000000,Genoa CFC,252.0,IT1
165007,2019-12-20,12000000,Celta de Vigo,940.0,ES1
638588,2023-12-22,300000,Rayo Vallecano,367.0,ES1
338285,2022-06-03,9000000,Athletic Bilbao,621.0,ES1
3163,2015-07-08,1000000,New York City FC,281.0,GB1
138662,2018-01-01,500000,Albacete Balompié,3709.0,ES1
150948,2023-03-28,700000,Without Club,1533.0,ES1
240039,2021-12-30,200000,UD Logroñés,993.0,ES1
10375,2017-02-27,500000,Wigan Athletic,989.0,GB1
349701,2021-11-24,9000000,Fulham FC,931.0,GB1
394327,2018-10-24,10000000,Olympique Marseille,244.0,FR1
35773,2020-04-08,12000000,Los Angeles FC,681.0,ES1
8188,2016-02-25,700000,Júbilo Iwata,1039.0,GB1
13427,2016-09-01,1000000,Brighton & Hove Albion,1237.0,GB1
67063,2021-03-18,5000000,Brighton & Hove Albion,1237.0,GB1
258004,2016-03-14,350000,SL Benfica B,10330.0,
27659,2017-02-27,500000,Huddersfield Town,1110.0,GB1
411928,2021-11-25,300000,Emirates Club,13.0,ES1
128900,2019-06-13,7000000,Watford FC,931.0,GB1
284857,2022-11-03,55000000,Chelsea FC,631.0,GB1
331505,2020-12-08,3000000,FC Barcelona,131.0,ES1
326330,2018-01-17,7000000,Ajax Amsterdam,610.0,NL1
139434,2017-06-05,1000000,Deportivo Alavés,366.0,ES1
195633,2018-12-19,5000000,Burnley FC,1132.0,GB1
480955,2023-06-14,800000,Burgos CF,1533.0,ES1
102423,2015-01-08,1000000,Real Zaragoza,142.0,ES1
370691,2019-06-11,6000000,Real Betis Balompié,150.0,ES1
61561,2020-02-27,3000000,Sheffield Wednesday,873.0,GB1
355861,2017-01-18,75000,NEC Nijmegen,467.0,NL1
252688,2020-12-30,250000,Yeclano Deportivo,3302.0,ES1
73564,2018-02-27,750000,Sunderland AFC,289.0,GB1
632471,2020-10-08,50000,Real Oviedo Vetusta,16795.0,ES1
554175,2021-12-30,300000,San Fernando CD,281.0,GB1
216464,2019-02-19,1500000,Deportivo de La Coruña,897.0,ES1
503980,2022-11-03,8000000,Leeds United,399.0,GB1
61560,2020-10-13,5000000,Leicester City,1003.0,GB1
380598,2017-06-29,400000,Rayo Vallecano,367.0,ES1
36814,2018-05-28,3000000,West Bromwich Albion,984.0,GB1
111508,2018-08-18,3500000,CD Leganés,1244.0,ES1
388513,2023-06-22,1000000,Borussia Dortmund,16.0,L1
37526,2020-02-28,4000000,Sporting Kansas City,379.0,GB1
156799,2019-06-29,250000,UD Ibiza,621.0,ES1
171362,2022-12-29,800000,Sporting Gijón,5358.0,ES1
361254,2016-08-01,300000,Valencia Mestalla,6182.0,
527350,2022-06-03,3000000,Deportivo Alavés,1108.0,ES1
699771,2020-12-08,100000,Valencia Mestalla,6182.0,
73319,2015-07-01,3000000,Real Sociedad,681.0,ES1
210140,2018-12-23,350000,FC Hermannstadt,237.0,ES1
212852,2021-03-19,300000,Barakaldo CF ,621.0,ES1
133794,2022-10-31,800000,Club Necaxa,1108.0,ES1
340325,2022-11-03,7000000,Arsenal FC,11.0,GB1
128912,2020-02-27,2000000,Derby County,31.0,GB1
65331,2015-06-05,1200000,Guangzhou R&F,366.0,ES1
63056,2022-11-07,2000000,CA Osasuna,331.0,ES1
44069,2021-12-27,700000,SD Huesca,5358.0,ES1
17491,2016-08-15,1000000,APOEL Nicosia,3709.0,ES1
250478,2019-06-13,7000000,Southampton FC,180.0,GB1
411928,2023-07-27,200000,Without Club,13.0,ES1
229804,2023-06-13,14000000,Real Sociedad,681.0,ES1
357628,2020-10-08,150000,Celta Vigo B,8733.0,
476701,2022-03-10,12000000,Sporting CP,336.0,PO1
254039,2023-06-30,200000,Linares Deportivo,150.0,ES1
547248,2023-06-14,500000,Villarreal CF B,11972.0,
289257,2023-10-13,1800000,Deportivo Alavés,1108.0,ES1
176612,2018-05-30,300000,CDA Navalcarnero,367.0,ES1
441170,2017-01-16,150000,Dijon FCO,2969.0,FR1
314140,2017-09-18,1000000,Middlesbrough FC,641.0,GB1
33507,2021-03-10,1500000,Birmingham City,1132.0,GB1
212723,2022-11-09,22000000,Eintracht Frankfurt,24.0,L1
73244,2017-01-24,300000,Gimnàstic de Tarragona,993.0,ES1
255501,2021-06-10,1500000,Athletic Bilbao,621.0,ES1
111422,2021-11-24,1500000,Fulham FC,931.0,GB1
85475,2022-06-15,1500000,Newcastle United,762.0,GB1
372246,2018-05-30,30000000,Valencia CF,1049.0,ES1
162063,2018-01-01,100000,Valencia Mestalla,16795.0,ES1
707279,2020-12-08,200000,Valencia Mestalla,6182.0,
217721,2018-06-30,300000,Villarreal CF B,13.0,ES1
207924,2017-01-24,4000000,Celta de Vigo,940.0,ES1
335721,2021-05-28,28000000,Brighton & Hove Albion,1237.0,GB1
100722,2017-08-17,500000,RCD Mallorca,237.0,ES1
34370,2015-07-01,4500000,AC Milan,367.0,ES1
14044,2018-09-24,250000,Middlesbrough FC,641.0,GB1
548111,2021-12-27,2500000,Girona FC,12321.0,ES1
49542,2023-06-01,300000,Sheffield United,350.0,GB1
154059,2021-12-30,300000,Pontevedra CF,1533.0,ES1
37442,2015-07-01,2000000,Leicester City,1003.0,GB1
138800,2020-07-23,100000,CF Fuenlabrada,142.0,ES1
483453,2020-10-08,100000,CF Talavera de la Reina,1533.0,ES1
156808,2020-10-08,3200000,CD Leganés,1244.0,ES1
324223,2018-09-24,1000000,Aston Villa,405.0,GB1
264372,2019-03-22,13000000,Dynamo Kyiv,338.0,UKR1
490421,2022-06-29,150000,Cádiz CF B,11669.0,
635881,2022-12-29,150000,Real Valladolid Promesas,366.0,ES1
248330,2020-10-08,1000000,Getafe CF,3709.0,ES1
67080,2016-07-15,1500000,Deportivo Alavés,1108.0,ES1
341263,2023-12-20,800000,Levante UD,3368.0,ES1
715683,2021-10-13,300000,CD Leganés,1244.0,ES1
352567,2018-12-23,900000,Atlético Nacional,1531.0,ES1
98322,2015-07-01,10000000,Real Madrid,1049.0,ES1
617081,2023-12-22,10000000,Valencia CF,1049.0,ES1
62688,2018-12-19,4000000,Crystal Palace,873.0,GB1
255729,2018-06-13,550000,FC Paços de Ferreira,2687.0,ES1
378710,2018-05-28,25000000,Watford FC,1010.0,GB1
123275,2022-11-03,2000000,Fulham FC,931.0,GB1
634117,2023-12-20,200000,CA Osasuna Promesas,8516.0,
475959,2022-09-21,60000000,RB Leipzig,23826.0,L1
396337,2019-06-29,300000,Atlético de Madrid B,13.0,ES1
403898,2023-12-19,16000000,Burnley FC,1132.0,GB1
397896,2022-01-01,350000,Club Deportivo Maldonado,472.0,ES1
711999,2021-10-08,1500000,Stade Rennais FC,273.0,FR1
251046,2019-09-16,150000,NK Istra 1961,1108.0,ES1
175773,2020-10-08,300000,CD Castellón,1049.0,ES1
663225,2021-03-18,200000,Everton FC U23,9261.0,
295622,2019-02-19,300000,Málaga CF,714.0,ES1
199132,2016-09-30,200000,Diósgyőri VTK,150.0,ES1
126741,2016-07-15,400000,CD Numancia,714.0,ES1
208379,2023-10-27,900000,Ipswich Town,677.0,GB1
394236,2020-04-08,525000,FC Emmen,1283.0,NL1
614464,2019-06-14,125000,Lokomotiv Moscow II,1050.0,ES1
531062,2023-06-14,600000,UD Las Palmas,472.0,ES1
358032,2022-06-08,1000000,FC Groningen,202.0,NL1
34564,2021-01-02,75000,CA Peñarol,993.0,ES1
2857,2023-08-22,100000,Los Angeles FC,29.0,GB1
348026,2018-03-20,8000000,Montpellier HSC,969.0,FR1
503749,2022-11-03,28000000,Aston Villa,405.0,GB1
82503,2021-06-10,3000000,CA Osasuna,331.0,ES1
182579,2022-11-07,5000000,Sevilla FC,368.0,ES1
34672,2016-02-09,1500000,West Ham United,379.0,GB1
533568,2023-06-14,3000000,Deportivo Alavés,1108.0,ES1
614262,2022-11-03,200000,Manchester United U21,985.0,GB1
817665,2022-05-31,300000,FC Famalicão U23,75337.0,
83430,2017-02-27,2500000,Aston Villa,641.0,GB1
93330,2019-09-10,500000,UD Las Palmas,993.0,ES1
33754,2021-06-30,1800000,Cardiff City,1003.0,GB1
288255,2020-04-08,44000000,Ajax Amsterdam,610.0,NL1
644401,2021-11-24,1000000,Hull City,3008.0,GB1
1164331,2023-12-20,25000,UD San Sebastián de los Reyes,11245.0,
221984,2017-06-30,300000,Cultural Leonesa,3709.0,ES1
297194,2020-10-08,1000000,Celta de Vigo,940.0,ES1
311435,2020-10-08,100000,Atlético Levante UD,13.0,ES1
410225,2020-04-08,24500000,Watford FC,1010.0,GB1
155025,2015-07-01,1100000,FC Paços de Ferreira,2995.0,PO1
605184,2018-10-24,4000000,FC Toulouse,415.0,FR1
536823,2021-12-30,50000,Club Polideportivo El Ejido,13.0,ES1
255488,2016-07-15,600000,Athletic Bilbao,621.0,ES1
842341,2022-11-02,4000000,Montpellier HSC,969.0,FR1
598577,2020-07-08,10000000,Bayer 04 Leverkusen,15.0,L1
182904,2021-01-05,40000000,FC Barcelona,131.0,ES1
585323,2022-11-07,1500000,Villarreal CF B,11972.0,
341228,2020-10-08,50000,Villarreal CF B,13.0,ES1
256429,2019-06-11,5000000,Real Valladolid CF,366.0,ES1
242631,2017-02-20,10000000,Arsenal FC,11.0,GB1
65331,2017-01-24,1500000,Real Valladolid CF,366.0,ES1
142310,2018-12-19,10000000,Wolverhampton Wanderers,543.0,GB1
576028,2023-08-22,27000000,Atlanta United FC,51663.0,MLS1
185593,2020-06-27,4000000,Tigres UANL,16795.0,ES1
59016,2015-10-16,45000000,Bayern Munich,27.0,L1
111455,2018-01-02,35000000,Arsenal FC,11.0,GB1
59568,2017-02-02,300000,Real Jaén CF,1049.0,ES1
111051,2023-06-20,2500000,Leicester City,1003.0,GB1
142027,2019-12-20,800000,Real Valladolid CF,366.0,ES1
124884,2016-02-07,1200000,KRC Genk,1184.0,BE1
92109,2020-02-27,3000000,Middlesbrough FC,512.0,GB1
153427,2021-12-30,800000,Rayo Vallecano,367.0,ES1
4219,2015-02-27,400000,Colchester United,1123.0,GB1
50487,2020-04-08,475000,Deportivo de La Coruña,1108.0,ES1
7600,2022-01-14,2000000,Vissel Kobe,131.0,ES1
473169,2019-07-01,1000000,Ajax Amsterdam U21,8817.0,
192279,2022-06-15,10000000,Chelsea FC,631.0,GB1
117549,2015-01-13,1000000,TSV 1860 Munich,3302.0,ES1
287579,2016-02-05,400000,FC Utrecht,200.0,NL1
29692,2023-12-19,700000,West Ham United,379.0,GB1
85349,2016-08-17,100000,CF Gavà,3368.0,ES1
238266,2018-01-02,3000000,Red Bull Salzburg,409.0,A1
225593,2018-01-01,800000,CD Numancia,2296.0,
156799,2021-12-30,150000,UE Cornellà,621.0,ES1
396115,2021-01-08,300000,Sevilla Atlético,3368.0,ES1
409273,2021-01-08,250000,Valencia Mestalla,1049.0,ES1
3291,2017-02-20,1500000,Everton FC,984.0,GB1
882772,2022-12-29,800000,Cádiz CF Mirandilla,11669.0,
242646,2020-10-22,175000,Cavalry FC,379.0,GB1
472423,2020-03-09,25000000,Chelsea FC,631.0,GB1
169801,2022-10-27,1500000,Luton Town,1031.0,GB1
293385,2017-10-23,1500000,GNK Dinamo Zagreb,419.0,KR1
176133,2015-07-01,1000000,UD Las Palmas,472.0,ES1
251106,2022-11-07,25000000,Getafe CF,3709.0,ES1
396341,2018-11-23,200000,Atlético de Madrid B,13.0,ES1
72087,2022-08-15,350000,BG Pathum United,940.0,ES1
369267,2018-01-09,350000,KVRS Waasland - SK Beveren,28643.0,BE1
396109,2021-10-13,500000,Málaga CF,368.0,ES1
483453,2021-06-30,100000,CF Talavera de la Reina,1533.0,ES1
255495,2019-06-29,400000,AD Alcorcón,11596.0,
27487,2022-03-21,150000,Mar Menor FC,3709.0,ES1
629511,2023-10-13,400000,CD Mirandés,714.0,ES1
51726,2021-12-30,150000,Coruxo FC,3709.0,ES1
156501,2018-02-07,12000000,FC Porto,720.0,PO1
45494,2021-03-18,2000000,Crystal Palace,873.0,GB1
37152,2020-02-27,1000000,Huddersfield Town,989.0,GB1
523972,2018-08-08,1000000,Real Madrid Castilla,366.0,ES1
57785,2016-07-15,1000000,Sporting Gijón,2448.0,ES1
429790,2020-04-08,900000,NAC Breda,132.0,NL1
249089,2015-02-24,1000000,Leeds United,399.0,GB1
304250,2019-12-28,200000,Gamba Osaka,681.0,ES1
42284,2016-04-20,400000,Ipswich Town,1032.0,GB1
288318,2023-12-22,2500000,UD Almería,3302.0,ES1
61592,2015-07-01,6000000,West Ham United,379.0,GB1
16306,2016-07-15,20000000,Real Madrid,418.0,ES1
89648,2023-06-01,250000,Preston North End,2288.0,GB1
198047,2016-08-01,200000,Lleida Esportiu,714.0,ES1
415912,2021-12-22,17000000,VfB Stuttgart,79.0,L1
71571,2017-06-05,5000000,Athletic Bilbao,714.0,ES1
388125,2018-09-25,400000,HNK Hajduk Split,447.0,KR1
52191,2020-10-13,400000,Crystal Palace,873.0,GB1
510396,2023-06-14,600000,UD Las Palmas,472.0,ES1
227954,2020-02-11,300000,Mérida AD,367.0,ES1
286779,2022-04-11,2500000,CF América,3631.0,MEX1
162063,2021-06-30,500000,Deportivo de La Coruña,16795.0,ES1
28810,2015-09-24,2000000,Queens Park Rangers,1039.0,GB1
503032,2019-02-19,200000,RCD Espanyol B,714.0,ES1
213670,2019-12-17,3000000,Eintracht Frankfurt,24.0,L1
314678,2018-05-28,5000000,Manchester City,281.0,GB1
903611,2022-06-20,1500000,LDU Quito,9855.0,
246291,2015-07-16,600000,Rayo Vallecano,367.0,ES1
135492,2016-11-01,3500000,FC Girondins Bordeaux,40.0,FR1
215876,2015-02-17,3750000,FC Porto,720.0,PO1
39151,2018-06-05,2500000,Beijing Renhe,2687.0,ES1
449844,2021-06-24,500000,CD Mirandés,714.0,ES1
195488,2018-12-19,2000000,Tottenham Hotspur,148.0,GB1
250478,2016-08-01,3000000,Southampton FC,180.0,GB1
488626,2021-12-30,800000,CA Osasuna,331.0,ES1
120705,2020-04-08,400000,Girona FC,12321.0,ES1
85177,2016-06-01,21000000,Liverpool FC,31.0,GB1
192080,2017-02-20,750000,Burnley FC,1132.0,GB1
369267,2016-07-15,200000,KVRS Waasland - SK Beveren,28643.0,BE1
37304,2016-06-01,10000000,Southampton FC,180.0,GB1
607779,2022-06-29,400000,SD Amorebieta,367.0,ES1
247366,2021-12-30,1200000,Cádiz CF,2687.0,ES1
537458,2021-06-30,150000,Atlético de Madrid B,13.0,ES1
340870,2020-10-08,400000,CD Tenerife,940.0,ES1
75820,2021-01-08,100000,AD Alcorcón,5358.0,ES1
536835,2023-03-24,13000000,Sunderland AFC,289.0,GB1
322985,2023-10-09,16000000,Sheffield United,350.0,GB1
341230,2018-10-31,200000,Atlético Malagueño,1084.0,ES1
61592,2023-12-19,700000,Crystal Palace,873.0,GB1
230784,2019-02-28,50000000,Atlético de Madrid,13.0,ES1
148262,2015-09-24,1500000,Derby County,22.0,
200612,2021-06-24,300000,CF Fuenlabrada,1531.0,ES1
531373,2022-12-29,500000,Celta Vigo B,940.0,ES1
510385,2018-01-01,300000,Sporting de Gijón Atlético,1531.0,ES1
35583,2017-09-18,1500000,Sheffield Wednesday,1010.0,GB1
304250,2021-06-30,200000,CD Badajoz,681.0,ES1
65266,2018-05-30,600000,Albacete Balompié,237.0,ES1
199321,2019-12-20,6000000,Celta de Vigo,940.0,ES1
314341,2018-02-23,500000,SL Benfica B,11.0,GB1
711337,2023-12-27,25000000,FC Porto,720.0,PO1
314140,2021-03-10,7000000,Middlesbrough FC,641.0,GB1
338424,2021-06-10,40000000,Real Sociedad,681.0,ES1
72315,2019-02-19,400000,Gimnàstic de Tarragona,16795.0,ES1
62688,2018-01-02,5000000,Crystal Palace,873.0,GB1
256267,2019-10-04,8000000,Fenerbahce,36.0,TR1
357147,2020-12-29,12000000,AC Milan,5.0,IT1
195679,2022-07-29,250000,Burton Albion,603.0,GB1
144128,2023-12-21,550000,Fatih Karagümrük,6646.0,TR1
192279,2020-12-17,15000000,Chelsea FC,631.0,GB1
72479,2019-12-19,7000000,Stade Rennais FC,237.0,ES1
199325,2016-10-27,200000,Villarreal CF B,1050.0,ES1
461618,2022-06-06,850000,HNK Rijeka,13.0,ES1
161267,2016-07-15,400000,Celta de Vigo,237.0,ES1
177467,2023-10-13,15000000,Villarreal CF,1050.0,ES1
73009,2015-11-20,400000,CD Mirandés,714.0,ES1
50552,2015-02-24,250000,Middlesbrough FC,641.0,GB1
9508,2015-09-24,1500000,Hull City,3008.0,GB1
392591,2018-08-17,100000,Brentford FC,1148.0,GB1
404584,2023-06-01,3500000,Middlesbrough FC,1148.0,GB1
79352,2021-06-10,800000,SD Eibar,1533.0,ES1
262365,2016-02-22,200000,UD Almería,3302.0,ES1
314266,2017-02-20,1500000,West Bromwich Albion,984.0,GB1
520624,2019-11-27,20000000,Club Athletico Paranaense,679.0,BRA1
118732,2017-03-20,1500000,Stade Reims,237.0,ES1
338424,2019-12-20,20000000,Real Sociedad,681.0,ES1
298589,2016-02-22,800000,CA Osasuna,331.0,ES1
99331,2023-06-20,4000000,Leicester City,1003.0,GB1
42412,2020-04-08,12000000,Leicester City,1003.0,GB1
133794,2022-09-08,1000000,Club Necaxa,1108.0,ES1
425571,2022-06-29,100000,UD Tamaraceite,472.0,ES1
434675,2018-06-12,400000,PSV Eindhoven U19,4575.0,
200612,2019-09-10,300000,CF Fuenlabrada,1531.0,ES1
55742,2022-11-03,600000,Nottingham Forest,703.0,GB1
465555,2023-12-19,9000000,Chelsea FC,631.0,GB1
696890,2020-11-03,200000,Málaga CF,681.0,ES1
65255,2022-10-27,300000,Bristol City,1123.0,GB1
319745,2016-07-15,6000000,Real Betis Balompié,150.0,ES1
67546,2017-06-06,500000,Sint-Truidense VV,5358.0,ES1
288255,2021-10-05,25000000,Manchester United,985.0,GB1
141835,2016-02-22,3000000,Getafe CF,714.0,ES1
9218,2015-02-12,1000000,Burnley FC,379.0,GB1
322917,2020-02-11,200000,CP Villarrobledo,2448.0,ES1
291544,2020-12-22,3000000,Norwich City,1123.0,GB1
111508,2022-12-29,1000000,CD Leganés,1244.0,ES1
285033,2022-06-15,300000,Burnley FC,1132.0,GB1
111508,2018-05-28,4500000,West Bromwich Albion,984.0,GB1
251883,2019-06-29,500000,UD Almería,3302.0,ES1
79723,2017-09-18,3500000,Cardiff City,603.0,GB1
165467,2017-06-29,300000,Gimnàstic de Tarragona,5648.0,
510325,2022-06-29,150000,Bergantiños FC,897.0,ES1
229812,2016-02-22,300000,CD Mirandés,681.0,ES1
20005,2017-01-02,11000000,Atalanta BC,800.0,IT1
15951,2015-01-23,10000000,FC Barcelona,131.0,ES1
136401,2018-09-24,1500000,Brentford FC,1148.0,GB1
76467,2015-01-13,300000,AD Alcorcón,11596.0,
282672,2019-02-19,300000,CF Rayo Majadahonda,13702.0,
59606,2016-06-01,4000000,Watford FC,1010.0,GB1
95810,2020-11-23,20000000,Atlético de Madrid,13.0,ES1
661427,2023-12-15,5000000,AZ Alkmaar,1090.0,NL1
646353,2023-10-27,2000000,Swansea City,2288.0,GB1
231776,2017-02-02,150000,Atlético Baleares,237.0,ES1
3838,2015-07-01,1000000,West Bromwich Albion,984.0,GB1
51716,2021-12-17,400000,Fortaleza Esporte Clube,379.0,GB1
76743,2020-12-18,400000,Real Salt Lake City,3302.0,ES1
74943,2015-07-01,6000000,Genoa CFC,1010.0,GB1
366948,2016-11-28,1000000,Grêmio Foot-Ball Porto Alegrense,210.0,BRA1
610238,2021-06-30,150000,Sevilla Atlético,8519.0,
433177,2020-03-09,22000000,Arsenal FC,11.0,GB1
38383,2019-06-13,2000000,Huddersfield Town,1110.0,GB1
275028,2018-06-30,300000,Sporting de Gijón Atlético,2448.0,ES1
524285,2021-12-22,5000000,Borussia Mönchengladbach,18.0,L1
476100,2022-06-29,50000,Vélez CF,1244.0,ES1
102423,2018-05-30,600000,Getafe CF,3709.0,ES1
737138,2023-12-20,50000,Getafe CF B,8510.0,
129753,2023-05-10,225000,Odisha FC,1531.0,ES1
250431,2023-04-06,125000,Hartlepool United,762.0,GB1
31642,2021-07-09,300000,FC Cincinnati,512.0,GB1
90964,2018-08-13,2000000,Cardiff City,603.0,GB1
183299,2015-02-27,250000,Preston North End,984.0,GB1
320913,2023-04-06,150000,Leyton Orient,148.0,GB1
449796,2020-07-23,1000000,Rayo Vallecano,367.0,ES1
326416,2017-01-24,200000,CD Numancia,2296.0,
466806,2022-12-29,700000,FC Barcelona Atlètic,131.0,ES1
34601,2016-02-22,12000000,Athletic Bilbao,621.0,ES1
61572,2015-10-16,500000,Chesterfield FC,405.0,GB1
215118,2015-07-01,12000000,Arsenal FC,11.0,GB1
36859,2018-02-27,750000,Sheffield United,350.0,GB1
15790,2021-06-30,50000,Atlético Baleares,1531.0,ES1
409273,2022-06-29,400000,CD Castellón,1049.0,ES1
371998,2023-06-13,150000000,Real Madrid,418.0,ES1
322985,2022-10-27,3000000,Coventry City,990.0,
439022,2020-01-03,4000000,Galatasaray,141.0,TR1
62611,2015-01-08,100000,AD Alcorcón,3709.0,ES1
469737,2021-01-07,200000,Deportivo de La Coruña,368.0,ES1
121223,2016-08-01,250000,Crystal Palace,873.0,GB1
252688,2017-08-17,200000,Penya Deportiva Santa Eulalia,3302.0,ES1
413459,2018-01-08,600000,FC Chiasso,16795.0,ES1
632872,2021-12-16,150000,SK Sturm Graz,2687.0,ES1
120705,2019-02-19,700000,CD Lugo,11000.0,
216870,2020-10-08,2500000,CA Osasuna,331.0,ES1
13829,2015-02-01,1000000,Without Club,984.0,GB1
57229,2021-10-28,5000000,Without Club,131.0,ES1
157368,2019-06-28,8000000,Stoke City,1110.0,GB1
278357,2023-06-14,800000,Burgos CF,940.0,ES1
465967,2022-06-03,5000000,Real Sociedad,681.0,ES1
251880,2020-02-11,200000,Recreativo Granada,16795.0,ES1
567576,2022-09-15,1500000,Newcastle United,762.0,GB1
461619,2022-06-29,150000,Celta Vigo B,940.0,ES1
457107,2019-02-19,100000,CD Vitoria,1533.0,ES1
51474,2018-12-21,1000000,Athletic Bilbao,5358.0,ES1
134294,2017-06-28,8000000,Liverpool FC,31.0,GB1
255501,2018-12-21,4000000,Athletic Bilbao,621.0,ES1
599739,2022-10-27,500000,Hull City,631.0,GB1
71835,2018-01-01,1000000,CD Leganés,1244.0,ES1
88067,2019-02-19,300000,Marbella FC,1039.0,GB1
349503,2021-06-30,1000000,Barnsley FC,349.0,
164055,2015-01-08,600000,Girona FC,940.0,ES1
126746,2017-01-24,200000,Elche CF,714.0,ES1
256267,2017-01-10,1500000,Genclerbirligi Ankara,820.0,TR1
687626,2021-03-18,5000000,Brighton & Hove Albion,1237.0,GB1
729814,2021-10-06,1800000,RFC Seraing,2715.0,BE1
199377,2017-06-30,200000,Bilbao Athletic,621.0,ES1
104916,2015-07-01,600000,Deportivo de La Coruña,897.0,ES1
745452,2023-05-15,100000,Fulham FC U21,9262.0,
15220,2017-06-28,1000000,AFC Bournemouth,989.0,GB1
247250,2020-10-08,8000000,Real Valladolid CF,366.0,ES1
119553,2023-06-09,300000,Wycombe Wanderers,931.0,GB1
307781,2022-06-30,500000,Sunderland AFC,289.0,GB1
221322,2022-06-03,40000000,Valencia CF,1049.0,ES1
670882,2022-09-21,8000000,Borussia Dortmund,16.0,L1
634117,2021-01-07,200000,UD Mutilvera,40175.0,
127554,2023-06-14,800000,CD Tenerife,366.0,ES1
322985,2020-10-15,1500000,Coventry City,990.0,
525438,2018-12-26,100000,ACS Energeticianul,62129.0,
212829,2020-04-08,9500000,Sheffield United,350.0,GB1
903611,2021-12-30,500000,LDU Quito,9855.0,
129374,2019-09-10,300000,FC Cartagena,7077.0,
95641,2017-01-24,3000000,Real Betis Balompié,150.0,ES1
138927,2023-12-22,12000000,Real Madrid,418.0,ES1
73482,2021-11-24,900000,Stoke City,405.0,GB1
129495,2016-08-01,200000,Cultural Leonesa,142.0,ES1
416622,2019-10-17,100000,Barnsley FC,989.0,GB1
319301,2023-03-16,13000000,Fulham FC,931.0,GB1
236953,2021-03-10,2000000,Norwich City,1123.0,GB1
640428,2022-11-07,50000000,Real Madrid,418.0,ES1
44012,2015-07-01,400000,UD Las Palmas,472.0,ES1
565093,2022-01-06,750000,RSC Anderlecht,58.0,BE1
258216,2017-02-27,750000,Huddersfield Town,1031.0,GB1
469958,2021-06-30,2200000,Stoke City,512.0,GB1
447661,2018-12-21,2500000,Girona FC,12321.0,ES1
44227,2017-06-29,300000,Debreceni VSC,16795.0,ES1
242301,2016-08-01,50000,RCD Mallorca B,237.0,ES1
158997,2023-02-24,200000,Austin FC,150.0,ES1
125931,2023-03-28,200000,Without Club,3368.0,ES1
125931,2021-06-10,800000,Levante UD,3368.0,ES1
533916,2022-11-03,3000000,Brentford FC,1148.0,GB1
374077,2016-07-15,500000,SD Eibar,1244.0,ES1
631002,2020-10-08,50000,Betis Deportivo Balompié,2865.0,
254037,2020-10-08,2000000,Cádiz CF,2687.0,ES1
85258,2016-02-22,5000000,Athletic Bilbao,621.0,ES1
425571,2018-01-01,50000,Las Palmas Atlético,472.0,ES1
718581,2022-06-29,100000,Sevilla Atlético,8519.0,
63494,2016-02-09,9000000,Watford FC,1010.0,GB1
486031,2021-12-28,24000000,ACF Fiorentina,430.0,IT1
35600,2018-01-01,300000,CA Osasuna,331.0,ES1
743589,2022-11-07,8000000,UD Almería,3302.0,ES1
479999,2020-10-13,18000000,Crystal Palace,873.0,GB1
59344,2018-10-31,25000000,Real Sociedad,681.0,ES1
99349,2020-02-11,250000,Cultural Leonesa,714.0,ES1
328480,2020-04-08,900000,CD Tondela,7179.0,PO1
674054,2021-08-01,150000,FC Nordsjaelland,2288.0,GB1
245744,2015-02-12,350000,Sanfrecce Hiroshima,2697.0,JAP1
278357,2019-06-29,300000,UE Cornellà,940.0,ES1
262939,2020-10-29,2500000,Atalanta BC,800.0,IT1
82503,2018-01-01,1000000,CA Osasuna,331.0,ES1
284454,2021-12-27,400000,SD Ponferradina,1084.0,ES1
249459,2021-06-30,150000,CD Calahorra,142.0,ES1
77262,2017-06-05,2500000,UD Las Palmas,472.0,ES1
456877,2021-03-10,2500000,Birmingham City,984.0,GB1
14013,2015-02-24,1500000,Nottingham Forest,3008.0,GB1
599263,2020-02-11,300000,Valencia Mestalla,1049.0,ES1
355861,2023-12-19,17000000,Everton FC,29.0,GB1
175448,2021-01-08,200000,UE Olot,3368.0,ES1
104586,2017-09-18,3500000,Cardiff City,603.0,GB1
540941,2023-06-20,13000000,Brentford FC,1148.0,GB1
404842,2021-12-20,17000000,Dynamo Kyiv,338.0,UKR1
525438,2022-09-30,1500000,FC Rapid 1923,455.0,RO1
221322,2017-06-05,18000000,Valencia CF,1049.0,ES1
129444,2021-12-30,2000000,RCD Espanyol Barcelona,714.0,ES1
385396,2016-10-17,50000,Inter Milan Primavera,3709.0,ES1
374077,2022-06-29,500000,Sporting Gijón,1244.0,ES1
60444,2022-06-15,20000000,Liverpool FC,31.0,GB1
388125,2022-06-06,1400000,Parma Calcio 1913,130.0,IT1
65331,2022-06-29,800000,CD Tenerife,366.0,ES1
263236,2017-12-28,3000000,FC Augsburg,167.0,L1
25366,2017-06-28,1000000,Burnley FC,1132.0,GB1
212863,2016-08-01,100000,CE Sabadell FC,418.0,ES1
3540,2018-02-27,750000,Sunderland AFC,289.0,GB1
22969,2016-02-22,8000000,Atlético de Madrid,13.0,ES1
336103,2018-05-30,100000,Pontevedra CF,150.0,ES1
340339,2023-06-14,1000000,CD Leganés,1244.0,ES1
186399,2022-11-14,1500000,Fortaleza Esporte Clube,940.0,ES1
502676,2023-12-22,30000000,Valencia CF,1049.0,ES1
683840,2019-12-20,8000000,UD Las Palmas,472.0,ES1
229804,2020-04-08,8000000,Real Sociedad,681.0,ES1
466805,2023-06-13,10000000,Valencia CF,1049.0,ES1
517894,2020-04-08,13500000,Hertha BSC,44.0,L1
289286,2021-06-10,1500000,Real Sociedad,681.0,ES1
47648,2016-02-22,400000,Deportivo Alavés,681.0,ES1
346707,2019-09-12,18000000,Newcastle United,762.0,GB1
249513,2019-09-12,7000000,AFC Bournemouth,989.0,GB1
402002,2023-06-30,300000,Cádiz CF Mirandilla,2687.0,ES1
705815,2020-12-08,150000,RCD Espanyol B,714.0,ES1
177847,2022-06-03,12000000,Real Sociedad,681.0,ES1
386047,2022-03-23,15000000,AS Monaco,162.0,FR1
31553,2017-09-18,1000000,Nottingham Forest,180.0,GB1
708072,2022-12-19,200000,Juventus Next Gen,41101.0,
620696,2019-09-10,50000,Sevilla Atlético,8519.0,
286384,2015-01-23,400000,RCD Espanyol Barcelona,714.0,ES1
67252,2018-10-17,5000000,Wolverhampton Wanderers,1003.0,GB1
443222,2017-02-02,500000,FC Barcelona B,2464.0,
655488,2021-12-23,28000000,Arsenal FC,11.0,GB1
294568,2019-12-28,1000000,Maccabi Tel Aviv,16795.0,ES1
138800,2015-07-01,200000,Real Zaragoza,142.0,ES1
164816,2016-07-15,500000,Real Zaragoza,331.0,ES1
466298,2018-12-21,10000000,Villarreal CF,1050.0,ES1
238865,2021-10-28,400000,Without Club,1533.0,ES1
126741,2023-05-17,100000,Hibernians FC,714.0,ES1
199330,2020-10-08,400000,CD Numancia,366.0,ES1
62144,2019-12-20,1000000,Real Valladolid CF,366.0,ES1
454187,2021-06-30,50000,Club Portugalete,1108.0,ES1
710679,2021-06-30,100000,CA Osasuna Promesas,8516.0,
114093,2018-08-13,4000000,Cardiff City,603.0,GB1
148368,2023-06-15,6000000,AC Milan,5.0,IT1
87422,2015-06-06,1500000,Stade Reims,289.0,GB1
139434,2021-06-07,600000,Real Valladolid CF,366.0,ES1
263727,2022-09-23,18000000,Sevilla FC,368.0,ES1
175914,2018-01-01,200000,Extremadura UD,2448.0,ES1
44058,2023-12-20,8000000,Juventus FC,506.0,IT1
730861,2022-11-11,7000000,AZ Alkmaar,1090.0,NL1
34672,2015-07-01,1500000,West Ham United,379.0,GB1
406040,2016-04-20,500000,Charlton Athletic,358.0,
298589,2021-12-30,10000000,CA Osasuna,331.0,ES1
284430,2022-12-29,1000000,FC Cartagena,7077.0,
55709,2015-02-12,1500000,Southampton FC,180.0,GB1
202984,2018-03-22,7000000,Sevilla FC,366.0,ES1
255570,2021-01-07,150000,Salamanca CF UDS,366.0,ES1
59606,2019-12-10,5000000,Watford FC,1010.0,GB1
381156,2021-06-08,300000,Burnley FC U21,1132.0,GB1
51547,2015-01-23,500000,UD Almería,3302.0,ES1
484547,2021-12-22,20000000,Bayer 04 Leverkusen,15.0,L1
844637,2023-10-13,2500000,UD Almería,3302.0,ES1
667517,2023-12-21,3800000,Birmingham City,337.0,
388125,2020-12-28,900000,HNK Hajduk Split,447.0,KR1
258004,2018-04-16,14000000,SL Benfica,294.0,PO1
5957,2015-07-01,5000000,ACF Fiorentina,472.0,ES1
7669,2015-01-11,150000,CA San Lorenzo de Almagro,142.0,ES1
312017,2021-05-13,3000000,Pyramids FC,1110.0,GB1
454576,2021-12-15,1800000,Fortuna Düsseldorf,38.0,L1
398163,2023-12-22,2800000,Granada CF,16795.0,ES1
366948,2020-08-04,3000000,Fenerbahce,36.0,TR1
177847,2023-10-13,4000000,Sevilla FC,368.0,ES1
448628,2016-10-27,250000,Córdoba CF B,12834.0,
61651,2023-10-24,8000000,Al-Ettifaq FC,7732.0,SA1
407021,2022-05-13,2500000,Barnsley FC,349.0,
13507,2015-07-01,18000000,Everton FC,29.0,GB1
39010,2018-08-10,1100000,Levski Sofia,289.0,GB1
294057,2018-08-13,22000000,Leicester City,1003.0,GB1
284454,2021-06-24,400000,SD Ponferradina,1084.0,ES1
505493,2023-10-13,700000,FC Andorra,10718.0,
186186,2016-04-20,250000,Bristol City,698.0,
128900,2015-02-24,4000000,Reading FC,931.0,GB1
454576,2017-12-28,50000,MSK Zilina B,20634.0,
251896,2023-06-13,2000000,Real Madrid,418.0,ES1
191866,2021-03-19,350000,UCAM Murcia CF,1531.0,ES1
478573,2018-12-28,5000000,Ajax Amsterdam U21,8817.0,
330352,2018-09-18,700000,Real Zaragoza,1531.0,ES1
48066,2015-07-01,10000000,West Ham United,762.0,GB1
3333,2018-05-28,15000000,Liverpool FC,31.0,GB1
282428,2016-08-01,300000,Real Madrid Castilla,418.0,ES1
136401,2019-06-28,1500000,Brentford FC,1148.0,GB1
163531,2020-02-27,250000,Preston North End,641.0,GB1
177907,2015-09-24,2000000,Hull City,3008.0,GB1
242548,2019-11-14,1600000,Shabab Al-Ahli Club,897.0,ES1
127048,2022-01-17,11000000,Olympique Marseille,244.0,FR1
131996,2016-08-01,4000000,Chelsea FC,631.0,GB1
69001,2019-12-21,2000000,CFR Cluj,1010.0,GB1
71271,2015-02-12,5000000,West Ham United,379.0,GB1
42198,2018-09-24,3500000,Reading FC,3008.0,GB1
351749,2022-03-29,50000000,Leeds United,399.0,GB1
193098,2018-01-01,800000,Rayo Vallecano,367.0,ES1
15951,2022-06-03,1000000,FC Barcelona,131.0,ES1
583510,2022-09-26,600000,Granada CF,16795.0,ES1
599263,2022-12-29,200000,Valencia Mestalla,1049.0,ES1
3785,2015-02-24,1000000,Fulham FC,931.0,GB1
65301,2021-01-08,200000,CD Lugo,2448.0,ES1
238988,2021-01-02,275000,Danubio FC,29.0,GB1
185593,2020-04-08,4000000,Tigres UANL,16795.0,ES1
51587,2016-02-22,5000000,Getafe CF,1533.0,ES1
143219,2018-01-15,250000,FK Partizani,31.0,GB1
337179,2018-07-13,150000,Zemplin Michalovce,3709.0,ES1
4094,2015-09-24,350000,Rotherham United,180.0,GB1
161267,2019-06-29,250000,Cultural Leonesa,237.0,ES1
129515,2023-06-30,200000,Lleida Esportiu,3709.0,ES1
67808,2020-10-08,2000000,SD Huesca,5358.0,ES1
331726,2018-01-02,10000000,Swansea City,2288.0,GB1
26399,2017-06-28,65000000,Manchester City,131.0,ES1
82243,2017-01-02,1400000,SS Lazio,1123.0,GB1
20005,2023-10-11,2000000,AC Monza,2919.0,IT1
398163,2021-06-03,15000000,AS Roma,12.0,IT1
354362,2020-12-29,46000000,Juventus FC,506.0,IT1
676042,2021-12-30,400000,Sevilla Atlético,8519.0,
6838,2019-06-28,700000,AIK Solna,3709.0,ES1
158623,2021-03-10,1800000,Nottingham Forest,931.0,GB1
158704,2021-06-10,600000,Cádiz CF,2687.0,ES1
191754,2021-01-08,150000,Internacional de Madrid,3368.0,ES1
607034,2020-12-31,50000,Sogndal IL,2038.0,
72319,2017-01-24,400000,CD Numancia,237.0,ES1
13350,2017-02-27,250000,Rotherham United,873.0,GB1
71559,2018-05-30,2000000,Athletic Bilbao,3709.0,ES1
527838,2023-06-14,600000,FC Andorra,621.0,ES1
394236,2018-04-24,750000,FC Luzern,434.0,C1
153238,2021-10-13,2000000,UD Las Palmas,472.0,ES1
177862,2018-01-02,5000000,Chelsea FC,631.0,GB1
580809,2022-11-03,200000,Brighton & Hove Albion U21,39336.0,
176553,2018-03-23,50000000,Manchester City,281.0,GB1
484547,2021-02-10,10000000,Bayer 04 Leverkusen,15.0,L1
284454,2015-01-23,200000,Atlético Malagueño,1084.0,ES1
74960,2019-12-10,7000000,Newcastle United,762.0,GB1
120095,2022-06-03,6000000,Levante UD,3368.0,ES1
598765,2021-09-10,4000000,Club Nacional,866.0,
322985,2019-06-12,750000,PEC Zwolle,1269.0,NL1
266795,2019-12-20,4000000,SD Eibar,1533.0,ES1
71559,2018-12-21,2000000,SD Huesca,3709.0,ES1
442816,2016-10-27,200000,Atlético Saguntino,237.0,ES1
186399,2019-02-18,1250000,Clube de Regatas Vasco da Gama,940.0,ES1
63040,2019-12-20,1200000,CA Osasuna,331.0,ES1
331508,2019-02-19,200000,FC Barcelona B,131.0,ES1
527966,2023-06-14,1500000,SD Huesca,5358.0,ES1
239949,2020-02-27,1800000,Wigan Athletic,1071.0,GB1
560483,2018-03-03,50000,CF Fuenlabrada,16486.0,
705813,2022-11-07,500000,RCD Espanyol Barcelona,714.0,ES1
351478,2022-06-03,60000000,Real Sociedad,681.0,ES1
483742,2021-06-10,100000,NK Istra 1961,1108.0,ES1
342046,2018-02-27,1000000,Aston Villa,405.0,GB1
57825,2021-01-05,1500000,Granada CF,16795.0,ES1
82243,2015-07-01,2000000,Borussia Dortmund,1123.0,GB1
432914,2021-02-09,500000,Santos FC,221.0,BRA1
13573,2015-07-01,1000000,AFC Bournemouth,989.0,GB1
365172,2023-10-27,15000000,Leicester City,1003.0,GB1
51663,2018-01-01,1000000,Girona FC,2687.0,ES1
99922,2017-12-28,15000000,Borussia Dortmund,16.0,L1
4190,2018-08-13,250000,Cardiff City,603.0,GB1
63824,2016-09-01,1500000,Aston Villa,405.0,GB1
355915,2023-06-20,60000000,Tottenham Hotspur,148.0,GB1
23338,2015-11-23,500000,SD Eibar,1533.0,ES1
85177,2017-06-28,21000000,Liverpool FC,31.0,GB1
262226,2020-10-13,24000000,Leicester City,1003.0,GB1
346483,2018-06-12,4000000,Vitesse Arnhem,499.0,NL1
282410,2022-11-07,2500000,RCD Espanyol Barcelona,714.0,ES1
930096,2023-06-30,50000,Cádiz CF Mirandilla,11669.0,
425571,2019-02-19,50000,Las Palmas Atlético,472.0,ES1
288376,2021-06-30,150000,Valencia Mestalla,1049.0,ES1
192279,2016-02-22,1500000,Real Valladolid CF,366.0,ES1
217145,2019-02-19,100000,RC Deportivo Fabril,897.0,ES1
396341,2022-06-29,100000,CD Toledo,13.0,ES1
314353,2017-10-23,5000000,Liverpool FC,31.0,GB1
184528,2019-09-12,5000000,Newcastle United,762.0,GB1
263856,2023-06-14,800000,Real Oviedo,150.0,ES1
3332,2016-02-09,40000000,Manchester United,985.0,GB1
44675,2017-02-07,8000000,1.FSV Mainz 05,512.0,GB1
112617,2018-06-19,1250000,SG Dynamo Dresden,1123.0,GB1
346289,2021-03-19,10000000,Valencia CF,1049.0,ES1
24636,2017-09-18,1000000,Reading FC,3008.0,GB1
314353,2018-12-19,45000000,Liverpool FC,31.0,GB1
75820,2018-05-30,400000,SD Huesca,5358.0,ES1
126722,2021-01-08,600000,CD Lugo,993.0,ES1
42298,2017-06-28,500000,AFC Bournemouth,989.0,GB1
225122,2018-01-01,40000000,Valencia CF,1049.0,ES1
321629,2022-09-26,200000,CD Lugo,366.0,ES1
341110,2015-01-11,125000,CA Rosario Central,1418.0,ARG1
197131,2015-01-08,300000,Deportivo Alavés,681.0,ES1
242412,2022-07-29,300000,Bolton Wanderers,29.0,GB1
1065441,2023-10-13,100000,CD Subiza,77666.0,
81988,2019-06-11,7500000,SD Eibar,1533.0,ES1
525438,2019-12-21,50000,Sepsi OSK Sf. Gheorghe,54585.0,RO1
351478,2018-03-22,35000000,Real Sociedad,681.0,ES1
455348,2020-10-08,150000,Bilbao Athletic,621.0,ES1
357884,2023-12-20,2500000,RCD Espanyol Barcelona,714.0,ES1
238407,2020-01-03,10000000,Trabzonspor,449.0,TR1
391470,2022-07-29,300000,Oxford United,379.0,GB1
355624,2019-12-20,800000,Málaga CF,1084.0,ES1
70245,2017-01-24,700000,CD Lugo,11000.0,
35047,2017-03-05,15000000,Tianjin Quanjian,33714.0,
473080,2023-03-24,2800000,Hull City,350.0,GB1
432914,2016-05-27,100000,Santos FC U20,9540.0,
480763,2018-01-02,5000000,Tottenham Hotspur,148.0,GB1
913955,2022-06-29,25000,UD Tamaraceite,68062.0,
286415,2023-03-27,14000000,Olympique Marseille,244.0,FR1
111422,2018-02-27,3500000,Fulham FC,931.0,GB1
648195,2023-12-19,80000000,Chelsea FC,631.0,GB1
177862,2019-06-12,2000000,Vitesse Arnhem,631.0,GB1
156814,2020-11-23,800000,CD Leganés,1244.0,ES1
54231,2016-02-22,1500000,Sporting Gijón,2448.0,ES1
632501,2023-06-30,150000,RCD Mallorca B,237.0,ES1
318508,2019-06-03,3000000,OGC Nice,417.0,FR1
175449,2021-12-30,8000000,Villarreal CF,1050.0,ES1
74230,2021-12-27,25000000,Sporting CP,336.0,PO1
51321,2016-02-09,1000000,West Ham United,379.0,GB1
77757,2022-10-27,3000000,Blackburn Rovers,164.0,
188854,2021-12-30,12000000,Villarreal CF,1050.0,ES1
625882,2022-12-29,150000,Celta Vigo B,8733.0,
13872,2015-07-01,2000000,Rayo Vallecano,367.0,ES1
163744,2022-11-03,5000000,AFC Bournemouth,989.0,GB1
189453,2015-02-17,4000000,Sporting CP,3709.0,ES1
193784,2015-01-23,400000,RCD Espanyol Barcelona,1531.0,ES1
186186,2021-03-18,10000000,Fulham FC,931.0,GB1
618809,2019-09-10,500000,Atlético Madrileño,3679.0,
288323,2015-10-16,50000,Ilkeston FC (- 2017),36481.0,
42373,2022-11-14,300000,CR Flamengo,940.0,ES1
357658,2023-12-19,3500000,AFC Bournemouth,989.0,GB1
282724,2018-09-17,100000,CF Reus Deportiu,1049.0,ES1
552425,2021-01-05,3000000,CA Osasuna,331.0,ES1
242681,2023-06-01,300000,Rotherham United,2288.0,GB1
248870,2020-10-08,50000,Club Portugalete,1533.0,ES1
126719,2020-04-08,16000000,Paris Saint-Germain,583.0,FR1
618809,2021-12-30,8000000,CA Osasuna,331.0,ES1
225015,2016-07-15,400000,SD Huesca,2687.0,ES1
37941,2015-11-05,4000000,SSC Napoli,1010.0,GB1
28801,2015-02-27,750000,Barnsley FC,873.0,GB1
62984,2018-02-18,100000,Penya Deportiva Santa Eulalia,331.0,ES1
148368,2022-06-15,12000000,Liverpool FC,31.0,GB1
45330,2015-02-12,4000000,West Bromwich Albion,984.0,GB1
198529,2018-05-02,575000,New England Revolution,1049.0,ES1
480762,2022-11-03,50000000,Manchester United,985.0,GB1
177065,2017-01-24,5000000,Deportivo de La Coruña,1237.0,GB1
354134,2023-04-05,500000,Burton Albion,379.0,GB1
126737,2021-12-30,12000000,Real Betis Balompié,150.0,ES1
55125,2022-12-19,200000,Chemnitzer FC,1110.0,GB1
356197,2021-06-10,20000000,Villarreal CF,1050.0,ES1
77207,2018-03-07,1100000,Asociación Deportivo Pasto,366.0,ES1
404842,2022-06-15,18000000,Everton FC,29.0,GB1
57818,2020-10-08,250000,Marino Luanco,3709.0,ES1
272679,2022-12-29,700000,SD Ponferradina,1244.0,ES1
938729,2023-09-11,25000,Bilbao Athletic,6688.0,
929899,2022-06-29,25000,Gimnástica Segoviana CF,33306.0,
627276,2021-12-30,100000,Atlético Levante UD,3368.0,ES1
26399,2016-02-09,60000000,Manchester City,131.0,ES1
73517,2020-04-08,1200000,Aston Villa,405.0,GB1
242644,2020-10-25,200000,IK Brage,379.0,GB1
51710,2015-07-01,7000000,Villarreal CF,366.0,ES1
739443,2023-12-19,6000000,Club Brugge KV,2282.0,BE1
343052,2021-06-08,35000000,Arsenal FC,11.0,GB1
256178,2022-06-15,18000000,Liverpool FC,31.0,GB1
3547,2015-02-12,2000000,West Bromwich Albion,512.0,GB1
226012,2020-10-08,15000000,Getafe CF,3709.0,ES1
66923,2020-03-09,3500000,Sheffield United,350.0,GB1
6119,2019-06-27,300000,FC Sochaux-Montbéliard,3368.0,ES1
399779,2016-09-20,150000,FC Villarreal C,1050.0,ES1
534379,2021-06-24,1000000,UD Las Palmas,472.0,ES1
199323,2018-01-01,100000,Villarreal CF B,1050.0,ES1
12127,2015-07-01,2000000,Norwich City,1123.0,GB1
170322,2023-04-06,350000,Swindon Town,873.0,GB1
285847,2017-06-21,50000,MVV Maastricht,11.0,GB1
50487,2019-02-19,800000,Deportivo de La Coruña,1108.0,ES1
143559,2020-04-08,13000000,FC Schalke 04,33.0,L1
14086,2022-06-15,1000000,Aston Villa,405.0,GB1
556385,2021-06-03,1000000,Hellas Verona,276.0,IT1
54890,2017-06-28,6000000,Leicester City,1003.0,GB1
13350,2020-10-15,250000,Rotherham United,873.0,GB1
182904,2020-04-08,48000000,FC Barcelona,131.0,ES1
32522,2020-04-08,1600000,Real Betis Balompié,1531.0,ES1
305956,2022-06-29,500000,Real Zaragoza,2687.0,ES1
89731,2020-04-08,800000,Real Zaragoza,3302.0,ES1
192009,2018-05-30,2000000,Rayo Vallecano,367.0,ES1
67283,2018-05-28,500000,Leicester City,1110.0,GB1
57950,2019-06-29,400000,CD Numancia,940.0,ES1
184129,2023-12-19,1000000,Luton Town,1031.0,GB1
391346,2019-06-29,250000,FC Cartagena,150.0,ES1
139434,2023-03-24,200000,Deportivo de La Coruña,366.0,ES1
834764,2023-10-13,20000000,Valencia CF,1049.0,ES1
801734,2023-12-14,50000000,Bayern Munich,27.0,L1
356197,2017-01-24,1000000,CD Lugo,11000.0,
85475,2018-05-28,8000000,Swansea City,762.0,GB1
735570,2023-10-09,22000000,Wolverhampton Wanderers,543.0,GB1
201861,2021-12-27,800000,SD Huesca,5358.0,ES1
199323,2021-01-08,250000,Villarreal CF B,1050.0,ES1
37442,2018-12-19,4000000,Leicester City,1003.0,GB1
141573,2015-09-24,750000,Wolverhampton Wanderers,1031.0,GB1
57950,2018-01-01,700000,CA Osasuna,940.0,ES1
121410,2018-04-25,200000,FC Honka,281.0,GB1
74561,2023-06-27,100000,Matsumoto Yamaga,3302.0,ES1
553874,2023-06-30,25000,UD Socuéllamos,3368.0,ES1
238868,2018-03-22,1500000,SD Eibar,1533.0,ES1
34564,2016-02-22,1000000,Córdoba CF,993.0,ES1
29692,2022-06-15,1000000,West Ham United,379.0,GB1
631002,2022-12-29,1500000,CD Mirandés,13222.0,
57816,2015-11-23,2500000,Sporting Gijón,2448.0,ES1
62920,2016-02-22,6000000,Villarreal CF,150.0,ES1
129483,2020-04-08,400000,CD Numancia,418.0,ES1
157490,2020-02-27,6000000,Fulham FC,931.0,GB1
177065,2015-01-23,800000,Córdoba CF,1237.0,GB1
45912,2018-12-21,2000000,Celta de Vigo,940.0,ES1
44139,2022-11-12,25000,Rampla Juniors FC,714.0,ES1
61344,2018-05-30,500000,Sporting Gijón,2448.0,ES1
724041,2022-10-05,250000,RSCA Futures,30857.0,
34870,2016-02-22,16000000,Villarreal CF,3368.0,ES1
15956,2019-06-11,4000000,Sevilla FC,368.0,ES1
162063,2016-02-22,300000,Granada CF,16795.0,ES1
399357,2022-06-29,200000,FC Andorra,2687.0,ES1
61561,2016-04-20,2750000,Sheffield Wednesday,873.0,GB1
51426,2015-01-23,3500000,Real Sociedad,3709.0,ES1
212829,2020-03-09,12000000,Sheffield United,350.0,GB1
226964,2023-04-05,200000,Wycombe Wanderers,180.0,GB1
150948,2018-03-22,2500000,Málaga CF,1533.0,ES1
126664,2023-06-20,15000000,Aston Villa,405.0,GB1
331505,2020-02-11,200000,FC Barcelona B,2464.0,
369081,2018-05-30,6000000,Deportivo de La Coruña,897.0,ES1
320466,2019-09-10,300000,Atlético de Madrid B,1049.0,ES1
341110,2023-06-13,3000000,Celta de Vigo,940.0,ES1
631099,2022-12-29,150000,Cádiz CF Mirandilla,2687.0,ES1
111422,2021-03-10,1200000,Middlesbrough FC,931.0,GB1
245056,2022-06-07,15000000,Torino FC,416.0,IT1
16306,2022-11-03,50000000,Manchester United,985.0,GB1
153427,2017-01-24,2500000,SD Eibar,1533.0,ES1
468539,2020-12-26,150000,Maccabi Tel Aviv,119.0,
334222,2015-01-10,500000,CA River Plate,209.0,ARG1
321629,2019-09-10,200000,Real Valladolid Promesas,366.0,ES1
321629,2016-08-01,50000,Atlético Levante UD,366.0,ES1
405398,2019-12-20,15000000,RCD Mallorca,237.0,ES1
250845,2016-02-22,25000000,Atlético de Madrid,13.0,ES1
447995,2022-09-14,3500000,Sunderland AFC,289.0,GB1
238407,2022-11-07,10000000,Real Sociedad,681.0,ES1
141660,2023-06-20,8000000,Nottingham Forest,703.0,GB1
134098,2021-08-28,225000,Shaanxi Chang'an Athletic,331.0,ES1
49319,2019-06-28,250000,Aston Villa,405.0,GB1
226261,2021-12-27,800000,UD Almería,3302.0,ES1
56067,2017-06-05,6000000,RCD Espanyol Barcelona,1531.0,ES1
282700,2018-01-01,200000,Villarreal CF B,1244.0,ES1
183318,2022-06-15,10000000,Newcastle United,762.0,GB1
811779,2023-03-16,25000000,Manchester United,985.0,GB1
610622,2018-11-23,100000,SD Eibar B,50186.0,
521455,2022-12-29,300000,Albacete Balompié,150.0,ES1
150948,2021-12-27,1000000,CD Leganés,1533.0,ES1
374081,2022-06-29,700000,UD Almería,331.0,ES1
507235,2022-07-29,250000,Wycombe Wanderers,762.0,GB1
141568,2015-09-24,1000000,Brighton & Hove Albion,1237.0,GB1
163744,2017-02-20,750000,Southampton FC,180.0,GB1
60444,2019-03-06,70000000,Bayern Munich,27.0,L1
221150,2020-10-08,25000000,Getafe CF,3709.0,ES1
56777,2016-08-15,1800000,Deportivo de La Coruña,5358.0,ES1
25366,2016-08-01,1500000,Burnley FC,1132.0,GB1
289257,2022-06-03,1200000,Real Sociedad,681.0,ES1
169249,2016-08-08,2000000,CA Independiente,1531.0,ES1
153236,2019-12-20,1000000,Deportivo de La Coruña,472.0,ES1
338629,2018-08-01,600000,RSC Anderlecht,58.0,BE1
73782,2019-02-19,1000000,Granada CF,16795.0,ES1
148262,2018-05-28,10000000,Burnley FC,1132.0,GB1
183318,2021-12-23,11000000,Newcastle United,762.0,GB1
57207,2018-05-02,2000000,Vancouver Whitecaps FC,873.0,GB1
340456,2017-06-21,200000,Ajax Amsterdam U21,8817.0,
211395,2020-06-27,800000,Atlas Guadalajara,3368.0,ES1
67420,2015-09-24,500000,Bristol City,399.0,GB1
127108,2017-06-05,5000000,SD Eibar,1533.0,ES1
131996,2017-06-07,8000000,Ajax Amsterdam,610.0,NL1
10003,2017-02-20,3000000,Leicester City,1003.0,GB1
24634,2017-09-18,1000000,Sheffield Wednesday,1132.0,GB1
156808,2018-10-31,3500000,CD Leganés,1244.0,ES1
338286,2019-09-10,200000,UD Melilla,621.0,ES1
521329,2020-10-08,300000,Marbella FC,150.0,ES1
75238,2017-01-24,200000,SD Huesca,993.0,ES1
266795,2016-02-22,3000000,SD Eibar,1533.0,ES1
221899,2017-06-05,4000000,RCD Espanyol Barcelona,714.0,ES1
321629,2019-02-19,150000,Real Valladolid B,366.0,ES1
51716,2016-11-28,1000000,Associação Atlética Ponte Preta,379.0,GB1
593412,2023-12-20,1500000,CD Mirandés,13222.0,
42198,2020-10-15,800000,Reading FC,3008.0,GB1
469781,2021-05-19,19000000,Feyenoord Rotterdam,234.0,NL1
221309,2023-10-13,2500000,Elche CF,366.0,ES1
396894,2019-06-11,40000000,Celta de Vigo,940.0,ES1
481675,2023-12-20,1000000,SS Lazio,398.0,IT1
560694,2021-06-30,3000000,Huddersfield Town,1110.0,GB1
30846,2016-02-22,500000,Real Zaragoza,472.0,ES1
357162,2019-12-30,20000000,SL Benfica,294.0,PO1
170540,2020-12-18,200000,Houston Dynamo FC,180.0,GB1
251845,2021-10-05,14000000,Brentford FC,1148.0,GB1
7983,2015-04-12,1500000,Atlético de Madrid,897.0,ES1
205562,2021-06-01,25000000,Atlético de Madrid,13.0,ES1
233124,2023-12-19,2000000,Aston Villa,405.0,GB1
111508,2020-03-05,4000000,Getafe CF,3709.0,ES1
214928,2021-06-08,2000000,Sheffield United,350.0,GB1
505194,2023-12-19,10000000,Sheffield United,350.0,GB1
287579,2023-12-19,28000000,Manchester United,985.0,GB1
566574,2021-12-27,500000,UD Las Palmas,472.0,ES1
263856,2015-01-23,500000,Levante UD,150.0,ES1
345886,2020-11-26,13000000,FC Augsburg,167.0,L1
217144,2016-08-01,400000,Real Madrid Castilla,6767.0,
158795,2019-12-20,2000000,Getafe CF,3709.0,ES1
230222,2023-06-14,800000,UD Las Palmas,472.0,ES1
460939,2017-08-13,50000,PEC Zwolle,1269.0,NL1
668278,2021-08-10,50000,Gernika Club,621.0,ES1
279090,2020-10-08,200000,Cultural Leonesa,940.0,ES1
6150,2021-02-08,100000,CA San Lorenzo de Almagro,762.0,GB1
365172,2017-05-27,250000,FC Liefering,1003.0,GB1
183334,2023-06-20,9000000,Leeds United,399.0,GB1
124845,2021-11-24,1500000,Middlesbrough FC,148.0,GB1
364603,2017-06-29,1000000,Real Valladolid CF,366.0,ES1
85706,2019-12-10,6000000,Sheffield United,350.0,GB1
4205,2015-02-12,1000000,Queens Park Rangers,1039.0,GB1
238717,2015-01-08,600000,Sporting Gijón,2448.0,ES1
214666,2020-02-27,4000000,Swansea City,2288.0,GB1
507254,2020-10-13,4000000,Crystal Palace,873.0,GB1
625660,2022-12-29,1000000,Real Sociedad B,9899.0,
434223,2023-12-21,2800000,Norwich City,1123.0,GB1
822331,2022-11-07,500000,RCD Espanyol B,10773.0,
340867,2021-06-10,3000000,SD Huesca,3709.0,ES1
50202,2019-06-13,150000000,Chelsea FC,418.0,ES1
15804,2016-05-30,2000000,New York City FC,621.0,ES1
297257,2023-12-05,1200000,Celtic FC,371.0,SC1
67063,2022-11-03,8000000,Brighton & Hove Albion,1237.0,GB1
431755,2019-06-17,1000000,Atalanta BC,800.0,IT1
315751,2019-06-29,250000,CD Izarra,366.0,ES1
76467,2021-06-30,3500000,Watford FC,1010.0,GB1
432914,2021-05-28,500000,Santos FC,221.0,BRA1
665390,2023-06-01,2800000,Aston Villa,405.0,GB1
142021,2021-01-08,6000000,RCD Espanyol Barcelona,714.0,ES1
177065,2022-06-03,1000000,Cádiz CF,1237.0,GB1
63824,2019-01-17,300000,AS Livorno,405.0,GB1
439022,2022-11-07,12000000,Sevilla FC,368.0,ES1
73517,2018-09-24,3000000,Aston Villa,405.0,GB1
188838,2018-01-01,800000,Getafe CF,366.0,ES1
286849,2018-12-21,900000,SD Eibar,1533.0,ES1
214467,2015-08-25,100000,Sporting de Gijón Atlético,2448.0,ES1
431755,2023-06-20,50000000,Tottenham Hotspur,148.0,GB1
276111,2019-12-20,2000000,Celta de Vigo,940.0,ES1
928726,2022-06-29,300000,Real Valladolid Promesas,366.0,ES1
26276,2020-04-08,800000,Tottenham Hotspur,148.0,GB1
396334,2022-06-29,1000000,SD Huesca,5358.0,ES1
503743,2023-12-21,2800000,Middlesbrough FC,641.0,GB1
128898,2017-06-28,250000,Chelsea FC,631.0,GB1
625651,2023-06-30,700000,Real Sociedad B,9899.0,
331726,2016-09-01,1000000,Bristol City,698.0,
43003,2015-07-01,12000000,Arsenal FC,681.0,ES1
114116,2018-09-24,200000,Rotherham United,1237.0,GB1
39907,2021-01-05,800000,SD Eibar,1533.0,ES1
58799,2018-05-30,250000,RCD Mallorca,237.0,ES1
48078,2020-10-15,2400000,Stoke City,1132.0,GB1
54576,2021-11-09,1000000,Portland Timbers,984.0,GB1
56067,2020-08-26,2400000,Toronto FC,1531.0,ES1
76032,2019-06-29,400000,RCD Mallorca,237.0,ES1
85475,2021-06-08,3000000,Newcastle United,762.0,GB1
225015,2021-12-30,800000,Cádiz CF,2687.0,ES1
58799,2018-01-01,250000,RCD Mallorca,237.0,ES1
507700,2020-04-08,11000000,Manchester United,985.0,GB1
356197,2023-06-13,15000000,Villarreal CF,1050.0,ES1
648195,2023-06-20,80000000,Chelsea FC,631.0,GB1
404632,2019-12-15,250000,Zemplin Michalovce,1050.0,ES1
331508,2021-12-30,350000,FC Barcelona B,131.0,ES1
44794,2021-11-24,800000,Luton Town,405.0,GB1
628494,2021-12-30,100000,UE Cornellà,2687.0,ES1
482836,2022-11-11,1300000,Spezia Calcio,641.0,GB1
63723,2017-01-24,3000000,Granada CF,1533.0,ES1
65976,2016-04-20,2000000,Reading FC,984.0,GB1
169497,2016-08-21,100000,UD San Sebastián de los Reyes,11245.0,
64484,2017-06-29,500000,Rayo Vallecano,367.0,ES1
397896,2016-02-06,200000,CA Vélez Sarsfield,472.0,ES1
732117,2023-12-19,200000,Chelsea FC U21,9250.0,
13427,2015-07-01,1500000,Stoke City,1237.0,GB1
261503,2021-10-15,3500000,CF América,3631.0,MEX1
380350,2023-12-19,17000000,Brighton & Hove Albion,1237.0,GB1
290788,2019-03-27,500000,Without Club,1010.0,GB1
42198,2020-02-27,1000000,Reading FC,3008.0,GB1
67063,2018-12-19,15000000,Arsenal FC,11.0,GB1
217144,2019-02-19,1000000,Albacete Balompié,1532.0,
425571,2023-06-30,150000,SD Tarazona,472.0,ES1
826224,2022-11-07,9000000,Girona FC,12321.0,ES1
654539,2021-06-04,12000000,Stade Rennais FC,273.0,FR1
238868,2022-06-03,2500000,Villarreal CF,1050.0,ES1
41281,2015-07-01,3500000,Sevilla FC,368.0,ES1
203516,2021-01-05,800000,Elche CF,1531.0,ES1
7492,2016-02-22,100000,Deportivo de La Coruña,897.0,ES1
189453,2020-11-23,2500000,CD Leganés,3709.0,ES1
607779,2022-12-29,400000,CA Osasuna Promesas,367.0,ES1
281990,2022-11-18,400000,LKS Lodz,897.0,ES1
298613,2018-01-01,150000,CA Osasuna Promesas,331.0,ES1
203460,2022-06-15,70000000,Manchester City,281.0,GB1
197791,2019-06-28,500000,Accrington Stanley,405.0,GB1
628926,2021-12-30,100000,Sevilla FC C,12319.0,
27486,2016-02-22,7000000,Real Madrid,3709.0,ES1
354359,2022-06-29,150000,CD Ibiza Islas Pitiusas,1533.0,ES1
30982,2020-06-23,400000,FC Seoul,11.0,GB1
75287,2016-10-19,10000000,FC Basel 1893,12321.0,ES1
149231,2020-10-08,800000,Elche CF,1531.0,ES1
533916,2020-10-15,1000000,Brentford FC,1148.0,GB1
73636,2018-12-21,1500000,RCD Espanyol Barcelona,714.0,ES1
70950,2020-04-04,3500000,Al-Ahli SC,762.0,GB1
534698,2020-10-13,250000,Leeds United,399.0,GB1
272622,2016-02-04,400000,FC Toulouse,415.0,FR1
295073,2023-09-21,200000,Makedonikos Neapolis,873.0,GB1
40612,2018-09-24,1500000,Nottingham Forest,289.0,GB1
31720,2021-12-17,500000,AIK Solna,289.0,GB1
484547,2022-09-21,25000000,Bayer 04 Leverkusen,15.0,L1
212847,2023-12-19,20000000,Brighton & Hove Albion,1237.0,GB1
127108,2021-12-30,2500000,Deportivo Alavés,1108.0,ES1
138927,2018-05-30,60000000,Real Madrid,418.0,ES1
212862,2022-06-03,22000000,Real Sociedad,681.0,ES1
244338,2022-09-14,1200000,Luton Town,1031.0,GB1
457782,2020-12-30,500000,Qarabağ FK,1244.0,ES1
251876,2018-12-18,10000000,VfB Stuttgart,79.0,L1
255653,2023-10-25,2000000,Without Club,940.0,ES1
86643,2018-06-19,600000,VfL Bochum,11.0,GB1
48002,2021-12-23,2000000,West Ham United,379.0,GB1
67866,2018-08-23,2000000,Puebla FC,16795.0,ES1
593482,2020-11-11,300000,US Avranches,26871.0,
73564,2019-12-10,750000,Brighton & Hove Albion,1237.0,GB1
709969,2023-12-22,3000000,Villarreal CF,1050.0,ES1
298575,2017-06-30,350000,CA Osasuna Promesas,8516.0,
67421,2021-06-08,2500000,West Bromwich Albion,984.0,GB1
63706,2020-02-11,50000,SD Amorebieta,993.0,ES1
195633,2018-05-28,5000000,Burnley FC,1132.0,GB1
277384,2015-02-10,650000,Ternana Calcio,1103.0,
357885,2023-12-19,17000000,West Ham United,379.0,GB1
238865,2017-01-24,400000,Cádiz CF,1533.0,ES1
125685,2021-11-24,800000,Luton Town,1031.0,GB1
51471,2023-12-19,38000000,Manchester City,281.0,GB1
111621,2021-10-13,500000,SD Ponferradina,1244.0,ES1
183334,2021-12-23,20000000,Leeds United,399.0,GB1
22969,2018-05-30,3000000,Atlético de Madrid,13.0,ES1
279110,2021-01-07,100000,Club Portugalete,1533.0,ES1
355628,2020-04-08,24000000,Real Sociedad,681.0,ES1
138800,2019-02-19,200000,Salamanca CF UDS,142.0,ES1
195633,2018-01-02,5000000,Burnley FC,1132.0,GB1
208379,2021-03-18,800000,Brighton & Hove Albion,677.0,GB1
244290,2016-08-05,100000,Luton Town,873.0,GB1
702662,2023-06-30,50000,Atlético Madrileño,3679.0,
193938,2020-01-10,2500000,FC Juárez,1244.0,ES1
2923,2017-10-07,900000,FC Viktoria Plzen,3368.0,ES1
601883,2020-08-17,3000000,Sporting CP,336.0,PO1
741238,2023-12-21,3000000,Ipswich Town,677.0,GB1
77544,2015-02-24,1300000,Middlesbrough FC,641.0,GB1
212723,2017-06-19,1000000,Borussia Mönchengladbach,18.0,L1
314237,2019-06-28,1000000,Aston Villa U23,405.0,GB1
357162,2023-03-02,20000000,SL Benfica,294.0,PO1
337715,2021-06-24,15000000,UD Almería,3302.0,ES1
242548,2019-02-19,2000000,Deportivo de La Coruña,897.0,ES1
345911,2023-06-20,5000000,AC Sparta Prague,197.0,TS1
276111,2020-10-08,1600000,Celta de Vigo,940.0,ES1
13465,2019-06-28,2000000,Derby County,3008.0,GB1
207922,2018-01-01,500000,Real Valladolid CF,366.0,ES1
49734,2019-01-08,500000,1.FC Magdeburg,289.0,GB1
248738,2022-11-07,8000000,CA Osasuna,331.0,ES1
340329,2019-08-07,6000000,Arsenal FC,11.0,GB1
246204,2022-06-03,2000000,Cádiz CF,2687.0,ES1
502722,2023-06-12,18000000,Red Bull Salzburg,409.0,A1
295065,2021-01-08,400000,Atlético de Madrid B,1108.0,ES1
67823,2018-12-21,1500000,SD Huesca,5358.0,ES1
322917,2021-01-08,200000,CP Villarrobledo,2448.0,ES1
25557,2018-12-21,30000000,Real Madrid,418.0,ES1
449496,2023-06-13,3000000,Real Valladolid CF,714.0,ES1
163530,2018-09-24,4000000,Sheffield Wednesday,641.0,GB1
289257,2016-10-27,250000,Real Sociedad B,9899.0,
63723,2022-06-29,200000,Málaga CF,1533.0,ES1
298197,2021-12-30,1000000,Deportivo Alavés,1108.0,ES1
333241,2020-03-09,25000000,Newcastle United,762.0,GB1
51535,2016-07-15,200000,Córdoba CF,1531.0,ES1
194386,2023-06-16,200000,Fleetwood Town,11177.0,
15951,2018-01-24,6000000,Paris Saint-Germain,131.0,ES1
258889,2015-11-11,900000,Vitesse Arnhem,499.0,NL1
16660,2015-09-24,2000000,Middlesbrough FC,641.0,GB1
177467,2021-05-31,40000000,Villarreal CF,1050.0,ES1
242301,2022-03-21,400000,Racing Santander,237.0,ES1
563335,2021-06-30,150000,Real Unión Club,681.0,ES1
189039,2022-06-04,200000,York United FC,1039.0,GB1
380598,2023-12-22,5000000,Villarreal CF,1050.0,ES1
82215,2020-04-08,350000,SuperSport United,148.0,GB1
13443,2016-04-20,250000,Rotherham United,984.0,GB1
626960,2019-09-10,50000,Bilbao Athletic,621.0,ES1
92571,2018-05-28,12000000,West Ham United,379.0,GB1
85320,2016-10-27,250000,Albacete Balompié,714.0,ES1
284884,2018-08-13,1000000,CD Leganés,1244.0,ES1
255508,2021-01-05,25000000,Athletic Bilbao,621.0,ES1
648032,2023-12-27,300000,Charlton Athletic,358.0,
298583,2022-09-23,2000000,Valencia CF,1049.0,ES1
683571,2021-06-09,800000,1.FC Köln,3.0,L1
17396,2018-05-30,600000,Getafe CF,3709.0,ES1
396334,2020-10-08,300000,Málaga CF,5358.0,ES1
631098,2022-06-29,200000,Villarreal CF B,1050.0,ES1
20007,2018-05-28,5000000,West Ham United,379.0,GB1
98240,2015-07-01,5000000,Aston Villa,762.0,GB1
35583,2018-09-24,1000000,Sheffield Wednesday,1010.0,GB1
171260,2020-02-27,3500000,Swansea City,2288.0,GB1
314241,2023-12-21,2200000,Stoke City,512.0,GB1
67538,2022-12-29,100000,Xerez Deportivo FC,3709.0,ES1
206225,2015-09-24,250000,Hull City,3008.0,GB1
102258,2023-06-01,250000,Burnley FC,1132.0,GB1
61812,2015-01-23,2000000,Real Sociedad,681.0,ES1
66994,2015-02-24,250000,Blackpool FC,603.0,GB1
298602,2021-06-05,125000,Petrolul Ploiesti,331.0,ES1
139208,2020-04-08,80000000,Liverpool FC,31.0,GB1
31720,2019-01-16,1750000,AIK Solna,289.0,GB1
495666,2021-12-16,24000000,Olympique Marseille,244.0,FR1
129374,2016-08-01,300000,CD Alcoyano,11259.0,
670558,2023-12-29,75000,Walsall FC,899.0,
206040,2016-10-31,11000000,SL Benfica,294.0,PO1
345886,2021-02-10,13000000,FC Augsburg,167.0,L1
76032,2022-11-25,150000,Inter Club d'Escaldes,237.0,ES1
340456,2021-03-09,17000000,Ajax Amsterdam,610.0,NL1
336077,2019-06-04,600000,MKE Ankaragücü,868.0,TR1
88067,2019-06-29,200000,Marbella FC,1039.0,GB1
582078,2020-07-30,100000,AFC Bournemouth U23,38967.0,
87409,2015-07-14,2400000,CA Boca Juniors,150.0,ES1
8176,2023-05-31,200000,Pafos FC,714.0,ES1
258374,2022-06-28,700000,Machida Zelvia,1049.0,ES1
27487,2018-05-30,600000,Getafe CF,3709.0,ES1
45693,2018-01-02,3000000,Brighton & Hove Albion,1237.0,GB1
30666,2019-11-30,750000,FC Cincinnati,897.0,ES1
95488,2016-02-22,400000,UE Llagostera,142.0,ES1
423571,2021-12-28,75000,St. Patrick's Athletic,379.0,GB1
102382,2015-07-01,275000,SG Dynamo Dresden,1110.0,GB1
543499,2022-12-23,20000000,Ajax Amsterdam,610.0,NL1
451801,2016-08-12,50000,FC Nordsjaelland U19,14355.0,
581678,2020-02-27,12000000,Birmingham City,337.0,
640109,2021-10-14,2500000,Inter Milan,46.0,IT1
255501,2021-01-05,1500000,Athletic Bilbao,621.0,ES1
272621,2022-01-07,300000,Debreceni VSC,543.0,GB1
335216,2018-03-22,400000,Bilbao Athletic,621.0,ES1
279110,2023-12-05,250000,Gzira United FC,1533.0,ES1
52345,2018-05-30,400000,Lorca FC,331.0,ES1
532541,2022-06-15,800000,Wolverhampton Wanderers,543.0,GB1
238032,2020-10-15,200000,Birmingham City,714.0,ES1
142420,2021-01-08,250000,Lleida Esportiu,3709.0,ES1
55135,2019-12-20,400000,Real Zaragoza,367.0,ES1
339816,2023-12-20,2500000,Elche CF,1531.0,ES1
85365,2020-04-08,475000,Cádiz CF,1050.0,ES1
58112,2019-12-20,500000,Real Oviedo,1244.0,ES1
177065,2015-07-01,2000000,Córdoba CF,1237.0,GB1
2857,2018-01-02,1000000,Leicester City,29.0,GB1
548635,2022-06-29,200000,Penya Deportiva Santa Eulalia,331.0,ES1
128904,2018-08-13,15000000,Burnley FC,1123.0,GB1
121223,2020-11-20,225000,NorthEast United FC,873.0,GB1
133794,2017-06-05,2000000,Deportivo Alavés,1108.0,ES1
392179,2019-01-16,125000,IK Frej Täby,6012.0,
230895,2018-01-01,700000,Real Valladolid CF,366.0,ES1
71394,2016-07-15,1500000,Sporting Gijón,2448.0,ES1
251883,2019-02-19,700000,UD Almería,3302.0,ES1
66099,2019-06-11,800000,Girona FC,12321.0,ES1
447995,2022-06-30,2500000,Sunderland AFC,289.0,GB1
67082,2015-04-09,10000000,Sevilla FC,368.0,ES1
92469,2017-06-28,9000000,Newcastle United,762.0,GB1
148455,2021-03-18,110000000,Liverpool FC,31.0,GB1
205562,2019-06-11,40000000,Atlético de Madrid,13.0,ES1
713649,2023-06-30,200000,Recreativo Granada,21550.0,
537860,2023-03-16,60000000,Chelsea FC,631.0,GB1
518644,2021-06-24,800000,UD Almería,3302.0,ES1
566832,2023-12-19,500000,Chelsea FC U21,9250.0,
45494,2018-12-19,5000000,Crystal Palace,873.0,GB1
357662,2021-05-28,65000000,West Ham United,379.0,GB1
623570,2022-09-14,2500000,Sheffield United,350.0,GB1
740253,2021-01-08,300000,AD Alcorcón,940.0,ES1
348795,2021-06-08,27000000,Tottenham Hotspur,148.0,GB1
255979,2019-09-10,100000,Without Club,150.0,ES1
255653,2021-01-05,12000000,Celta de Vigo,940.0,ES1
341278,2018-10-31,200000,Villarreal CF B,11972.0,
930096,2023-12-20,50000,Cádiz CF Mirandilla,11669.0,
84133,2017-01-31,1080000,Independiente Santa Fe,366.0,ES1
160348,2018-09-18,650000,Beroe Stara Zagora,931.0,GB1
35416,2017-02-27,1000000,Ipswich Town,350.0,GB1
36861,2018-01-02,1000000,Crystal Palace,873.0,GB1
249513,2023-06-13,3000000,Real Sociedad,681.0,ES1
433188,2022-06-15,28000000,Liverpool FC,31.0,GB1
73250,2016-07-15,12000000,Villarreal CF,1050.0,ES1
81999,2022-11-07,6000000,RCD Espanyol Barcelona,714.0,ES1
203496,2018-12-17,70000000,Olympique Lyon,1041.0,FR1
907813,2023-06-13,1000000,Real Sociedad B,9899.0,
352567,2022-06-17,950000,Deportes Tolima,1531.0,ES1
57866,2015-04-09,2000000,Granada CF,3709.0,ES1
39381,2022-08-18,3000000,Los Angeles FC,418.0,ES1
232964,2021-03-10,2800000,Brentford FC,1148.0,GB1
285033,2022-10-27,200000,Burnley FC,1132.0,GB1
510385,2017-08-17,50000,Sporting de Gijón Atlético,1531.0,ES1
401173,2019-06-05,100000000,Borussia Dortmund,16.0,L1
50202,2021-12-30,18000000,Real Madrid,418.0,ES1
357540,2020-02-11,150000,Recreativo Huelva,3709.0,ES1
212829,2019-12-10,10000000,Sheffield United,350.0,GB1
255703,2022-10-27,700000,Luton Town,989.0,GB1
43084,2020-12-17,300000,Leeds United,399.0,GB1
45330,2021-01-02,800000,Club Nacional,984.0,GB1
49327,2023-06-09,100000,Milton Keynes Dons,1123.0,GB1
96718,2021-12-30,1800000,Athletic Bilbao,621.0,ES1
475188,2022-03-29,5000000,Leicester City,1003.0,GB1
277033,2018-02-27,5000000,Sheffield United,350.0,GB1
89731,2015-07-18,400000,CD Mirandés,3302.0,ES1
35600,2017-08-17,300000,CA Osasuna,331.0,ES1
293383,2019-06-29,300000,CF Peralada,12321.0,ES1
258885,2022-10-27,2500000,Sheffield United,350.0,GB1
218086,2015-02-24,100000,Leicester City U21,1003.0,GB1
415970,2020-02-27,7000000,Nottingham Forest,703.0,GB1
128906,2019-06-28,7000000,Reading FC,1003.0,GB1
246204,2019-12-20,1000000,Cádiz CF,2687.0,ES1
699771,2023-12-15,150000,Sparta Rotterdam,468.0,NL1
74943,2023-06-21,1200000,Slovan Bratislava,1010.0,GB1
54576,2018-05-02,4000000,Portland Timbers,984.0,GB1
520624,2019-05-28,5000000,Club Athletico Paranaense,679.0,BRA1
391346,2018-01-01,300000,Betis Deportivo Balompié,150.0,ES1
730893,2020-10-13,5000000,Crystal Palace,873.0,GB1
293257,2023-06-01,2000000,Wolverhampton Wanderers,543.0,GB1
620164,2019-03-14,300000,LB Châteauroux B,12761.0,
167268,2016-02-09,4500000,Manchester United,3008.0,GB1
67421,2019-06-28,3500000,West Bromwich Albion,984.0,GB1
129495,2016-02-22,200000,Real Zaragoza,142.0,ES1
63689,2017-01-24,3000000,SD Eibar,1533.0,ES1
294568,2019-06-28,1000000,Maccabi Tel Aviv,16795.0,ES1
192366,2021-06-03,100000,Raith Rovers FC,1032.0,GB1
136501,2020-02-27,1500000,Sheffield Wednesday,603.0,GB1
121474,2023-06-23,150000,Colchester United,281.0,GB1
341501,2018-05-28,1000000,Leicester City,1003.0,GB1
197693,2020-02-27,5000000,Reading FC,631.0,GB1
282406,2018-05-30,900000,Getafe CF,2687.0,ES1
169555,2018-08-13,3500000,Cardiff City,603.0,GB1
459463,2021-01-05,12000000,Getafe CF,3709.0,ES1
377219,2017-01-21,200000,AFC Tubize,3772.0,
186399,2021-02-09,2500000,Sport Club Internacional,940.0,ES1
51726,2020-02-11,250000,Coruxo FC,3709.0,ES1
412363,2020-04-08,45000000,Real Madrid,418.0,ES1
133858,2021-09-17,200000,Halmstads BK,543.0,GB1
56134,2020-01-08,300000,Sporting Gijón,1050.0,ES1
55884,2017-02-13,1250000,CA Boca Juniors,1084.0,ES1
118732,2015-06-06,1750000,RC Lens,237.0,ES1
206040,2021-03-18,35000000,Wolverhampton Wanderers,543.0,GB1
678406,2021-10-13,500000,UD Las Palmas,472.0,ES1
37579,2021-07-09,2000000,Orlando City SC,1050.0,ES1
98827,2020-04-08,550000,Leyton Orient,367.0,ES1
156814,2022-06-29,300000,CD Leganés,1244.0,ES1
34349,2020-04-08,800000,Huddersfield Town,350.0,GB1
55884,2015-07-14,1500000,CA Boca Juniors,1084.0,ES1
449496,2022-11-07,3000000,Real Valladolid CF,714.0,ES1
53231,2015-02-01,2500000,Fluminense Football Club,873.0,GB1
24634,2017-02-27,1500000,Sheffield Wednesday,1132.0,GB1
258004,2022-06-15,75000000,Manchester City,281.0,GB1
339816,2018-05-30,300000,Gimnàstic de Tarragona,5648.0,
210143,2019-09-10,1500000,Girona FC,5358.0,ES1
186399,2021-05-28,2500000,Sport Club Internacional,940.0,ES1
215876,2017-06-01,9000000,OGC Nice,417.0,FR1
3357,2015-07-01,500000,Leicester City,1003.0,GB1
57207,2021-03-30,500000,Western Sydney Wanderers,873.0,GB1
392771,2019-12-17,10000000,RB Leipzig,23826.0,L1
227805,2020-04-08,6000000,Valencia CF,1049.0,ES1
51489,2015-06-01,300000,Rapid Bucharest ,993.0,ES1
227185,2023-06-09,350000,Wycombe Wanderers,180.0,GB1
576024,2021-10-20,20000000,CA River Plate,209.0,ARG1
295622,2017-08-17,500000,Atlético de Madrid B,714.0,ES1
445939,2023-12-14,15000000,Eintracht Frankfurt,24.0,L1
26801,2015-07-14,1000000,CA Independiente,3302.0,ES1
73067,2016-08-01,2500000,Middlesbrough FC,641.0,GB1
86643,2021-10-28,400000,Without Club,11.0,GB1
114060,2018-06-30,400000,Extremadura UD,331.0,ES1
332705,2016-03-01,50000,New York Red Bulls,623.0,MLS1
1027993,2022-09-26,25000,Cádiz CF Mirandilla,11669.0,
599263,2018-10-31,50000,Valencia Mestalla,1049.0,ES1
341278,2022-06-29,800000,Girona FC,12321.0,ES1
255653,2021-06-10,15000000,Celta de Vigo,940.0,ES1
62920,2023-10-13,1000000,RCD Espanyol Barcelona,150.0,ES1
628366,2022-09-06,2000000,CA River Plate,209.0,ARG1
821820,2023-12-20,100000,Recreativo Granada,21550.0,
223725,2022-06-03,8000000,Sevilla FC,368.0,ES1
65976,2020-10-13,2400000,West Bromwich Albion,984.0,GB1
93145,2022-01-10,650000,Al-Sailiya SC,3008.0,GB1
99397,2023-03-24,1200000,Hull City,3008.0,GB1
131996,2018-06-04,18000000,Olympique Lyon,1041.0,FR1
121477,2022-11-03,2500000,West Ham United,379.0,GB1
355336,2020-10-08,50000,Getafe CF B,3709.0,ES1
37712,2019-12-20,2500000,Sevilla FC,368.0,ES1
85295,2016-07-13,800000,FC Metz,347.0,FR1
44674,2016-12-15,6000000,Los Angeles Galaxy,1050.0,ES1
282406,2016-08-01,300000,Real Madrid Castilla,2687.0,ES1
357884,2021-03-19,2500000,RCD Espanyol Barcelona,714.0,ES1
281755,2023-12-22,1500000,Cádiz CF,2687.0,ES1
69611,2022-06-21,100000,Surkhon Termiz,3368.0,ES1
129444,2021-03-19,2500000,RCD Espanyol Barcelona,714.0,ES1
371851,2018-02-21,200000,NK Rudar Velenje,789.0,
189452,2022-10-31,1000000,Puebla FC,5358.0,ES1
73484,2021-06-30,3000000,Watford FC,1010.0,GB1
453704,2016-08-24,50000,CA Osasuna Promesas,368.0,ES1
27374,2023-06-14,600000,UD Las Palmas,150.0,ES1
622623,2022-06-29,25000,UD Alzira,1531.0,ES1
153236,2022-06-27,250000,AO Xanthi,472.0,ES1
560694,2022-11-03,8000000,Nottingham Forest,703.0,GB1
71548,2017-06-05,1500000,SD Eibar,1533.0,ES1
175446,2022-11-03,17000000,Wolverhampton Wanderers,543.0,GB1
44779,2023-06-20,2000000,Wolverhampton Wanderers,543.0,GB1
3291,2016-08-01,2000000,Everton FC,984.0,GB1
258923,2017-02-20,10000000,Manchester United,985.0,GB1
226262,2020-02-11,250000,Recreativo Granada,16795.0,ES1
44735,2020-10-08,300000,UD Las Palmas,472.0,ES1
192765,2019-06-13,25000000,Tottenham Hotspur,148.0,GB1
3333,2023-06-20,1500000,Liverpool FC,31.0,GB1
485963,2022-05-30,12000000,Olympique Marseille,244.0,FR1
286779,2021-12-22,2500000,1.FC Köln,3.0,L1
7607,2015-01-23,5000000,FC Barcelona,131.0,ES1
397033,2020-03-03,35000000,Brescia Calcio (- 2025),19.0,IT1
8746,2018-01-01,200000,Lorca FC,366.0,ES1
39004,2016-07-15,1000000,Real Oviedo,1050.0,ES1
24589,2017-09-18,1000000,Norwich City,1123.0,GB1
25553,2015-02-12,1000000,Crystal Palace,873.0,GB1
342050,2021-11-24,300000,Hull City,631.0,GB1
305957,2020-02-11,200000,Celta Vigo B,940.0,ES1
249513,2018-08-13,10000000,AFC Bournemouth,989.0,GB1
917101,2023-06-27,100000,ESTAC Troyes B,150.0,ES1
71918,2017-06-29,500000,SD Huesca,5358.0,ES1
268949,2018-12-21,800000,Sevilla FC,368.0,ES1
61812,2019-12-20,20000000,Athletic Bilbao,621.0,ES1
59558,2020-01-06,900000,Apollon Limassol,641.0,GB1
181619,2017-06-28,275000,MSK Zilina,940.0,ES1
50487,2015-07-01,450000,NEC Nijmegen,1108.0,ES1
165467,2018-05-30,700000,Gimnàstic de Tarragona,5648.0,
7451,2015-02-12,4000000,Arsenal FC,11.0,GB1
117549,2015-07-01,600000,TSV 1860 Munich,3302.0,ES1
314678,2018-12-19,5000000,Manchester City,281.0,GB1
433177,2023-06-20,120000000,Arsenal FC,11.0,GB1
5658,2016-06-01,12000000,Arsenal FC,11.0,GB1
468700,2022-12-29,300000,CD Lugo,16795.0,ES1
880245,2023-12-27,3000000,GD Estoril Praia,1465.0,PO1
709969,2020-11-23,100000,FC Barcelona U19,2470.0,
54217,2019-12-20,800000,UD Las Palmas,472.0,ES1
163531,2021-11-24,250000,Preston North End,641.0,GB1
420243,2020-10-14,4000000,Ajax Amsterdam,610.0,NL1
346707,2022-09-15,15000000,Newcastle United,762.0,GB1
98240,2022-06-15,1800000,Newcastle United,762.0,GB1
321629,2021-12-27,200000,Real Valladolid CF,366.0,ES1
192736,2021-01-08,1500000,CD Leganés,1244.0,ES1
225122,2017-06-01,17000000,Paris Saint-Germain,583.0,FR1
61592,2016-02-09,6000000,West Ham United,379.0,GB1
121388,2016-02-09,750000,Norwich City,1123.0,GB1
293281,2018-06-05,500000,VfB Stuttgart,79.0,L1
9988,2021-03-10,200000,Nottingham Forest,3008.0,GB1
33873,2021-06-30,1200000,AFC Bournemouth,989.0,GB1
336869,2019-06-11,30000000,RCD Espanyol Barcelona,714.0,ES1
340867,2021-01-05,800000,SD Huesca,3709.0,ES1
537382,2022-11-03,12000000,Tottenham Hotspur,148.0,GB1
141835,2015-07-01,3000000,Getafe CF,714.0,ES1
230895,2016-02-22,200000,Real Zaragoza,366.0,ES1
87409,2018-05-08,800000,CA Boca Juniors,150.0,ES1
67339,2016-09-01,1500000,Brighton & Hove Albion,931.0,GB1
43763,2016-08-01,7000000,Stoke City,1132.0,GB1
57522,2017-06-05,1500000,Villarreal CF,5358.0,ES1
1144700,2023-12-19,250000,Club Atlético Belgrano,2417.0,ARG1
237617,2019-06-29,1000000,CD Lugo,11000.0,
67090,2018-05-30,1000000,RCD Espanyol Barcelona,714.0,ES1
127202,2020-10-15,6500000,RC Strasbourg Alsace,667.0,FR1
126719,2021-10-08,13000000,Paris Saint-Germain,583.0,FR1
91763,2015-01-23,1500000,Celta de Vigo,940.0,ES1
33046,2015-12-18,500000,FC Zürich,289.0,GB1
90836,2022-05-13,2800000,Nottingham Forest,703.0,GB1
325443,2019-09-25,500000,FC St. Pauli,35.0,L1
196948,2021-12-23,35000000,Chelsea FC,631.0,GB1
92381,2021-11-24,1000000,Middlesbrough FC,762.0,GB1
281773,2017-02-02,100000,Cultural Leonesa,367.0,ES1
94308,2021-12-30,6000000,Sevilla FC,368.0,ES1
3620,2015-02-12,1000000,Everton FC,29.0,GB1
37011,2019-06-28,1500000,Swansea City,2288.0,GB1
65263,2023-06-13,1000000,Real Valladolid CF,366.0,ES1
210153,2019-02-19,700000,Granada CF,1244.0,ES1
128287,2020-04-08,600000,Blackburn Rovers,405.0,GB1
36291,2018-12-19,2000000,Brighton & Hove Albion,1237.0,GB1
95424,2015-07-01,13000000,Tottenham Hotspur,148.0,GB1
560483,2023-03-23,2000000,Elche CF,1531.0,ES1
272622,2019-06-13,35000000,West Ham United,379.0,GB1
338424,2017-06-19,2500000,Borussia Dortmund,16.0,L1
392775,2017-02-27,3000000,Fulham FC,931.0,GB1
504581,2020-10-15,400000,Coventry City,990.0,
46110,2020-04-08,2800000,Deportivo Alavés,1108.0,ES1
72476,2016-07-22,16000000,Bayer 04 Leverkusen,15.0,L1
192765,2020-04-08,17500000,Tottenham Hotspur,148.0,GB1
3109,2015-02-12,4000000,Liverpool FC,31.0,GB1
258884,2023-06-01,1500000,Preston North End,29.0,GB1
337781,2017-06-05,200000,Atlético Levante UD,3368.0,ES1
43193,2022-07-29,250000,Shrewsbury Town,1123.0,GB1
31909,2016-07-15,55000000,Real Madrid,418.0,ES1
262226,2015-01-07,1000000,KRC Genk,1184.0,BE1
324223,2015-10-16,75000,Barnsley FC,349.0,
28260,2015-11-22,3000000,Real Madrid,379.0,GB1
65243,2016-12-16,1500000,UNAM Pumas,714.0,ES1
501743,2019-01-05,25000,Yokohama FC,943.0,JAP1
70890,2017-01-24,100000,Cádiz CF,1531.0,ES1
626953,2021-12-30,300000,Bilbao Athletic,6688.0,
45305,2019-02-19,500000,Málaga CF,1084.0,ES1
199321,2016-02-22,1000000,Celta de Vigo,940.0,ES1
81988,2021-06-10,1800000,SD Eibar,1533.0,ES1
494880,2019-02-19,1000000,FC Barcelona B,2464.0,
49501,2018-12-19,3000000,Huddersfield Town,1110.0,GB1
67082,2020-04-08,14500000,Atlético de Madrid,13.0,ES1
305274,2019-06-28,500000,Millwall FC,1028.0,
369316,2018-03-01,1500000,NEC Nijmegen,467.0,NL1
189458,2021-12-17,1000000,Santos FC,367.0,ES1
61253,2016-07-15,20000000,SSC Napoli,6195.0,IT1
557147,2022-06-29,3000000,Sporting Gijón,2448.0,ES1
38817,2019-02-19,800000,Real Oviedo,714.0,ES1
268958,2017-01-24,400000,Levante UD,368.0,ES1
74230,2016-02-22,5000000,Getafe CF,3709.0,ES1
709726,2021-10-08,2500000,Stade Reims,1421.0,FR1
55215,2015-01-14,20000000,Paris Saint-Germain,1531.0,ES1
349856,2019-02-19,300000,SD Ponferradina,3368.0,ES1
449796,2016-08-01,50000,CDA Navalcarnero,20921.0,
63040,2023-05-31,300000,AEK Larnaca,331.0,ES1
92381,2018-09-24,2000000,Bolton Wanderers,762.0,GB1
131667,2019-02-19,800000,Granada CF,16795.0,ES1
67548,2020-10-08,3500000,Levante UD,16795.0,ES1
419596,2019-09-10,50000,Cádiz CF B,2687.0,ES1
218086,2019-10-03,250000,San Antonio FC,1003.0,GB1
44735,2021-06-24,100000,UD Las Palmas,472.0,ES1
628487,2021-01-08,200000,RCD Espanyol B,10773.0,
448344,2019-06-11,10000000,RCD Espanyol Barcelona,714.0,ES1
489359,2019-01-05,50000,Kawasaki Frontale,9598.0,JAP1
284884,2020-04-08,11000000,CD Leganés,1244.0,ES1
62638,2021-06-29,2000000,Bristol City,405.0,GB1
28801,2017-11-20,150000,Phoenix Rising FC,873.0,GB1
341501,2021-06-08,7000000,Leicester City,1003.0,GB1
480987,2019-06-13,13000000,AFC Bournemouth,989.0,GB1
286841,2022-12-29,100000,UE Cornellà,1531.0,ES1
15974,2016-07-15,100000,Real Oviedo,3302.0,ES1
404632,2018-01-01,100000,Villarreal CF B,1050.0,ES1
576028,2021-02-08,20000000,CA Vélez Sarsfield,1029.0,ARG1
369267,2021-06-07,850000,Sint-Truidense VV,475.0,BE1
44069,2015-01-23,2000000,Elche CF,5358.0,ES1
192009,2015-07-01,2000000,Bilbao Athletic,6688.0,
7983,2017-01-24,400000,Real Zaragoza,897.0,ES1
64399,2016-07-15,2000000,Getafe CF,3709.0,ES1
568835,2019-06-29,250000,UD San Sebastián de los Reyes,11245.0,
280730,2017-06-05,7500000,Real Sociedad,681.0,ES1
249459,2020-10-08,150000,CD Calahorra,142.0,ES1
668276,2022-03-24,3000000,RB Leipzig,23826.0,L1
123551,2023-12-21,900000,Ipswich Town,677.0,GB1
156814,2015-07-01,1000000,Athletic Bilbao,1244.0,ES1
489359,2023-12-15,2500000,Fortuna Düsseldorf,38.0,L1
707279,2022-09-26,200000,Valencia Mestalla,6182.0,
67823,2018-10-31,1500000,SD Huesca,5358.0,ES1
74230,2018-10-31,35000000,Sevilla FC,368.0,ES1
85928,2015-09-24,500000,Burnley FC,1132.0,GB1
10375,2021-06-30,200000,Rotherham United,989.0,GB1
494237,2022-06-02,6000000,Lokomotiv Moscow,932.0,RU1
199348,2021-12-26,200000,SKF Sered,897.0,ES1
19979,2019-08-06,250000,CA River Plate,897.0,ES1
111419,2022-12-29,200000,Yverdon Sport FC,11.0,GB1
197578,2021-06-30,250000,Mérida AD,150.0,ES1
44792,2020-10-13,3200000,West Bromwich Albion,984.0,GB1
77274,2016-04-20,6000000,Queens Park Rangers,984.0,GB1
89618,2017-01-24,600000,Real Zaragoza,1533.0,ES1
540664,2020-10-15,300000,FC Girondins Bordeaux,40.0,FR1
40611,2018-05-28,20000000,Southampton FC,1003.0,GB1
3540,2016-02-09,1000000,Sunderland AFC,289.0,GB1
434675,2022-09-14,35000000,PSV Eindhoven,383.0,NL1
12384,2020-10-15,1000000,Norwich City,1123.0,GB1
44012,2015-01-08,400000,UD Las Palmas,472.0,ES1
13582,2017-09-26,500000,Bolton Wanderers,1039.0,GB1
57207,2017-06-28,3000000,Crystal Palace,873.0,GB1
501743,2022-04-19,800000,Lommel SK,5026.0,
381362,2018-09-11,9000000,Club Brugge KV,405.0,GB1
51663,2018-12-21,800000,Girona FC,2687.0,ES1
345083,2020-11-23,600000,FC Cartagena,2687.0,ES1
175449,2015-01-23,5000000,Villarreal CF,1050.0,ES1
65477,2020-10-15,5000000,Watford FC,1010.0,GB1
405398,2019-09-10,10000000,RCD Mallorca,237.0,ES1
283655,2017-02-27,1000000,Ipswich Town,148.0,GB1
34322,2017-06-19,28000000,Borussia Dortmund,16.0,L1
217149,2021-10-13,250000,Unionistas CF,3302.0,ES1
401604,2019-06-29,100000,Legia Warszawa,1237.0,GB1
342385,2021-06-10,22000000,Real Betis Balompié,150.0,ES1
548729,2022-11-10,2500000,FC Basel 1893,26.0,C1
182712,2020-03-09,45000000,Manchester City,281.0,GB1
48294,2022-12-29,100000,CF Fuenlabrada,3302.0,ES1
211395,2022-09-06,750000,CA Banfield,3368.0,ES1
58112,2020-04-08,400000,SD Ponferradina,1244.0,ES1
608175,2023-03-24,1200000,Luton Town,1031.0,GB1
138655,2015-06-05,550000,Beijing Guoan,367.0,ES1
73782,2022-06-17,500000,CD América de Cali,2352.0,COL1
144028,2019-06-10,16000000,KRC Genk,1184.0,BE1
241641,2021-03-18,70000000,Manchester City,281.0,GB1
251289,2017-02-27,500000,Aston Villa,405.0,GB1
383109,2018-07-03,75000,Pogon Siedlce ,1123.0,GB1
222571,2021-10-13,100000,Villarreal CF B,1050.0,ES1
319539,2022-03-21,25000,Antequera CF,150.0,ES1
710671,2023-06-30,50000,CA Osasuna Promesas,8516.0,
193938,2020-10-08,3000000,Deportivo de La Coruña,1244.0,ES1
845289,2023-12-19,500000,Liverpool FC U21,9252.0,
578539,2019-07-12,1500000,FC Bayern Munich II,28.0,
571020,2022-06-03,15000000,Athletic Bilbao,621.0,ES1
284884,2019-06-11,10000000,CD Leganés,1244.0,ES1
399434,2021-06-30,3000000,Middlesbrough FC,641.0,GB1
3878,2017-06-28,1500000,Manchester United,985.0,GB1
315858,2019-12-12,55000000,AC Milan,5.0,IT1
85295,2020-04-08,800000,UD Almería,3302.0,ES1
861410,2022-03-31,2200000,Fenerbahce,36.0,TR1
632497,2022-12-29,100000,RCD Mallorca B,237.0,ES1
223725,2015-01-08,12000000,FC Barcelona B,2464.0,
203496,2019-12-20,40000000,Real Betis Balompié,150.0,ES1
324882,2022-06-15,7000000,Aston Villa,405.0,GB1
346289,2018-01-24,14000000,Olympique Lyon,1041.0,FR1
85941,2021-06-09,6000000,Arminia Bielefeld,10.0,L1
298976,2021-06-03,14000000,AS Roma,12.0,IT1
487465,2020-10-13,22000000,Wolverhampton Wanderers,543.0,GB1
268670,2019-06-11,2500000,CD Leganés,1244.0,ES1
197578,2021-12-30,200000,Mérida AD,150.0,ES1
33507,2015-09-24,1000000,Burnley FC,1132.0,GB1
130164,2016-08-01,1000000,Sunderland AFC,289.0,GB1
224098,2017-02-02,150000,UD Logroñés,940.0,ES1
85706,2022-10-27,700000,Sheffield United,350.0,GB1
638235,2023-10-13,1400000,Levante UD,3368.0,ES1
447053,2020-10-08,50000,Bilbao Athletic,621.0,ES1
57800,2017-01-24,100000,CD Lugo,16795.0,ES1
127048,2019-09-05,15000000,Beijing Guoan,3176.0,
490307,2018-06-13,1500000,FC Liefering,1237.0,GB1
228917,2020-10-08,2500000,Levante UD,3368.0,ES1
221150,2017-01-21,800000,Sint-Truidense VV,475.0,BE1
79723,2015-09-24,3000000,Cardiff City,603.0,GB1
283489,2021-06-24,1000000,Rayo Vallecano,16795.0,ES1
369316,2022-10-27,12000000,Fenerbahce,36.0,TR1
263627,2018-01-01,1000000,Deportivo Alavés,1108.0,ES1
43193,2015-02-24,1250000,Norwich City,1123.0,GB1
67090,2021-12-30,600000,RCD Espanyol Barcelona,714.0,ES1
236953,2018-05-28,4000000,West Ham United,379.0,GB1
580560,2022-06-29,1000000,Real Sociedad B,9899.0,
131667,2019-12-20,1000000,Granada CF,16795.0,ES1
212852,2017-01-24,400000,Real Valladolid CF,621.0,ES1
73067,2023-06-23,175000,Bradford City,641.0,GB1
386196,2019-12-15,200000,Zemplin Michalovce,1084.0,ES1
293194,2023-12-15,8000000,Ajax Amsterdam,610.0,NL1
392768,2023-03-29,17000000,Bayer 04 Leverkusen,15.0,L1
129515,2017-06-29,500000,Getafe CF,3709.0,ES1
57944,2017-01-24,200000,Elche CF,1531.0,ES1
204103,2022-06-03,20000000,FC Barcelona,131.0,ES1
237125,2017-01-16,2500000,Angers SCO,1420.0,FR1
44412,2016-06-01,8000000,Villarreal CF,1050.0,ES1
56543,2021-01-08,200000,Gimnàstic de Tarragona,366.0,ES1
193116,2023-06-20,27000000,Aston Villa,405.0,GB1
18944,2021-01-05,12000000,FC Barcelona,131.0,ES1
254039,2021-06-10,250000,NK Osijek,150.0,ES1
38253,2021-12-22,50000000,Bayern Munich,27.0,L1
287315,2021-01-08,100000,Linares Deportivo,16795.0,ES1
276111,2018-05-30,3500000,FC Barcelona B,2464.0,
71918,2021-12-27,1000000,SD Huesca,5358.0,ES1
889435,2022-08-18,2000000,Seattle Sounders FC,9636.0,MLS1
406040,2020-09-16,10000000,RB Leipzig,23826.0,L1
844637,2022-12-29,800000,Levante UD,3368.0,ES1
834485,2023-12-20,100000,Bilbao Athletic,6688.0,
540687,2023-04-05,150000,Portsmouth FC,11.0,GB1
7542,2016-02-22,100000,Levante UD,3368.0,ES1
31553,2016-04-20,1500000,Nottingham Forest,180.0,GB1
38817,2015-07-01,300000,RCD Espanyol Barcelona,714.0,ES1
245585,2017-02-27,750000,Wigan Athletic,985.0,GB1
85288,2023-10-13,8000000,Real Betis Balompié,150.0,ES1
192009,2020-10-08,7500000,Athletic Bilbao,621.0,ES1
399775,2021-06-24,1600000,RCD Espanyol Barcelona,714.0,ES1
47722,2020-10-08,100000,Extremadura UD,150.0,ES1
148262,2019-12-10,11000000,Burnley FC,1132.0,GB1
191320,2020-10-15,1400000,Preston North End,379.0,GB1
503977,2023-12-21,22000000,Southampton FC,180.0,GB1
14066,2015-02-12,3000000,Swansea City,2288.0,GB1
94570,2016-10-27,200000,Lorca FC,331.0,ES1
348795,2023-06-13,14000000,Villarreal CF,1050.0,ES1
45330,2021-10-20,850000,CA Huracán,984.0,GB1
349884,2023-03-24,1200000,Real Oviedo,2497.0,ES1
236509,2017-10-24,100000,Gillingham FC,148.0,GB1
534700,2020-02-27,2500000,Leeds United,399.0,GB1
668276,2023-06-07,4300000,FC Basel 1893,26.0,C1
329648,2021-06-30,150000,SD Ejea,368.0,ES1
218086,2016-05-30,250000,Portland Timbers,1003.0,GB1
718250,2023-06-23,150000,Rochdale AFC,1088.0,
176133,2020-04-08,325000,Sporting Gijón,472.0,ES1
90836,2019-12-10,12000000,AFC Bournemouth,703.0,GB1
93936,2022-11-07,1800000,CA Osasuna,331.0,ES1
411295,2022-06-15,45000000,Leeds United,399.0,GB1
263627,2016-02-22,500000,Getafe CF,1108.0,ES1
630990,2019-12-20,1000000,Betis Deportivo Balompié,1108.0,ES1
626724,2022-09-14,20000000,Watford FC,1010.0,GB1
13872,2019-12-31,75000,Académica Coimbra,367.0,ES1
536823,2021-01-08,50000,Atlético de Madrid B,13.0,ES1
314678,2018-03-23,2500000,Manchester City,281.0,GB1
76799,2018-01-02,3500000,Watford FC,1010.0,GB1
396341,2019-06-29,200000,Atlético de Madrid B,13.0,ES1
720038,2022-03-21,3000000,Racing Santander,630.0,
2514,2017-05-24,4500000,Chicago Fire,985.0,GB1
251106,2023-12-22,25000000,Getafe CF,3709.0,ES1
62913,2021-06-30,250000,CD Numancia,331.0,ES1
214928,2022-10-27,900000,West Bromwich Albion,350.0,GB1
480267,2021-01-05,20000000,FC Barcelona,131.0,ES1
337321,2022-07-29,500000,Milton Keynes Dons,379.0,GB1
8746,2015-01-08,1200000,Real Valladolid CF,366.0,ES1
52469,2018-05-30,9000000,Athletic Bilbao,621.0,ES1
89330,2018-05-30,500000,Real Zaragoza,681.0,ES1
576024,2020-04-08,9000000,CA River Plate,209.0,ARG1
156799,2017-06-29,500000,UCAM Murcia CF,621.0,ES1
154059,2016-02-22,2500000,Málaga CF,1533.0,ES1
13573,2018-12-19,2500000,AFC Bournemouth,989.0,GB1
255731,2015-09-24,150000,Bristol City,677.0,GB1
95976,2021-03-18,6000000,Southampton FC,180.0,GB1
307519,2021-01-05,3500000,Real Valladolid CF,366.0,ES1
447052,2017-06-30,150000,Bilbao Athletic,6688.0,
51726,2016-02-22,200000,SD Ponferradina,3709.0,ES1
67211,2021-03-10,700000,Reading FC,1237.0,GB1
197135,2023-12-22,1200000,Cádiz CF,2687.0,ES1
895316,2023-06-30,25000,Deportivo Alavés B,8880.0,
456111,2021-05-14,100000,Pafos FC,3008.0,GB1
510385,2021-01-07,300000,Burgos CF,1531.0,ES1
7818,2015-11-20,1500000,Real Valladolid CF,366.0,ES1
73547,2020-04-08,6500000,Sheffield United,350.0,GB1
342385,2023-06-13,28000000,Real Betis Balompié,150.0,ES1
356197,2019-06-11,22000000,Villarreal CF,1050.0,ES1
31909,2021-06-01,40000000,Real Madrid,418.0,ES1
3332,2016-06-01,35000000,Manchester United,985.0,GB1
94655,2023-06-23,175000,Mansfield Town,405.0,GB1
465967,2020-10-08,6000000,Real Sociedad,681.0,ES1
17273,2016-12-15,1250000,Portland Timbers,762.0,GB1
183288,2021-03-18,25000000,Manchester United,985.0,GB1
4072,2015-02-12,2000000,Stoke City,1132.0,GB1
217115,2017-03-20,1500000,Stade Brestois 29,3911.0,FR1
340376,2023-07-12,14000000,SC Braga,1075.0,PO1
73782,2015-07-01,6000000,Borussia Dortmund,16.0,L1
503241,2021-08-13,200000,Crystal Palace U21,873.0,GB1
117549,2020-10-08,500000,Real Oviedo,3302.0,ES1
55215,2021-10-13,1000000,Elche CF,1531.0,ES1
61711,2015-07-01,5000000,West Bromwich Albion,984.0,GB1
940915,2023-05-15,100000,Arsenal FC U18,5679.0,
19059,2015-07-01,750000,Watford FC,1010.0,GB1
636688,2023-06-13,50000000,FC Barcelona,131.0,ES1
31835,2016-08-01,7000000,West Ham United,379.0,GB1
447995,2020-02-05,500000,Ross County FC,2759.0,SC1
277533,2016-07-15,200000,UCAM Murcia CF,34148.0,
455181,2021-10-11,12000000,Levante UD,3368.0,ES1
577869,2021-01-07,50000,Unionistas CF,52397.0,
86643,2016-07-22,750000,VfL Bochum,11.0,GB1
74294,2015-02-16,6000000,AZ Alkmaar,1090.0,NL1
7803,2019-08-13,400000,Atlético de San Luis,150.0,ES1
495600,2021-12-30,200000,RCD Espanyol B,714.0,ES1
118534,2022-06-15,20000000,Everton FC,29.0,GB1
60779,2020-02-11,200000,Real Balompédica Linense,621.0,ES1
94414,2017-06-29,800000,RCD Mallorca,16795.0,ES1
435500,2022-12-29,500000,CD Tenerife,2687.0,ES1
800176,2020-09-09,100000,Fluminense FC U20,14702.0,
906025,2021-12-27,200000,Girona FC B,38006.0,
381362,2016-04-14,600000,Club Brugge KV,405.0,GB1
268946,2021-01-08,500000,SD Ponferradina,366.0,ES1
67808,2018-12-21,8000000,Girona FC,12321.0,ES1
42513,2020-04-08,1200000,Wellington Phoenix,1123.0,GB1
536826,2021-06-30,50000,Sevilla Atlético,368.0,ES1
527966,2019-06-29,300000,Villarreal CF B,11972.0,
319900,2023-12-19,7000000,Luton Town,1031.0,GB1
462070,2018-12-13,50000,Novara Calcio 1908,6692.0,
298583,2021-04-15,2000000,FC Basel 1893,26.0,C1
537762,2023-06-30,5000000,Real Madrid Castilla,6767.0,
48066,2015-02-12,10000000,West Ham United,762.0,GB1
498237,2021-05-21,10000000,SC Braga,1075.0,PO1
182579,2021-06-10,3000000,Sevilla FC,368.0,ES1
510990,2017-08-17,50000,CD Vitoria,1533.0,ES1
37399,2018-05-30,400000,CD Numancia,1533.0,ES1
256178,2015-07-01,2500000,Liverpool FC,31.0,GB1
27374,2020-04-08,8000000,Real Betis Balompié,150.0,ES1
513031,2019-02-19,250000,Barakaldo CF ,3708.0,
172128,2015-11-20,800000,Real Oviedo,142.0,ES1
75314,2018-06-03,450000,Universidad de Concepción,1084.0,ES1
425334,2021-06-08,22000000,Aston Villa,405.0,GB1
591949,2020-10-29,2500000,Bologna FC 1909,1025.0,IT1
271455,2015-06-15,900000,Red Star Belgrade,159.0,SER1
283170,2019-09-10,2500000,FC Barcelona B,2464.0,
264191,2018-02-27,250000,Bolton Wanderers,29.0,GB1
326330,2022-06-03,60000000,FC Barcelona,131.0,ES1
255653,2015-07-15,8000000,Valencia CF,940.0,ES1
49755,2018-05-28,6000000,Brighton & Hove Albion,1132.0,GB1
143812,2015-07-01,4200000,ACF Fiorentina,430.0,IT1
130164,2021-12-23,25000000,Everton FC,29.0,GB1
52647,2016-05-27,500000,Fluminense Football Club,3709.0,ES1
40614,2016-05-30,400000,Millwall FC,1032.0,GB1
126746,2018-01-01,200000,UCAM Murcia CF,714.0,ES1
281755,2017-06-29,300000,AD Alcorcón,11596.0,
530916,2023-04-06,150000,Crawley Town,1237.0,GB1
179451,2017-02-20,1000000,Sunderland AFC,289.0,GB1
316264,2019-06-12,15000000,Vitesse Arnhem,499.0,NL1
111455,2016-02-15,25000000,Borussia Mönchengladbach,18.0,L1
27924,2020-04-08,475000,FC Astana,1050.0,ES1
134294,2020-07-30,20000000,Southampton FC,180.0,GB1
142389,2023-06-20,300000,Newcastle United,762.0,GB1
67082,2020-10-08,10000000,Atlético de Madrid,13.0,ES1
93936,2016-02-22,2000000,SD Eibar,1533.0,ES1
99922,2022-09-13,5000000,Trabzonspor,449.0,TR1
198529,2018-03-14,400000,New England Revolution,1049.0,ES1
709969,2021-12-30,3000000,FC Barcelona U19,2470.0,
336367,2015-09-24,200000,Queens Park Rangers,1039.0,GB1
711999,2023-10-09,25000000,Chelsea FC,631.0,GB1
741142,2023-12-19,1500000,Club Estudiantes de La Plata,288.0,ARG1
605426,2022-06-24,100000,IFK Malmö,5200.0,
311044,2022-11-07,4000000,Cádiz CF,2687.0,ES1
65243,2022-01-11,150000,AEK Larnaca,714.0,ES1
61832,2020-04-08,5500000,West Bromwich Albion,984.0,GB1
282421,2017-02-02,150000,Real Madrid Castilla,6767.0,
282421,2022-06-29,1000000,SD Eibar,1533.0,ES1
355336,2020-02-11,50000,Getafe CF B,3709.0,ES1
332705,2017-05-24,500000,New York Red Bulls,623.0,MLS1
1038950,2022-09-26,25000,Cádiz CF Mirandilla,11669.0,
834764,2022-09-26,25000,Valencia Mestalla,6182.0,
401173,2021-10-05,90000000,Manchester United,985.0,GB1
3306,2015-07-01,3500000,Stoke City,1132.0,GB1
361254,2019-06-29,3000000,UD Las Palmas,472.0,ES1
251046,2019-01-08,150000,Deportivo Alavés B,1108.0,ES1
39037,2019-06-13,1000000,Newcastle United,1010.0,GB1
9975,2015-10-16,350000,Doncaster Rovers,180.0,GB1
346314,2021-12-23,18000000,Chelsea FC,631.0,GB1
527350,2022-11-07,3000000,Girona FC,12321.0,ES1
8188,2018-01-05,650000,Hokkaido Consadole Sapporo,1039.0,GB1
487465,2020-04-08,11500000,Wolverhampton Wanderers,543.0,GB1
73484,2021-12-23,2000000,Watford FC,1010.0,GB1
625014,2021-06-30,500000,Bilbao Athletic,6688.0,
420002,2022-03-29,8000000,Crystal Palace,873.0,GB1
361254,2018-01-01,1000000,Valencia Mestalla,6182.0,
32617,2019-02-27,500000,Aston Villa,405.0,GB1
60444,2017-12-28,50000000,Bayern Munich,27.0,L1
57500,2020-12-17,17000000,Chelsea FC,631.0,GB1
61812,2021-01-05,16000000,Athletic Bilbao,621.0,ES1
396894,2018-05-30,25000000,Celta de Vigo,940.0,ES1
7663,2015-01-07,2000000,ACF Fiorentina,150.0,ES1
221899,2019-09-05,4800000,Wuhan Zall,6450.0,
357397,2021-06-28,800000,Tottenham Hotspur U23,148.0,GB1
242603,2020-10-22,150000,VfR Aalen,379.0,GB1
340325,2018-12-18,17000000,TSG 1899 Hoffenheim,533.0,L1
226012,2023-12-22,8000000,Getafe CF,3709.0,ES1
458466,2018-05-30,200000,Real Madrid Castilla,418.0,ES1
47647,2019-06-11,400000,Rayo Vallecano,367.0,ES1
258004,2018-02-07,7000000,SL Benfica,294.0,PO1
197131,2021-06-24,700000,Real Oviedo,681.0,ES1
95435,2020-04-08,1200000,Sheffield Wednesday,873.0,GB1
531829,2019-09-10,800000,SD Huesca,5358.0,ES1
537860,2021-01-14,600000,Shakhtar Donetsk,660.0,UKR1
71801,2019-02-19,200000,Deportivo de La Coruña,150.0,ES1
39037,2019-12-10,750000,Newcastle United,1010.0,GB1
37526,2018-12-19,7000000,West Ham United,379.0,GB1
110864,2021-05-28,8000000,West Bromwich Albion,984.0,GB1
348026,2021-06-09,25000000,RB Leipzig,23826.0,L1
235412,2019-06-05,800000,AC Perugia Calcio,142.0,ES1
427568,2021-12-23,25000000,Arsenal FC,11.0,GB1
15956,2018-12-21,4000000,Sevilla FC,368.0,ES1
107427,2020-02-27,300000,Derby County,1010.0,GB1
275218,2023-10-04,5500000,CA San Lorenzo de Almagro,1775.0,ARG1
224098,2021-12-30,200000,Pontevedra CF,940.0,ES1
47647,2015-01-23,2000000,Real Sociedad,367.0,ES1
581781,2021-03-19,2000000,UD Las Palmas,472.0,ES1
37403,2019-12-10,1000000,West Ham United,366.0,ES1
74943,2019-01-04,2500000,Trabzonspor,1010.0,GB1
463603,2023-12-19,35000000,Chelsea FC,631.0,GB1
191866,2018-06-30,200000,Real Murcia CF,1531.0,ES1
43193,2017-02-27,750000,Blackburn Rovers,1123.0,GB1
349701,2018-09-24,1000000,Wigan Athletic,1071.0,GB1
584769,2020-07-30,25000000,Burnley FC,1132.0,GB1
293388,2018-10-31,200000,UB Conquense,16602.0,
348026,2022-11-02,20000000,Paris Saint-Germain,583.0,FR1
442802,2019-12-20,300000,Extremadura UD,13.0,ES1
284454,2023-03-24,250000,CF Rayo Majadahonda,1084.0,ES1
480267,2020-10-08,15000000,FC Barcelona,131.0,ES1
333241,2015-02-01,750000,Sport Club do Recife,8718.0,BRA1
44139,2021-09-10,50000,Rampla Juniors FC,714.0,ES1
59568,2022-12-29,100000,Córdoba CF,1049.0,ES1
203617,2017-08-17,500000,FC Barcelona B,1244.0,ES1
37399,2019-02-19,400000,CF Rayo Majadahonda,1533.0,ES1
398435,2021-01-08,50000,Sevilla FC C,368.0,ES1
35416,2023-04-05,300000,Derby County,350.0,GB1
206225,2017-02-27,2500000,Newcastle United,762.0,GB1
711367,2022-12-29,50000,Real Sociedad B,9899.0,
12814,2016-02-09,500000,Crystal Palace,873.0,GB1
423440,2022-06-03,30000000,Real Sociedad,681.0,ES1
340325,2020-10-13,12500000,Arsenal FC,11.0,GB1
473169,2022-09-14,14000000,Ajax Amsterdam,610.0,NL1
128488,2018-05-30,1500000,UD Las Palmas,367.0,ES1
611202,2021-01-08,100000,Mérida AD,3368.0,ES1
177452,2018-05-30,500000,RCD Mallorca,237.0,ES1
16660,2017-02-27,1000000,Preston North End,641.0,GB1
573979,2019-12-12,1000000,ACF Fiorentina,237.0,ES1
369081,2022-11-07,100000000,Real Madrid,418.0,ES1
282939,2016-08-05,150000,Wycombe Wanderers,2805.0,
561613,2022-06-03,400000,RCD Espanyol Barcelona,714.0,ES1
309110,2017-02-02,250000,Celta Vigo B,8733.0,
655488,2022-03-29,38000000,Arsenal FC,11.0,GB1
696346,2023-12-21,2800000,Birmingham City,337.0,
1124005,2023-09-11,50000,AD Ceuta FC,8568.0,
74960,2017-12-21,900000,AC Sparta Prague,197.0,TS1
766552,2023-06-30,200000,Sevilla Atlético,8519.0,
291417,2020-10-08,40000000,Real Madrid,418.0,ES1
37501,2015-07-01,3500000,Real Sociedad,681.0,ES1
480762,2023-06-20,50000000,Manchester United,985.0,GB1
85349,2019-06-29,200000,AD Unión Adarve,3368.0,ES1
605426,2021-06-09,25000,Malmö FF,496.0,SE1
57842,2019-06-13,7000000,Huddersfield Town,1110.0,GB1
48294,2018-05-30,500000,Real Oviedo,3302.0,ES1
867700,2023-12-19,500000,Brighton & Hove Albion U21,39336.0,
71840,2019-06-29,200000,Real Zaragoza,1108.0,ES1
76032,2020-11-23,200000,UD Las Palmas,237.0,ES1
313113,2016-10-27,150000,RCD Espanyol B,714.0,ES1
61572,2019-05-30,325000,Chennaiyin FC,405.0,GB1
517842,2018-05-30,150000,Real Sociedad B,9899.0,
314678,2020-12-29,14000000,AC Milan,5.0,IT1
44735,2019-12-20,500000,UD Las Palmas,472.0,ES1
341278,2019-09-10,300000,Villarreal CF B,11972.0,
119622,2016-11-15,650000,Atlético de Kolkata,1533.0,ES1
72484,2015-01-08,300000,Deportivo Alavés,1108.0,ES1
341266,2022-12-29,200000,CA Osasuna Promesas,331.0,ES1
255703,2016-08-05,100000,Leyton Orient,989.0,GB1
262749,2023-12-19,35000000,Arsenal FC,11.0,GB1
141573,2023-06-01,2500000,Millwall FC,1031.0,GB1
253892,2019-08-13,800000,Atlético de San Luis,3709.0,ES1
487465,2017-12-29,3000000,SS Lazio,398.0,IT1
602105,2019-05-28,9000000,São Paulo Futebol Clube,585.0,BRA1
275028,2018-01-01,300000,Sporting de Gijón Atlético,2448.0,ES1
603621,2021-12-30,50000,CDA Navalcarnero,367.0,ES1
143812,2016-07-15,12000000,ACF Fiorentina,430.0,IT1
538996,2022-03-24,9000000,Bayern Munich,27.0,L1
19368,2018-05-28,18000000,Tottenham Hotspur,148.0,GB1
351597,2023-06-01,800000,Blackpool FC,29.0,GB1
229804,2019-12-20,10000000,Real Sociedad,681.0,ES1
150948,2021-10-13,1000000,CD Leganés,1533.0,ES1
140191,2021-03-18,3000000,West Ham United,379.0,GB1
65266,2015-01-08,400000,RCD Mallorca,237.0,ES1
212391,2021-06-10,10000000,Levante UD,3368.0,ES1
396894,2017-02-22,1100000,Defensor Sporting Club,2619.0,
238266,2021-04-09,25000000,Olympique Marseille,244.0,FR1
311696,2018-01-01,200000,FC Cartagena,366.0,ES1
175449,2016-04-07,3000000,Getafe CF,3709.0,ES1
455348,2018-05-30,50000,Bilbao Athletic,621.0,ES1
127202,2015-06-24,3000000,KAA Gent,157.0,BE1
171260,2021-11-24,2000000,Swansea City,2288.0,GB1
160671,2018-01-01,100000,Lleida Esportiu,1049.0,ES1
135343,2018-12-19,4000000,Newcastle United,762.0,GB1
260841,2019-06-15,500000,Leicester City U23,39341.0,
65060,2015-01-08,500000,CD Lugo,16795.0,ES1
339556,2022-11-03,22000000,Brentford FC,1148.0,GB1
705395,2021-08-12,50000,UE Cornellà,16196.0,
126600,2019-09-12,2500000,Norwich City,1123.0,GB1
670877,2022-06-15,1200000,West Ham United U21,399.0,GB1
37011,2015-02-12,4500000,Swansea City,2288.0,GB1
257455,2019-01-11,1500000,SC Braga,1075.0,PO1
73517,2022-10-07,600000,Without Club,515.0,
25557,2018-10-31,40000000,Real Madrid,418.0,ES1
399779,2018-06-30,500000,Villarreal CF B,1050.0,ES1
249471,2016-07-15,800000,Deportivo de La Coruña,1108.0,ES1
121477,2019-12-10,6000000,Watford FC,1010.0,GB1
900195,2023-12-11,4000000,Sociedade Esportiva Palmeiras,1023.0,BRA1
315858,2021-12-16,65000000,Paris Saint-Germain,583.0,FR1
308632,2023-06-01,1200000,Blackpool FC,29.0,GB1
111419,2016-07-16,400000,FC Wohlen,11.0,GB1
228917,2021-01-05,2200000,Levante UD,3368.0,ES1
468198,2020-07-21,1000000,Rangers FC,124.0,SC1
162074,2017-01-24,1000000,SD Huesca,714.0,ES1
25742,2017-12-01,3000000,Guizhou Hengfeng,379.0,GB1
242631,2018-05-28,15000000,Arsenal FC,11.0,GB1
337715,2019-10-28,2500000,FK Partizan Belgrade,669.0,SER1
372246,2019-06-11,50000000,Valencia CF,1049.0,ES1
286384,2018-01-02,35000000,Manchester United,985.0,GB1
348553,2019-09-10,300000,CF Fuenlabrada,367.0,ES1
127526,2021-01-07,300000,Coruxo FC,940.0,ES1
311044,2016-02-25,750000,Club Nacional,866.0,
324882,2015-07-01,250000,Vitesse Arnhem,499.0,NL1
288318,2018-01-01,2000000,Rayo Vallecano,367.0,ES1
333361,2022-11-07,2000000,UD Almería,3302.0,ES1
617060,2023-10-13,2500000,UD Las Palmas,472.0,ES1
102258,2018-01-02,5000000,Burnley FC,1132.0,GB1
22491,2022-12-14,200000,Helsingborgs IF,1132.0,GB1
596122,2021-06-24,800000,Real Zaragoza,142.0,ES1
255904,2018-11-23,250000,CD Vitoria,1533.0,ES1
58001,2023-06-30,100000,CF Intercity,367.0,ES1
705810,2023-06-30,150000,RCD Espanyol B,714.0,ES1
141341,2016-08-05,25000,Sutton Coldfield Town,984.0,GB1
173559,2018-05-30,150000,Arenas Club,3302.0,ES1
246277,2021-10-28,700000,Without Club,1108.0,ES1
38145,2015-07-01,2000000,Crystal Palace,1010.0,GB1
208244,2019-06-13,1500000,Everton FC,29.0,GB1
406558,2022-07-29,700000,Charlton Athletic,931.0,GB1
73314,2018-05-30,200000,UE Olot,3368.0,ES1
948275,2023-03-23,6000000,Real Madrid Castilla,6767.0,
182579,2017-10-18,4000000,Hertha BSC,368.0,ES1
49795,2019-06-29,500000,Cádiz CF,1533.0,ES1
363205,2022-11-03,75000000,Arsenal FC,11.0,GB1
146509,2023-06-01,2000000,West Bromwich Albion,984.0,GB1
907559,2023-12-07,1500000,Atlético Nacional,8172.0,COL1
218087,2018-09-24,3000000,Nottingham Forest,703.0,GB1
403898,2022-06-09,4500000,Borussia Mönchengladbach,18.0,L1
486477,2018-08-01,350000,RSC Anderlecht,1010.0,GB1
349066,2019-06-12,8000000,Willem II Tilburg,403.0,NL1
480762,2022-09-15,50000000,Manchester United,985.0,GB1
221984,2018-01-01,300000,Real Murcia CF,3709.0,ES1
76467,2018-05-28,5000000,Watford FC,1010.0,GB1
13520,2015-07-01,4500000,Everton FC,350.0,GB1
66333,2018-09-24,3000000,Aston Villa,405.0,GB1
42298,2015-09-24,750000,Sheffield Wednesday,989.0,GB1
89313,2019-02-19,800000,Deportivo de La Coruña,897.0,ES1
656316,2021-07-09,75000,Chicago Fire FC,432.0,MLS1
319859,2020-12-22,3800000,Brentford FC,1148.0,GB1
26443,2015-07-08,1500000,Newcastle United,897.0,ES1
396341,2020-02-11,200000,Atlético de Madrid B,13.0,ES1
30802,2019-02-19,100000,CD Alcoyano,3302.0,ES1
480958,2020-02-11,50000,Bilbao Athletic,621.0,ES1
73564,2021-03-18,800000,Brighton & Hove Albion,1237.0,GB1
341713,2023-12-20,800000,CD Leganés,1244.0,ES1
118997,2023-06-13,3000000,CA Osasuna,331.0,ES1
65263,2022-06-29,700000,Real Valladolid CF,366.0,ES1
85500,2023-06-30,200000,SD Huesca,331.0,ES1
50174,2018-05-28,30000000,Tottenham Hotspur,1010.0,GB1
242497,2015-01-08,600000,Girona FC,1108.0,ES1
537860,2020-09-04,200000,Desna Chernigiv,16239.0,UKR1
568183,2020-10-08,100000,CA Osasuna Promesas,331.0,ES1
507700,2019-12-10,7000000,Manchester United,985.0,GB1
898352,2021-09-10,50000,Defensor Sporting Club,2619.0,
15693,2018-05-30,3000000,Real Sociedad,681.0,ES1
418560,2019-06-03,5000000,Red Bull Salzburg,409.0,A1
85475,2022-11-07,1000000,Elche CF,762.0,GB1
148455,2015-07-01,18000000,Chelsea FC,631.0,GB1
353674,2023-06-01,300000,Blackpool FC,873.0,GB1
710004,2022-06-29,1000000,Real Madrid Castilla,6767.0,
480955,2019-06-29,150000,CD Vitoria,1533.0,ES1
68390,2022-09-15,1800000,Everton FC,29.0,GB1
223790,2023-05-15,25000,The New Saints,1010.0,GB1
77274,2020-02-27,7000000,West Bromwich Albion,984.0,GB1
60779,2019-09-10,200000,Real Balompédica Linense,621.0,ES1
262980,2017-01-24,1200000,Levante UD,3368.0,ES1
183286,2015-07-01,750000,West Ham United,379.0,GB1
518644,2020-04-08,450000,Manchester United U23,9251.0,
392591,2021-06-30,200000,Rotherham United,1194.0,
443222,2022-12-29,1000000,UD Las Palmas,472.0,ES1
399776,2016-10-27,300000,Villarreal CF B,11972.0,
34564,2015-07-01,1000000,Córdoba CF,993.0,ES1
341264,2020-02-11,250000,Real Madrid Castilla,6767.0,
121990,2021-04-09,900000,Gamba Osaka,11.0,GB1
277033,2019-06-13,30000000,AFC Bournemouth,989.0,GB1
374077,2020-04-08,1600000,Girona FC,1244.0,ES1
6838,2015-04-11,900000,AIK Solna,3709.0,ES1
649452,2020-10-16,4000000,KV Mechelen,354.0,BE1
429790,2023-06-22,2500000,FK TSC Backa Topola,3137.0,SER1
603940,2023-06-14,600000,UD Las Palmas,472.0,ES1
7803,2017-07-03,150000,Police Tero FC,150.0,ES1
126741,2021-01-07,200000,CD Ebro,714.0,ES1
93795,2019-01-11,6000000,SL Benfica,940.0,ES1
783396,2020-11-23,100000,Girona FC,12321.0,ES1
718177,2023-12-20,100000,Deportivo Alavés B,8880.0,
71904,2016-02-22,1200000,Rayo Vallecano,367.0,ES1
73009,2018-01-01,400000,Rayo Vallecano,714.0,ES1
255284,2020-04-08,2800000,Girona FC,12321.0,ES1
15220,2015-07-01,1000000,AFC Bournemouth,989.0,GB1
623024,2021-10-13,500000,Valencia Mestalla,6182.0,
611198,2021-06-30,300000,Atlético Levante UD,3368.0,ES1
413403,2019-06-28,3500000,Brentford FC,1148.0,GB1
242497,2018-12-21,7500000,Girona FC,1108.0,ES1
254039,2022-12-29,150000,Linares Deportivo,150.0,ES1
8538,2017-01-24,2000000,Atlético de Madrid,13.0,ES1
15220,2021-01-19,100000,Legia Warszawa,989.0,GB1
52428,2015-07-01,4000000,Celta de Vigo,940.0,ES1
206746,2019-12-19,7000000,Olympique Lyon,1041.0,FR1
62638,2016-09-01,2500000,Aston Villa,405.0,GB1
182904,2020-10-08,50000000,FC Barcelona,131.0,ES1
711377,2023-12-20,250000,Real Sociedad B,9899.0,
646658,2022-10-27,3000000,Norwich City,1123.0,GB1
126412,2015-11-11,600000,PEC Zwolle,399.0,GB1
324358,2018-02-27,3500000,Brentford FC,1148.0,GB1
55884,2017-10-09,1750000,CA Boca Juniors,1084.0,ES1
15930,2018-09-24,250000,Millwall FC,379.0,GB1
485585,2023-12-19,20000000,Chelsea FC,631.0,GB1
560417,2023-12-20,2000000,Real Oviedo,2497.0,ES1
130164,2018-05-28,30000000,Everton FC,29.0,GB1
30456,2015-02-12,4500000,Stoke City,984.0,GB1
60779,2019-02-19,200000,UD Melilla,621.0,ES1
743951,2022-01-01,1100000,CA River Plate Montevideo,2419.0,
285957,2021-01-08,150000,CE L'Hospitalet,3709.0,ES1
177907,2021-12-23,48000000,Manchester United,985.0,GB1
249274,2022-03-21,200000,Real Unión Club,1108.0,ES1
332705,2020-09-16,16000000,RB Leipzig,23826.0,L1
7881,2015-01-23,400000,Deportivo de La Coruña,897.0,ES1
14535,2015-07-01,500000,Córdoba CF,993.0,ES1
342385,2018-08-23,7500000,CF América,3631.0,MEX1
77760,2021-11-09,5000000,CF Montréal,148.0,GB1
240039,2023-10-13,150000,Recreativo Huelva,993.0,ES1
314678,2020-04-08,13500000,Real Madrid,418.0,ES1
625014,2021-03-19,500000,Bilbao Athletic,6688.0,
99924,2015-07-09,300000,CA Osasuna,331.0,ES1
404842,2023-12-19,28000000,Everton FC,29.0,GB1
255488,2017-03-29,10000000,Athletic Bilbao,621.0,ES1
124419,2019-06-07,10000000,SL Benfica,294.0,PO1
242359,2015-07-14,350000,Racing Club,1444.0,ARG1
724529,2023-12-19,800000,Crystal Palace U21,6945.0,
38094,2019-06-13,1500000,Cardiff City,984.0,GB1
408895,2019-02-19,150000,Gernika Club,2687.0,ES1
128969,2021-06-08,6000000,Arsenal FC,11.0,GB1
435648,2022-11-11,11000000,Bologna FC 1909,1025.0,IT1
298589,2022-03-21,15000000,CA Osasuna,331.0,ES1
293213,2021-10-12,3000000,Konyaspor,2293.0,TR1
204097,2019-09-10,250000,UD Melilla,16795.0,ES1
35413,2015-02-24,3000000,Norwich City,989.0,GB1
396145,2017-08-17,200000,Sevilla Atlético,368.0,ES1
62611,2017-01-24,100000,Getafe CF,3709.0,ES1
338425,2015-09-26,300000,CA Osasuna,331.0,ES1
413220,2020-04-08,3600000,Leicester City,1003.0,GB1
441170,2018-12-17,8000000,Dijon FCO,2969.0,FR1
555143,2023-06-14,15000000,Dynamo Moscow,121.0,RU1
51510,2021-06-10,3000000,Getafe CF,237.0,ES1
209212,2016-04-20,200000,Brighton & Hove Albion,1237.0,GB1
349701,2023-06-20,15000000,Fulham FC,931.0,GB1
687609,2023-06-30,150000,Sevilla Atlético,8519.0,
93747,2019-12-20,600000,Elche CF,367.0,ES1
7607,2018-05-09,2000000,Al-Sadd SC,131.0,ES1
110670,2015-10-16,150000,Sheffield United,512.0,GB1
461619,2020-10-08,100000,Atlético de Madrid B,940.0,ES1
80435,2021-06-30,900000,Swansea City,1123.0,GB1
7874,2015-01-23,2500000,Athletic Bilbao,12321.0,ES1
95963,2016-08-15,300000,CD Tenerife,16795.0,ES1
189458,2020-04-08,1000000,Rayo Vallecano,367.0,ES1
7663,2017-06-05,500000,Real Betis Balompié,150.0,ES1
65239,2019-06-28,250000,Ironi Kiryat Shmona,367.0,ES1
62008,2017-09-18,4500000,Fulham FC,931.0,GB1
87469,2020-03-05,5000000,SD Eibar,331.0,ES1
110860,2018-05-28,1000000,Everton FC,29.0,GB1
93795,2023-07-04,400000,AA Argentinos Juniors,940.0,ES1
81793,2023-06-15,150000,Albirex Niigata (S),180.0,GB1
240306,2018-02-07,17000000,Sporting CP,336.0,PO1
285847,2017-02-02,50000,MVV Maastricht,11.0,GB1
86643,2019-06-12,500000,VfL Bochum,11.0,GB1
572265,2021-06-23,300000,Palermo FC,458.0,IT1
162063,2015-07-16,300000,Granada CF,16795.0,ES1
164389,2021-09-27,125000,Glentoran FC,2288.0,GB1
961944,2023-06-30,150000,Betis Deportivo Balompié,2865.0,
13460,2018-01-02,1000000,Stoke City,985.0,GB1
585323,2023-06-13,1500000,Villarreal CF,1050.0,ES1
341051,2017-05-17,250000,Tottenham Hotspur U23,9254.0,
99348,2021-12-30,150000,Salamanca CF UDS,366.0,ES1
119878,2017-06-29,200000,Rayo Vallecano,1244.0,ES1
71034,2016-08-01,300000,CD Alcoyano,714.0,ES1
67823,2021-01-05,300000,SD Huesca,5358.0,ES1
401604,2020-04-08,3600000,Legia Warszawa,1237.0,GB1
282006,2021-12-30,50000,UP Langreo,13.0,ES1
131978,2022-11-02,10000000,OGC Nice,417.0,FR1
566574,2019-02-19,150000,Las Palmas Atlético,11610.0,
268642,2021-12-17,3000000,Sport Club Internacional,6600.0,BRA1
66994,2021-06-30,1000000,Blackpool FC,603.0,GB1
175448,2019-02-19,250000,Atlético Levante UD,3368.0,ES1
137174,2016-07-15,3000000,Deportivo de La Coruña,897.0,ES1
562254,2020-07-30,100000,AFC Bournemouth U21,989.0,GB1
263862,2018-09-25,250000,NK Istra 1961,1531.0,ES1
238266,2023-10-16,9000000,Olympique Lyon,1041.0,FR1
61644,2021-03-10,1500000,Nottingham Forest,703.0,GB1
19948,2016-02-09,3000000,Manchester City,180.0,GB1
311440,2019-09-10,150000,CA Osasuna Promesas,331.0,ES1
203516,2022-12-29,800000,UD Las Palmas,472.0,ES1
51510,2020-10-08,4000000,Getafe CF,237.0,ES1
62638,2021-11-24,2000000,Bristol City,405.0,GB1
312017,2021-12-10,3000000,Pyramids FC,1110.0,GB1
175836,2015-07-01,800000,Elche CF,1531.0,ES1
625047,2021-10-13,400000,Bilbao Athletic,6688.0,
14221,2018-05-28,5000000,Burnley FC,1132.0,GB1
612496,2021-05-28,9000000,Fluminense Football Club,2462.0,BRA1
46413,2020-10-08,8000000,CA Osasuna,331.0,ES1
262749,2016-09-01,150000,Blackburn Rovers,164.0,
413039,2019-06-03,3500000,ESTAC Troyes,1095.0,FR1
183288,2020-04-08,17500000,Manchester United,985.0,GB1
12628,2015-02-24,500000,Ipswich Town,1032.0,GB1
203043,2022-06-03,1000000,Elche CF,1531.0,ES1
206746,2019-06-03,8000000,Olympique Lyon,1041.0,FR1
290533,2022-12-29,1200000,Granada CF,2687.0,ES1
121324,2020-04-08,9500000,Sheffield United,350.0,GB1
205562,2016-07-13,12000000,AS Monaco,162.0,FR1
298575,2017-02-02,350000,CA Osasuna Promesas,8516.0,
119164,2022-05-24,275000,Racing Club,1237.0,GB1
468700,2023-06-30,200000,CD Lugo,16795.0,ES1
483348,2021-03-10,2000000,Middlesbrough FC,641.0,GB1
67421,2022-10-27,900000,West Bromwich Albion,984.0,GB1
392765,2023-10-09,30000000,Arsenal FC,11.0,GB1
524000,2022-03-21,12000000,Athletic Bilbao,621.0,ES1
120241,2018-08-13,750000,Cardiff City,603.0,GB1
448844,2020-07-23,2500000,Granada CF,16795.0,ES1
221986,2017-06-05,600000,Granada CF,1108.0,ES1
394327,2019-06-03,18000000,Olympique Marseille,244.0,FR1
49755,2021-12-23,1500000,Burnley FC,1132.0,GB1
14940,2017-06-29,200000,Rayo Vallecano,367.0,ES1
717957,2022-12-29,500000,Córdoba CF,993.0,ES1
44741,2022-12-20,300000,Ihud Bnei Sakhnin,1237.0,GB1
563335,2022-12-29,200000,UD Logroñés,681.0,ES1
124884,2017-01-21,1200000,KRC Genk,1184.0,BE1
142027,2021-12-27,800000,Real Valladolid CF,366.0,ES1
349503,2019-10-17,450000,Barnsley FC,349.0,
527972,2021-10-13,200000,CD Alcoyano,11259.0,
876631,2022-03-30,300000,Racing Strasbourg U19,11199.0,
618801,2022-12-29,150000,Atlético Madrileño,3679.0,
45494,2016-02-09,3000000,Crystal Palace,873.0,GB1
44735,2019-06-29,500000,UD Las Palmas,472.0,ES1
192736,2022-10-31,800000,Atlético de San Luis,1244.0,ES1
559794,2022-10-27,4000000,Sunderland AFC,289.0,GB1
448628,2021-12-30,6000000,Celta de Vigo,940.0,ES1
434990,2019-02-19,150000,Real Sociedad B,9899.0,
129495,2019-02-19,200000,CD Teruel,142.0,ES1
537367,2023-06-30,250000,Sevilla Atlético,368.0,ES1
114060,2021-12-27,600000,CD Tenerife,331.0,ES1
530916,2022-11-03,150000,Brighton & Hove Albion U21,1237.0,GB1
319745,2022-11-07,9000000,Real Madrid,418.0,ES1
340324,2023-10-09,30000000,Arsenal FC,11.0,GB1
189453,2017-11-06,3000000,Sporting CP,3709.0,ES1
415912,2021-02-10,2500000,VfB Stuttgart,79.0,L1
396337,2017-08-17,50000,Atlético de Madrid B,13.0,ES1
293383,2023-06-30,200000,Albacete Balompié,12321.0,ES1
514285,2023-03-17,6500000,Feyenoord Rotterdam,234.0,NL1
170472,2017-01-24,2500000,Granada CF,16795.0,ES1
435500,2019-09-10,50000,Cádiz CF B,2687.0,ES1
66112,2019-12-20,1000000,Málaga CF,366.0,ES1
540664,2021-04-09,500000,FC Girondins Bordeaux,40.0,FR1
161267,2020-07-23,300000,RCD Mallorca,237.0,ES1
39381,2022-03-21,3000000,Real Madrid,418.0,ES1
162056,2018-12-21,5000000,SD Huesca,5358.0,ES1
955357,2023-12-18,15000000,FC Lorient,1158.0,FR1
503686,2023-06-01,2500000,Sunderland AFC,289.0,GB1
8176,2016-02-22,1000000,Real Sociedad,714.0,ES1
114116,2017-02-27,200000,Brighton & Hove Albion,1237.0,GB1
352567,2017-11-19,400000,Atlético Nacional,1531.0,ES1
141655,2018-02-27,1000000,Barnsley FC,873.0,GB1
8184,2018-01-01,1500000,Deportivo de La Coruña,331.0,ES1
346314,2023-06-20,18000000,Chelsea FC,631.0,GB1
61546,2022-06-20,350000,Aris Limassol,331.0,ES1
178187,2023-05-24,150000,Foolad FC,237.0,ES1
229826,2016-09-01,150000,Barnsley FC,379.0,GB1
636697,2023-10-13,400000,FC Cartagena,7077.0,
275028,2022-12-29,200000,SD Amorebieta,2448.0,ES1
61592,2019-06-13,8000000,Crystal Palace,873.0,GB1
28261,2019-03-21,1500000,Changchun Yatai,714.0,ES1
287579,2017-01-18,900000,FC Utrecht,200.0,NL1
357540,2022-12-29,50000,CD San Roque de Lepe,3709.0,ES1
17273,2017-02-27,1000000,Ipswich Town,762.0,GB1
58115,2016-07-15,1000000,SD Eibar,1533.0,ES1
74943,2016-06-01,8000000,AC Milan,1010.0,GB1
160182,2022-02-18,250000,Lee Man,1531.0,ES1
209781,2019-12-10,4000000,Everton FC,29.0,GB1
13572,2015-02-12,4000000,West Bromwich Albion,1010.0,GB1
71840,2017-01-24,500000,Deportivo Alavés,1108.0,ES1
513972,2021-06-30,100000,Cádiz CF B,2687.0,ES1
340329,2023-06-20,38000000,Newcastle United,762.0,GB1
200782,2023-06-01,300000,Blackpool FC,31.0,GB1
277384,2017-12-21,1100000,Ternana Unicusano Calcio,1103.0,
240692,2022-03-21,15000000,Atlético de Madrid,13.0,ES1
36814,2017-06-28,4000000,West Bromwich Albion,984.0,GB1
263236,2023-12-18,22000000,RC Lens,826.0,FR1
61592,2017-02-20,7000000,Crystal Palace,873.0,GB1
533110,2022-06-29,150000,Las Palmas Atlético,12321.0,ES1
610461,2021-12-30,500000,Sevilla Atlético,368.0,ES1
258919,2022-09-15,22000000,Nottingham Forest,703.0,GB1
284884,2017-08-17,250000,Real Madrid Castilla,6767.0,
27486,2022-06-03,700000,Elche CF,3709.0,ES1
33544,2018-12-19,7000000,Manchester United,985.0,GB1
30584,2017-06-22,400000,Universitario de Deportes,150.0,ES1
351809,2021-10-13,25000000,Real Sociedad,681.0,ES1
15166,2017-06-28,1000000,Brighton & Hove Albion,1237.0,GB1
42920,2021-12-30,1000000,RCD Espanyol Barcelona,714.0,ES1
43763,2015-07-01,3000000,Stoke City,1132.0,GB1
117996,2020-10-13,6000000,Manchester United,985.0,GB1
3547,2016-02-09,2000000,West Bromwich Albion,512.0,GB1
525578,2019-02-12,350000,FC Famalicão,3329.0,PO1
418560,2021-02-10,110000000,Borussia Dortmund,16.0,L1
72087,2018-02-12,600000,Buriram United,940.0,ES1
415381,2020-10-24,75000,SBV Excelsior,798.0,NL1
268949,2018-03-02,1500000,CA Osasuna,368.0,ES1
720038,2021-10-13,500000,Racing Santander,630.0,
65255,2021-04-15,500000,FC Basel 1893,1123.0,GB1
250426,2020-10-15,7000000,Blackburn Rovers,164.0,
8184,2016-02-22,1500000,Levante UD,331.0,ES1
67538,2019-02-19,100000,Unionistas CF,3709.0,ES1
256429,2022-06-03,3000000,Rayo Vallecano,367.0,ES1
293784,2022-10-27,300000,Queens Park Rangers,31.0,GB1
60591,2016-02-07,1800000,Umm Salal SC,3008.0,GB1
375382,2019-12-30,800000,Vitória Guimarães SC,2420.0,PO1
293281,2021-10-07,6500000,TSG 1899 Hoffenheim,533.0,L1
288318,2020-02-11,7000000,RCD Espanyol Barcelona,714.0,ES1
61549,2023-04-06,100000,Grimsby Town,1110.0,GB1
357072,2017-06-01,800000,AS Nancy-Lorraine,1159.0,FR1
55866,2016-02-22,1500000,UD Almería,3302.0,ES1
341993,2019-01-18,900000,Oud-Heverlee Leuven,1003.0,GB1
217728,2017-01-24,2500000,CD Leganés,1244.0,ES1
76285,2022-06-29,200000,Racing Rioja CF,681.0,ES1
221315,2023-12-22,1000000,Celta de Vigo,940.0,ES1
38817,2021-12-27,500000,FC Cartagena,714.0,ES1
860078,2022-11-03,250000,Crystal Palace U21,6945.0,
45330,2019-06-28,2000000,Nottingham Forest,984.0,GB1
61814,2019-06-13,1500000,Brighton & Hove Albion,984.0,GB1
67063,2023-06-20,7000000,Brighton & Hove Albion,1237.0,GB1
114093,2021-11-24,900000,Preston North End,603.0,GB1
295065,2018-05-30,300000,Atlético de Madrid B,1108.0,ES1
289257,2023-06-14,1600000,Deportivo Alavés,1108.0,ES1
50935,2019-06-13,12000000,West Ham United,379.0,GB1
463605,2021-10-27,3500000,FC Toulouse,415.0,FR1
131667,2018-05-30,1000000,CD Lugo,16795.0,ES1
381753,2020-09-16,200000,SV Werder Bremen,86.0,L1
258987,2015-12-03,100000,IF Brommapojkarna,1092.0,SE1
177452,2021-10-13,1500000,RCD Mallorca,237.0,ES1
188077,2018-08-08,850000,Celtic FC,371.0,SC1
398065,2017-04-21,100000,Milton Keynes Dons,991.0,
374077,2021-06-24,700000,UD Las Palmas,1244.0,ES1
319859,2020-02-27,4000000,Brentford FC,1148.0,GB1
258216,2021-06-29,1800000,Bristol City,1031.0,GB1
278359,2018-05-30,1000000,Real Zaragoza,142.0,ES1
560694,2020-04-08,900000,Huddersfield Town,1110.0,GB1
123275,2023-06-20,2000000,Fulham FC,931.0,GB1
578391,2020-08-03,20000000,Angers SCO,1420.0,FR1
3876,2017-11-20,175000,Tampa Bay Rowdies,405.0,GB1
187673,2018-12-30,500000,FK Bodø/Glimt,3302.0,ES1
263862,2021-01-08,250000,Recreativo Huelva,1531.0,ES1
258919,2020-03-09,18000000,Sheffield United,350.0,GB1
533354,2023-07-04,4500000,CA Colón,1070.0,
668278,2022-06-29,150000,Gernika Club,621.0,ES1
458466,2019-06-29,200000,Real Madrid Castilla,418.0,ES1
61651,2017-02-20,28000000,Liverpool FC,31.0,GB1
469737,2020-02-11,200000,Sevilla Atlético,368.0,ES1
466805,2021-06-30,500000,FC Barcelona B,2464.0,
221150,2022-09-23,8000000,Getafe CF,3709.0,ES1
30471,2015-09-24,1500000,Huddersfield Town,1123.0,GB1
326031,2022-11-09,70000000,Bayern Munich,27.0,L1
730861,2023-12-19,20000000,AFC Bournemouth,989.0,GB1
156808,2022-12-29,600000,Málaga CF,1244.0,ES1
456292,2023-12-19,300000,Brentford FC,1148.0,GB1
540941,2020-07-31,6500000,FC Nordsjaelland,2778.0,DK1
273773,2020-01-21,125000,Alemannia Aachen,873.0,GB1
199132,2018-07-13,450000,Slovan Bratislava,150.0,ES1
183302,2021-11-24,3000000,AFC Bournemouth,989.0,GB1
876631,2023-03-27,4000000,RC Strasbourg Alsace,667.0,FR1
173483,2021-06-29,3000000,Bristol City,1132.0,GB1
281773,2016-08-01,150000,Real Madrid Castilla,367.0,ES1
349066,2021-01-05,22000000,Real Sociedad,681.0,ES1
118535,2019-06-28,750000,Hull City,3008.0,GB1
388125,2020-07-27,750000,HNK Hajduk Split,447.0,KR1
132239,2022-11-25,10000,Atlético Estación,1084.0,ES1
625651,2021-01-07,500000,Real Sociedad B,9899.0,
611202,2021-06-30,100000,Atlético Levante UD,3368.0,ES1
246291,2018-05-30,17500000,Real Sociedad,681.0,ES1
399776,2018-10-17,1500000,Málaga CF,1084.0,ES1
377219,2023-06-13,3000000,Real Valladolid CF,366.0,ES1
129374,2018-01-01,300000,Recreativo Huelva,2867.0,
587002,2023-04-05,700000,Forest Green Rovers ,3455.0,
58009,2017-02-02,200000,Hércules CF,1531.0,ES1
126731,2018-05-30,200000,Córdoba CF,3709.0,ES1
202984,2015-01-08,400000,UD Las Palmas,366.0,ES1
342229,2020-04-08,180000000,Paris Saint-Germain,583.0,FR1
339501,2017-05-04,300000,FK Spartak Subotica,15276.0,SER1
53231,2018-05-28,1000000,Crystal Palace,873.0,GB1
494237,2021-10-08,3000000,AS Monaco,162.0,FR1
670882,2023-10-18,18000000,Borussia Dortmund,16.0,L1
131996,2021-06-08,20000000,Aston Villa,405.0,GB1
36861,2015-07-01,1000000,Crystal Palace,873.0,GB1
160348,2021-05-14,300000,Doxa Katokopias,931.0,GB1
610461,2023-06-30,450000,Sevilla FC,368.0,ES1
208116,2017-01-24,700000,Sevilla Atlético,3302.0,ES1
581781,2022-12-29,1000000,UD Las Palmas,472.0,ES1
62913,2022-12-29,200000,CD Alcoyano,331.0,ES1
4063,2015-07-01,6000000,West Ham United,641.0,GB1
23338,2017-06-05,1000000,SD Eibar,1533.0,ES1
548729,2021-01-12,300000,FC Stade-Lausanne-Ouchy,5499.0,
583255,2022-10-27,3000000,Bristol City,698.0,
111508,2023-12-20,800000,CD Leganés,1244.0,ES1
366948,2018-05-23,2500000,Grêmio Foot-Ball Porto Alegrense,210.0,BRA1
368635,2017-08-17,50000,Recreativo Granada,367.0,ES1
12517,2017-12-05,200000,Philadelphia Union,1084.0,ES1
213595,2017-08-17,200000,Betis Deportivo Balompié,366.0,ES1
341993,2023-04-05,500000,Oxford United,1003.0,GB1
240360,2022-11-07,600000,Rayo Vallecano,367.0,ES1
110860,2017-06-28,1000000,Everton FC,29.0,GB1
480267,2023-12-22,70000000,FC Barcelona,131.0,ES1
72047,2023-12-22,4000000,Celta de Vigo,940.0,ES1
281989,2022-06-03,5000000,Granada CF,16795.0,ES1
128906,2022-10-27,1000000,Reading FC,1003.0,GB1
319900,2021-11-24,2000000,Luton Town,1031.0,GB1
201861,2018-05-30,600000,CD Tenerife,5358.0,ES1
469050,2020-10-15,800000,Stoke City,512.0,GB1
479999,2020-02-27,10000000,Queens Park Rangers,1039.0,GB1
298589,2022-11-07,20000000,CA Osasuna,331.0,ES1
183293,2021-11-24,2000000,Blackburn Rovers,164.0,
363541,2022-12-29,100000,CD Guadalajara,366.0,ES1
160182,2015-07-01,400000,Elche CF,1531.0,ES1
62052,2020-04-08,600000,Millwall FC,762.0,GB1
40611,2015-02-12,10000000,Southampton FC,1003.0,GB1
69611,2023-06-30,50000,SD Compostela,3368.0,ES1
240306,2022-06-15,85000000,Manchester United,985.0,GB1
433188,2022-09-15,25000000,Liverpool FC,31.0,GB1
34349,2023-04-05,100000,Derby County,350.0,GB1
170321,2022-11-03,1200000,Newcastle United,762.0,GB1
25557,2017-06-05,40000000,Real Madrid,418.0,ES1
25461,2017-01-24,400000,CA Osasuna,331.0,ES1
191217,2016-10-24,20000000,Arsenal FC,11.0,GB1
767255,2023-10-13,100000,Sevilla Atlético,8519.0,
43266,2016-04-20,1500000,Reading FC,3008.0,GB1
177467,2015-01-23,3000000,Villarreal CF,1050.0,ES1
133089,2019-11-30,1800000,Sporting Kansas City,150.0,ES1
340206,2019-06-29,500000,UD Almería,621.0,ES1
344830,2022-05-13,3500000,Birmingham City,337.0,
146488,2015-09-24,300000,Milton Keynes Dons,405.0,GB1
193098,2023-12-19,10000000,Aston Villa,405.0,GB1
18944,2015-04-09,35000000,FC Barcelona,131.0,ES1
52495,2018-02-27,500000,Sheffield United,350.0,GB1
158795,2017-01-24,1500000,CD Leganés,3709.0,ES1
85941,2017-10-17,550000,Arminia Bielefeld,10.0,L1
226049,2020-04-08,3200000,Swansea City,2288.0,GB1
341228,2020-02-11,50000,Villarreal CF B,13.0,ES1
487417,2022-11-10,2300000,FC Basel 1893,3008.0,GB1
374081,2020-10-08,800000,UD Almería,331.0,ES1
240306,2019-12-30,60000000,Sporting CP,336.0,PO1
258004,2020-04-08,30500000,SL Benfica,294.0,PO1
167228,2016-07-15,400000,UD Las Palmas,472.0,ES1
237499,2019-06-29,900000,Piast Gliwice,6112.0,PL1
165008,2021-06-30,250000,Atlético Levante UD,1050.0,ES1
164055,2016-04-07,2500000,SD Eibar,940.0,ES1
246204,2021-01-05,2800000,Cádiz CF,2687.0,ES1
537760,2023-10-13,150000,Pontevedra CF,237.0,ES1
121269,2016-08-05,50000,Barnet FC,1003.0,GB1
834752,2023-06-30,100000,Bilbao Athletic,6688.0,
44058,2020-04-08,32000000,Juventus FC,506.0,IT1
314367,2019-06-12,1250000,SBV Excelsior,798.0,NL1
341051,2023-12-21,20000000,Southampton FC,180.0,GB1
295313,2017-06-07,400000,NEC Nijmegen,467.0,NL1
129473,2022-03-21,10000000,Real Sociedad,681.0,ES1
44779,2016-08-01,45000000,Chelsea FC,543.0,GB1
263856,2022-06-03,1000000,Real Betis Balompié,150.0,ES1
126321,2015-02-12,7000000,West Ham United,11.0,GB1
255788,2015-09-24,350000,Fulham FC,2288.0,GB1
255284,2023-05-30,250000,Lommel SK,12321.0,ES1
141573,2019-06-28,7000000,Middlesbrough FC,1031.0,GB1
415912,2021-03-31,6000000,VfB Stuttgart,79.0,L1
4190,2015-02-12,500000,Queens Park Rangers,603.0,GB1
463605,2019-12-19,8000000,FC Toulouse,415.0,FR1
300168,2016-02-22,700000,Bilbao Athletic,6688.0,
276111,2022-09-26,1200000,Real Oviedo,2497.0,ES1
198008,2023-06-22,15000000,RB Leipzig,23826.0,L1
72779,2019-12-20,100000,Racing Santander,150.0,ES1
334222,2016-10-14,2500000,Torino FC,416.0,IT1
392179,2021-09-17,1500000,Djurgårdens IF,1044.0,SE1
282672,2018-06-30,300000,Las Palmas Atlético,11610.0,
120629,2018-12-17,15000000,Paris Saint-Germain,583.0,FR1
128904,2017-02-20,6000000,Middlesbrough FC,1123.0,GB1
37917,2018-05-30,2000000,CD Leganés,1244.0,ES1
156814,2020-04-08,1200000,CD Leganés,1244.0,ES1
126737,2017-01-24,5000000,Real Sociedad,681.0,ES1
207922,2016-02-22,300000,Sevilla FC,366.0,ES1
181579,2016-02-09,11000000,Southampton FC,180.0,GB1
238486,2020-08-25,3200000,Cagliari Calcio,940.0,ES1
479999,2023-10-09,48000000,Crystal Palace,873.0,GB1
111621,2022-09-26,900000,SD Ponferradina,1244.0,ES1
127457,2019-03-02,500000,Brisbane Roar,940.0,ES1
221986,2020-10-08,300000,Deportivo de La Coruña,1108.0,ES1
392770,2020-04-08,3600000,Manchester United,985.0,GB1
333347,2018-01-01,100000,Real Unión Club,1533.0,ES1
707279,2021-01-08,200000,Valencia Mestalla,6182.0,
387036,2023-04-06,125000,Walsall FC,985.0,GB1
32522,2021-12-30,600000,Elche CF,1531.0,ES1
268949,2019-12-20,700000,CD Tenerife,368.0,ES1
826224,2022-03-21,3000000,Girona FC,12321.0,ES1
413032,2023-11-27,6500000,Al-Duhail SC,180.0,GB1
162029,2018-12-19,5000000,Newcastle United,762.0,GB1
65331,2021-12-27,1200000,CD Tenerife,366.0,ES1
67539,2021-01-08,250000,Recreativo Huelva,1050.0,ES1
142389,2019-08-20,300000,Motherwell FC,987.0,SC1
253153,2016-10-27,250000,Atlético Levante UD,3368.0,ES1
77038,2017-02-02,100000,Cultural Leonesa,3368.0,ES1
298607,2019-06-29,400000,CA Osasuna,331.0,ES1
121257,2021-12-23,2000000,Leeds United,399.0,GB1
314140,2020-12-22,6500000,Middlesbrough FC,641.0,GB1
577869,2021-12-30,50000,Celta Vigo B,8733.0,
40043,2016-02-09,1500000,Swansea City,2288.0,GB1
130164,2018-12-19,40000000,Everton FC,29.0,GB1
204072,2015-05-31,250000,Clube de Regatas Vasco da Gama,978.0,BRA1
295313,2019-03-04,2000000,Royal Excel Mouscron (-2022),29228.0,BE1
71918,2022-06-29,800000,SD Huesca,5358.0,ES1
333241,2022-06-15,20000000,Newcastle United,762.0,GB1
64484,2015-07-01,2000000,Rayo Vallecano,367.0,ES1
213260,2018-01-01,1200000,Sporting Gijón,2448.0,ES1
274771,2022-06-29,50000,UD Tamaraceite,472.0,ES1
960571,2023-12-13,350000,KFUM-Kameratene Oslo,23184.0,NO1
142033,2021-01-08,400000,CD Tenerife,131.0,ES1
503980,2023-10-27,7000000,Leeds United,399.0,GB1
478573,2020-10-14,11000000,Ajax Amsterdam,610.0,NL1
177452,2017-06-30,400000,Racing Santander,630.0,
131667,2018-01-01,1000000,CD Lugo,16795.0,ES1
31909,2016-10-27,60000000,Real Madrid,418.0,ES1
284872,2022-06-29,200000,CF Fuenlabrada,16795.0,ES1
46110,2019-12-30,3500000,SL Benfica,1108.0,ES1
51540,2018-04-11,2500000,Sivasspor,762.0,GB1
74960,2015-09-02,350000,Esbjerg fB,3426.0,DK1
264372,2017-01-03,1500000,Dynamo Kyiv,338.0,UKR1
81998,2019-12-27,700000,Qarabağ FK,331.0,ES1
166240,2018-01-17,8500000,PSV Eindhoven,1237.0,GB1
129483,2019-12-20,500000,CD Numancia,418.0,ES1
228917,2016-02-22,300000,CD Leganés,3368.0,ES1
255501,2016-07-15,3000000,Athletic Bilbao,621.0,ES1
173504,2015-02-24,350000,Brentford FC,1148.0,GB1
35560,2023-01-10,150000,AEK Larnaca,681.0,ES1
69912,2016-02-09,1000000,Watford FC,1010.0,GB1
7600,2023-10-12,800000,Emirates Club,131.0,ES1
73319,2016-07-01,1500000,Real Sociedad,681.0,ES1
148153,2022-11-03,18000000,Brighton & Hove Albion,1237.0,GB1
346289,2018-12-21,12000000,Valencia CF,1049.0,ES1
701057,2022-11-03,1000000,Manchester City,281.0,GB1
79723,2020-10-15,5000000,Cardiff City,603.0,GB1
84133,2017-11-18,1000000,Independiente Santa Fe,366.0,ES1
35047,2016-12-27,20000000,Zenit St. Petersburg,964.0,RU1
333347,2017-02-02,100000,CD Tudelano,1533.0,ES1
662261,2022-12-29,500000,Real Madrid Castilla,6767.0,
551182,2019-02-19,50000,Celta Vigo B,8733.0,
424051,2016-12-31,200000,AS Trencin,1010.0,GB1
101682,2022-05-13,1500000,Millwall FC,1110.0,GB1
197545,2021-12-30,4000000,Athletic Bilbao,621.0,ES1
268958,2018-01-01,500000,UD Almería,368.0,ES1
380598,2018-10-31,2000000,Rayo Vallecano,367.0,ES1
65489,2018-01-01,700000,UD Las Palmas,472.0,ES1
123682,2019-12-10,30000000,AFC Bournemouth,989.0,GB1
100722,2018-01-01,500000,RCD Mallorca,237.0,ES1
605184,2019-06-11,8000000,FC Barcelona,131.0,ES1
122980,2018-12-13,1500000,Pyramids FC,984.0,GB1
507254,2022-11-03,2000000,Crystal Palace,873.0,GB1
15799,2023-12-20,300000,Real Oviedo,2497.0,ES1
380350,2022-03-15,8000000,ACF Fiorentina,430.0,IT1
611202,2022-12-29,150000,Córdoba CF,3368.0,ES1
357072,2021-10-06,9000000,Club Brugge KV,2282.0,BE1
158849,2020-10-08,200000,UD Logroñés,1533.0,ES1
43003,2018-01-02,13000000,Arsenal FC,681.0,ES1
667121,2022-11-01,3000000,SC Braga,1075.0,PO1
319859,2021-05-26,8000000,Brentford FC,1148.0,GB1
148368,2019-06-13,20000000,Liverpool FC,31.0,GB1
105470,2022-11-03,50000000,Liverpool FC,31.0,GB1
7663,2016-02-22,1000000,Real Betis Balompié,150.0,ES1
307763,2020-08-26,450000,Atlanta United FC,148.0,GB1
282406,2019-12-20,500000,Albacete Balompié,2687.0,ES1
262391,2016-08-01,300000,RCD Espanyol B,714.0,ES1
136589,2019-06-27,400000,Red Star FC,1039.0,GB1
182579,2016-02-04,4000000,Olympique Marseille,368.0,ES1
230222,2019-06-29,800000,UD Las Palmas,472.0,ES1
126664,2022-11-03,22000000,Aston Villa,405.0,GB1
217115,2019-06-28,12000000,Brentford FC,1148.0,GB1
166666,2022-06-29,200000,Zamora CF,131.0,ES1
43003,2021-01-05,2000000,Real Sociedad,681.0,ES1
134098,2022-01-15,200000,Shaanxi Chang'an Athletic,331.0,ES1
369081,2020-03-05,60000000,Real Madrid,418.0,ES1
163744,2016-05-30,250000,Coventry City,990.0,
63200,2015-09-24,2500000,Burnley FC,1132.0,GB1
314384,2022-05-13,700000,Coventry City,11.0,GB1
557057,2022-03-21,800000,CD Mirandés,13222.0,
330659,2018-01-17,7500000,Ajax Amsterdam,610.0,NL1
89313,2018-05-30,1500000,Deportivo de La Coruña,897.0,ES1
608382,2022-09-26,50000,Deportivo Alavés B,8880.0,
36861,2016-02-09,2000000,Crystal Palace,873.0,GB1
35540,2016-10-27,1000000,Levante UD,3368.0,ES1
23338,2017-01-24,1000000,SD Eibar,1533.0,ES1
181579,2015-07-01,9000000,Southampton FC,180.0,GB1
673492,2021-06-29,2000000,SL Benfica B,10330.0,
68183,2017-06-28,2000000,Hull City,3008.0,GB1
57785,2017-06-05,1500000,Sporting Gijón,2448.0,ES1
215118,2018-01-02,14000000,Arsenal FC,11.0,GB1
74954,2022-12-29,100000,Burgos CF,1533.0,ES1
173483,2017-06-28,5000000,Huddersfield Town,1132.0,GB1
289236,2023-10-13,800000,SD Eibar,681.0,ES1
291417,2019-06-03,30000000,Olympique Lyon,1041.0,FR1
189452,2020-10-08,1800000,SD Huesca,5358.0,ES1
86784,2021-03-23,2500000,Torino FC,416.0,IT1
480966,2019-06-29,100000,Valencia Mestalla,1049.0,ES1
36291,2021-06-30,400000,Nottingham Forest,1237.0,GB1
298091,2022-05-13,5000000,Stoke City,512.0,GB1
73482,2018-09-24,8000000,Aston Villa,405.0,GB1
20005,2020-12-29,15000000,Atalanta BC,800.0,IT1
392765,2023-06-20,35000000,Arsenal FC,11.0,GB1
6150,2016-08-08,2000000,CA San Lorenzo de Almagro,762.0,GB1
434223,2020-02-11,1000000,Norwich City,1123.0,GB1
258889,2020-04-08,12000000,AFC Bournemouth,989.0,GB1
3160,2016-02-09,3000000,Chelsea FC,631.0,GB1
77757,2019-06-10,3000000,KAA Gent,157.0,BE1
71801,2021-01-08,100000,UD Logroñés,150.0,ES1
428061,2022-10-27,2000000,Middlesbrough FC,641.0,GB1
272622,2019-03-05,30000000,West Ham United,379.0,GB1
63723,2019-06-29,600000,Málaga CF,1533.0,ES1
158795,2017-06-05,2000000,CD Leganés,3709.0,ES1
351749,2020-02-27,15000000,Leeds United,399.0,GB1
110798,2020-04-08,325000,MVV Maastricht,985.0,GB1
385848,2023-06-09,400000,Ipswich Town,677.0,GB1
128488,2015-07-01,3500000,SV Werder Bremen,367.0,ES1
122721,2021-08-23,600000,Beijing Guoan,11.0,GB1
257455,2016-02-24,500000,Moreirense FC,979.0,PO1
811778,2023-03-24,6000000,Preston North End,466.0,
111455,2021-12-23,20000000,Arsenal FC,11.0,GB1
309110,2022-06-03,18000000,Celta de Vigo,940.0,ES1
866246,2023-06-27,2000000,Djurgårdens IF,1044.0,SE1
278404,2021-01-28,200000,FC Paços de Ferreira,2995.0,PO1
61814,2021-06-08,1000000,West Bromwich Albion,984.0,GB1
249089,2021-11-24,9000000,AFC Bournemouth,989.0,GB1
155025,2015-02-17,750000,FC Paços de Ferreira,2995.0,PO1
319301,2022-06-15,18000000,Leeds United,399.0,GB1
258987,2020-04-08,525000,Rubin Kazan,2698.0,RU1
47768,2017-02-27,1000000,Derby County,1032.0,GB1
636688,2022-11-07,15000000,FC Barcelona,131.0,ES1
517842,2019-12-20,5000000,Real Sociedad,681.0,ES1
111114,2015-09-24,500000,Burnley FC,1132.0,GB1
338425,2017-01-24,1000000,CA Osasuna,331.0,ES1
33873,2019-06-13,7000000,AFC Bournemouth,989.0,GB1
38253,2018-06-05,90000000,Bayern Munich,27.0,L1
7668,2020-07-23,100000,Cádiz CF,2687.0,ES1
394327,2019-12-19,25000000,Olympique Marseille,244.0,FR1
158849,2015-07-01,1500000,SD Eibar,1533.0,ES1
257062,2019-06-11,5000000,Rayo Vallecano,367.0,ES1
173504,2022-06-15,22000000,Burnley FC,1132.0,GB1
406560,2021-11-24,9000000,Sheffield United,350.0,GB1
354697,2022-06-29,800000,CF Fuenlabrada,1108.0,ES1
717952,2023-06-30,500000,Real Madrid Castilla,6767.0,
101742,2015-01-23,2500000,UD Almería,3368.0,ES1
434223,2023-06-01,2000000,Norwich City,1123.0,GB1
111961,2015-02-12,5500000,AC Milan,5.0,IT1
247250,2023-12-22,2000000,Cádiz CF,2687.0,ES1
174706,2015-07-01,1800000,UD Almería,3302.0,ES1
37526,2017-02-20,10000000,West Ham United,379.0,GB1
34370,2018-01-01,1000000,RCD Espanyol Barcelona,367.0,ES1
673492,2019-05-28,50000,São Paulo FC U20,14708.0,
487417,2022-06-08,3000000,FC Basel 1893,3008.0,GB1
73076,2015-11-20,400000,Córdoba CF,993.0,ES1
54890,2019-08-13,2000000,CF Pachuca,1003.0,GB1
35035,2019-11-30,950000,FC Cincinnati,2288.0,GB1
117549,2016-07-22,600000,TSV 1860 Munich,3302.0,ES1
322985,2018-03-01,300000,FC Dordrecht,1455.0,NL1
10375,2019-06-28,250000,Wigan Athletic,989.0,GB1
735568,2023-12-20,13000000,SSC Napoli,6195.0,IT1
413112,2020-10-12,16000000,AS Monaco,162.0,FR1
139449,2015-02-01,10000000,Cruzeiro Esporte Clube,150.0,ES1
30666,2018-12-15,1000000,Philadelphia Union,897.0,ES1
225462,2022-06-03,400000,Cádiz CF,2687.0,ES1
242359,2018-12-20,4000000,Udinese Calcio,410.0,IT1
362086,2020-11-23,1000000,Rayo Vallecano,367.0,ES1
66550,2018-09-24,750000,Queens Park Rangers,2288.0,GB1
226261,2021-10-13,800000,UD Almería,3302.0,ES1
510396,2018-01-01,200000,Las Palmas Atlético,11610.0,
15761,2015-07-01,400000,Real Zaragoza,331.0,ES1
309110,2022-03-21,18000000,Celta de Vigo,940.0,ES1
128910,2016-04-20,2000000,Derby County,984.0,GB1
173483,2017-02-27,3000000,Huddersfield Town,1132.0,GB1
309400,2019-12-17,90000000,Bayer 04 Leverkusen,15.0,L1
162038,2018-05-30,3000000,Rayo Vallecano,367.0,ES1
132921,2021-01-08,500000,Girona FC,12321.0,ES1
128898,2019-12-18,500000,Vitesse Arnhem,631.0,GB1
465967,2020-04-08,6000000,Real Sociedad,681.0,ES1
709971,2023-12-20,100000,Real Valladolid Promesas,7078.0,
665390,2022-05-13,3000000,Stoke City,512.0,GB1
67202,2017-09-18,100000,Bolton Wanderers,873.0,GB1
434602,2022-06-29,500000,Real Sociedad B,9899.0,
140436,2018-06-05,2000000,Shanghai SIPG,714.0,ES1
540941,2020-12-29,8000000,UC Sampdoria,1038.0,IT1
82503,2022-06-03,1500000,CA Osasuna,331.0,ES1
209781,2023-06-09,200000,Morecambe FC,29.0,GB1
6636,2017-02-20,6000000,Leicester City,1003.0,GB1
120186,2017-06-28,250000,Stoke City U21,1010.0,GB1
45760,2021-06-30,1500000,Norwich City,1123.0,GB1
77262,2020-09-09,1100000,Sport Club Corinthians Paulista,472.0,ES1
478573,2019-12-18,5000000,Ajax Amsterdam,610.0,NL1
37712,2017-01-24,4000000,Sevilla FC,368.0,ES1
26399,2021-03-18,25000000,Manchester City,131.0,ES1
455056,2016-10-27,300000,CA Osasuna Promesas,1050.0,ES1
353096,2018-06-30,100000,Las Palmas Atlético,472.0,ES1
357072,2022-11-02,5000000,Montpellier HSC,969.0,FR1
319301,2020-07-30,19000000,Manchester United,985.0,GB1
480248,2021-01-12,150000,AS Gubbio 1910,13.0,ES1
59561,2016-04-07,18000000,Valencia CF,1049.0,ES1
86202,2015-07-01,10000000,VfB Stuttgart,79.0,L1
161267,2021-06-24,400000,CD Castellón,237.0,ES1
602105,2023-10-09,50000000,Manchester United,985.0,GB1
192080,2021-12-23,15000000,Burnley FC,1132.0,GB1
608382,2020-10-08,50000,Deportivo Alavés B,8880.0,
7803,2018-05-24,100000,Atlético de San Luis,150.0,ES1
564529,2020-03-09,25000,FC Copenhagen U19,16104.0,
7874,2015-04-09,2000000,Athletic Bilbao,12321.0,ES1
455348,2019-09-10,200000,Bilbao Athletic,621.0,ES1
59016,2022-06-03,55000000,Real Madrid,418.0,ES1
264220,2022-05-13,1800000,Luton Town,1031.0,GB1
129503,2015-02-27,200000,Gillingham FC,931.0,GB1
303657,2019-12-12,15000000,Genoa CFC,252.0,IT1
76799,2017-02-20,3500000,Watford FC,1010.0,GB1
126412,2017-06-07,800000,PEC Zwolle,399.0,GB1
603696,2022-12-29,200000,AD Ceuta FC,8568.0,
57522,2019-12-20,1000000,Villarreal CF,5358.0,ES1
74810,2022-06-15,2500000,Burnley FC,1132.0,GB1
488626,2022-12-29,800000,Burgos CF,1536.0,
506470,2022-11-07,2000000,Olympiacos Piraeus,683.0,GR1
223725,2016-02-22,10000000,FC Barcelona,131.0,ES1
356196,2021-06-24,200000,CD Castellón,714.0,ES1
428948,2022-06-29,300000,Real Sociedad B,681.0,ES1
393323,2023-06-20,25000000,Leeds United,399.0,GB1
117996,2019-09-12,15000000,Manchester United,985.0,GB1
428016,2022-06-15,300000,Tottenham Hotspur,148.0,GB1
57785,2021-01-08,400000,CD Lugo,2448.0,ES1
412042,2021-01-08,150000,Hércules CF,7971.0,
89313,2019-06-29,800000,Deportivo de La Coruña,897.0,ES1
77207,2020-04-08,475000,Cúcuta Deportivo,366.0,ES1
121257,2017-02-20,3000000,Middlesbrough FC,399.0,GB1
19059,2016-02-09,1000000,Watford FC,1010.0,GB1
183299,2019-02-27,3500000,Preston North End,984.0,GB1
638793,2021-11-09,8500000,New England Revolution,626.0,MLS1
59561,2015-07-01,20000000,Valencia CF,1049.0,ES1
374082,2016-10-27,300000,CA Osasuna Promesas,331.0,ES1
35462,2017-06-29,300000,CF Reus Deportiu,3709.0,ES1
501743,2019-12-28,700000,Yokohama FC,943.0,JAP1
246335,2023-10-13,1200000,Sporting Gijón,3709.0,ES1
227961,2021-06-10,4000000,Getafe CF,3709.0,ES1
246963,2022-09-14,2500000,Luton Town,1031.0,GB1
631821,2021-09-03,200000,Chornomorets Odesa,6992.0,UKR1
66110,2016-02-22,700000,CD Numancia,681.0,ES1
655835,2021-03-10,50000,AFC Bournemouth U21,989.0,GB1
472423,2020-12-17,35000000,Chelsea FC,631.0,GB1
118534,2021-03-18,28000000,Everton FC,29.0,GB1
495625,2019-09-10,200000,Real Madrid Castilla,6767.0,
486049,2023-06-27,28000000,Stade Rennais FC,273.0,FR1
238486,2019-12-27,4000000,HNK Hajduk Split,940.0,ES1
315312,2021-01-07,300000,Burgos CF,150.0,ES1
144028,2023-06-20,35000000,Arsenal FC,11.0,GB1
448844,2016-10-27,100000,Marbella FC,12361.0,
346314,2022-06-15,20000000,Chelsea FC,631.0,GB1
258888,2023-05-15,125000,Orange County SC,631.0,GB1
581326,2023-11-24,400000,FC Honka,5411.0,
462380,2018-01-01,200000,Club Polideportivo El Ejido,16795.0,ES1
74561,2019-06-27,300000,FC Gifu,3302.0,ES1
34370,2021-01-08,500000,RCD Espanyol Barcelona,367.0,ES1
293383,2021-06-30,200000,Cultural Leonesa,12321.0,ES1
375885,2018-06-04,5000000,FC Toulouse,415.0,FR1
163530,2019-06-28,4500000,Sheffield Wednesday,641.0,GB1
354697,2020-10-08,800000,Deportivo Alavés,1108.0,ES1
490606,2023-12-19,800000,Chelsea FC,631.0,GB1
247906,2017-06-20,150000,Jönköpings Södra IF,1084.0,ES1
324358,2020-10-13,30000000,Aston Villa,405.0,GB1
361093,2021-04-09,28000000,LOSC Lille,1082.0,FR1
175914,2021-01-08,250000,Atlético Baleares,2448.0,ES1
26267,2015-02-12,28000000,Manchester City,281.0,GB1
739443,2022-05-31,450000,Ludogorets Razgrad,31614.0,
93747,2020-10-08,1200000,Rayo Vallecano,367.0,ES1
88067,2018-02-18,500000,RCD Mallorca,1039.0,GB1
335225,2023-10-13,2500000,RCD Mallorca,237.0,ES1
183302,2018-02-27,1000000,Preston North End,989.0,GB1
379548,2021-01-05,300000,Athletic Bilbao,621.0,ES1
67355,2018-01-02,7000000,Everton FC,29.0,GB1
611198,2022-06-29,300000,CD Castellón,3368.0,ES1
298477,2019-09-12,12000000,Sheffield United,350.0,GB1
193116,2019-06-28,6500000,Aston Villa,405.0,GB1
566666,2022-12-29,100000,RZ Deportivo Aragón,150.0,ES1
293281,2021-12-22,6500000,TSG 1899 Hoffenheim,533.0,L1
181687,2021-06-30,1600000,Sheffield Wednesday,1035.0,
56067,2018-12-21,4000000,RCD Espanyol Barcelona,1531.0,ES1
199369,2017-06-05,10000000,Málaga CF,1084.0,ES1
635347,2022-06-29,500000,Villarreal CF B,1050.0,ES1
57876,2020-10-08,200000,AD Alcorcón,897.0,ES1
216464,2019-12-20,3000000,Granada CF,16795.0,ES1
89330,2023-10-13,150000,CF Rayo Majadahonda,681.0,ES1
339340,2018-12-28,3000000,Feyenoord Rotterdam,234.0,NL1
425902,2022-05-13,4000000,Nottingham Forest,703.0,GB1
42198,2015-02-12,2500000,Hull City,3008.0,GB1
61573,2021-03-10,1200000,Huddersfield Town,1110.0,GB1
298983,2021-10-13,4000000,CA Osasuna,331.0,ES1
144128,2021-10-13,1000000,Celta de Vigo,940.0,ES1
197131,2022-12-29,600000,Real Oviedo,681.0,ES1
369081,2023-06-13,100000000,Real Madrid,418.0,ES1
628487,2021-12-30,400000,RCD Espanyol B,10773.0,
117549,2022-03-21,300000,UD Logroñés,3302.0,ES1
121477,2016-08-01,6000000,West Bromwich Albion,984.0,GB1
249089,2022-05-13,9000000,AFC Bournemouth,989.0,GB1
538006,2023-06-30,300000,SD Amorebieta,16575.0,
287579,2016-10-17,650000,FC Utrecht,200.0,NL1
67431,2015-06-30,2000000,Legia Warszawa,543.0,GB1
258987,2023-06-26,6500000,Celtic FC,371.0,SC1
268958,2022-06-29,800000,CD Leganés,368.0,ES1
179471,2016-02-09,500000,Newcastle United,762.0,GB1
543387,2023-06-20,35000000,Crystal Palace,873.0,GB1
525438,2020-06-22,75000,Ripensia Timisoara,34750.0,
485585,2022-10-27,9000000,Burnley FC,1132.0,GB1
293281,2020-04-08,11000000,TSG 1899 Hoffenheim,533.0,L1
309007,2016-08-01,100000,Córdoba CF B,993.0,ES1
40428,2016-08-01,1500000,Club Necaxa,1050.0,ES1
410225,2022-09-14,22000000,Watford FC,1010.0,GB1
73472,2016-09-01,750000,Cardiff City,985.0,GB1
378139,2023-06-13,5000000,Real Betis Balompié,150.0,ES1
85864,2015-07-01,5000000,1.FSV Mainz 05,39.0,L1
298983,2017-06-05,3000000,Málaga CF,331.0,ES1
39378,2023-10-25,300000,Without Club,289.0,GB1
7945,2015-07-01,1000000,UD Almería,3302.0,ES1
66219,2021-03-10,1200000,Swansea City,2288.0,GB1
134416,2022-11-08,250000,Slaven Belupo Koprivnica,379.0,GB1
211395,2023-07-04,375000,Without Club,3368.0,ES1
31720,2021-05-31,600000,AIK Solna,289.0,GB1
264191,2023-06-23,250000,Newport County,29.0,GB1
55240,2018-12-21,1000000,CD Leganés,1244.0,ES1
163530,2020-04-08,3500000,Sheffield Wednesday,641.0,GB1
739443,2023-03-03,1000000,Ludogorets Razgrad,31614.0,
285957,2017-06-05,250000,Atlético Saguntino,3709.0,ES1
37171,2018-09-24,1500000,Birmingham City,984.0,GB1
46413,2023-10-13,5000000,CA Osasuna,331.0,ES1
469781,2020-08-12,13500000,Feyenoord Rotterdam,234.0,NL1
282672,2022-12-29,600000,UD Las Palmas,472.0,ES1
61560,2022-11-03,2000000,Leicester City,1003.0,GB1
475959,2021-12-22,25000000,RB Leipzig,23826.0,L1
387626,2016-02-07,4000000,KRC Genk,1184.0,BE1
51663,2019-06-11,800000,Girona FC,2687.0,ES1
88971,2017-02-27,10000000,Aston Villa,405.0,GB1
59375,2019-12-20,2000000,Real Sociedad,681.0,ES1
36939,2019-06-13,1500000,AFC Bournemouth,989.0,GB1
18324,2015-11-27,500000,Ferencvárosi TC,984.0,GB1
81202,2019-06-28,750000,Bolton Wanderers,603.0,GB1
117549,2019-02-19,800000,Granada CF,3302.0,ES1
166677,2021-03-19,800000,RCD Mallorca,714.0,ES1
126321,2018-12-19,2500000,Arsenal FC,11.0,GB1
385848,2021-06-28,500000,Rangers FC,124.0,SC1
26399,2019-06-13,65000000,Manchester City,131.0,ES1
67548,2017-06-01,3000000,Rubin Kazan,16795.0,ES1
52495,2022-05-13,900000,Sheffield United,350.0,GB1
7922,2019-06-11,1000000,RCD Espanyol Barcelona,714.0,ES1
404839,2019-06-11,7500000,CD Leganés,1244.0,ES1
618901,2021-03-10,1800000,Coventry City,1123.0,GB1
164816,2019-06-29,400000,Extremadura UD,331.0,ES1
193098,2018-10-31,4000000,Rayo Vallecano,367.0,ES1
503032,2019-09-10,200000,Córdoba CF,714.0,ES1
449496,2019-02-19,800000,Córdoba CF,714.0,ES1
288454,2021-01-08,500000,CD Castellón,1531.0,ES1
397896,2023-07-10,275000,Club Deportivo Maldonado,472.0,ES1
217728,2023-06-27,50000,US Vibonese,1244.0,ES1
251860,2023-06-30,150000,AD Alcorcón,1049.0,ES1
124172,2015-09-24,500000,Rotherham United,603.0,GB1
573979,2021-12-21,200000,Robur Siena,237.0,ES1
874080,2023-10-27,1500000,Sunderland AFC,289.0,GB1
278404,2022-12-29,500000,Celta Vigo B,8733.0,
39907,2018-01-01,1000000,SD Eibar,1533.0,ES1
1055860,2023-12-20,100000,Real Sociedad B,9899.0,
256429,2020-03-06,6000000,Real Valladolid CF,366.0,ES1
33713,2019-09-12,15000000,Everton FC,180.0,GB1
61812,2017-06-05,10000000,Real Sociedad,681.0,ES1
111961,2016-07-15,5500000,AC Milan,5.0,IT1
319745,2022-06-03,14000000,Real Madrid,418.0,ES1
41416,2021-06-08,2000000,Crystal Palace,873.0,GB1
61560,2021-12-23,2500000,Leicester City,1003.0,GB1
246204,2016-07-15,400000,Cádiz CF,2687.0,ES1
607780,2020-10-08,600000,Rayo Vallecano,367.0,ES1
627442,2022-11-10,20000000,Red Bull Salzburg,409.0,A1
128909,2021-03-18,2000000,Sheffield United,350.0,GB1
1019170,2023-10-09,200000,Newcastle United U18,6943.0,
298185,2018-05-30,50000,CD Guijuelo,1049.0,ES1
484988,2020-11-11,500000,Le Mans FC,1164.0,
66518,2020-02-27,150000,Bristol City,1010.0,GB1
251897,2019-06-29,2000000,Bilbao Athletic,6688.0,
527966,2020-10-14,300000,ADO Den Haag,1268.0,NL1
628492,2021-08-12,25000,SD Huesca B,1531.0,ES1
58341,2017-06-05,400000,UD Las Palmas,5358.0,ES1
50935,2016-07-22,22000000,Bayer 04 Leverkusen,379.0,GB1
391470,2020-10-15,900000,Middlesbrough FC,379.0,GB1
271455,2018-07-14,1750000,AC Sparta Prague,197.0,TS1
568157,2021-01-05,5000000,Villarreal CF,1050.0,ES1
37941,2016-07-15,1000000,SSC Napoli,1010.0,GB1
226261,2023-12-20,1200000,Real Valladolid CF,366.0,ES1
295622,2021-01-08,1500000,RCD Espanyol Barcelona,714.0,ES1
127457,2019-09-10,300000,Racing Ferrol,940.0,ES1
296802,2020-04-08,8000000,OGC Nice,417.0,FR1
166666,2020-08-31,250000,FC Honka,131.0,ES1
398131,2018-05-30,250000,Valencia Mestalla,6182.0,
162029,2021-12-23,3000000,Newcastle United,762.0,GB1
163532,2023-04-05,200000,Morecambe FC,1003.0,GB1
251106,2018-12-21,8000000,Real Valladolid CF,366.0,ES1
131667,2021-03-19,1000000,FC Cartagena,16795.0,ES1
181168,2016-08-05,50000,Cheltenham Town,379.0,GB1
242548,2019-06-29,2000000,Deportivo de La Coruña,897.0,ES1
709380,2021-12-30,50000,Villarreal CF B,11972.0,
234803,2016-08-01,7000000,Hull City,3008.0,GB1
668179,2021-06-30,300000,Sevilla Atlético,8519.0,
288454,2018-05-30,300000,Albacete Balompié,1531.0,ES1
337070,2023-06-14,300000,Racing Santander,366.0,ES1
616631,2021-12-28,2000000,US Salernitana 1919,380.0,IT1
487465,2023-10-09,32000000,Wolverhampton Wanderers,543.0,GB1
926850,2023-12-20,50000,Real Madrid Castilla,6767.0,
214666,2021-03-10,4500000,Swansea City,2288.0,GB1
425713,2020-02-05,25000,St. Mirren FC,1123.0,GB1
551182,2021-01-08,100000,CD Lugo,11000.0,
448344,2021-12-30,3000000,RCD Espanyol Barcelona,714.0,ES1
164478,2017-05-24,800000,Columbus Crew SC,367.0,ES1
258374,2019-11-27,400000,Avaí FC,1049.0,ES1
541621,2022-06-29,100000,Betis Deportivo Balompié,2865.0,
711625,2021-06-30,100000,Sevilla Atlético,8519.0,
226012,2018-05-30,4000000,Sevilla FC,368.0,ES1
338629,2019-10-02,6500000,1.FC Köln,3.0,L1
316551,2022-05-13,2000000,Coventry City,631.0,GB1
3762,2015-02-24,2500000,Cardiff City,603.0,GB1
59343,2015-11-20,500000,Real Zaragoza,150.0,ES1
623524,2021-06-30,500000,Real Madrid Castilla,6767.0,
7874,2018-01-01,300000,Girona FC,12321.0,ES1
293281,2021-03-17,6400000,RSC Anderlecht,58.0,BE1
28261,2016-07-15,3500000,RCD Espanyol Barcelona,714.0,ES1
340456,2021-01-06,15000000,Ajax Amsterdam,610.0,NL1
636686,2023-12-20,50000,Real Valladolid Promesas,7078.0,
148455,2020-04-08,120000000,Liverpool FC,31.0,GB1
537367,2021-01-08,250000,Sevilla Atlético,368.0,ES1
298976,2020-04-08,3200000,Levante UD,3368.0,ES1
129078,2022-09-13,13000000,Besiktas JK,114.0,TR1
262749,2017-02-27,150000,Blackburn Rovers,164.0,
149231,2023-06-13,1000000,Elche CF,1531.0,ES1
7568,2016-08-15,100000,AD Alcorcón,3368.0,ES1
380350,2021-06-03,5000000,ACF Fiorentina,430.0,IT1
502821,2023-06-07,4500000,FC Basel 1893,26.0,C1
287431,2022-05-13,2500000,Fulham FC,931.0,GB1
198587,2016-10-11,100000,Port Vale FC,762.0,GB1
170472,2021-12-30,2500000,Valencia CF,1049.0,ES1
705813,2021-01-08,100000,RCD Espanyol B,10773.0,
34601,2018-12-21,6000000,Athletic Bilbao,621.0,ES1
252667,2022-06-03,3000000,Cádiz CF,2687.0,ES1
578419,2022-04-11,2500000,CF América,3631.0,MEX1
109751,2017-06-27,1000000,Eintracht Braunschweig,1123.0,GB1
37892,2015-07-01,2000000,Real Sociedad,1533.0,ES1
45256,2020-01-08,500000,Sporting Gijón,2448.0,ES1
484547,2021-10-07,15000000,Bayer 04 Leverkusen,15.0,L1
249463,2018-06-30,100000,Mérida AD,13.0,ES1
33963,2021-06-30,200000,Preston North End,641.0,GB1
485963,2018-05-16,200000,AC Le Havre B,15439.0,
49755,2020-04-08,4800000,Brighton & Hove Albion,1132.0,GB1
361254,2018-10-31,5000000,UD Las Palmas,472.0,ES1
7874,2017-06-05,500000,Athletic Bilbao,12321.0,ES1
55125,2020-04-02,600000,SG Dynamo Dresden,1110.0,GB1
95488,2020-02-11,150000,Atlético Sanluqueño,142.0,ES1
742770,2021-10-01,300000,Adelaide United,875.0,AUS1
475416,2022-05-13,2000000,Huddersfield Town,1110.0,GB1
279454,2015-10-16,100000,Swindon Town,31.0,GB1
433818,2023-12-21,3000000,Hull City,3008.0,GB1
126741,2021-12-30,200000,Salamanca CF UDS,714.0,ES1
158795,2020-04-08,1600000,Getafe CF,3709.0,ES1
86643,2021-06-16,500000,VfL Bochum,11.0,GB1
73547,2022-10-27,3000000,Sheffield United,350.0,GB1
346483,2023-06-20,60000000,Chelsea FC,631.0,GB1
142326,2018-12-26,25000,FC Farul Constanta 1920,3709.0,ES1
207742,2019-10-17,500000,Charlton Athletic,358.0,
135343,2021-03-18,12000000,Newcastle United,762.0,GB1
263236,2020-09-10,5000000,Fortuna Düsseldorf,38.0,L1
457931,2017-06-09,200000,US Salernitana 1919,380.0,IT1
251106,2016-02-05,3000000,NAC Breda,132.0,NL1
341043,2021-12-23,200000,Southampton FC,180.0,GB1
91330,2021-12-08,150000,Pirin Blagoevgrad,3008.0,GB1
27448,2015-07-01,1500000,Málaga CF,1084.0,ES1
77737,2019-06-29,3500000,Málaga CF,1050.0,ES1
293385,2017-03-13,950000,GNK Dinamo Zagreb,419.0,KR1
510396,2018-06-30,250000,Las Palmas Atlético,11610.0,
244338,2023-06-01,1000000,Luton Town,1031.0,GB1
66110,2021-12-30,350000,Cultural Leonesa,681.0,ES1
525247,2020-12-17,4500000,Wolverhampton Wanderers,543.0,GB1
217721,2017-02-02,150000,Recreativo Huelva,13.0,ES1
73180,2016-02-22,400000,CD Leganés,5358.0,ES1
169497,2015-06-22,125000,San Marino,10155.0,
262391,2023-06-14,800000,Real Zaragoza,714.0,ES1
282409,2022-09-26,25000,Atlético Saguntino,3709.0,ES1
261503,2021-01-08,400000,CD Castellón,2502.0,
293385,2020-11-26,33000000,RB Leipzig,23826.0,L1
341993,2022-07-29,400000,Oxford United,1003.0,GB1
287579,2020-02-11,18000000,Hellas Verona,276.0,IT1
60890,2021-06-10,1500000,Real Valladolid CF,366.0,ES1
212723,2015-07-01,1250000,Borussia Mönchengladbach II,1006.0,
73547,2018-02-27,3000000,Fulham FC,931.0,GB1
85177,2020-12-17,4000000,Crystal Palace,873.0,GB1
66923,2022-10-27,900000,Luton Town,350.0,GB1
191866,2017-02-02,200000,Valencia Mestalla,1531.0,ES1
42373,2017-12-07,4500000,CR Flamengo,940.0,ES1
215118,2017-06-28,14000000,Arsenal FC,11.0,GB1
280730,2021-06-10,10000000,Real Madrid,418.0,ES1
158071,2016-08-01,300000,UD Logroñés,2448.0,ES1
158868,2017-02-20,300000,Paris FC,681.0,ES1
262365,2016-10-27,400000,UD Almería,3302.0,ES1
242359,2016-02-06,350000,Racing Club,1444.0,ARG1
609556,2023-10-09,1000000,Sheffield United,350.0,GB1
331505,2021-03-19,10000000,FC Barcelona,131.0,ES1
120186,2021-07-15,2000000,Watford FC,1010.0,GB1
88490,2015-01-23,5000000,Sevilla FC,714.0,ES1
581678,2022-09-21,90000000,Borussia Dortmund,16.0,L1
255508,2018-05-30,30000000,Athletic Bilbao,621.0,ES1
45882,2015-01-23,1000000,Deportivo de La Coruña,931.0,GB1
13460,2020-04-08,600000,Manchester United,985.0,GB1
284872,2017-08-17,50000,CF Fuenlabrada,16795.0,ES1
29187,2019-02-19,50000,San Fernando CD,3368.0,ES1
355915,2021-06-03,30000000,Atalanta BC,800.0,IT1
71271,2022-11-03,1000000,Liverpool FC,31.0,GB1
345899,2015-10-16,50000,Peterborough United,873.0,GB1
61344,2017-01-24,2500000,Sporting Gijón,2448.0,ES1
503686,2022-05-13,2000000,Millwall FC,1028.0,
71559,2016-02-22,3500000,Athletic Bilbao,3709.0,ES1
126412,2020-04-08,325000,Leeds United,399.0,GB1
434224,2021-12-22,25000000,VfL Wolfsburg,82.0,L1
64399,2018-03-22,4000000,Getafe CF,3709.0,ES1
67546,2020-10-08,2500000,SD Huesca,5358.0,ES1
365172,2019-06-03,3000000,Red Bull Salzburg,1003.0,GB1
7668,2016-07-15,200000,Cádiz CF,2687.0,ES1
34870,2022-12-29,1000000,Levante UD,3368.0,ES1
54774,2016-07-15,1000000,CA Osasuna,331.0,ES1
224098,2019-09-10,200000,Racing Ferrol,940.0,ES1
376856,2023-12-19,500000,Brentford FC,1148.0,GB1
8108,2017-01-24,500000,SD Huesca,5358.0,ES1
158623,2016-09-01,1000000,Derby County,931.0,GB1
1164331,2023-09-11,25000,UD San Sebastián de los Reyes,11245.0,
357662,2018-01-02,2000000,West Ham United,379.0,GB1
67808,2016-07-15,800000,Girona FC,12321.0,ES1
40612,2019-06-28,1000000,Nottingham Forest,289.0,GB1
287315,2023-06-30,250000,Real Balompédica Linense,16795.0,ES1
188077,2023-06-20,10000000,AFC Bournemouth,989.0,GB1
517753,2023-06-13,5000000,Rayo Vallecano,367.0,ES1
58789,2015-01-08,1200000,Real Zaragoza,331.0,ES1
644401,2023-03-16,15000000,Brentford FC,1148.0,GB1
71107,2020-08-26,350000,Inter Miami CF,512.0,GB1
381362,2022-04-06,6000000,Sport Club Internacional,405.0,GB1
42373,2019-02-18,4000000,CR Flamengo,940.0,ES1
110867,2021-12-23,800000,Aston Villa,405.0,GB1
251046,2016-02-22,200000,Deportivo Alavés B,1108.0,ES1
138803,2017-01-24,1500000,Getafe CF,3302.0,ES1
118732,2020-04-08,1200000,RCD Mallorca,237.0,ES1
217149,2020-02-11,150000,SD Ejea,3302.0,ES1
834744,2022-06-29,50000,RCD Espanyol B,10773.0,
423444,2019-12-20,15000000,Celta de Vigo,940.0,ES1
203127,2015-07-01,250000,Norwich City,1123.0,GB1
720038,2021-06-30,300000,Racing Santander,630.0,
249565,2021-12-23,55000000,Leicester City,1003.0,GB1
72476,2021-12-23,16000000,Arsenal FC,11.0,GB1
173504,2018-01-02,6000000,Burnley FC,1132.0,GB1
242359,2022-11-11,16000000,Atalanta BC,800.0,IT1
217115,2017-06-15,2000000,Stade Brestois 29,3911.0,FR1
314210,2017-06-28,8000000,Everton FC,29.0,GB1
375382,2021-05-21,3000000,Vitória Guimarães SC,2420.0,PO1
379530,2022-06-29,400000,Deportivo de La Coruña,714.0,ES1
195680,2018-08-13,5000000,Cardiff City,603.0,GB1
632471,2019-09-10,50000,Gimnàstic de Tarragona,16795.0,ES1
57800,2016-07-15,100000,CD Lugo,16795.0,ES1
82873,2016-02-15,4000000,FC Ingolstadt 04,4795.0,L1
415970,2022-11-03,8000000,Nottingham Forest,703.0,GB1
72189,2017-01-24,1500000,Deportivo de La Coruña,897.0,ES1
40613,2021-12-23,3000000,Burnley FC,1132.0,GB1
212829,2023-06-01,1200000,Sheffield United,350.0,GB1
63040,2015-07-01,1200000,CA Osasuna,331.0,ES1
65477,2016-08-01,11000000,Watford FC,1010.0,GB1
717957,2022-03-21,500000,Cultural Leonesa,4542.0,
291247,2023-06-22,300000,FK Radnik Surdulica,940.0,ES1
242606,2019-06-13,1000000,West Ham United,379.0,GB1
385396,2020-06-28,100000,AS Giana Erminio,3709.0,ES1
473050,2020-09-15,300000,SC Freiburg II,245.0,
135343,2019-12-10,16000000,Newcastle United,762.0,GB1
42198,2023-04-05,200000,Ipswich Town,3008.0,GB1
127181,2015-06-06,2000000,FC Lorient,1158.0,FR1
328480,2016-08-01,300000,Atlético Levante UD,11516.0,
218355,2022-07-29,450000,Plymouth Argyle,29.0,GB1
72479,2016-11-01,4500000,Olympique Lyon,237.0,ES1
35560,2017-06-05,1000000,Real Sociedad,681.0,ES1
290533,2021-06-24,800000,CD Castellón,2687.0,ES1
283489,2023-06-14,2000000,SD Eibar,16795.0,ES1
396115,2019-09-10,100000,Atlético Levante UD,3368.0,ES1
263482,2022-01-10,7000000,Al-Duhail SC,12321.0,ES1
92109,2018-09-24,3000000,Middlesbrough FC,512.0,GB1
336869,2017-06-05,2000000,RCD Espanyol Barcelona,714.0,ES1
30802,2015-07-03,800000,Real Valladolid CF,3302.0,ES1
540941,2023-12-19,10000000,Brentford FC,1148.0,GB1
92572,2020-10-13,3200000,Crystal Palace,873.0,GB1
40888,2018-12-21,4000000,Athletic Bilbao,621.0,ES1
65477,2017-06-28,11000000,Watford FC,1010.0,GB1
158057,2023-06-14,800000,SD Eibar,621.0,ES1
242548,2016-02-22,2500000,Deportivo de La Coruña,897.0,ES1
537760,2021-01-07,50000,Unionistas CF,237.0,ES1
288371,2017-03-29,200000,CD Vitoria,1533.0,ES1
581640,2021-08-12,100000,FC Barcelona B,2464.0,
93936,2020-04-08,2400000,SD Eibar,1533.0,ES1
95976,2015-02-12,2500000,Queens Park Rangers,1039.0,GB1
110864,2020-10-13,6500000,West Bromwich Albion,984.0,GB1
298477,2023-06-01,5000000,Sheffield United,350.0,GB1
120706,2017-02-27,3000000,Wolverhampton Wanderers,603.0,GB1
58115,2015-11-22,2000000,Rayo Vallecano,1533.0,ES1
54217,2022-06-29,200000,UD Las Palmas,472.0,ES1
121257,2018-09-24,5000000,Leeds United,399.0,GB1
655835,2023-06-20,400000,AFC Bournemouth,989.0,GB1
67539,2023-06-30,100000,Hércules CF,1050.0,ES1
13443,2019-06-28,500000,Birmingham City,984.0,GB1
523972,2019-09-10,1000000,Real Madrid Castilla,366.0,ES1
548187,2022-06-29,200000,RCD Espanyol B,714.0,ES1
200612,2015-09-08,200000,Elche CF,1531.0,ES1
35518,2018-05-28,30000000,Manchester City,681.0,ES1
255729,2021-06-04,2500000,FC Midtjylland,2687.0,ES1
230222,2016-07-15,400000,Celta de Vigo,940.0,ES1
199321,2020-03-05,10000000,Celta de Vigo,940.0,ES1
184573,2018-01-02,25000000,Manchester United,985.0,GB1
438001,2019-09-10,300000,Girona FC,12321.0,ES1
23218,2019-02-19,250000,Real Unión Club,472.0,ES1
295622,2020-01-19,1500000,Málaga CF,714.0,ES1
341110,2016-07-29,5500000,SL Benfica,294.0,PO1
337977,2015-09-08,300000,Córdoba CF,1049.0,ES1
138935,2021-01-05,1500000,SD Eibar,1533.0,ES1
314353,2022-06-15,80000000,Liverpool FC,31.0,GB1
223725,2020-10-08,10000000,Sevilla FC,368.0,ES1
419325,2020-10-15,250000,Reading FC,29.0,GB1
83430,2016-08-01,2000000,Middlesbrough FC,641.0,GB1
45710,2017-03-13,1000000,GNK Dinamo Zagreb,3709.0,ES1
283170,2019-06-29,1000000,FC Barcelona B,2464.0,
72189,2018-01-01,800000,Sporting Gijón,897.0,ES1
221309,2020-10-08,3000000,Real Valladolid CF,366.0,ES1
242299,2020-10-08,700000,SD Eibar,1533.0,ES1
339340,2020-10-14,3200000,Feyenoord Rotterdam,234.0,NL1
217728,2021-12-30,200000,Gimnástica Segoviana CF,1244.0,ES1
343463,2023-10-13,5000000,RCD Mallorca,237.0,ES1
42935,2016-02-22,400000,Real Valladolid CF,3368.0,ES1
256178,2018-10-17,28000000,Liverpool FC,31.0,GB1
56543,2019-12-20,300000,Extremadura UD,366.0,ES1
37442,2015-02-12,2000000,Leicester City,1003.0,GB1
399776,2022-11-07,50000000,Villarreal CF,1050.0,ES1
287178,2019-02-19,100000,Recreativo Granada,2448.0,ES1
448844,2018-06-30,100000,Granada CF B,21550.0,
89733,2019-06-29,1000000,Cádiz CF,2687.0,ES1
111422,2020-04-08,1200000,Fulham FC,931.0,GB1
137162,2019-06-29,100000,Internacional de Madrid,150.0,ES1
461866,2023-06-14,200000,UD Ibiza,368.0,ES1
138800,2018-05-30,250000,CD Toledo,142.0,ES1
243690,2020-12-10,100000,Östersunds FK,405.0,GB1
283170,2023-12-22,8000000,FC Barcelona,131.0,ES1
92469,2022-06-15,1800000,Newcastle United,762.0,GB1
179471,2020-10-08,400000,Melbourne City FC,762.0,GB1
8184,2017-06-06,900000,RSC Anderlecht,331.0,ES1
209212,2021-03-18,9000000,Brighton & Hove Albion,1237.0,GB1
251058,2018-02-27,250000,Hull City,3008.0,GB1
197135,2019-12-20,12000000,Real Sociedad,681.0,ES1
4267,2016-12-15,1750000,Colorado Rapids,29.0,GB1
38145,2021-03-10,600000,Bristol City,1010.0,GB1
617059,2021-06-30,200000,Levante UD U19,12798.0,
58497,2017-06-29,500000,Getafe CF,367.0,ES1
411295,2019-12-19,17000000,Stade Rennais FC,273.0,FR1
122011,2019-06-28,5000000,Hull City,3008.0,GB1
227954,2021-12-30,250000,CD Toledo,367.0,ES1
346483,2019-02-27,10000000,Derby County,22.0,
58009,2022-06-29,150000,Córdoba CF,1531.0,ES1
131996,2022-10-27,14000000,Basaksehir FK,6890.0,TR1
307519,2020-10-08,3500000,Real Valladolid CF,366.0,ES1
104495,2020-10-15,1400000,Nottingham Forest,703.0,GB1
73472,2022-10-27,350000,Wigan Athletic,985.0,GB1
292246,2021-12-23,13000000,Wolverhampton Wanderers,543.0,GB1
233998,2021-03-10,600000,Rotherham United,873.0,GB1
370691,2022-12-29,50000,CF Rayo Majadahonda,150.0,ES1
148657,2015-07-01,3500000,Middlesbrough FC,631.0,GB1
65318,2020-10-08,2500000,Villarreal CF,1050.0,ES1
162063,2021-12-30,500000,CD Castellón,16795.0,ES1
70898,2018-05-30,200000,Rayo Vallecano,367.0,ES1
422460,2023-06-13,1500000,RCD Espanyol Barcelona,1049.0,ES1
435648,2019-05-02,100000,FC Bayern Munich II,28.0,
525578,2019-12-20,400000,CF Fuenlabrada,16486.0,
449796,2016-10-27,100000,CDA Navalcarnero,20921.0,
125781,2018-01-01,100000000,Atlético de Madrid,13.0,ES1
128901,2019-09-12,15000000,Wolverhampton Wanderers,543.0,GB1
144128,2023-04-04,1000000,CD Universidad Católica,3277.0,
461858,2019-06-29,500000,Sevilla Atlético,150.0,ES1
61653,2018-09-24,4000000,Aston Villa,405.0,GB1
725201,2022-06-29,100000,SD Huesca B,1531.0,ES1
188077,2021-01-18,9000000,Celtic FC,371.0,SC1
598608,2021-01-07,100000,Deportivo Alavés B,1108.0,ES1
344830,2023-12-19,4500000,Luton Town,1031.0,GB1
260827,2023-12-19,35000000,Crystal Palace,873.0,GB1
405398,2022-03-21,9000000,RCD Mallorca,237.0,ES1
187673,2019-06-11,500000,FC Sheriff Tiraspol,3302.0,ES1
90836,2016-08-01,5000000,AFC Bournemouth,703.0,GB1
39004,2019-12-20,400000,CD Numancia,1050.0,ES1
442248,2019-10-17,2000000,Brentford FC,1148.0,GB1
209212,2022-09-15,12000000,Brighton & Hove Albion,1237.0,GB1
242497,2016-02-22,1000000,Girona FC,1108.0,ES1
316264,2022-06-15,45000000,Arsenal FC,11.0,GB1
251896,2015-04-13,1000000,Real Zaragoza,142.0,ES1
449844,2017-08-17,250000,Hércules CF,714.0,ES1
128969,2021-12-30,5000000,Real Sociedad,681.0,ES1
19981,2017-01-24,12000000,FC Barcelona,131.0,ES1
15693,2017-01-24,3000000,Real Sociedad,681.0,ES1
842341,2021-10-08,800000,Montpellier HSC,969.0,FR1
511021,2019-02-19,250000,CD Guijuelo,11615.0,
139895,2020-04-08,2000000,Deportivo Alavés,1108.0,ES1
59551,2019-06-29,1500000,Granada CF,16795.0,ES1
484547,2022-11-09,25000000,Bayer 04 Leverkusen,15.0,L1
341043,2023-06-23,350000,Bradford City,180.0,GB1
99924,2020-10-08,200000,Hércules CF,331.0,ES1
28801,2017-07-17,275000,Phoenix Rising FC,873.0,GB1
933350,2022-12-29,150000,Celta Vigo B,940.0,ES1
483461,2021-10-15,1200000,Slask Wroclaw,472.0,ES1
324358,2021-03-18,32000000,Aston Villa,405.0,GB1
121324,2019-12-10,10000000,Sheffield United,350.0,GB1
129067,2016-04-20,250000,Wolverhampton Wanderers,543.0,GB1
268946,2022-06-29,300000,Burgos CF,366.0,ES1
274347,2020-10-08,1200000,Atlético de Madrid,13.0,ES1
282421,2020-10-08,300000,CD Mirandés,13222.0,
1012534,2023-06-26,2000000,Odense Boldklub,173.0,DK1
40611,2020-10-13,10500000,Southampton FC,1003.0,GB1
351749,2022-11-03,45000000,Manchester City,281.0,GB1
226968,2020-10-13,800000,Southampton FC,180.0,GB1
108390,2015-07-01,35000000,Chelsea FC,631.0,GB1
8176,2018-12-21,2500000,Levante UD,714.0,ES1
320466,2018-01-01,300000,Lorca FC,1049.0,ES1
184779,2022-11-07,700000,Elche CF,1531.0,ES1
464896,2018-10-31,50000,Atlético Malagueño,1084.0,ES1
127181,2019-06-03,17000000,Montpellier HSC,969.0,FR1
59349,2019-02-19,1000000,Sporting Gijón,2448.0,ES1
505512,2023-10-13,250000,Real Unión Club,331.0,ES1
213595,2019-12-20,700000,UD Las Palmas,366.0,ES1
326416,2016-07-15,300000,CD Numancia,2296.0,
43530,2020-10-13,8000000,Brighton & Hove Albion,1237.0,GB1
44792,2021-11-09,1500000,Inter Miami CF,984.0,GB1
63200,2023-06-01,1000000,Burnley FC,1132.0,GB1
193784,2021-06-10,3000000,Levante UD,1531.0,ES1
76746,2022-06-03,1500000,Getafe CF,3709.0,ES1
51471,2021-03-18,45000000,Chelsea FC,631.0,GB1
630998,2021-10-13,300000,Without Club,150.0,ES1
139895,2019-12-20,2500000,Deportivo Alavés,1108.0,ES1
77262,2016-07-15,600000,UD Las Palmas,472.0,ES1
333014,2015-12-27,300000,Vålerenga Fotball Elite,76.0,NO1
239949,2022-05-13,1800000,AFC Bournemouth,989.0,GB1
509268,2017-09-18,100000,Hull City,3008.0,GB1
13572,2021-12-23,300000,Watford FC,1010.0,GB1
291039,2022-12-29,250000,Racing Ferrol,897.0,ES1
51667,2022-06-29,800000,Real Valladolid CF,366.0,ES1
246968,2020-04-08,24000000,Leicester City,1003.0,GB1
458466,2018-01-01,100000,Real Madrid Castilla,418.0,ES1
284890,2018-01-01,100000,CE Sabadell FC,150.0,ES1
337781,2016-10-27,250000,Atlético Levante UD,3368.0,ES1
99348,2021-01-07,150000,Salamanca CF UDS,366.0,ES1
54170,2021-10-28,800000,Without Club,631.0,GB1
473169,2021-05-19,7500000,Ajax Amsterdam U21,8817.0,
337284,2021-06-30,4000000,Reading FC,1032.0,GB1
375885,2017-01-16,400000,FC Toulouse,415.0,FR1
238865,2017-06-29,300000,Cádiz CF,1533.0,ES1
4063,2017-09-18,2500000,Middlesbrough FC,641.0,GB1
72779,2021-01-07,50000,Racing Santander,150.0,ES1
131505,2018-05-30,40000000,Valencia CF,399.0,GB1
281773,2021-06-24,500000,AD Alcorcón,367.0,ES1
344605,2020-10-15,24500000,LOSC Lille,1082.0,FR1
19958,2020-07-23,100000,Without Club,1244.0,ES1
138803,2015-01-22,1500000,Real Betis Balompié,3302.0,ES1
67089,2015-01-23,800000,Granada CF,2687.0,ES1
611198,2019-06-29,100000,Atlético Levante UD,3368.0,ES1
510990,2022-12-29,200000,Real Unión Club,1533.0,ES1
576024,2021-02-08,12000000,CA River Plate,209.0,ARG1
399779,2020-01-15,300000,Wisla Kraków,1050.0,ES1
102382,2016-02-08,450000,SG Dynamo Dresden,1110.0,GB1
80435,2023-06-09,400000,Derby County,1123.0,GB1
43084,2021-03-18,300000,Leeds United,399.0,GB1
412363,2022-09-23,70000000,Real Madrid,418.0,ES1
434602,2021-01-07,100000,Real Sociedad B,9899.0,
263856,2015-04-09,2500000,Levante UD,150.0,ES1
363205,2016-05-27,8000000,Sociedade Esportiva Palmeiras,1023.0,BRA1
67082,2016-02-22,12000000,Sevilla FC,368.0,ES1
20007,2017-02-20,8000000,Manchester City,379.0,GB1
108471,2018-03-15,100000,Budafoki MTE,931.0,GB1
225462,2018-05-30,600000,Cádiz CF,2687.0,ES1
65233,2023-01-23,300000,BG Pathum United,3302.0,ES1
434223,2021-03-10,2000000,Norwich City,1123.0,GB1
59349,2019-12-20,1000000,Sporting Gijón,2448.0,ES1
126741,2022-11-22,50000,Hibernians FC,714.0,ES1
35548,2016-07-23,2000000,Sporting Gijón,2448.0,ES1
2857,2020-10-13,600000,Leicester City,29.0,GB1
469781,2021-03-09,20000000,Feyenoord Rotterdam,234.0,NL1
151470,2018-02-07,3000000,SC Braga,3368.0,ES1
460683,2023-06-23,100000,Rochdale AFC,985.0,GB1
486477,2019-06-10,800000,RSC Anderlecht,1010.0,GB1
66100,2018-05-28,12000000,Southampton FC,180.0,GB1
76467,2022-11-07,2500000,Villarreal CF,1050.0,ES1
133089,2023-08-22,500000,Sporting Kansas City,150.0,ES1
140579,2020-10-15,1000000,Norwich City,1123.0,GB1
314183,2022-10-27,6000000,West Bromwich Albion,984.0,GB1
466783,2020-07-23,500000,FC Barcelona B,2464.0,
399776,2022-06-03,50000000,Villarreal CF,1050.0,ES1
139449,2017-12-07,2500000,Sport Club Internacional,150.0,ES1
4063,2018-09-24,2000000,Middlesbrough FC,641.0,GB1
65263,2020-10-08,3500000,Real Valladolid CF,366.0,ES1
314366,2020-04-08,1300000,West Bromwich Albion,984.0,GB1
659813,2021-07-16,8000000,CA Talleres,3938.0,ARG1
380350,2019-12-12,3000000,SPAL,2722.0,IT1
37152,2016-09-01,3000000,Aston Villa,989.0,GB1
378710,2015-12-15,700000,América Futebol Clube (MG),2863.0,
361093,2023-12-19,45000000,Newcastle United,762.0,GB1
711377,2021-08-10,50000,Real Sociedad C,44822.0,
49755,2016-09-01,5000000,Brighton & Hove Albion,1132.0,GB1
207014,2021-12-23,6000000,Crystal Palace,873.0,GB1
263856,2019-12-10,5000000,Crystal Palace,150.0,ES1
15799,2015-07-01,26000000,Arsenal FC,11.0,GB1
48078,2018-05-28,6000000,Burnley FC,1132.0,GB1
10003,2016-02-09,2500000,Leicester City,1003.0,GB1
420808,2019-06-10,500000,Oud-Heverlee Leuven,2727.0,BE1
217144,2022-06-29,1000000,Málaga CF,1084.0,ES1
17129,2015-07-01,1500000,AC Milan,897.0,ES1
316264,2020-04-08,45000000,Real Sociedad,681.0,ES1
57488,2019-02-27,500000,Ipswich Town,405.0,GB1
283628,2019-09-25,7500000,SK Slavia Prague,62.0,TS1
634116,2021-08-10,50000,CD Subiza,331.0,ES1
27511,2016-06-01,16000000,Chelsea FC,873.0,GB1
51474,2018-01-01,1500000,Athletic Bilbao,5358.0,ES1
144028,2017-06-06,4000000,KRC Genk,1184.0,BE1
192765,2020-10-13,17500000,Tottenham Hotspur,148.0,GB1
67211,2016-09-01,2000000,Brighton & Hove Albion,1237.0,GB1
29152,2016-04-20,1500000,Blackburn Rovers,289.0,GB1
77760,2018-12-19,25000000,Tottenham Hotspur,148.0,GB1
87422,2019-06-25,600000,Apollon Limassol,289.0,GB1
282000,2017-02-02,150000,Burgos CF,13.0,ES1
65301,2019-06-29,500000,Elche CF,2448.0,ES1
636093,2020-10-08,50000,Celta Vigo B,8733.0,
212862,2020-10-08,15000000,Real Sociedad,681.0,ES1
291544,2020-02-27,7000000,Queens Park Rangers,1123.0,GB1
39004,2019-02-19,600000,CD Numancia,1050.0,ES1
30584,2016-02-22,2500000,Real Betis Balompié,150.0,ES1
707276,2023-06-30,100000,Recreativo Granada,21550.0,
718035,2021-01-07,150000,Deportivo Alavés B,1108.0,ES1
4063,2020-04-08,725000,Blackburn Rovers,641.0,GB1
270171,2021-06-30,7000000,Brentford FC,1148.0,GB1
158791,2016-07-15,600000,Spezia Calcio,3368.0,ES1
163744,2022-06-15,7000000,Southampton FC,180.0,GB1
58001,2020-01-06,300000,Omonia Nicosia,367.0,ES1
46413,2018-06-07,1500000,FC Crotone,4083.0,IT1
12691,2016-08-01,2000000,West Ham United,379.0,GB1
571079,2023-06-30,200000,CF Badalona Futur,1244.0,ES1
599263,2020-10-08,300000,Valencia Mestalla,1049.0,ES1
243715,2019-12-20,500000,Girona FC,12321.0,ES1
861981,2023-06-12,2500000,Genoa CFC,252.0,IT1
25557,2015-07-01,40000000,Real Madrid,418.0,ES1
121483,2018-10-31,80000000,Atlético de Madrid,13.0,ES1
74230,2017-06-05,15000000,Sevilla FC,368.0,ES1
71020,2017-02-02,250000,Atlético Baleares,1123.0,GB1
236953,2015-09-24,3500000,Leeds United,399.0,GB1
495627,2023-06-30,100000,Real Avilés Industrial,940.0,ES1
468700,2020-04-08,475000,Granada CF,16795.0,ES1
67283,2016-02-09,500000,Leicester City,1110.0,GB1
175773,2020-04-08,300000,Odisha FC,1049.0,ES1
73076,2016-10-27,150000,CD Alcoyano,993.0,ES1
101682,2022-10-27,1000000,Millwall FC,1110.0,GB1
171260,2017-02-20,500000,Swansea City,2288.0,GB1
429014,2018-08-13,1000000,Wolverhampton Wanderers,543.0,GB1
193098,2016-02-22,800000,Elche CF,1531.0,ES1
378954,2018-12-21,7500000,Sevilla FC,368.0,ES1
547248,2021-12-30,200000,Villarreal CF B,11972.0,
122223,2017-02-20,2500000,Hull City,2288.0,GB1
162056,2019-06-11,4000000,SD Huesca,5358.0,ES1
982007,2022-06-29,25000,Real Sociedad C,44822.0,
399776,2021-05-31,50000000,Villarreal CF,1050.0,ES1
406558,2021-06-08,2000000,Fulham FC,931.0,GB1
232964,2022-11-03,1800000,AFC Bournemouth,989.0,GB1
95435,2020-10-13,1200000,Crystal Palace,873.0,GB1
127108,2015-07-01,800000,Girona FC,12321.0,ES1
533913,2021-06-08,200000,Leeds United,399.0,GB1
309007,2021-01-08,200000,Algeciras CF,993.0,ES1
909758,2023-07-04,4000000,AA Argentinos Juniors,1030.0,ARG1
510325,2021-01-07,100000,CD Ebro,897.0,ES1
51559,2019-02-19,100000,Pontevedra CF,1533.0,ES1
448344,2017-02-02,400000,RCD Espanyol B,10773.0,
60444,2018-12-18,60000000,Bayern Munich,27.0,L1
72201,2017-01-24,300000,Elche CF,2448.0,ES1
126737,2015-07-01,7000000,Southampton FC,180.0,GB1
346478,2020-02-11,8000000,Tottenham Hotspur,148.0,GB1
73067,2016-04-20,2500000,Middlesbrough FC,641.0,GB1
331508,2018-09-03,100000,FC Barcelona B,131.0,ES1
365172,2018-06-14,700000,Red Bull Salzburg,1003.0,GB1
627294,2023-06-14,3000000,Villarreal CF B,1050.0,ES1
709969,2022-12-29,3000000,FC Barcelona Atlètic,2464.0,
502722,2019-07-05,200000,FC Liefering,37024.0,
298276,2018-06-30,200000,Extremadura UD,331.0,ES1
59335,2018-05-30,400000,Racing Santander,13.0,ES1
222830,2019-01-14,2750000,FK Partizan Belgrade,631.0,GB1
337946,2022-06-29,800000,Girona FC,2687.0,ES1
197131,2016-02-22,400000,CD Mirandés,681.0,ES1
37526,2018-05-28,7000000,West Ham United,379.0,GB1
721660,2022-09-26,50000,Real Sociedad C,44822.0,
35416,2020-07-30,2000000,Sheffield United,350.0,GB1
826224,2023-03-23,15000000,Girona FC,12321.0,ES1
357162,2022-11-01,15000000,SL Benfica,294.0,PO1
4267,2017-05-24,1250000,Colorado Rapids,29.0,GB1
526050,2022-08-18,1000000,Minnesota United FC,56089.0,MLS1
121990,2016-11-28,1500000,Fluminense Football Club,11.0,GB1
199323,2017-06-05,100000,Villarreal CF B,1050.0,ES1
139208,2017-06-28,30000000,Southampton FC,180.0,GB1
66219,2021-06-30,1000000,Swansea City,2288.0,GB1
396337,2020-07-23,300000,Elche CF,13.0,ES1
118535,2018-02-27,1000000,Hull City,3008.0,GB1
718580,2021-06-30,100000,Betis Deportivo Balompié,150.0,ES1
348549,2017-08-17,300000,AD Almudévar,13.0,ES1
59561,2022-11-07,7000000,Villarreal CF,1050.0,ES1
221311,2023-06-13,800000,Real Valladolid CF,366.0,ES1
54383,2021-11-24,4000000,Sheffield United,350.0,GB1
67866,2020-06-27,1400000,Puebla FC,16795.0,ES1
610849,2022-09-14,7000000,Stoke City,512.0,GB1
307805,2019-09-07,250000,Recreativo Granada,1084.0,ES1
378710,2017-08-16,7000000,Watford FC,1010.0,GB1
262300,2020-02-27,3000000,Queens Park Rangers,1039.0,GB1
71601,2015-01-23,100000,SD Eibar,1533.0,ES1
450050,2019-01-08,1000000,RC Lens,826.0,FR1
711999,2023-12-19,25000000,Chelsea FC,631.0,GB1
69912,2019-01-16,250000,AIK Solna,1010.0,GB1
291544,2019-06-13,6000000,West Ham United,1123.0,GB1
329648,2021-01-07,150000,SD Ejea,368.0,ES1
355629,2019-06-29,300000,AD Alcorcón,366.0,ES1
253677,2023-06-20,22000000,Aston Villa,405.0,GB1
413220,2022-06-15,25000000,Leicester City,1003.0,GB1
139435,2020-10-08,1200000,RCD Mallorca,237.0,ES1
346314,2022-11-03,22000000,Chelsea FC,631.0,GB1
531679,2021-11-24,5000000,Swansea City,985.0,GB1
34870,2021-06-10,1200000,Granada CF,3368.0,ES1
406634,2020-04-08,450000,Fulham FC,931.0,GB1
314241,2022-10-27,2200000,Stoke City,512.0,GB1
330659,2022-03-23,15000000,OGC Nice,417.0,FR1
111873,2022-12-23,28000000,Aston Villa,405.0,GB1
33754,2016-04-20,1500000,Queens Park Rangers,1003.0,GB1
312017,2020-02-02,4000000,El Ahly Cairo,1110.0,GB1
136501,2022-06-10,1000000,Tuzlaspor,603.0,GB1
61644,2015-02-12,6000000,Newcastle United,703.0,GB1
165008,2019-06-29,300000,Hércules CF,1050.0,ES1
31835,2021-12-23,1000000,West Ham United,379.0,GB1
59344,2020-10-08,12000000,Real Sociedad,681.0,ES1
337946,2021-12-27,800000,Girona FC,2687.0,ES1
198400,2021-06-24,400000,AD Alcorcón,16795.0,ES1
374139,2018-01-01,100000,Real Betis Balompié,150.0,ES1
466807,2023-06-14,1000000,FC Andorra,10718.0,
205562,2019-02-28,50000000,Atlético de Madrid,13.0,ES1
652330,2023-12-20,300000,Real Madrid Castilla,6767.0,
401922,2018-12-21,5000000,Villarreal CF,1050.0,ES1
99353,2016-10-27,1000000,Girona FC,12321.0,ES1
44065,2019-06-11,3000000,RCD Espanyol Barcelona,714.0,ES1
26399,2016-08-01,60000000,Manchester City,131.0,ES1
378710,2023-06-20,48000000,Tottenham Hotspur,148.0,GB1
258216,2022-05-13,1000000,Bristol City,1031.0,GB1
167721,2022-09-23,10000000,CA Osasuna,331.0,ES1
51559,2016-12-30,400000,AEL Limassol,1533.0,ES1
156799,2021-06-23,150000,FC Stade-Lausanne-Ouchy,621.0,ES1
533523,2021-06-08,500000,Brighton & Hove Albion U23,1237.0,GB1
38253,2021-02-10,60000000,Bayern Munich,27.0,L1
104962,2019-06-25,250000,FC Slovan Liberec,1071.0,GB1
61819,2015-02-24,750000,AFC Bournemouth,989.0,GB1
40428,2018-05-30,1000000,Málaga CF,1050.0,ES1
582717,2022-12-29,250000,San Fernando CD,150.0,ES1
140436,2020-04-08,8000000,RCD Espanyol Barcelona,714.0,ES1
209781,2015-02-23,5500000,Lokomotiv Moskau,29.0,GB1
520840,2023-03-23,3000000,RCD Mallorca,237.0,ES1
242631,2018-01-02,10000000,Arsenal FC,11.0,GB1
33507,2021-11-24,1000000,Birmingham City,1132.0,GB1
12693,2015-02-27,500000,Fleetwood Town,873.0,GB1
394327,2018-06-04,3500000,Olympique Marseille,244.0,FR1
291544,2020-04-08,5500000,Queens Park Rangers,1123.0,GB1
44073,2021-01-08,600000,Real Zaragoza,1084.0,ES1
109751,2023-06-01,1000000,Norwich City,1123.0,GB1
469064,2022-09-14,900000,Stoke City,512.0,GB1
475416,2021-11-24,1500000,Huddersfield Town,1110.0,GB1
206225,2023-03-24,4000000,Norwich City,1123.0,GB1
407021,2017-06-21,200000,HB Köge,23297.0,
480763,2022-11-07,25000000,Villarreal CF,1050.0,ES1
197545,2023-06-13,1800000,Athletic Bilbao,621.0,ES1
576314,2021-03-09,2200000,SC Heerenveen,306.0,NL1
365172,2017-12-13,500000,Red Bull Salzburg,1003.0,GB1
56067,2019-06-11,4000000,RCD Espanyol Barcelona,1531.0,ES1
12628,2016-05-30,250000,Southend United,1032.0,GB1
126716,2015-11-22,25000000,Valencia CF,1050.0,ES1
404632,2020-07-10,250000,FC Fastav Zlin,1050.0,ES1
250478,2021-06-08,17000000,Aston Villa,405.0,GB1
169497,2021-01-05,2500000,CA Osasuna,331.0,ES1
67283,2020-10-15,400000,Huddersfield Town,1110.0,GB1
61841,2020-04-08,7000000,AFC Bournemouth,989.0,GB1
351478,2016-07-15,8000000,Real Sociedad,681.0,ES1
512175,2022-05-13,600000,Hull City,1237.0,GB1
122223,2016-08-01,1500000,Hull City,2288.0,GB1
250845,2021-03-19,60000000,Atlético de Madrid,13.0,ES1
70245,2021-12-27,1000000,SD Huesca,5358.0,ES1
35548,2020-03-02,125000,Club Cerro Porteño,2448.0,ES1
85941,2021-12-22,6000000,Arminia Bielefeld,10.0,L1
85301,2022-12-29,100000,UE Olot,1050.0,ES1
189453,2020-03-05,4000000,CD Leganés,3709.0,ES1
853290,2021-08-12,25000,SD Huesca B,5358.0,ES1
2514,2017-12-05,3000000,Chicago Fire,985.0,GB1
62913,2017-06-05,1800000,Sporting Gijón,331.0,ES1
668313,2023-10-13,100000,Real Sociedad C,44822.0,
58330,2018-01-01,1200000,Granada CF,16795.0,ES1
186796,2019-09-10,150000,UD Melilla,3302.0,ES1
331508,2021-01-08,400000,CD Castellón,131.0,ES1
108390,2020-03-05,60000000,Real Madrid,418.0,ES1
140579,2015-07-01,8000000,Borussia Mönchengladbach,1123.0,GB1
374081,2019-06-30,500000,Racing Santander,331.0,ES1
412616,2017-08-01,750000,Dinamo Tbilisi,1010.0,GB1
15956,2016-02-09,20000000,Manchester City,281.0,GB1
195604,2020-04-08,550000,Without Club,367.0,ES1
549027,2023-06-28,1300000,SL Benfica B,10330.0,
99924,2017-01-24,700000,CA Osasuna,331.0,ES1
249126,2023-06-15,10000000,UC Sampdoria,1038.0,IT1
146488,2019-06-28,250000,Sheffield United,405.0,GB1
295082,2017-02-02,250000,Bilbao Athletic,621.0,ES1
249089,2019-06-13,20000000,AFC Bournemouth,989.0,GB1
655880,2021-11-24,300000,Huddersfield Town,379.0,GB1
319541,2018-01-01,500000,Lorca FC,150.0,ES1
139859,2019-02-19,200000,Hércules CF,3709.0,ES1
86202,2017-01-02,15000000,AS Roma,12.0,IT1
61561,2016-09-01,2750000,Sheffield Wednesday,873.0,GB1
81988,2016-07-15,4000000,SD Eibar,1533.0,ES1
129495,2018-05-30,200000,CD Toledo,142.0,ES1
186796,2023-02-06,375000,Union Touarga Sportif,3302.0,ES1
357147,2021-03-23,10000000,AC Milan,5.0,IT1
339816,2022-06-03,3000000,Elche CF,1531.0,ES1
198861,2023-04-06,300000,Northampton Town,180.0,GB1
284763,2016-08-01,100000,Leicester City,1003.0,GB1
473050,2023-06-20,25000000,Brentford FC,1148.0,GB1
48294,2020-04-08,400000,Real Oviedo,3302.0,ES1
455661,2022-12-08,600000,SV 07 Elversberg,64.0,
286849,2016-07-15,300000,SD Eibar,1533.0,ES1
175448,2019-06-29,200000,Atlético Levante UD,3368.0,ES1
260230,2018-01-01,300000,FC Barcelona B,366.0,ES1
37526,2020-08-26,2000000,Sporting Kansas City,379.0,GB1
418560,2020-04-08,72000000,Borussia Dortmund,16.0,L1
73782,2023-12-07,300000,CD América de Cali,2352.0,COL1
973085,2023-06-27,5000000,LOSC Lille,1082.0,FR1
341092,2018-06-07,45000000,ACF Fiorentina,430.0,IT1
121990,2018-05-23,1000000,Sport Club Internacional,11.0,GB1
44373,2015-01-23,10000000,Atlético de Madrid,1049.0,ES1
128901,2019-06-13,10000000,Wolverhampton Wanderers,543.0,GB1
8176,2020-11-23,600000,RCD Espanyol Barcelona,714.0,ES1
431755,2022-11-03,50000000,Tottenham Hotspur,148.0,GB1
137162,2020-02-11,100000,CD Tudelano,150.0,ES1
108390,2015-02-12,30000000,Chelsea FC,631.0,GB1
346478,2023-10-18,5000000,FC Augsburg,167.0,L1
44700,2016-01-01,200000,Without Club,150.0,ES1
365108,2019-10-07,1000000,FC Lausanne-Sport,527.0,C1
67063,2022-09-15,6000000,Brighton & Hove Albion,1237.0,GB1
95810,2016-08-01,6000000,Tottenham Hotspur,148.0,GB1
895331,2023-10-13,500000,Betis Deportivo Balompié,2865.0,
739443,2023-06-05,4000000,Ludogorets Razgrad,31614.0,
65266,2020-10-08,300000,UD Logroñés,237.0,ES1
29065,2015-01-23,1500000,Córdoba CF,993.0,ES1
13997,2016-08-05,50000,Exeter City,180.0,GB1
290533,2018-06-04,3000000,FC Toulouse,2687.0,ES1
108390,2021-12-30,65000000,Real Madrid,418.0,ES1
60444,2022-11-03,18000000,Liverpool FC,31.0,GB1
67416,2018-09-24,4000000,Aston Villa,405.0,GB1
351746,2021-06-10,300000,NK Istra 1961,1108.0,ES1
44674,2021-04-21,1500000,CF América,1050.0,ES1
57842,2018-01-02,3000000,Huddersfield Town,1110.0,GB1
308632,2021-11-24,1200000,Blackpool FC,29.0,GB1
346707,2020-04-08,17500000,Newcastle United,762.0,GB1
37712,2019-06-11,3000000,Sevilla FC,368.0,ES1
422460,2018-05-30,200000,Real Madrid Castilla,1049.0,ES1
343052,2023-06-27,18000000,OGC Nice,417.0,FR1
40423,2018-12-19,2500000,Manchester City,281.0,GB1
111114,2021-12-23,1000000,Burnley FC,1132.0,GB1
227805,2023-12-22,1000000,Valencia CF,1049.0,ES1
118997,2018-01-01,800000,CD Numancia,2296.0,
128901,2015-02-24,750000,Huddersfield Town,1110.0,GB1
48411,2016-08-05,200000,Crewe Alexandra,1003.0,GB1
349503,2023-06-09,2000000,Ipswich Town,677.0,GB1
339340,2021-03-09,6000000,Feyenoord Rotterdam,234.0,NL1
339340,2022-11-03,22000000,Manchester United,985.0,GB1
73222,2021-01-08,50000,UE Olot,12321.0,ES1
434223,2020-10-15,2000000,Norwich City,1123.0,GB1
92109,2018-02-27,2500000,Middlesbrough FC,512.0,GB1
223068,2023-01-24,350000,Churchill Brothers FC,472.0,ES1
311287,2018-01-01,500000,FC Barcelona B,1533.0,ES1
162039,2018-05-30,300000,CF Reus Deportiu,131.0,ES1
181779,2016-01-04,1500000,Carpi FC 1909,631.0,GB1
452483,2019-07-05,75000,FC Liefering,37024.0,
227954,2018-05-30,300000,CF Talavera de la Reina,367.0,ES1
61653,2016-05-30,450000,Barnsley FC,405.0,GB1
34559,2017-02-27,1000000,Cardiff City,603.0,GB1
166666,2022-03-21,200000,Zamora CF,131.0,ES1
49501,2015-07-01,2300000,FC Ingolstadt 04,1110.0,GB1
107617,2017-06-02,500000,FC Sheriff Tiraspol,512.0,GB1
176591,2016-07-15,1200000,SD Eibar,1108.0,ES1
156799,2016-02-22,400000,CD Leganés,621.0,ES1
246963,2021-11-24,1000000,Barnsley FC,349.0,
85928,2015-02-12,500000,Burnley FC,1132.0,GB1
29158,2017-04-21,750000,Bolton Wanderers,603.0,GB1
336869,2018-10-01,10000000,RCD Espanyol Barcelona,714.0,ES1
43084,2015-09-24,500000,Leeds United,399.0,GB1
85177,2020-04-08,8000000,Liverpool FC,31.0,GB1
92571,2017-06-28,12000000,West Ham United,379.0,GB1
69611,2021-01-07,150000,Salamanca CF UDS,3368.0,ES1
153427,2015-07-01,2000000,SL Benfica,294.0,PO1
45861,2019-10-16,4000000,Stoke City,512.0,GB1
213260,2019-12-20,5000000,CA Osasuna,331.0,ES1
337781,2020-10-08,300000,CD Castellón,3368.0,ES1
343052,2018-01-24,8000000,LOSC Lille,1082.0,FR1
396107,2023-06-14,500000,CD Tenerife,368.0,ES1
880245,2022-11-01,1500000,Sporting CP B,10949.0,
583510,2019-12-20,100000,CF Fuenlabrada,16486.0,
95795,2018-07-14,300000,FC Slovan Liberec,697.0,TS1
181498,2021-11-24,1200000,Millwall FC,281.0,GB1
341278,2020-02-11,300000,Villarreal CF B,11972.0,
598765,2022-01-01,3000000,Club Nacional,866.0,
766552,2023-10-13,300000,Sevilla Atlético,8519.0,
354359,2018-01-01,150000,CD Vitoria,1533.0,ES1
58115,2019-06-11,1500000,Real Valladolid CF,1533.0,ES1
120629,2015-01-14,3000000,SC Bastia,595.0,FR1
111961,2017-12-29,25000000,AC Milan,5.0,IT1
67369,2019-06-29,1200000,Sporting Gijón,1032.0,GB1
356196,2016-08-01,100000,RCD Espanyol B,714.0,ES1
281755,2021-12-30,800000,Cádiz CF,2687.0,ES1
456292,2023-04-05,300000,Bristol Rovers,2455.0,
133089,2020-04-08,1400000,Sporting Kansas City,150.0,ES1
260230,2018-05-30,300000,Real Valladolid B,366.0,ES1
764859,2023-03-23,4000000,Celta de Vigo,940.0,ES1
44069,2016-07-15,6000000,Deportivo de La Coruña,5358.0,ES1
35413,2021-06-30,1200000,Nottingham Forest,989.0,GB1
290249,2016-11-01,1500000,FC Girondins Bordeaux,40.0,FR1
240306,2019-01-11,30000000,Sporting CP,336.0,PO1
461866,2021-06-30,150000,UD Ibiza,368.0,ES1
581330,2021-11-24,50000,Derby County U23,39337.0,
73180,2018-01-01,500000,CD Leganés,5358.0,ES1
125781,2017-01-24,80000000,Atlético de Madrid,13.0,ES1
406635,2019-03-05,25000000,Manchester City,281.0,GB1
340329,2022-09-15,25000000,Newcastle United,762.0,GB1
23338,2020-07-23,100000,Girona FC,1533.0,ES1
92571,2020-10-13,6500000,West Ham United,379.0,GB1
534379,2023-06-14,1800000,UD Las Palmas,472.0,ES1
595809,2020-02-11,200000,Portimonense SAD,7378.0,PO1
77737,2018-06-06,5000000,Wolverhampton Wanderers,1050.0,ES1
406040,2022-06-15,10000000,Leicester City,1003.0,GB1
503987,2021-03-09,14000000,PSV Eindhoven,383.0,NL1
128909,2016-09-01,1000000,Queens Park Rangers,1039.0,GB1
124419,2016-12-21,500000,Panathinaikos,265.0,GR1
320466,2023-06-30,200000,Atlético Baleares,1049.0,ES1
142027,2016-02-22,400000,Real Oviedo,366.0,ES1
36859,2018-09-24,750000,Sheffield United,350.0,GB1
520651,2022-07-29,350000,Morecambe FC,3697.0,
668276,2021-12-22,1500000,RB Leipzig,23826.0,L1
552425,2018-03-03,50000,CA Osasuna Promesas,8516.0,
209781,2023-04-05,350000,Morecambe FC,29.0,GB1
413459,2020-07-31,450000,FC Wil 1900,16795.0,ES1
57876,2019-06-29,300000,AD Alcorcón,897.0,ES1
14086,2016-08-01,10000000,Manchester United,985.0,GB1
217115,2021-03-18,20000000,Brighton & Hove Albion,1237.0,GB1
47768,2020-02-27,750000,Millwall FC,1032.0,GB1
66923,2019-09-12,5000000,Sheffield United,350.0,GB1
495625,2021-02-19,400000,Real Madrid Castilla,6767.0,
339816,2017-08-17,200000,Gimnàstic de Tarragona,5648.0,
157368,2018-01-02,8000000,Huddersfield Town,1110.0,GB1
571020,2022-03-21,15000000,Athletic Bilbao,621.0,ES1
444208,2023-06-01,5000000,Swansea City,2288.0,GB1
37011,2020-04-08,725000,Swansea City,2288.0,GB1
203460,2023-06-20,75000000,Manchester City,281.0,GB1
631223,2021-06-30,200000,Recreativo Granada,16795.0,ES1
615636,2022-03-22,600000,NK Istra 1961,1108.0,ES1
538006,2022-06-29,200000,Betis Deportivo Balompié,2865.0,
636688,2023-03-23,30000000,FC Barcelona,131.0,ES1
258889,2019-06-13,18000000,AFC Bournemouth,989.0,GB1
622988,2021-06-30,100000,Valencia Mestalla,6182.0,
286841,2022-06-29,100000,CE Sabadell FC,1531.0,ES1
271451,2018-05-30,600000,Cádiz CF,131.0,ES1
58497,2021-06-24,100000,Rayo Vallecano,367.0,ES1
930415,2023-12-20,150000,Atlético Madrileño,3679.0,
35047,2015-02-23,28000000,Zenit St. Petersburg,964.0,RU1
68390,2016-08-01,17000000,Everton FC,29.0,GB1
491541,2019-06-29,50000,CD Teruel,5358.0,ES1
108725,2021-06-08,8000000,Burnley FC,1132.0,GB1
111455,2015-02-04,13000000,Borussia Mönchengladbach,18.0,L1
43266,2016-06-01,1500000,Reading FC,3008.0,GB1
96540,2016-02-22,1000000,RCD Mallorca,472.0,ES1
57410,2015-07-01,750000,AFC Bournemouth,989.0,GB1
73636,2020-04-08,1000000,Al-Ahli SC,714.0,ES1
37337,2017-12-01,5500000,Guizhou Hengfeng,367.0,ES1
662261,2023-12-22,3000000,Deportivo Alavés,1108.0,ES1
59551,2017-06-05,1000000,UD Las Palmas,16795.0,ES1
144028,2015-05-16,500000,Lommel United,5026.0,
73482,2021-06-30,1200000,Stoke City,405.0,GB1
382554,2022-05-13,4000000,Stoke City,512.0,GB1
53231,2021-08-12,200000,Botafogo de Futebol e Regatas,873.0,GB1
215876,2019-12-10,40000000,Leicester City,1003.0,GB1
527350,2020-04-08,4800000,Valencia CF,1049.0,ES1
92109,2016-04-20,750000,Birmingham City,512.0,GB1
394327,2021-06-04,37000000,Olympique Marseille,244.0,FR1
94308,2016-07-15,1000000,AD Alcorcón,11596.0,
51559,2016-02-22,800000,SD Huesca,1533.0,ES1
16635,2015-07-01,18000000,Atlético de Madrid,13.0,ES1
58576,2017-02-22,8000000,FC Porto,1050.0,ES1
102258,2018-12-19,5000000,Burnley FC,1132.0,GB1
387626,2016-10-20,12500000,KRC Genk,1184.0,BE1
111419,2022-06-08,150000,Yverdon Sport FC,11.0,GB1
208890,2018-05-30,1000000,Málaga CF,3368.0,ES1
336869,2019-12-20,20000000,RCD Espanyol Barcelona,714.0,ES1
495033,2022-06-15,300000,Manchester United U23,985.0,GB1
249873,2021-06-30,2500000,Brentford FC,1148.0,GB1
410708,2020-10-13,750000,Leeds United,399.0,GB1
299715,2018-12-21,100000,Levante UD,3368.0,ES1
314353,2020-10-13,110000000,Liverpool FC,31.0,GB1
424042,2020-12-29,4000000,Udinese Calcio,410.0,IT1
184218,2019-07-25,300000,FC Honka,368.0,ES1
191866,2019-06-29,250000,Real Murcia CF,1531.0,ES1
177847,2020-04-08,9500000,Real Sociedad,681.0,ES1
226965,2017-02-20,250000,Southampton FC,180.0,GB1
162029,2021-03-18,3000000,Newcastle United,762.0,GB1
56134,2017-06-05,1500000,RCD Espanyol Barcelona,1050.0,ES1
182904,2018-01-01,15000000,Sevilla FC,368.0,ES1
75067,2021-03-18,7000000,Leeds United,399.0,GB1
431755,2019-10-08,6000000,Parma Calcio 1913,130.0,IT1
27374,2018-05-30,4000000,Deportivo de La Coruña,150.0,ES1
100722,2018-05-30,500000,RCD Mallorca,237.0,ES1
193116,2023-12-19,30000000,Aston Villa,405.0,GB1
225462,2015-01-23,600000,Levante UD,3368.0,ES1
207922,2017-06-29,400000,Gimnàstic de Tarragona,366.0,ES1
482836,2020-07-10,400000,Slovan Bratislava,641.0,GB1
338286,2019-02-19,150000,Bilbao Athletic,621.0,ES1
834483,2022-09-26,100000,Bilbao Athletic,6688.0,
271451,2018-01-01,600000,Cádiz CF,131.0,ES1
349873,2021-06-24,400000,CE Sabadell FC,940.0,ES1
225459,2020-11-23,400000,Real Oviedo,142.0,ES1
404839,2021-12-30,2000000,Real Madrid,418.0,ES1
251892,2020-10-08,1600000,Málaga CF,1084.0,ES1
203496,2018-10-24,65000000,Olympique Lyon,1041.0,FR1
274347,2023-04-01,700000,Bandirmaspor,13.0,ES1
262391,2017-06-05,300000,RCD Espanyol B,714.0,ES1
953901,2022-11-12,150000,Racing Club de Montevideo,14758.0,
156840,2015-07-01,200000,Real Oviedo,621.0,ES1
37304,2017-02-20,10000000,Southampton FC,180.0,GB1
62638,2017-09-18,3000000,Bristol City,405.0,GB1
607224,2023-10-09,12000000,Manchester United,985.0,GB1
66100,2023-12-22,3000000,FC Barcelona,131.0,ES1
320220,2021-03-24,75000,Dartford FC,873.0,GB1
394694,2017-06-30,200000,Racing Santander,630.0,
7923,2017-01-24,400000,Rayo Vallecano,367.0,ES1
503679,2023-12-05,1800000,Aberdeen FC,370.0,SC1
547248,2023-10-13,800000,Villarreal CF B,11972.0,
844637,2023-06-14,1000000,Levante UD,3368.0,ES1
73319,2021-06-24,100000,FC Cartagena,681.0,ES1
233124,2016-04-20,500000,Wolverhampton Wanderers,543.0,GB1
133794,2019-08-13,3000000,CD Cruz Azul,1108.0,ES1
517753,2021-01-08,800000,Rayo Vallecano,367.0,ES1
54275,2015-02-01,1750000,FC Goa,11.0,GB1
74954,2021-06-30,100000,Burgos CF,1533.0,ES1
633992,2023-03-27,15000000,FC Lorient,1158.0,FR1
225459,2016-07-15,500000,CD Lugo,142.0,ES1
355397,2015-04-06,200000,AD Alcorcón B,940.0,ES1
205562,2020-11-23,15000000,Atlético de Madrid,13.0,ES1
1056655,2022-12-29,25000,RCD Mallorca B,8494.0,
455349,2022-06-29,4000000,Real Valladolid CF,621.0,ES1
142310,2023-12-19,2500000,Nottingham Forest,703.0,GB1
363057,2018-01-01,200000,Real Sporting de Gijón B,12331.0,
62642,2016-04-20,750000,Blackburn Rovers,405.0,GB1
119622,2019-02-19,400000,Córdoba CF,1533.0,ES1
67355,2019-02-27,2500000,Stoke City,29.0,GB1
268258,2015-11-20,400000,AD Alcorcón,1533.0,ES1
245056,2015-06-15,200000,FK Partizan Belgrade,669.0,SER1
86175,2022-01-14,1600000,Cerezo Osaka,368.0,ES1
424051,2021-12-16,5500000,FC Girondins Bordeaux,1010.0,GB1
203043,2019-06-11,3000000,SD Eibar,1533.0,ES1
57818,2020-04-08,400000,Qarabağ FK,3709.0,ES1
455348,2022-06-29,200000,Bilbao Athletic,621.0,ES1
78966,2018-09-24,2000000,Middlesbrough FC,641.0,GB1
58341,2017-01-24,500000,UD Las Palmas,5358.0,ES1
344830,2021-06-07,4000000,Club Brugge KV,2282.0,BE1
170321,2018-12-19,3500000,Newcastle United,762.0,GB1
207922,2023-06-14,600000,Real Oviedo,366.0,ES1
618806,2021-01-08,150000,Atlético Levante UD,3368.0,ES1
7858,2016-04-04,750000,Maccabi Haifa,379.0,GB1
623024,2023-06-13,3000000,Valencia CF,1049.0,ES1
406040,2023-06-15,30000000,Atalanta BC,800.0,IT1
126321,2022-05-06,500000,Melbourne City FC,11.0,GB1
520651,2020-02-27,150000,Wigan Athletic,1071.0,GB1
303248,2023-10-13,200000,AD Ceuta FC,150.0,ES1
16635,2019-11-27,2500000,São Paulo Futebol Clube,13.0,ES1
289286,2022-12-29,1000000,FC Cartagena,681.0,ES1
429790,2022-05-30,700000,ESTAC Troyes,1095.0,FR1
142023,2021-12-27,500000,Burgos CF,621.0,ES1
91286,2015-10-16,1500000,Sheffield United,603.0,GB1
706815,2022-11-03,300000,Liverpool FC U21,9252.0,
71548,2019-06-11,2000000,SD Eibar,1533.0,ES1
371371,2020-03-03,25000000,Hellas Verona,276.0,IT1
72484,2023-06-14,100000,CD Lugo,1108.0,ES1
349836,2021-12-30,1500000,Elche CF,1531.0,ES1
598577,2023-03-29,85000000,Bayer 04 Leverkusen,15.0,L1
284857,2020-03-05,20000000,Getafe CF,3709.0,ES1
428948,2018-05-30,300000,Real Sociedad B,681.0,ES1
77757,2016-07-15,700000,KV Kortrijk,601.0,BE1
297257,2020-02-05,1200000,Celtic FC,371.0,SC1
420243,2020-01-17,900000,Ajax Amsterdam U21,8817.0,
13038,2016-07-16,1000000,FC Sion,1084.0,ES1
74857,2016-10-27,18000000,FC Barcelona,131.0,ES1
212847,2020-10-13,15000000,Brighton & Hove Albion,1237.0,GB1
93935,2017-06-05,7500000,Sevilla FC,366.0,ES1
156892,2015-07-01,100000,Real Betis Balompié,150.0,ES1
43530,2017-06-28,25000000,Liverpool FC,31.0,GB1
136501,2023-06-23,700000,Samsunspor,603.0,GB1
146509,2022-05-13,2500000,West Bromwich Albion,984.0,GB1
278357,2022-06-29,800000,UD Ibiza,940.0,ES1
298607,2018-05-30,400000,Sevilla Atlético,331.0,ES1
51587,2020-04-08,1400000,SD Eibar,1533.0,ES1
55742,2020-04-08,3500000,Fulham FC,931.0,GB1
16660,2020-04-08,400000,Doncaster Rovers,641.0,GB1
85349,2016-10-27,150000,CF Gavà,3368.0,ES1
3640,2016-04-20,500000,Huddersfield Town,603.0,GB1
371814,2019-08-07,1000000,VfB Stuttgart,79.0,L1
37337,2015-01-23,10000000,Atlético de Madrid,367.0,ES1
404584,2019-06-28,150000,Brentford FC,1148.0,GB1
554175,2021-10-13,300000,San Fernando CD,281.0,GB1
256178,2020-04-08,33500000,Liverpool FC,31.0,GB1
128969,2023-12-15,4000000,AZ Alkmaar,1090.0,NL1
636092,2019-11-21,50000,Celta de Vigo U19,940.0,ES1
71835,2015-04-13,400000,CD Leganés,1244.0,ES1
37442,2019-06-13,3500000,Leicester City,1003.0,GB1
293385,2021-07-15,50000000,RB Leipzig,23826.0,L1
51663,2019-12-20,800000,Girona FC,2687.0,ES1
349856,2021-12-30,800000,Levante UD,3368.0,ES1
141573,2017-02-27,750000,Wolverhampton Wanderers,1031.0,GB1
173504,2022-11-03,22000000,Everton FC,29.0,GB1
71107,2017-05-24,750000,Vancouver Whitecaps FC,512.0,GB1
13572,2017-06-28,4000000,West Bromwich Albion,1010.0,GB1
402002,2019-09-10,50000,Cádiz CF B,2687.0,ES1
218087,2020-04-08,2000000,Sheffield United,350.0,GB1
40612,2017-02-27,2500000,Leeds United,289.0,GB1
524000,2020-02-11,200000,Bilbao Athletic,6688.0,
183318,2020-10-13,14500000,Newcastle United,762.0,GB1
203617,2020-10-08,1200000,CD Leganés,1244.0,ES1
92572,2022-06-15,2000000,Crystal Palace,873.0,GB1
711382,2021-10-13,3000000,Real Sociedad B,9899.0,
21725,2018-05-30,8000000,Atlético de Madrid,13.0,ES1
314353,2017-02-20,500000,Liverpool FC,31.0,GB1
555500,2023-06-30,400000,CA Osasuna Promesas,8516.0,
501126,2021-06-30,100000,Real Valladolid Promesas,366.0,ES1
147490,2017-02-22,300000,Juventud de Las Piedras,1084.0,ES1
57800,2015-07-01,300000,Granada CF,16795.0,ES1
45256,2017-01-24,1800000,Sporting Gijón,2448.0,ES1
95963,2020-03-05,800000,Granada CF,16795.0,ES1
63494,2015-02-12,7500000,Tottenham Hotspur,148.0,GB1
48950,2015-09-24,10000000,Blackburn Rovers,641.0,GB1
500689,2021-04-15,1500000,FC Lausanne-Sport,527.0,C1
344015,2022-06-15,1200000,Liverpool FC,31.0,GB1
154059,2021-06-30,400000,Pontevedra CF,1533.0,ES1
501743,2020-04-08,625000,Yokohama FC,943.0,JAP1
245744,2021-12-22,2500000,VfL Bochum,80.0,L1
668179,2021-10-13,500000,Sevilla Atlético,8519.0,
33754,2017-02-27,2500000,Queens Park Rangers,1003.0,GB1
73547,2016-09-01,2500000,Brighton & Hove Albion,1237.0,GB1
606848,2022-12-29,100000,SD Amorebieta,1533.0,ES1
356195,2016-08-01,250000,Hull City,3008.0,GB1
326031,2019-06-12,75000000,Ajax Amsterdam,610.0,NL1
663264,2022-09-15,3000000,Leeds United,399.0,GB1
611075,2023-12-20,900000,FC Andorra,10718.0,
28336,2017-02-27,4500000,Aston Villa,873.0,GB1
235412,2023-03-23,2000000,Real Valladolid CF,142.0,ES1
249994,2015-07-01,1600000,CS Marítimo,1301.0,PO1
525247,2021-06-08,4500000,Wolverhampton Wanderers,543.0,GB1
54383,2015-02-27,500000,Coventry City,990.0,
1038950,2023-06-30,50000,Cádiz CF Mirandilla,11669.0,
58330,2015-09-08,400000,CD Leganés,1244.0,ES1
458466,2021-06-24,600000,CF Fuenlabrada,418.0,ES1
36827,2015-07-01,17000000,Chelsea FC,984.0,GB1
49755,2019-12-10,6000000,Brighton & Hove Albion,1132.0,GB1
136589,2015-09-24,1500000,Queens Park Rangers,1039.0,GB1
341228,2023-06-30,200000,Lleida Esportiu,13.0,ES1
13572,2017-02-20,4000000,West Bromwich Albion,1010.0,GB1
710479,2022-12-29,25000,UCAM Murcia CF,366.0,ES1
460939,2022-11-11,6000000,AZ Alkmaar,1090.0,NL1
44859,2019-02-15,250000,FC Pune City,940.0,ES1
263862,2017-02-02,300000,Córdoba CF B,1531.0,ES1
257376,2021-01-05,12000000,Granada CF,16795.0,ES1
28005,2015-07-01,1000000,FC Baniyas,3368.0,ES1
15164,2015-09-24,1500000,Sheffield Wednesday,289.0,GB1
127048,2023-12-21,2800000,Galatasaray,141.0,TR1
177907,2018-07-16,35000000,Leicester City,1003.0,GB1
258923,2016-08-01,7000000,Manchester United,985.0,GB1
263482,2022-05-25,9000000,Al-Duhail SC,12321.0,ES1
408471,2020-04-08,900000,Real Zaragoza,142.0,ES1
2963,2016-08-10,1000000,RCD Espanyol Barcelona,714.0,ES1
202984,2017-01-24,9000000,UD Las Palmas,366.0,ES1
71020,2016-04-20,500000,Rotherham United,1123.0,GB1
6893,2020-12-22,200000,FC Universitatea Cluj,984.0,GB1
284430,2021-01-05,1000000,Granada CF,16795.0,ES1
136589,2016-04-20,1000000,Queens Park Rangers,1039.0,GB1
330352,2019-06-29,700000,Real Zaragoza,1531.0,ES1
29712,2018-08-13,3000000,Wolverhampton Wanderers,543.0,GB1
238717,2023-05-10,400000,Bengaluru FC,2448.0,ES1
70898,2017-06-29,200000,Rayo Vallecano,367.0,ES1
715635,2021-03-19,50000,Getafe CF B,3709.0,ES1
184779,2019-06-29,300000,Elche CF,1531.0,ES1
89330,2015-07-01,400000,RCD Mallorca,681.0,ES1
151470,2023-10-25,600000,Without Club,3368.0,ES1
346289,2019-09-10,30000000,Valencia CF,1049.0,ES1
368635,2018-01-01,100000,Recreativo Granada,367.0,ES1
413262,2021-01-05,900000,Villarreal CF,1050.0,ES1
489359,2022-11-14,1800000,Fortuna Düsseldorf,38.0,L1
57500,2023-06-20,5000000,Chelsea FC,631.0,GB1
406634,2023-12-05,13000000,Celtic FC,371.0,SC1
1088817,2023-12-19,100000,Luton Town U21,92433.0,
46413,2015-12-28,1200000,FC Crotone,4083.0,IT1
353032,2023-06-13,4000000,Getafe CF,3709.0,ES1
128969,2017-10-23,5000000,Brighton & Hove Albion,1237.0,GB1
243879,2015-12-18,25000,FC Basel 1893 U21,5299.0,
43193,2019-06-28,1000000,Blackburn Rovers,1123.0,GB1
282410,2019-06-29,1000000,CD Lugo,714.0,ES1
52570,2018-10-17,12000000,Southampton FC,180.0,GB1
221076,2015-01-08,600000,AD Alcorcón,1084.0,ES1
127032,2023-06-20,8000000,Nottingham Forest,703.0,GB1
142389,2018-08-08,225000,Motherwell FC,987.0,SC1
29187,2015-01-08,400000,Recreativo Huelva,3368.0,ES1
118008,2015-01-23,800000,Córdoba CF,993.0,ES1
85288,2020-11-23,20000000,Real Madrid,418.0,ES1
221315,2022-11-07,1000000,Celta de Vigo,940.0,ES1
503981,2022-03-29,25000000,Southampton FC,180.0,GB1
162056,2017-01-24,700000,SD Huesca,5358.0,ES1
200782,2019-10-17,4500000,Hull City,31.0,GB1
43264,2016-10-27,5000000,Sevilla FC,368.0,ES1
44741,2021-05-29,400000,Ihud Bnei Sakhnin,1237.0,GB1
136501,2017-02-27,350000,Cardiff City,603.0,GB1
162038,2022-09-23,12000000,Rayo Vallecano,367.0,ES1
351809,2018-01-01,300000,Real Sociedad B,9899.0,
348026,2017-06-01,1500000,Montpellier HSC,969.0,FR1
433991,2022-06-15,800000,Manchester United U23,2288.0,GB1
206225,2021-06-08,10000000,Newcastle United,762.0,GB1
610083,2023-12-20,3000000,SD Eibar,1533.0,ES1
15220,2021-12-31,50000,Legia Warszawa,989.0,GB1
129515,2016-10-27,600000,UD Almería,3709.0,ES1
46110,2018-06-13,15000000,SL Benfica,1108.0,ES1
251877,2022-12-29,300000,Córdoba CF,150.0,ES1
27493,2020-10-08,400000,CD Leganés,1244.0,ES1
262226,2023-10-09,17000000,Fulham FC,931.0,GB1
413459,2020-04-08,450000,FC Wil 1900,16795.0,ES1
608832,2023-10-18,3000000,SC Freiburg,60.0,L1
334222,2021-06-10,3500000,Elche CF,1531.0,ES1
314341,2018-06-29,750000,SL Benfica B,11.0,GB1
157490,2021-11-24,2500000,Fulham FC,931.0,GB1
412045,2020-04-08,1300000,RCD Espanyol B,10773.0,
646353,2023-04-05,900000,Lincoln City,1198.0,
461617,2020-10-15,2300000,AFC Bournemouth,989.0,GB1
202981,2021-12-30,150000,Mérida AD,472.0,ES1
101682,2020-04-08,2000000,Derby County,1110.0,GB1
3881,2015-02-12,7000000,Liverpool FC,512.0,GB1
64484,2018-01-01,400000,Rayo Vallecano,367.0,ES1
5658,2016-08-01,12000000,Arsenal FC,11.0,GB1
1064402,2023-10-13,50000,Deportivo Alavés B,8880.0,
45305,2019-06-29,400000,Málaga CF,1084.0,ES1
36859,2019-12-10,300000,Sheffield United,350.0,GB1
485706,2023-10-09,50000000,Everton FC,29.0,GB1
144128,2019-05-22,525000,CD Universidad Católica,3277.0,
65237,2020-04-08,550000,Sporting Kansas City,940.0,ES1
743600,2023-07-25,15000000,Chelsea FC,631.0,GB1
70245,2019-12-20,1500000,Girona FC,12321.0,ES1
366930,2023-06-20,13000000,Manchester City,281.0,GB1
538006,2018-06-14,200000,FC Banants Yerevan,11411.0,
330352,2019-02-19,700000,Real Zaragoza,1531.0,ES1
262980,2023-06-20,20000000,AFC Bournemouth,989.0,GB1
560483,2019-12-20,700000,CF Fuenlabrada,16486.0,
101742,2016-10-27,1000000,UD Almería,3368.0,ES1
251877,2020-10-08,100000,Betis Deportivo Balompié,150.0,ES1
65237,2021-07-09,600000,Sporting Kansas City,940.0,ES1
520840,2018-06-30,50000,Córdoba CF B,12834.0,
130164,2018-01-02,20000000,Everton FC,29.0,GB1
71107,2019-05-27,750000,Atlanta United FC,512.0,GB1
35416,2020-04-08,1600000,Sheffield United,350.0,GB1
349066,2020-02-11,25000000,Real Sociedad,681.0,ES1
126731,2019-02-19,200000,Sporting Gijón,3709.0,ES1
65243,2021-05-14,250000,AEK Larnaca,714.0,ES1
314183,2020-04-08,6500000,Huddersfield Town,984.0,GB1
309400,2021-06-01,70000000,Chelsea FC,631.0,GB1
667121,2021-03-25,2000000,SC Braga U23,68077.0,
560483,2020-04-08,1600000,CF Fuenlabrada,16486.0,
503883,2020-10-16,400000,Club Brugge KV,2282.0,BE1
99349,2022-12-29,200000,Real Unión Club,714.0,ES1
351755,2019-10-17,1500000,West Bromwich Albion,984.0,GB1
262391,2022-12-29,800000,Real Zaragoza,714.0,ES1
668276,2022-11-09,5000000,RB Leipzig,23826.0,L1
25248,2018-06-20,600000,Djurgårdens IF,984.0,GB1
654412,2022-06-02,700000,Le Havre AC,738.0,FR1
399776,2016-08-22,100000,Villarreal CF B,11972.0,
76273,2022-12-29,400000,CD Mirandés,1108.0,ES1
341110,2020-04-08,8000000,SL Benfica,294.0,PO1
183302,2019-02-27,2000000,Preston North End,989.0,GB1
36866,2016-08-01,1500000,Sunderland AFC,289.0,GB1
346483,2022-06-15,75000000,Chelsea FC,631.0,GB1
226012,2021-01-05,9000000,Getafe CF,3709.0,ES1
177065,2016-07-15,2500000,Córdoba CF,1237.0,GB1
311287,2021-11-09,1500000,FC Dallas,1533.0,ES1
358981,2023-06-30,150000,CD Estepona FS,16795.0,ES1
263627,2022-06-29,400000,Real Zaragoza,1108.0,ES1
20975,2015-02-27,400000,Barnsley FC,2288.0,GB1
339501,2023-03-22,550000,Austin FC,72309.0,MLS1
28810,2016-09-01,2000000,Queens Park Rangers,1039.0,GB1
52469,2016-02-22,8000000,Athletic Bilbao,621.0,ES1
15799,2018-01-02,5000000,Arsenal FC,11.0,GB1
340456,2021-10-04,18000000,Ajax Amsterdam,610.0,NL1
468198,2017-04-21,200000,Charlton Athletic,358.0,
349701,2020-10-13,3500000,Fulham FC,931.0,GB1
625660,2022-03-21,1000000,Real Sociedad B,9899.0,
262939,2020-04-08,1600000,Girona FC,12321.0,ES1
76467,2017-01-24,2500000,Deportivo Alavés,1108.0,ES1
242497,2015-04-13,700000,Girona FC,1108.0,ES1
225015,2019-06-11,800000,SD Huesca,2687.0,ES1
82873,2021-12-23,7000000,Brighton & Hove Albion,1237.0,GB1
373353,2021-12-27,400000,CD Tenerife,1050.0,ES1
533110,2019-06-29,100000,CF Peralada,12321.0,ES1
51226,2023-07-04,250000,CA San Lorenzo de Almagro,379.0,GB1
118732,2015-09-06,1250000,RC Lens,237.0,ES1
61841,2018-12-19,5000000,AFC Bournemouth,989.0,GB1
284454,2020-04-08,400000,SD Ponferradina,1084.0,ES1
362086,2016-08-01,250000,Real Murcia CF,171.0,
396337,2019-02-19,250000,Atlético de Madrid B,13.0,ES1
503990,2022-09-14,900000,Swansea City,2288.0,GB1
392771,2020-12-17,10000000,Sheffield United,350.0,GB1
63040,2019-06-29,1200000,CA Osasuna,331.0,ES1
537759,2023-06-14,300000,CD Mirandés,418.0,ES1
374082,2022-06-29,250000,CD Badajoz,331.0,ES1
326330,2023-10-13,90000000,FC Barcelona,131.0,ES1
904712,2023-06-16,100000,Quevilly Rouen Métropole,714.0,ES1
410225,2019-03-07,27000000,Stade Rennais FC,273.0,FR1
122011,2022-12-09,1000000,Rosenborg BK,3008.0,GB1
282672,2019-12-20,600000,UD Las Palmas,472.0,ES1
412045,2021-12-27,800000,Girona FC,12321.0,ES1
593482,2022-05-30,3000000,Angers SCO,1420.0,FR1
340339,2017-01-24,300000,CD Tenerife,1244.0,ES1
288255,2017-10-26,5500000,Ajax Amsterdam,610.0,NL1
61832,2022-10-27,900000,West Bromwich Albion,984.0,GB1
392768,2021-12-23,32000000,Chelsea FC,631.0,GB1
28984,2017-02-27,1250000,Cardiff City,603.0,GB1
184129,2016-08-05,100000,Accrington Stanley,3688.0,
407021,2019-10-17,1000000,Barnsley FC,349.0,
41416,2022-11-03,700000,Crystal Palace,873.0,GB1
463605,2022-06-02,3000000,FC Toulouse,415.0,FR1
58789,2016-07-15,600000,Elche CF,331.0,ES1
142420,2018-05-30,300000,Atlético Baleares,3709.0,ES1
33027,2021-05-27,2500000,Norwich City,1123.0,GB1
45395,2018-09-24,5000000,Middlesbrough FC,1123.0,GB1
391045,2021-12-30,50000,CP Cacereño,5358.0,ES1
693095,2021-11-24,1000000,Hull City,3008.0,GB1
35413,2022-05-13,600000,Nottingham Forest,989.0,GB1
72476,2017-12-28,14000000,Bayer 04 Leverkusen,15.0,L1
37526,2019-12-10,5000000,West Ham United,379.0,GB1
91340,2022-05-13,300000,Luton Town,1031.0,GB1
85365,2017-01-24,500000,Córdoba CF,1050.0,ES1
234803,2021-12-23,65000000,Liverpool FC,31.0,GB1
35448,2015-07-01,1000000,Deportivo de La Coruña,897.0,ES1
27505,2018-06-20,600000,Malmö FF,984.0,GB1
251896,2023-12-22,1500000,Granada CF,16795.0,ES1
667287,2022-06-24,500000,AIK,272.0,SE1
76032,2018-01-01,400000,Cultural Leonesa,237.0,ES1
411537,2020-01-17,750000,NEC Nijmegen,467.0,NL1
646738,2022-11-03,7000000,Southampton FC,180.0,GB1
85295,2018-06-04,1000000,FC Metz,347.0,FR1
298613,2017-02-02,100000,CA Osasuna Promesas,331.0,ES1
37917,2021-10-28,500000,Without Club,1244.0,ES1
724785,2023-06-01,2800000,Norwich City,1123.0,GB1
71394,2018-05-30,2000000,Sporting Gijón,2448.0,ES1
38145,2020-04-08,1600000,Watford FC,1010.0,GB1
59323,2015-01-23,4000000,RCD Espanyol Barcelona,714.0,ES1
212730,2017-02-02,250000,FC Eindhoven,873.0,GB1
162063,2020-10-08,500000,Deportivo de La Coruña,16795.0,ES1
543499,2020-07-30,9000000,FC Nordsjaelland,2778.0,DK1
188854,2015-01-23,6000000,Villarreal CF,1050.0,ES1
122011,2023-06-29,900000,Rosenborg BK,3008.0,GB1
85864,2023-12-19,1000000,Newcastle United,762.0,GB1
585700,2019-06-29,100000,Atlético Malagueño,5649.0,
429983,2016-12-18,50000,Sarpsborg 08 FF,10217.0,NO1
484547,2020-07-21,3000000,Celtic FC,371.0,SC1
55742,2017-02-20,2000000,AFC Bournemouth,989.0,GB1
385084,2021-01-07,300000,CD Numancia,3368.0,ES1
35518,2017-02-20,30000000,Manchester City,681.0,ES1
341051,2020-12-17,15000000,Southampton FC,180.0,GB1
70934,2018-12-21,3000000,Sevilla FC,940.0,ES1
297212,2023-10-27,5000000,Leeds United,399.0,GB1
189452,2021-12-27,500000,FC Cartagena,5358.0,ES1
240360,2020-04-08,800000,Rayo Vallecano,367.0,ES1
357147,2022-03-29,18000000,Manchester United,985.0,GB1
158704,2019-06-29,800000,Cádiz CF,2687.0,ES1
617074,2022-06-03,9000000,Valencia CF,1049.0,ES1
372246,2022-09-19,40000000,Paris Saint-Germain,583.0,FR1
474701,2023-03-16,12000000,Leeds United,399.0,GB1
355629,2018-05-30,200000,Real Valladolid B,366.0,ES1
217145,2018-01-01,300000,RC Deportivo Fabril,897.0,ES1
27659,2019-06-28,350000,Sheffield United,1110.0,GB1
86784,2018-06-07,15000000,AC Milan,5.0,IT1
541231,2021-11-24,3000000,Preston North End,466.0,
51471,2018-05-30,30000000,Real Madrid,418.0,ES1
12384,2020-04-08,1600000,Norwich City,1123.0,GB1
330659,2019-10-08,23000000,AS Roma,12.0,IT1
284872,2020-10-08,100000,Recreativo Granada,16795.0,ES1
457931,2023-06-13,15000000,Real Betis Balompié,150.0,ES1
38253,2018-12-18,70000000,Bayern Munich,27.0,L1
82243,2022-06-08,400000,FC Zürich,1123.0,GB1
338424,2023-12-22,50000000,Real Sociedad,681.0,ES1
337715,2016-04-01,2500000,AS Roma,12.0,IT1
129473,2020-04-08,9500000,Celta de Vigo,681.0,ES1
250845,2015-07-01,15000000,Atlético de Madrid,13.0,ES1
420210,2017-10-26,250000,Feyenoord U19,2862.0,
249513,2016-10-27,1000000,CD Leganés,1244.0,ES1
326416,2022-12-29,1500000,Real Oviedo,2497.0,ES1
149231,2022-11-07,1000000,Elche CF,1531.0,ES1
102258,2015-09-24,1500000,Burnley FC,1132.0,GB1
163744,2021-03-18,4500000,Southampton FC,180.0,GB1
314678,2023-06-15,20000000,AC Milan,5.0,IT1
397676,2021-10-13,700000,Levante UD,3368.0,ES1
134294,2023-12-19,9000000,West Ham United,379.0,GB1
81997,2022-09-23,1000000,UD Almería,3302.0,ES1
246277,2016-02-22,800000,RCD Espanyol Barcelona,1108.0,ES1
251289,2016-09-01,500000,Aston Villa,405.0,GB1
540941,2021-03-23,10000000,UC Sampdoria,1038.0,IT1
127554,2017-06-29,800000,Rayo Vallecano,366.0,ES1
205562,2022-11-07,30000000,Atlético de Madrid,13.0,ES1
392775,2018-12-19,35000000,Fulham FC,931.0,GB1
374081,2021-01-08,600000,UD Almería,331.0,ES1
570421,2021-01-08,3000000,RCD Espanyol Barcelona,714.0,ES1
715650,2022-06-29,25000,Real Avilés Industrial,3709.0,ES1
309007,2019-02-19,150000,Recreativo Granada,993.0,ES1
72319,2015-07-01,300000,CD Numancia,237.0,ES1
555500,2022-06-29,300000,UD Logroñés,24420.0,
49319,2016-09-01,750000,Aston Villa,405.0,GB1
90964,2020-02-27,3000000,Cardiff City,603.0,GB1
635344,2023-12-20,100000,Villarreal CF B,11972.0,
298976,2023-06-13,9000000,Getafe CF,3709.0,ES1
333014,2018-09-11,12000000,KRC Genk,1184.0,BE1
12384,2021-03-10,500000,Norwich City,1123.0,GB1
652331,2021-08-12,100000,UD San Sebastián de los Reyes,11245.0,
126716,2019-06-05,37000000,Borussia Dortmund,1050.0,ES1
469064,2023-12-19,300000,AFC Bournemouth,989.0,GB1
63056,2021-01-05,6000000,CA Osasuna,331.0,ES1
45494,2017-02-20,4000000,Crystal Palace,873.0,GB1
634131,2021-01-07,100000,CA Osasuna Promesas,8516.0,
179471,2017-06-28,250000,Newcastle United,762.0,GB1
204103,2018-12-19,18000000,Wolverhampton Wanderers,543.0,GB1
237617,2023-12-22,400000,UD Las Palmas,472.0,ES1
610083,2021-03-19,5000000,Athletic Bilbao,621.0,ES1
34838,2017-02-20,1000000,Stoke City,512.0,GB1
790992,2023-10-09,200000,Chelsea FC,9250.0,
73522,2016-08-01,1500000,Leicester City,1003.0,GB1
46110,2018-02-07,14000000,SL Benfica,1108.0,ES1
673492,2020-04-08,1800000,SL Benfica B,10330.0,
173504,2020-04-08,20000000,Burnley FC,1132.0,GB1
124172,2021-06-30,1000000,Huddersfield Town,603.0,GB1
7717,2019-02-19,300000,Extremadura UD,714.0,ES1
66110,2020-01-06,600000,AEL Limassol,681.0,ES1
249246,2017-06-30,200000,Arandina CF,3709.0,ES1
331505,2022-06-03,6000000,FC Barcelona,131.0,ES1
62008,2020-12-17,2000000,Fulham FC,931.0,GB1
73636,2023-06-30,100000,Club General Caballero (JLM),714.0,ES1
61549,2023-06-23,75000,Grimsby Town,1110.0,GB1
293213,2020-12-23,1800000,Konyaspor,2293.0,TR1
609887,2021-12-31,50000,Ross County FC,281.0,GB1
351749,2022-06-15,50000000,Leeds United,399.0,GB1
61653,2017-02-27,2000000,Aston Villa,405.0,GB1
50935,2018-01-02,18000000,West Ham United,379.0,GB1
50174,2021-03-18,4000000,Tottenham Hotspur,1010.0,GB1
77757,2020-04-08,2400000,KAA Gent,157.0,BE1
531413,2022-06-29,200000,Linares Deportivo,150.0,ES1
187673,2022-12-29,300000,CD Tenerife,3302.0,ES1
486049,2023-12-19,65000000,Manchester City,281.0,GB1
71559,2016-07-15,4000000,Athletic Bilbao,3709.0,ES1
183302,2019-06-28,2000000,Preston North End,989.0,GB1
67202,2017-02-27,200000,Bristol City,873.0,GB1
142021,2023-03-23,16000000,RCD Espanyol Barcelona,714.0,ES1
50552,2019-06-28,100000,Middlesbrough FC,641.0,GB1
298197,2017-08-17,500000,Deportivo Alavés,1108.0,ES1
123551,2021-03-10,1500000,Middlesbrough FC,641.0,GB1
964190,2023-12-20,100000,Real Sociedad B,9899.0,
30749,2019-12-20,300000,Villarreal CF,1050.0,ES1
59551,2015-07-01,700000,UD Almería,16795.0,ES1
57207,2017-02-27,3000000,Reading FC,873.0,GB1
488362,2023-06-20,32000000,Chelsea FC,631.0,GB1
158704,2022-11-07,300000,Cádiz CF,2687.0,ES1
210143,2022-06-29,800000,FC Cartagena,5358.0,ES1
76743,2018-12-15,600000,Real Salt Lake City,3302.0,ES1
283628,2020-02-11,15000000,West Ham United,379.0,GB1
487465,2020-03-09,13000000,Wolverhampton Wanderers,543.0,GB1
134416,2020-01-07,350000,FK Mladost Doboj-Kakanj,379.0,GB1
687626,2023-12-19,90000000,Chelsea FC,631.0,GB1
7803,2016-07-17,125000,SCG Muangthong United,150.0,ES1
339556,2019-06-28,1000000,Brentford FC,1148.0,GB1
531404,2020-10-08,50000,FC Andorra,10718.0,
237125,2023-12-22,500000,Granada CF,16795.0,ES1
14066,2018-01-02,2500000,Swansea City,2288.0,GB1
51088,2018-05-08,4000000,CA River Plate,289.0,GB1
72935,2018-06-04,500000,Meizhou Meixian Techand,714.0,ES1
43853,2019-06-28,2000000,Reading FC,1032.0,GB1
248330,2016-10-27,1000000,Levante UD,3709.0,ES1
213260,2017-01-24,1500000,Levante UD,3368.0,ES1
290533,2019-12-20,1500000,Cádiz CF,2687.0,ES1
13829,2015-04-11,1000000,BK Häcken,984.0,GB1
445939,2017-01-11,50000,Wadi Degla FC,18234.0,
73180,2019-02-19,400000,UD Las Palmas,5358.0,ES1
158057,2019-06-29,2000000,Cádiz CF,621.0,ES1
63056,2019-06-29,2000000,CA Osasuna,331.0,ES1
79723,2020-04-08,4000000,Cardiff City,603.0,GB1
488362,2020-12-17,10000000,West Bromwich Albion,984.0,GB1
85177,2018-05-28,20000000,Liverpool FC,31.0,GB1
251880,2019-02-19,50000,CDA Navalcarnero,16795.0,ES1
566931,2023-06-23,40000000,PSV Eindhoven,383.0,NL1
69611,2017-06-29,600000,SD Huesca,3368.0,ES1
61560,2017-02-20,6000000,Leicester City,1003.0,GB1
314341,2021-11-24,2000000,Queens Park Rangers,11.0,GB1
306024,2018-12-19,15000000,Everton FC,29.0,GB1
187673,2017-01-24,300000,UD Almería,3302.0,ES1
531829,2022-12-29,1500000,SD Huesca,5358.0,ES1
34691,2018-05-28,3000000,Burnley FC,1132.0,GB1
44792,2015-07-01,13000000,Arsenal FC,984.0,GB1
380744,2022-12-09,700000,FK Haugesund,2761.0,NO1
288255,2019-09-19,50000000,Ajax Amsterdam,610.0,NL1
649033,2021-12-16,1500000,Stade Reims,1421.0,FR1
29159,2015-09-24,400000,Leeds United,631.0,GB1
51474,2019-09-10,600000,SD Huesca,5358.0,ES1
264220,2023-12-19,1800000,Luton Town,1031.0,GB1
58070,2015-07-01,1500000,Granada CF,16795.0,ES1
36827,2016-02-09,11000000,Chelsea FC,984.0,GB1
500067,2018-12-30,400000,Vålerenga Fotball Elite,76.0,NO1
57693,2021-06-30,100000,Pontevedra CF,331.0,ES1
428948,2018-01-01,250000,Real Sociedad B,681.0,ES1
14940,2016-06-01,500000,Rayo Vallecano,367.0,ES1
59561,2021-12-30,9000000,Villarreal CF,1050.0,ES1
6852,2015-06-25,150000,US Salernitana 1919,142.0,ES1
448844,2023-06-14,2000000,Granada CF,16795.0,ES1
128901,2018-08-13,5000000,Wolverhampton Wanderers,543.0,GB1
27374,2022-12-29,800000,UD Las Palmas,150.0,ES1
126665,2022-09-15,10000000,Everton FC,29.0,GB1
37152,2018-02-27,2500000,Reading FC,989.0,GB1
568183,2023-06-30,100000,Hércules CF,331.0,ES1
43530,2021-03-18,6000000,Brighton & Hove Albion,1237.0,GB1
90964,2023-06-01,300000,Wigan Athletic,603.0,GB1
113036,2018-09-24,3000000,Brentford FC,984.0,GB1
415912,2016-02-21,75000,PAS Giannina,2671.0,GR1
272622,2018-12-19,25000000,West Ham United,379.0,GB1
382555,2023-06-09,75000,Accrington Stanley,31.0,GB1
569866,2019-06-29,1000000,Real Sociedad B,9899.0,
496661,2023-06-01,250000,Luton Town,1031.0,GB1
258889,2021-06-30,12000000,AFC Bournemouth,989.0,GB1
442816,2021-06-24,500000,RCD Mallorca,237.0,ES1
66333,2020-04-08,2000000,Aston Villa,405.0,GB1
305274,2020-04-08,400000,Wycombe Wanderers,2805.0,
58009,2021-12-30,150000,Córdoba CF,1531.0,ES1
328658,2021-12-23,17000000,Brentford FC,1148.0,GB1
99397,2020-04-08,2400000,Newcastle United,762.0,GB1
89618,2021-01-08,100000,Villarrubia CF,1533.0,ES1
51663,2020-04-08,650000,Girona FC,2687.0,ES1
208116,2019-12-20,600000,CD Numancia,3302.0,ES1
461619,2023-10-13,500000,CD Tenerife,940.0,ES1
342229,2015-12-02,50000,AS Monaco U19,9669.0,
719673,2023-10-09,10000000,Liverpool FC,31.0,GB1
291417,2017-10-12,4000000,Olympique Lyon,1041.0,FR1
108390,2016-06-01,35000000,Chelsea FC,631.0,GB1
383109,2018-01-25,50000,Pogon Siedlce ,1123.0,GB1
340456,2023-06-22,28000000,Bayern Munich,27.0,L1
623525,2021-01-08,150000,Real Madrid Castilla,418.0,ES1
204103,2021-03-18,35000000,Wolverhampton Wanderers,543.0,GB1
58774,2017-01-24,400000,CD Numancia,3302.0,ES1
58009,2019-06-29,200000,Elche CF,1531.0,ES1
720532,2023-10-13,200000,Atlético de Madrid B,13.0,ES1
548470,2023-03-16,2000000,Manchester United,985.0,GB1
433177,2022-11-03,90000000,Arsenal FC,11.0,GB1
26443,2021-02-08,75000,CA Banfield,897.0,ES1
199323,2020-10-08,300000,Villarreal CF B,1050.0,ES1
614988,2022-09-26,25000,Atlético Madrileño,3679.0,
74230,2019-06-11,40000000,Sevilla FC,368.0,ES1
521329,2021-06-30,250000,Marbella FC,150.0,ES1
369316,2018-06-29,1500000,NEC Nijmegen,467.0,NL1
186590,2020-07-30,30000000,Manchester City,281.0,GB1
32568,2015-12-15,4500000,Grêmio Foot-Ball Porto Alegrense,237.0,ES1
59335,2022-12-29,250000,Mar Menor FC,13.0,ES1
26633,2016-09-01,500000,Reading FC,1071.0,GB1
117549,2023-03-24,400000,AD Ceuta FC,3302.0,ES1
51710,2016-07-15,4000000,Villarreal CF,366.0,ES1
176133,2022-06-07,225000,Sichuan Jiuniu,472.0,ES1
605184,2021-10-08,14000000,OGC Nice,417.0,FR1
271451,2017-06-30,700000,FC Barcelona B,131.0,ES1
170321,2015-02-12,2500000,Newcastle United,762.0,GB1
194386,2023-12-29,200000,Salford City,34888.0,
262749,2021-10-05,18000000,Brentford FC,1148.0,GB1
333014,2017-03-30,2500000,KRC Genk,1184.0,BE1
670848,2022-11-03,250000,West Ham United U21,9267.0,
121398,2018-12-19,3000000,Huddersfield Town,1110.0,GB1
148657,2017-06-28,4000000,Chelsea FC,631.0,GB1
227183,2022-10-27,3500000,Blackburn Rovers,180.0,GB1
14044,2021-06-08,250000,West Bromwich Albion,984.0,GB1
297212,2021-12-23,8000000,Tottenham Hotspur,148.0,GB1
156891,2019-06-29,200000,CF Talavera de la Reina,621.0,ES1
134270,2020-04-08,4000000,Brighton & Hove Albion,1237.0,GB1
307805,2021-06-30,250000,Recreativo Granada,1084.0,ES1
195604,2015-12-15,1000000,Figueirense Futebol Clube,367.0,ES1
4063,2016-08-01,6000000,Middlesbrough FC,641.0,GB1
468539,2022-06-04,800000,Maccabi Tel Aviv,119.0,
160671,2020-02-11,250000,Real Balompédica Linense,1049.0,ES1
169555,2020-10-15,1500000,Sheffield Wednesday,603.0,GB1
610083,2019-06-29,300000,Bilbao Athletic,6688.0,
572265,2019-06-14,125000,Brescia Primavera,14829.0,
61561,2017-09-18,3000000,Sheffield Wednesday,873.0,GB1
38094,2018-08-13,1500000,Cardiff City,984.0,GB1
295622,2022-03-21,4000000,RCD Espanyol Barcelona,714.0,ES1
356196,2023-06-30,250000,CD Castellón,714.0,ES1
56067,2018-01-01,6000000,RCD Espanyol Barcelona,1531.0,ES1
69660,2021-12-30,800000,CA Osasuna,331.0,ES1
263727,2017-01-24,800000,Real Valladolid CF,366.0,ES1
73491,2017-10-23,15000000,Chelsea FC,631.0,GB1
72189,2023-06-30,50000,Deportivo de La Coruña,897.0,ES1
284872,2020-02-11,100000,Real Madrid Castilla,16795.0,ES1
75820,2015-05-10,450000,AO Platanias,5358.0,ES1
56059,2017-02-13,400000,Arsenal Fútbol Club,142.0,ES1
617059,2020-11-03,50000,Levante UD U19,12798.0,
193116,2015-11-16,500000,Hibernian FC,903.0,SC1
14044,2015-02-24,500000,Bolton Wanderers,355.0,
175773,2023-01-05,100000,Odisha FC,1049.0,ES1
349066,2019-12-20,10000000,Real Sociedad,681.0,ES1
72189,2021-12-30,100000,Deportivo de La Coruña,897.0,ES1
293383,2019-02-19,300000,CF Peralada,12321.0,ES1
3540,2016-08-01,1000000,Sunderland AFC,289.0,GB1
65331,2020-10-08,1500000,Real Valladolid CF,366.0,ES1
88750,2015-10-16,400000,Blackpool FC,762.0,GB1
311440,2021-12-30,150000,Algeciras CF,331.0,ES1
207742,2020-10-15,800000,Luton Town,1031.0,GB1
165467,2021-12-30,2500000,Rayo Vallecano,367.0,ES1
248330,2023-06-14,500000,SD Eibar,3709.0,ES1
76743,2020-04-08,400000,Real Salt Lake City,3302.0,ES1
80435,2015-09-24,750000,Bristol City,1123.0,GB1
74943,2020-12-29,4000000,Parma Calcio 1913,1010.0,GB1
503977,2022-10-27,13000000,Burnley FC,1132.0,GB1
111873,2015-02-12,1000000,Arsenal FC,11.0,GB1
227954,2016-10-27,200000,CF Gavà,367.0,ES1
35413,2015-07-01,3000000,Norwich City,989.0,GB1
287579,2019-12-12,10000000,Hellas Verona,276.0,IT1
27493,2021-06-24,100000,CD Leganés,1244.0,ES1
24502,2016-03-28,200000,Lech Poznan,3368.0,ES1
226973,2018-02-27,1000000,Norwich City,1123.0,GB1
534700,2021-06-08,2500000,Leeds United,399.0,GB1
131505,2020-04-08,40000000,Valencia CF,399.0,GB1
295082,2020-02-11,200000,Bilbao Athletic,621.0,ES1
521462,2020-02-11,100000,Recreativo Huelva,150.0,ES1
57693,2019-06-29,100000,FC Cartagena,331.0,ES1
614464,2022-12-29,1000000,Villarreal CF B,1050.0,ES1
337321,2023-04-05,400000,Milton Keynes Dons,379.0,GB1
371371,2020-08-25,25000000,Hellas Verona,276.0,IT1
95488,2021-06-30,150000,Atlético Sanluqueño,142.0,ES1
718177,2022-06-29,50000,Atlético Levante UD,11516.0,
51226,2022-06-17,300000,Independiente Santa Fe,379.0,GB1
39907,2022-12-29,200000,UD Ibiza,1533.0,ES1
845717,2022-11-03,150000,West Ham United U21,379.0,GB1
204072,2021-12-16,1000000,Olympique Lyon,1041.0,FR1
95424,2017-06-28,30000000,Tottenham Hotspur,148.0,GB1
502722,2020-10-12,1500000,Red Bull Salzburg,409.0,A1
39378,2022-10-31,500000,Puebla FC,289.0,GB1
27487,2020-04-08,325000,Sporting Gijón,3709.0,ES1
197576,2019-02-19,900000,UD Las Palmas,331.0,ES1
346468,2021-03-10,600000,Barnsley FC,1110.0,GB1
338286,2023-06-30,100000,Sestao River,621.0,ES1
341051,2023-06-20,25000000,Southampton FC,180.0,GB1
156501,2016-07-29,6000000,FC Porto,720.0,PO1
118008,2015-12-22,600000,Without Club,993.0,ES1
35560,2015-07-01,2000000,Real Sociedad,681.0,ES1
614258,2021-11-24,2500000,Huddersfield Town,1110.0,GB1
71394,2021-12-30,200000,CF Intercity,2448.0,ES1
371371,2020-04-08,22500000,Hellas Verona,276.0,IT1
141660,2019-06-13,40000000,Manchester United,985.0,GB1
225015,2021-01-05,800000,Cádiz CF,2687.0,ES1
909758,2023-04-05,1000000,AA Argentinos Juniors,1030.0,ARG1
156501,2021-12-30,8000000,Atlético de Madrid,13.0,ES1
166240,2017-10-26,7000000,PSV Eindhoven,1237.0,GB1
262895,2017-06-21,300000,Almere City FC,1237.0,GB1
439022,2023-10-13,6000000,Sevilla FC,368.0,ES1
71840,2016-02-22,500000,Deportivo Alavés,1108.0,ES1
246291,2021-12-23,18000000,Leeds United,399.0,GB1
158792,2022-06-29,200000,Racing Santander,331.0,ES1
81998,2021-05-31,550000,Qarabağ FK,331.0,ES1
34130,2023-12-19,250000,Manchester United,985.0,GB1
72047,2019-12-20,20000000,Celta de Vigo,940.0,ES1
181579,2021-10-05,32000000,Southampton FC,180.0,GB1
46220,2021-12-30,500000,CD Castellón,399.0,GB1
413403,2021-12-23,25000000,Aston Villa,405.0,GB1
281755,2022-06-03,1200000,Cádiz CF,2687.0,ES1
162074,2023-10-13,400000,Racing Ferrol,714.0,ES1
42284,2015-09-24,500000,Ipswich Town,1032.0,GB1
298477,2015-10-14,250000,Swansea City,2288.0,GB1
126751,2016-07-15,400000,CD Numancia,2296.0,
17396,2017-06-28,2000000,Crystal Palace,3709.0,ES1
339501,2022-11-04,750000,KV Kortrijk,601.0,BE1
229815,2020-10-08,300000,Atlético Baleares,681.0,ES1
42411,2022-05-13,300000,Huddersfield Town,873.0,GB1
49795,2021-03-19,200000,Las Rozas CF,1533.0,ES1
210153,2021-06-30,150000,Recreativo Huelva,1244.0,ES1
366930,2022-11-03,15000000,Manchester City,281.0,GB1
63040,2020-04-08,950000,CA Osasuna,331.0,ES1
120705,2022-11-07,300000,Girona FC,12321.0,ES1
630995,2021-03-19,1500000,Betis Deportivo Balompié,2865.0,
766583,2022-12-29,2000000,Sevilla Atlético,8519.0,
398163,2018-01-01,100000,Valencia Mestalla,6182.0,
449496,2017-06-30,100000,Real Jaén CF,714.0,ES1
77544,2016-08-01,1500000,Middlesbrough FC,641.0,GB1
167393,2020-04-08,800000,Blackpool FC,641.0,GB1
70767,2015-12-18,3500000,Dnipro Dnipropetrovsk (-2020),150.0,ES1
15956,2023-06-13,3000000,Sevilla FC,368.0,ES1
571020,2022-09-23,20000000,Athletic Bilbao,621.0,ES1
82243,2017-06-19,1000000,FC Augsburg,1123.0,GB1
95435,2023-06-01,500000,Cardiff City,873.0,GB1
258919,2017-05-17,100000,Manchester United U23,9251.0,
425334,2019-02-27,4000000,Nottingham Forest,703.0,GB1
158623,2017-09-18,2000000,Middlesbrough FC,931.0,GB1
136501,2021-06-30,1500000,Sheffield Wednesday,603.0,GB1
614700,2023-06-16,300000,Burnley FC,1132.0,GB1
95424,2021-12-23,25000000,Manchester City,281.0,GB1
101682,2017-02-27,750000,Fulham FC,1110.0,GB1
396327,2021-12-30,150000,Real Valladolid Promesas,13.0,ES1
62688,2021-06-08,1500000,Crystal Palace,873.0,GB1
154059,2019-12-20,1500000,SD Eibar,1533.0,ES1
158700,2022-10-27,800000,Wigan Athletic,1132.0,GB1
59344,2018-01-01,15000000,Real Sociedad,681.0,ES1
455181,2020-04-08,2000000,Rayo Vallecano,367.0,ES1
62920,2017-06-05,14000000,Villarreal CF,150.0,ES1
124244,2019-08-06,800000,Club Atlético Aldosivi,367.0,ES1
277384,2020-03-05,3000000,RCD Mallorca,237.0,ES1
476701,2023-10-16,55000000,Paris Saint-Germain,583.0,FR1
666547,2021-12-29,800000,Como 1907,1047.0,IT1
73858,2021-06-30,150000,CE L'Hospitalet,142.0,ES1
45330,2016-02-09,4000000,West Bromwich Albion,984.0,GB1
249274,2017-08-17,300000,Real Unión Club,1108.0,ES1
523972,2020-04-08,900000,Real Madrid Castilla,366.0,ES1
648032,2023-06-15,300000,Udinese Calcio,410.0,IT1
44983,2021-03-10,1700000,Watford FC,1010.0,GB1
71835,2023-06-27,150000,FC Imabari,1244.0,ES1
404584,2020-12-22,3500000,Brentford FC,1148.0,GB1
30321,2015-01-14,2000000,FC Toulouse,415.0,FR1
346478,2019-09-25,800000,Tottenham Hotspur U23,9254.0,
41665,2018-12-30,600000,Strømsgodset IF,873.0,GB1
428061,2019-03-02,1000000,Melbourne City FC,641.0,GB1
399779,2019-02-19,500000,Villarreal CF B,1050.0,ES1
153236,2016-07-15,2500000,UD Las Palmas,472.0,ES1
129627,2015-02-12,9000000,Queens Park Rangers,984.0,GB1
378139,2018-06-30,300000,Betis Deportivo Balompié,2865.0,
320271,2019-06-11,5000000,Valencia CF,1049.0,ES1
55125,2019-06-13,2000000,Huddersfield Town,1110.0,GB1
67339,2016-04-20,1500000,Brighton & Hove Albion,931.0,GB1
647435,2021-11-24,2200000,Blackburn Rovers,164.0,
55215,2019-03-01,15000000,AS Roma,1531.0,ES1
119269,2016-06-01,1500000,Blackburn Rovers,931.0,GB1
198008,2021-02-10,37000000,Eintracht Frankfurt,24.0,L1
3259,2015-01-04,750000,Melbourne City FC,931.0,GB1
169249,2015-07-14,2800000,Club Estudiantes de La Plata,1531.0,ES1
61694,2021-03-10,2200000,Birmingham City,603.0,GB1
380350,2018-10-25,1000000,Austria Vienna,14.0,A1
128900,2020-10-15,4800000,Watford FC,931.0,GB1
208890,2016-02-22,4000000,Villarreal CF,3368.0,ES1
33713,2020-10-13,10000000,Southampton FC,180.0,GB1
79723,2015-02-24,3000000,Cardiff City,603.0,GB1
167228,2017-06-05,800000,UD Las Palmas,472.0,ES1
212862,2018-01-01,1500000,SD Huesca,5358.0,ES1
398065,2020-07-30,22000000,Leicester City,1003.0,GB1
268258,2019-12-27,100000,NK Istra 1961,1533.0,ES1
353032,2021-02-10,6500000,Hertha BSC,44.0,L1
175323,2016-07-15,2000000,RCD Espanyol Barcelona,3368.0,ES1
33507,2018-02-27,1500000,Birmingham City,1132.0,GB1
252688,2017-02-02,200000,Real Balompédica Linense,3302.0,ES1
69653,2016-09-01,1250000,Reading FC,1032.0,GB1
944124,2023-12-20,150000,Recreativo Granada,21550.0,
127554,2022-12-29,800000,CD Tenerife,366.0,ES1
494880,2021-01-08,3000000,UD Almería,3302.0,ES1
60779,2016-02-22,300000,CD Lugo,621.0,ES1
104941,2018-01-03,300000,El Mokawloon SC,3008.0,GB1
32522,2021-01-05,800000,Elche CF,1531.0,ES1
126746,2020-02-11,250000,UD Ibiza,714.0,ES1
13572,2016-08-01,4000000,West Bromwich Albion,1010.0,GB1
632471,2022-06-29,100000,Recreativo Granada,16795.0,ES1
792331,2022-12-22,2000000,FC Copenhagen,190.0,DK1
240692,2017-06-30,200000,SL Benfica B,10330.0,
29065,2017-01-24,200000,Cádiz CF,993.0,ES1
72315,2019-09-10,200000,Gimnàstic de Tarragona,16795.0,ES1
391346,2021-06-30,100000,Linares Deportivo,150.0,ES1
226973,2017-06-28,1000000,Southampton FC,180.0,GB1
167393,2021-11-24,700000,Blackpool FC,641.0,GB1
396145,2019-02-19,200000,Sevilla Atlético,368.0,ES1
57522,2021-06-10,600000,SD Huesca,5358.0,ES1
237499,2017-07-05,350000,Piast Gliwice,6112.0,PL1
502722,2020-07-31,700000,FC Liefering,37024.0,
568158,2023-06-14,700000,Deportivo Alavés,1108.0,ES1
281989,2016-07-01,200000,AD Alcorcón,11596.0,
14178,2016-09-01,1000000,Nottingham Forest,289.0,GB1
945496,2022-03-21,200000,RCD Espanyol B,714.0,ES1
22969,2018-01-01,3000000,Atlético de Madrid,13.0,ES1
74229,2016-02-22,50000000,Atlético de Madrid,13.0,ES1
186399,2020-04-08,1000000,Sport Club Internacional,940.0,ES1
45882,2021-06-08,600000,Fulham FC,931.0,GB1
46220,2021-03-18,900000,Leeds United,399.0,GB1
8188,2021-06-29,200000,Hokkaido Consadole Sapporo,1039.0,GB1
351478,2018-05-30,35000000,Real Sociedad,681.0,ES1
374081,2018-05-30,600000,Valencia Mestalla,331.0,ES1
339556,2020-12-22,4500000,Brentford FC,1148.0,GB1
13443,2015-02-24,500000,AFC Bournemouth,984.0,GB1
86175,2019-12-28,2300000,Cerezo Osaka,368.0,ES1
352567,2018-06-08,600000,Atlético Nacional,1531.0,ES1
226049,2022-10-27,6000000,Preston North End,466.0,
320271,2019-12-18,2000000,PSV Eindhoven,383.0,NL1
399776,2018-01-01,500000,Villarreal CF B,11972.0,
1062525,2023-12-20,25000,CDA Navalcarnero,20921.0,
895480,2023-12-22,600000,Athletic Bilbao,621.0,ES1
792331,2023-09-19,4000000,FC Copenhagen,190.0,DK1
295622,2020-10-08,2000000,RCD Espanyol Barcelona,714.0,ES1
376856,2021-03-10,600000,Brentford FC,1148.0,GB1
645686,2023-12-27,450000,Bristol Rovers,2455.0,
242548,2020-07-23,1000000,Deportivo de La Coruña,897.0,ES1
412542,2022-06-29,300000,SD Ponferradina,714.0,ES1
583199,2021-10-05,500000,Manchester City U23,9265.0,
93935,2018-12-21,7500000,Sevilla FC,366.0,ES1
413459,2023-06-07,400000,FC Winterthur,16795.0,ES1
646658,2023-06-01,5000000,Aston Villa U21,12124.0,
206040,2017-02-22,11000000,SL Benfica,294.0,PO1
25742,2018-12-09,1000000,Guizhou Hengfeng,379.0,GB1
392768,2021-06-08,32000000,Chelsea FC,631.0,GB1
548111,2019-11-21,200000,Villarreal CF B,11972.0,
89618,2015-11-23,1000000,SD Eibar,1533.0,ES1
240039,2021-06-30,200000,Miedz Legnica,993.0,ES1
338286,2021-06-30,200000,Barakaldo CF ,621.0,ES1
67090,2021-06-24,700000,RCD Espanyol Barcelona,714.0,ES1
466806,2021-01-08,500000,FC Barcelona B,131.0,ES1
412542,2018-05-30,50000,UE Cornellà,714.0,ES1
93795,2021-10-28,1700000,Without Club,940.0,ES1
295622,2019-06-29,800000,Málaga CF,714.0,ES1
628886,2023-12-20,800000,Levante UD,3368.0,ES1
63824,2019-04-30,600000,FC Slovan Liberec,405.0,GB1
92572,2016-08-01,5000000,Crystal Palace,873.0,GB1
295082,2023-06-30,100000,Bilbao Athletic,621.0,ES1
207771,2018-02-27,250000,Norwich City,1123.0,GB1
72315,2015-01-23,3000000,Granada CF,16795.0,ES1
2963,2015-07-01,2000000,Manchester City,714.0,ES1
102146,2016-10-27,800000,CF Reus Deportiu,1531.0,ES1
184129,2021-11-24,500000,Luton Town,1031.0,GB1
419648,2022-09-02,4000000,FC Toulouse,415.0,FR1
476701,2022-11-01,18000000,Sporting CP,336.0,PO1
4190,2019-10-17,150000,Cardiff City,603.0,GB1
178187,2020-10-08,700000,RCD Mallorca,237.0,ES1
52345,2016-07-15,1500000,Real Betis Balompié,331.0,ES1
189453,2023-06-14,800000,Granada CF,3709.0,ES1
71204,2021-12-30,50000,CD Castellón,366.0,ES1
225020,2023-12-22,2000000,Sevilla FC,368.0,ES1
226012,2018-12-21,10000000,Getafe CF,3709.0,ES1
35560,2021-05-14,300000,AEK Larnaca,681.0,ES1
589459,2020-11-03,100000,Valencia Mestalla,1049.0,ES1
67431,2016-09-01,1000000,Wolverhampton Wanderers,543.0,GB1
892932,2021-12-30,50000,Pontevedra CF,5650.0,
48078,2018-01-02,6000000,Burnley FC,1132.0,GB1
293194,2023-03-29,15000000,VfB Stuttgart,79.0,L1
62688,2022-10-27,250000,Reading FC,873.0,GB1
16306,2021-12-30,60000000,Real Madrid,418.0,ES1
398738,2019-02-19,250000,CD Vitoria,1533.0,ES1
711999,2023-06-27,9000000,Stade Rennais FC,273.0,FR1
333241,2022-03-29,18000000,Newcastle United,762.0,GB1
133794,2023-06-29,1000000,Club Necaxa,1108.0,ES1
392775,2020-11-26,20000000,TSG 1899 Hoffenheim,533.0,L1
413112,2019-06-03,7000000,FC Girondins Bordeaux,40.0,FR1
324223,2018-02-27,1500000,Aston Villa,405.0,GB1
506248,2020-10-08,4000000,SD Eibar,1533.0,ES1
57500,2018-12-19,40000000,Chelsea FC,631.0,GB1
212723,2023-12-22,18000000,Sevilla FC,368.0,ES1
646710,2021-03-18,150000,Aston Villa U18,6933.0,
65489,2017-06-05,400000,UD Las Palmas,472.0,ES1
200782,2020-11-10,2800000,Without Club,31.0,GB1
118535,2017-06-28,1500000,Hull City,3008.0,GB1
165008,2018-05-30,400000,CF Reus Deportiu,1050.0,ES1
40612,2016-08-01,2500000,Sunderland AFC,289.0,GB1
118534,2022-11-03,14000000,Everton FC,29.0,GB1
247366,2022-10-31,700000,FC Juárez,2687.0,ES1
193938,2017-01-16,8000000,FC Girondins Bordeaux,1244.0,ES1
531829,2018-05-30,200000,CD Lugo B Polvorín,5358.0,ES1
341266,2023-10-13,150000,CA Osasuna Promesas,331.0,ES1
74810,2017-02-20,5000000,Burnley FC,1132.0,GB1
212391,2018-12-21,8000000,Levante UD,3368.0,ES1
263236,2022-03-23,7000000,RC Lens,826.0,FR1
339816,2019-12-20,500000,CD Lugo,11000.0,
472423,2020-10-13,30000000,Chelsea FC,631.0,GB1
52570,2017-02-20,15000000,Southampton FC,180.0,GB1
182579,2020-09-16,8500000,Hertha BSC,368.0,ES1
44859,2018-01-01,250000,Recreativo Huelva,940.0,ES1
111455,2021-03-18,22000000,Arsenal FC,11.0,GB1
3190,2018-05-28,250000,Southampton FC,180.0,GB1
74300,2015-05-10,2750000,Olympiacos Piraeus,873.0,GB1
65060,2016-07-15,400000,Real Oviedo,16795.0,ES1
171170,2019-06-29,200000,Salamanca CF UDS,940.0,ES1
164478,2020-12-18,400000,D.C. United,367.0,ES1
28810,2020-08-26,500000,Real Salt Lake City,1039.0,GB1
605498,2021-03-10,500000,Norwich City,1123.0,GB1
610238,2018-10-31,100000,CD Atlético Baleares,18687.0,
35536,2015-07-01,500000,Rayo Vallecano,367.0,ES1
631098,2023-10-13,400000,Villarreal CF B,1050.0,ES1
662261,2022-06-29,400000,Real Madrid Castilla,6767.0,
480966,2021-12-30,100000,CE Sabadell FC,1049.0,ES1
245585,2015-10-16,750000,Wigan Athletic,985.0,GB1
142021,2021-12-30,7000000,RCD Espanyol Barcelona,714.0,ES1
346890,2020-04-08,7200000,Red Bull Salzburg,409.0,A1
53360,2017-02-20,10000000,Southampton FC,180.0,GB1
383109,2020-01-15,750000,Slask Wroclaw,1123.0,GB1
466794,2021-05-31,20000000,Manchester City,281.0,GB1
455349,2020-02-11,50000,Bilbao Athletic,621.0,ES1
272622,2023-10-09,22000000,Fulham FC,931.0,GB1
907813,2023-10-13,1500000,Real Sociedad B,9899.0,
455181,2021-03-19,8000000,Levante UD,3368.0,ES1
35532,2021-06-30,200000,Hércules CF,331.0,ES1
31835,2018-05-28,7000000,West Ham United,379.0,GB1
110867,2022-11-03,600000,Aston Villa,405.0,GB1
245585,2023-06-09,400000,Blackpool FC,985.0,GB1
319859,2023-06-20,22000000,Brentford FC,1148.0,GB1
124419,2017-12-18,1750000,Panathinaikos,265.0,GR1
386047,2015-09-06,50000,Paris FC B,38673.0,
54231,2020-04-08,475000,CD Tenerife,2448.0,ES1
298276,2022-03-21,150000,Racing Rioja CF,331.0,ES1
507700,2021-03-18,10000000,Manchester United,985.0,GB1
547534,2022-06-15,800000,Norwich City,1123.0,GB1
176133,2015-01-08,700000,UD Las Palmas,472.0,ES1
434207,2021-03-18,7000000,Brighton & Hove Albion,1237.0,GB1
40888,2018-05-30,4000000,Athletic Bilbao,621.0,ES1
92469,2015-07-01,3000000,AFC Bournemouth,989.0,GB1
73076,2020-10-08,50000,UD Tamaraceite,993.0,ES1
76467,2022-06-15,2500000,Watford FC,1010.0,GB1
153238,2015-01-08,3500000,UD Las Palmas,472.0,ES1
388512,2021-06-30,200000,Cádiz CF B,150.0,ES1
73522,2018-01-02,1500000,Leicester City,1003.0,GB1
146509,2023-12-21,2000000,West Bromwich Albion,984.0,GB1
719720,2020-10-08,50000,Real Sporting de Gijón B,12331.0,
506470,2023-10-27,1500000,Cardiff City,603.0,GB1
412045,2023-06-14,1500000,Granada CF,16795.0,ES1
583508,2019-09-10,50000,Getafe CF B,3709.0,ES1
811778,2023-12-22,7000000,Granada CF,16795.0,ES1
126195,2016-06-17,100000,Athletic FC United,11.0,GB1
50487,2016-02-05,1250000,NEC Nijmegen,1108.0,ES1
623524,2023-12-22,2500000,Celta de Vigo,940.0,ES1
46831,2015-01-14,1750000,FC Metz,379.0,GB1
396115,2020-02-11,300000,Atlético Levante UD,3368.0,ES1
300168,2022-06-03,3000000,Athletic Bilbao,621.0,ES1
158849,2017-08-17,600000,AD Alcorcón,1533.0,ES1
531404,2022-06-29,300000,FC Andorra,10718.0,
66099,2017-01-24,1500000,Celta de Vigo,12321.0,ES1
396894,2021-01-05,32000000,Valencia CF,1049.0,ES1
250845,2022-06-03,50000000,Atlético de Madrid,13.0,ES1
399434,2021-03-10,3000000,Middlesbrough FC,641.0,GB1
248045,2022-05-13,2000000,Middlesbrough FC,289.0,GB1
340205,2023-12-22,10000000,Athletic Bilbao,621.0,ES1
611198,2019-09-10,100000,Atlético Levante UD,3368.0,ES1
7767,2019-01-05,3500000,Sagan Tosu,13.0,ES1
248045,2016-02-09,1500000,Sunderland AFC,289.0,GB1
192736,2023-03-30,500000,Atlético de San Luis,1244.0,ES1
32617,2019-06-28,500000,Aston Villa,405.0,GB1
456877,2020-10-13,2300000,West Bromwich Albion,984.0,GB1
209212,2016-09-01,200000,Brighton & Hove Albion,1237.0,GB1
358250,2022-06-03,7000000,Celta de Vigo,940.0,ES1
95424,2016-08-01,15000000,Tottenham Hotspur,148.0,GB1
342046,2021-03-18,8000000,Manchester United,985.0,GB1
348795,2020-04-08,40000000,Tottenham Hotspur,148.0,GB1
328480,2022-06-03,3000000,Levante UD,3368.0,ES1
120095,2018-01-01,3000000,Levante UD,3368.0,ES1
121398,2022-09-14,1200000,Middlesbrough FC,1110.0,GB1
707276,2021-01-07,50000,Valencia Mestalla,6182.0,
708388,2022-12-29,25000,Atlético de Madrid B,13.0,ES1
298477,2022-10-27,5000000,Sheffield United,350.0,GB1
603696,2023-03-24,250000,AD Ceuta FC,8568.0,
632497,2022-06-29,100000,CE Andratx,237.0,ES1
503733,2022-03-29,16000000,Everton FC,29.0,GB1
66934,2022-06-15,4000000,Crystal Palace,873.0,GB1
788283,2020-07-30,200000,Burnley FC U21,1132.0,GB1
340320,2019-02-19,300000,FC Barcelona B,11.0,GB1
9988,2016-08-01,3500000,Hull City,3008.0,GB1
314241,2021-11-24,2000000,Reading FC,1032.0,GB1
85288,2018-12-21,75000000,Real Madrid,418.0,ES1
42513,2021-10-01,500000,Wellington Phoenix,1123.0,GB1
122721,2015-09-24,250000,Brentford FC,11.0,GB1
357119,2021-12-23,30000000,Liverpool FC,31.0,GB1
617081,2023-06-13,1500000,Valencia Mestalla,6182.0,
44983,2016-02-09,2000000,AFC Bournemouth,1010.0,GB1
158997,2018-05-02,500000,Orlando City SC,150.0,ES1
66099,2020-01-06,500000,AEK Larnaca,12321.0,ES1
366931,2020-10-08,50000,FC Andorra,331.0,ES1
78959,2019-12-10,3500000,Crystal Palace,873.0,GB1
86784,2015-02-04,28000000,VfL Wolfsburg,82.0,L1
461618,2018-05-30,150000,Atlético de Madrid B,13.0,ES1
363541,2020-02-11,250000,Real Valladolid Promesas,366.0,ES1
475411,2023-06-20,55000000,Chelsea FC,631.0,GB1
157490,2016-08-01,4000000,Chelsea FC,931.0,GB1
429915,2023-06-09,5000000,KVC Westerlo,968.0,BE1
45882,2022-10-07,300000,Without Club,931.0,GB1
577869,2022-12-29,50000,Celta Vigo B,8733.0,
541646,2023-10-13,150000,Cultural Leonesa,3709.0,ES1
285323,2016-07-13,1250000,Angers SCO,1420.0,FR1
45921,2021-03-10,400000,Brentford FC,984.0,GB1
284884,2019-12-20,12000000,CD Leganés,1244.0,ES1
111961,2018-12-20,50000000,AC Milan,5.0,IT1
126195,2016-12-15,200000,AFC Eskilstuna,11.0,GB1
156808,2021-01-08,3000000,CD Leganés,1244.0,ES1
205562,2018-01-24,65000000,AS Monaco,162.0,FR1
3146,2016-06-01,500000,Stoke City,512.0,GB1
568157,2021-12-30,30000000,Villarreal CF,1050.0,ES1
366930,2023-12-19,10000000,Manchester City,281.0,GB1
206225,2022-06-15,8000000,Newcastle United,762.0,GB1
34130,2019-09-12,6000000,Aston Villa,405.0,GB1
142031,2023-10-13,1000000,RCD Mallorca,237.0,ES1
207922,2021-12-27,500000,Real Oviedo,366.0,ES1
629020,2022-12-29,25000,Hércules CF,367.0,ES1
221150,2017-06-06,800000,Sint-Truidense VV,475.0,BE1
468539,2021-05-29,150000,Maccabi Tel Aviv,119.0,
184218,2018-10-23,250000,FC Honka,368.0,ES1
646741,2023-08-21,200000,RC Celta Fortuna,8733.0,
55215,2021-03-23,2000000,AS Roma,1531.0,ES1
434224,2023-12-14,20000000,VfL Wolfsburg,82.0,L1
668184,2023-06-30,150000,Betis Deportivo Balompié,2865.0,
353032,2022-09-23,7000000,Getafe CF,3709.0,ES1
543164,2020-10-15,500000,Luton Town,1031.0,GB1
58112,2017-01-24,1500000,CD Leganés,1244.0,ES1
75820,2019-12-20,200000,AD Alcorcón,5358.0,ES1
533568,2022-12-29,3000000,Deportivo Alavés,1108.0,ES1
144028,2023-12-19,38000000,Arsenal FC,11.0,GB1
576024,2018-12-18,1000000,CA River Plate II,14837.0,
64598,2015-01-08,1800000,Sporting Gijón,2448.0,ES1
10501,2021-03-10,250000,Preston North End,1003.0,GB1
444208,2022-09-14,3500000,Swansea City,2288.0,GB1
208244,2018-12-19,1500000,Everton FC,29.0,GB1
212391,2021-12-30,6000000,Levante UD,3368.0,ES1
217728,2015-09-20,1000000,CD Leganés,1244.0,ES1
129515,2017-08-17,700000,Getafe CF,3709.0,ES1
448844,2021-06-10,4000000,Granada CF,16795.0,ES1
271446,2019-06-29,100000,Club Polideportivo El Ejido,3302.0,ES1
30456,2016-02-09,3000000,Stoke City,984.0,GB1
79352,2015-11-20,600000,UD Almería,1533.0,ES1
4371,2017-02-27,750000,Sheffield Wednesday,142.0,ES1
111873,2020-04-08,2800000,Arsenal FC,11.0,GB1
62008,2017-02-27,3500000,Fulham FC,931.0,GB1
657430,2021-01-08,3000000,UD Almería,3302.0,ES1
341266,2022-06-29,200000,CA Osasuna Promesas,331.0,ES1
348795,2021-10-05,22000000,Tottenham Hotspur,148.0,GB1
252677,2023-06-13,3000000,Villarreal CF,1050.0,ES1
435500,2020-02-11,300000,Cádiz CF B,2687.0,ES1
95641,2020-10-08,2000000,CA Osasuna,331.0,ES1
268670,2020-10-08,1200000,Girona FC,12321.0,ES1
33713,2017-06-28,20000000,Arsenal FC,180.0,GB1
454576,2021-05-31,2500000,Feyenoord Rotterdam,234.0,NL1
573775,2022-06-03,10000000,Valencia CF,1049.0,ES1
280730,2020-10-08,14000000,Real Madrid,418.0,ES1
18644,2015-04-09,22000000,Valencia CF,1049.0,ES1
469669,2023-06-14,1000000,CD Leganés,1244.0,ES1
51321,2020-10-13,2200000,West Ham United,379.0,GB1
73564,2020-04-08,600000,Brighton & Hove Albion,1237.0,GB1
162074,2019-06-29,2000000,Granada CF,714.0,ES1
926135,2023-12-19,1000000,Aston Villa U21,12124.0,
355397,2015-11-20,300000,AD Alcorcón,940.0,ES1
286849,2018-05-30,1200000,Sporting Gijón,1533.0,ES1
718035,2022-06-29,100000,Sestao River,1108.0,ES1
151470,2017-02-22,3000000,SC Braga,3368.0,ES1
298589,2019-02-19,1000000,CA Osasuna,331.0,ES1
617060,2023-06-14,1200000,FC Andorra,10718.0,
13582,2016-09-01,1000000,Queens Park Rangers,1039.0,GB1
322702,2023-06-01,7000000,Burnley FC,1132.0,GB1
52570,2018-12-19,10000000,Southampton FC,180.0,GB1
399357,2020-10-08,150000,Cádiz CF B,2687.0,ES1
177065,2018-05-30,6000000,Deportivo de La Coruña,1237.0,GB1
276111,2016-02-22,1000000,RCD Mallorca,237.0,ES1
324475,2021-06-30,150000,SD Logroñés,3709.0,ES1
502821,2021-06-03,2500000,AS Roma,12.0,IT1
566666,2021-12-30,100000,Betis Deportivo Balompié,150.0,ES1
222830,2020-12-22,800000,FK Cukaricki,631.0,GB1
227183,2018-02-27,3000000,Birmingham City,180.0,GB1
417913,2019-09-10,100000,UD Las Palmas,472.0,ES1
236490,2018-07-01,4000000,Chelsea FC,631.0,GB1
14086,2023-06-20,600000,Aston Villa,405.0,GB1
55709,2017-07-20,400000,Zamalek SC,180.0,GB1
571020,2019-12-20,2500000,Bilbao Athletic,6688.0,
424042,2018-05-08,1000000,Defensa y Justicia,2402.0,ARG1
284430,2019-06-29,300000,Granada CF,16795.0,ES1
263862,2017-06-30,300000,Córdoba CF B,1531.0,ES1
826224,2023-06-13,15000000,Girona FC,12321.0,ES1
40423,2021-01-05,1000000,Real Betis Balompié,150.0,ES1
54383,2020-10-13,8000000,Sheffield United,350.0,GB1
655488,2019-08-07,5000000,Arsenal FC,11.0,GB1
340328,2021-04-09,7000000,Montpellier HSC,969.0,FR1
51471,2018-12-19,35000000,Chelsea FC,631.0,GB1
99349,2017-06-30,300000,CD Guijuelo,714.0,ES1
66994,2019-10-17,2500000,Cardiff City,603.0,GB1
639733,2023-12-20,2000000,Racing Santander,630.0,
291417,2023-06-13,25000000,Real Madrid,418.0,ES1
175446,2015-07-01,4000000,Celta de Vigo,940.0,ES1
230222,2015-09-08,200000,CD Lugo,11000.0,
221986,2019-12-20,300000,CD Numancia,1108.0,ES1
479999,2019-06-28,3500000,Queens Park Rangers,1039.0,GB1
61573,2022-05-13,500000,Huddersfield Town,1110.0,GB1
363057,2022-12-29,2500000,Sporting Gijón,2448.0,ES1
680806,2022-06-15,800000,Manchester City U23,9265.0,
355628,2018-10-31,10000000,Real Sociedad,681.0,ES1
390688,2019-06-29,300000,UD Logroñés,24420.0,
315858,2019-03-01,50000000,AC Milan,5.0,IT1
118008,2015-07-01,800000,Córdoba CF,993.0,ES1
531678,2023-04-06,300000,Rochdale AFC,985.0,GB1
537369,2022-09-26,50000,Sevilla Atlético,368.0,ES1
88067,2021-12-22,50000,Instituto AC Córdoba,1039.0,GB1
610849,2022-10-27,7000000,Stoke City,512.0,GB1
44412,2018-05-30,1000000,Villarreal CF,1050.0,ES1
251289,2017-09-18,500000,Aston Villa,405.0,GB1
288318,2017-06-29,1500000,Rayo Vallecano,367.0,ES1
324358,2019-06-28,8000000,Brentford FC,1148.0,GB1
481675,2019-05-21,150000,Atromitos Athens,3060.0,GR1
652330,2023-06-30,200000,Real Madrid Castilla,6767.0,
336869,2021-02-10,12000000,Bayern Munich,27.0,L1
398738,2023-06-30,200000,CF Intercity,1533.0,ES1
517894,2018-01-08,100000,FC Sion,321.0,C1
466298,2020-06-27,4800000,CF América,1050.0,ES1
137174,2019-02-08,2000000,UNAM Pumas,897.0,ES1
55742,2023-12-19,400000,Nottingham Forest,703.0,GB1
61832,2016-04-20,4500000,Hull City,984.0,GB1
398163,2020-08-25,3000000,AS Roma,12.0,IT1
158718,2015-10-16,100000,Gillingham FC,1039.0,GB1
319859,2019-06-11,2500000,Celta de Vigo,940.0,ES1
634431,2023-06-13,2000000,Real Sociedad,681.0,ES1
448628,2020-04-08,1200000,SD Huesca,5358.0,ES1
371371,2019-12-12,10000000,Hellas Verona,276.0,IT1
66110,2018-12-31,500000,AEL Limassol,681.0,ES1
168157,2017-03-30,12000000,RSC Anderlecht,58.0,BE1
369081,2016-10-27,1000000,Real Madrid Castilla,6767.0,
18644,2016-07-15,7500000,Valencia CF,1049.0,ES1
226012,2020-04-08,14500000,Getafe CF,3709.0,ES1
834491,2022-09-26,50000,Bilbao Athletic,6688.0,
534379,2023-10-13,1500000,UD Las Palmas,472.0,ES1
341263,2022-11-07,800000,Villarreal CF B,11972.0,
480762,2023-12-19,50000000,Manchester United,985.0,GB1
75067,2021-12-23,7000000,Leeds United,399.0,GB1
61344,2017-06-05,1500000,Sporting Gijón,2448.0,ES1
3878,2018-01-02,1000000,Manchester United,985.0,GB1
442805,2016-10-27,100000,RCD Mallorca B,8494.0,
187673,2021-11-25,450000,Al-Wahda FC,3302.0,ES1
171170,2017-06-05,200000,Atlético Levante UD,940.0,ES1
294057,2020-04-08,48000000,Leicester City,1003.0,GB1
212829,2018-09-24,5000000,Sheffield United,350.0,GB1
59016,2023-06-13,40000000,Real Madrid,418.0,ES1
51726,2019-02-19,250000,Coruxo FC,3709.0,ES1
141573,2015-02-27,850000,Bristol City,1031.0,GB1
203496,2018-01-24,50000000,Olympique Lyon,1041.0,FR1
191754,2020-10-08,150000,Internacional de Madrid,3368.0,ES1
61832,2021-03-18,3000000,West Bromwich Albion,984.0,GB1
158703,2015-10-16,350000,Sheffield United,350.0,GB1
42412,2016-06-01,6000000,West Bromwich Albion,984.0,GB1
251845,2022-11-03,12000000,Brentford FC,1148.0,GB1
488626,2019-06-29,200000,Bilbao Athletic,6688.0,
462380,2019-02-19,200000,CF Rayo Majadahonda,16795.0,ES1
17273,2020-11-20,325000,Odisha FC,762.0,GB1
460939,2019-12-18,700000,AZ Alkmaar,1090.0,NL1
702332,2023-06-30,200000,SD Huesca B,3368.0,ES1
381156,2023-04-06,200000,Tranmere Rovers,1132.0,GB1
223725,2015-01-23,12000000,FC Barcelona B,2464.0,
109751,2018-02-27,1500000,Norwich City,1123.0,GB1
226049,2023-10-27,5000000,Preston North End,466.0,
503687,2023-04-06,100000,Crawley Town,148.0,GB1
378710,2021-03-18,60000000,Everton FC,29.0,GB1
394694,2020-10-08,400000,UD Las Palmas,472.0,ES1
59344,2020-11-23,10000000,Real Sociedad,681.0,ES1
224774,2021-12-27,600000,SD Huesca,2448.0,ES1
401173,2022-03-29,80000000,Manchester United,985.0,GB1
246335,2021-12-30,1500000,Getafe CF,3709.0,ES1
531404,2021-12-30,100000,FC Andorra,10718.0,
309007,2019-06-29,200000,Recreativo Granada,993.0,ES1
110861,2018-09-24,1500000,Birmingham City,405.0,GB1
61832,2018-05-28,9000000,West Bromwich Albion,984.0,GB1
71271,2018-01-02,5000000,West Ham United,379.0,GB1
112515,2018-10-17,45000000,Chelsea FC,631.0,GB1
114060,2022-06-29,600000,CD Tenerife,331.0,ES1
272622,2017-01-16,4000000,FC Toulouse,415.0,FR1
26066,2019-06-11,1000000,SD Eibar,1533.0,ES1
48950,2021-03-10,900000,Sheffield Wednesday,641.0,GB1
461631,2023-06-14,500000,SD Eibar,1050.0,ES1
30666,2017-12-05,1500000,Philadelphia Union,897.0,ES1
631002,2023-06-14,4000000,CD Mirandés,13222.0,
333014,2023-12-19,20000000,Burnley FC,1132.0,GB1
258878,2023-10-09,12000000,Fulham FC,931.0,GB1
65239,2015-01-23,700000,Rayo Vallecano,367.0,ES1
19948,2015-02-12,5000000,Manchester City,180.0,GB1
483461,2018-06-30,300000,Las Palmas Atlético,472.0,ES1
142389,2021-03-18,400000,Newcastle United,762.0,GB1
37526,2020-12-18,1500000,Sporting Kansas City,379.0,GB1
576024,2022-11-03,32000000,Manchester City,281.0,GB1
834744,2023-06-30,50000,RCD Espanyol B,10773.0,
15952,2015-05-31,1000000,Cruzeiro Esporte Clube,1084.0,ES1
167721,2021-12-30,9000000,CA Osasuna,331.0,ES1
634117,2022-06-29,200000,CA Osasuna Promesas,8516.0,
258374,2021-01-27,600000,Montedio Yamagata,1049.0,ES1
166677,2017-06-29,600000,Cádiz CF,714.0,ES1
451801,2022-05-31,3000000,Vitória Guimarães SC,2420.0,PO1
44514,2022-06-22,75000,ACR Messina,1533.0,ES1
321629,2016-10-27,150000,Atlético Levante UD,366.0,ES1
199330,2018-01-01,500000,Real Valladolid CF,366.0,ES1
111073,2017-06-28,250000,AFC Bournemouth,989.0,GB1
63695,2017-06-30,150000,Racing Ferrol,16795.0,ES1
396894,2015-08-14,75000,Defensor Sporting Club,2619.0,
340918,2020-10-13,900000,Liverpool FC,31.0,GB1
112515,2016-01-04,8000000,ACF Fiorentina,430.0,IT1
461836,2023-06-30,100000,Recreativo Huelva,5358.0,ES1
12125,2016-09-01,500000,Rotherham United,1032.0,GB1
298477,2020-10-13,15000000,Sheffield United,350.0,GB1
248045,2017-06-28,3000000,Sunderland AFC,289.0,GB1
65477,2021-06-30,2500000,Watford FC,1010.0,GB1
475411,2020-04-08,5400000,AS Saint-Étienne,618.0,FR1
205562,2023-12-22,12000000,Atlético de Madrid,13.0,ES1
933350,2023-06-30,150000,Celta Vigo B,940.0,ES1
56829,2016-02-09,250000,AFC Bournemouth,989.0,GB1
857830,2021-02-09,150000,Deportivo Cali,9961.0,COL1
630984,2020-10-08,50000,Betis Deportivo Balompié,150.0,ES1
670850,2023-12-19,300000,Chelsea FC U21,9250.0,
37501,2016-02-22,4000000,Real Sociedad,681.0,ES1
26148,2017-01-24,200000,SD Huesca,5358.0,ES1
448835,2021-12-30,150000,Celta Vigo B,940.0,ES1
212852,2016-10-27,400000,Real Valladolid CF,621.0,ES1
337527,2022-06-29,50000,Bergantiños FC,897.0,ES1
185593,2016-02-25,3500000,Club Nacional,16795.0,ES1
221658,2018-01-01,250000,CD Badajoz,368.0,ES1
162038,2018-01-01,1000000,Rayo Vallecano,367.0,ES1
286779,2019-01-08,7000000,1.FC Köln,3.0,L1
435648,2019-12-11,1000000,FC Bayern Munich II,28.0,
743589,2023-12-22,2500000,UD Almería,3302.0,ES1
67538,2021-06-30,150000,Salamanca CF UDS,3709.0,ES1
856136,2021-10-13,25000,Atlético Levante UD,13.0,ES1
12691,2017-02-20,2000000,West Ham United,379.0,GB1
330659,2023-06-13,14000000,Valencia CF,1049.0,ES1
354362,2021-12-28,25000000,Juventus FC,506.0,IT1
39010,2015-02-12,3000000,Sunderland AFC,289.0,GB1
201861,2023-06-14,1000000,SD Huesca,5358.0,ES1
983989,2022-02-08,50000,CA Rosario Central,1418.0,ARG1
99353,2019-06-11,10000000,Girona FC,12321.0,ES1
453704,2021-03-19,4000000,SD Huesca,368.0,ES1
785353,2023-12-22,2500000,CA Osasuna,331.0,ES1
26946,2015-08-26,500000,Melbourne City FC,3008.0,GB1
336077,2023-12-19,10000000,Manchester United,985.0,GB1
337284,2017-05-17,500000,Liverpool FC,31.0,GB1
60289,2020-04-08,475000,FK Partizan Belgrade,5358.0,ES1
251888,2019-02-19,100000,CF Peralada,16795.0,ES1
140579,2021-12-30,2500000,HNK Rijeka,1123.0,GB1
74230,2023-06-20,14000000,Wolverhampton Wanderers,543.0,GB1
282006,2019-03-11,150000,NK Istra 1961,13.0,ES1
618801,2023-12-20,500000,Atlético Madrileño,3679.0,
60289,2019-06-29,400000,Málaga CF,5358.0,ES1
458586,2022-12-29,150000,CD Izarra,331.0,ES1
80435,2018-09-24,750000,Bristol City,1123.0,GB1
55215,2020-03-03,10000000,AS Roma,1531.0,ES1
458586,2019-09-10,200000,CA Osasuna Promesas,331.0,ES1
57423,2016-02-09,5000000,Southampton FC,180.0,GB1
373683,2018-11-23,300000,Celta Vigo B,366.0,ES1
43530,2022-06-15,2000000,Brighton & Hove Albion,1237.0,GB1
129495,2017-06-30,300000,Real Zaragoza,142.0,ES1
423443,2020-10-08,5000000,UD Almería,3302.0,ES1
486031,2020-09-16,12000000,VfB Stuttgart,79.0,L1
44859,2016-02-22,500000,Real Oviedo,940.0,ES1
89330,2021-01-08,400000,Real Zaragoza,681.0,ES1
99349,2018-01-01,300000,CD Guijuelo,714.0,ES1
50174,2016-08-01,14000000,Tottenham Hotspur,1010.0,GB1
342048,2018-12-19,1500000,West Ham United,379.0,GB1
286779,2016-02-22,2000000,Sporting Gijón,2448.0,ES1
168157,2023-12-19,11000000,Aston Villa,405.0,GB1
442805,2017-06-05,200000,RCD Mallorca B,8494.0,
420210,2021-03-09,6000000,Feyenoord Rotterdam,234.0,NL1
126321,2020-10-15,1200000,Nottingham Forest,11.0,GB1
644401,2021-06-30,600000,Hull City,3008.0,GB1
288376,2018-01-01,100000,SD Leioa,1049.0,ES1
158623,2020-04-08,1600000,Fulham FC,931.0,GB1
16635,2016-02-22,16000000,Atlético de Madrid,13.0,ES1
192585,2021-12-30,200000,Gimnàstic de Tarragona,13.0,ES1
189453,2015-07-01,3500000,Sporting CP,3709.0,ES1
511021,2019-06-29,250000,CD Guijuelo,11615.0,
28171,2018-03-22,1000000,Málaga CF,1084.0,ES1
26066,2015-04-09,2500000,Levante UD,1533.0,ES1
176133,2017-01-24,800000,UD Las Palmas,472.0,ES1
287247,2020-10-15,5400000,Derby County,11.0,GB1
314875,2021-12-23,35000000,West Ham United,379.0,GB1
627277,2021-01-08,100000,Atzeneta UE,3368.0,ES1
207014,2017-02-27,8000000,Derby County,22.0,
341993,2018-09-14,900000,Oud-Heverlee Leuven,1003.0,GB1
42373,2021-12-17,1000000,CR Flamengo,940.0,ES1
101723,2022-05-27,100000,Real Kashmir FC,142.0,ES1
241916,2017-02-20,100000,Hull City,3008.0,GB1
964190,2022-09-26,25000,Real Sociedad C,44822.0,
399434,2021-11-24,3500000,Middlesbrough FC,641.0,GB1
480267,2020-07-23,10000000,FC Barcelona B,2464.0,
286384,2022-11-02,8000000,Olympique Marseille,244.0,FR1
158623,2018-02-27,3000000,Fulham FC,931.0,GB1
583199,2023-06-01,12000000,Manchester City U21,9265.0,
42412,2018-01-02,15000000,West Bromwich Albion,984.0,GB1
73222,2015-07-01,500000,Girona FC,12321.0,ES1
20005,2022-11-07,4000000,Sevilla FC,368.0,ES1
203516,2020-10-08,500000,Elche CF,1531.0,ES1
710677,2023-10-13,5000000,CA Osasuna,331.0,ES1
63706,2015-01-23,400000,Córdoba CF,993.0,ES1
767255,2022-12-29,25000,Sevilla FC C,12319.0,
291544,2021-06-30,2000000,Norwich City,1123.0,GB1
31642,2020-10-15,600000,Queens Park Rangers,512.0,GB1
128900,2019-12-10,6000000,Watford FC,931.0,GB1
122223,2020-02-27,5000000,Stoke City,2288.0,GB1
411975,2022-06-03,60000000,Sevilla FC,368.0,ES1
341092,2017-03-28,8000000,ACF Fiorentina,430.0,IT1
183318,2021-03-18,13000000,Newcastle United,762.0,GB1
730861,2022-09-14,3000000,AZ Alkmaar,1090.0,NL1
338425,2021-12-30,12000000,Athletic Bilbao,621.0,ES1
74960,2021-03-18,6000000,Newcastle United,762.0,GB1
451276,2021-06-01,25000000,RB Leipzig,23826.0,L1
855256,2022-05-13,800000,Bristol City,698.0,
313113,2022-10-07,400000,Without Club,714.0,ES1
311044,2021-06-10,2500000,Cádiz CF,2687.0,ES1
10003,2020-04-08,1200000,Leicester City,1003.0,GB1
63723,2017-06-05,2500000,Granada CF,1533.0,ES1
73180,2022-06-29,50000,CD Móstoles URJC,5358.0,ES1
225462,2016-02-22,700000,Levante UD,3368.0,ES1
503733,2019-12-10,1500000,Everton FC U23,9261.0,
517753,2019-02-19,500000,CF Rayo Majadahonda,13702.0,
468700,2022-06-03,200000,Granada CF,16795.0,ES1
98322,2016-02-22,10000000,Valencia CF,1049.0,ES1
145769,2018-05-30,5000000,Real Betis Balompié,366.0,ES1
111455,2019-09-12,40000000,Arsenal FC,11.0,GB1
305274,2015-10-16,100000,Millwall FC,1028.0,
42513,2023-01-10,300000,Omonia Nicosia,1123.0,GB1
128904,2017-06-28,8000000,Middlesbrough FC,1123.0,GB1
533568,2017-10-09,50000,CA Talleres,3938.0,ARG1
903611,2021-06-30,100000,LDU Quito B,21811.0,
973085,2022-05-30,150000,LOSC Lille B,12765.0,
73222,2020-10-08,50000,UE Olot,12321.0,ES1
77760,2016-02-09,15000000,Southampton FC,148.0,GB1
44065,2016-07-15,2500000,Real Sociedad,714.0,ES1
627282,2021-12-30,400000,Villarreal CF B,1050.0,ES1
311287,2021-04-16,1200000,FC Dallas,1533.0,ES1
420002,2021-12-23,5000000,Crystal Palace,873.0,GB1
232964,2020-02-27,1500000,Brentford FC,1148.0,GB1
272679,2023-06-14,700000,SD Ponferradina,1244.0,ES1
281989,2019-06-29,4000000,CD Tenerife,648.0,
900195,2023-05-12,1000000,SE Palmeiras São Paulo U20,14807.0,
369316,2016-07-01,50000,NEC Nijmegen,467.0,NL1
429983,2023-06-13,11000000,Celta de Vigo,940.0,ES1
99632,2015-12-15,550000,Esporte Clube Bahia,368.0,ES1
26065,2019-06-11,1500000,Real Sociedad,681.0,ES1
55135,2022-06-29,100000,Real Zaragoza,367.0,ES1
128904,2021-12-23,7000000,Norwich City,1123.0,GB1
111195,2023-06-20,10000000,Brighton & Hove Albion,1237.0,GB1
306024,2023-06-20,25000000,Everton FC,29.0,GB1
16716,2020-04-08,400000,Walsall FC,1032.0,GB1
4063,2020-02-27,900000,Blackburn Rovers,641.0,GB1
128816,2023-06-30,100000,CD Castellón,714.0,ES1
148657,2021-03-10,4500000,Bristol City,631.0,GB1
62984,2019-09-10,150000,Haro Deportivo,331.0,ES1
495622,2019-09-10,50000,Celta Vigo B,366.0,ES1
640428,2023-12-22,90000000,Real Madrid,418.0,ES1
531274,2019-09-10,100000,Villarreal CF B,3302.0,ES1
26199,2020-02-11,200000,FC Cartagena,3368.0,ES1
111073,2021-03-10,400000,Wycombe Wanderers,989.0,GB1
271451,2022-06-29,300000,Gimnàstic de Tarragona,131.0,ES1
191217,2023-06-16,8000000,Sporting CP,336.0,PO1
610083,2021-10-13,7500000,Athletic Bilbao,621.0,ES1
576028,2022-04-01,18000000,Atlanta United FC,51663.0,MLS1
268946,2018-01-01,800000,Sevilla Atlético,366.0,ES1
274771,2019-02-19,200000,Salamanca CF UDS,472.0,ES1
39372,2022-05-13,1000000,Stoke City,1123.0,GB1
262980,2021-11-24,15000000,AFC Bournemouth,989.0,GB1
181687,2022-10-27,400000,Middlesbrough FC,641.0,GB1
221311,2021-03-10,1200000,Birmingham City,337.0,
337977,2021-12-30,300000,Albacete Balompié,1049.0,ES1
369962,2018-06-29,200000,PSV Eindhoven U19,4575.0,
44674,2021-10-28,1000000,Without Club,1050.0,ES1
398738,2015-11-27,50000,Inter Milan Primavera,1533.0,ES1
36866,2020-10-15,400000,Rotherham United,289.0,GB1
232964,2023-06-26,1500000,FC Nordsjaelland,2778.0,DK1
288453,2023-06-16,200000,GKS Tychy,366.0,ES1
128906,2020-04-08,5500000,Reading FC,1003.0,GB1
142420,2021-12-30,250000,Córdoba CF,3709.0,ES1
172128,2018-05-30,600000,Córdoba CF,142.0,ES1
533354,2022-02-08,4000000,CA Colón,1070.0,
905997,2023-12-20,250000,RC Celta Fortuna,8733.0,
365108,2022-01-03,4000000,FC Basel 1893,26.0,C1
177467,2022-06-03,40000000,Villarreal CF,1050.0,ES1
561745,2022-12-29,150000,Celta Vigo B,940.0,ES1
630990,2022-06-29,200000,Málaga CF,1108.0,ES1
27487,2019-02-19,600000,Sporting Gijón,3709.0,ES1
245744,2016-02-25,1200000,Sanfrecce Hiroshima,2697.0,JAP1
65239,2021-12-30,50000,Extremadura UD,367.0,ES1
72484,2021-01-08,100000,CD Lugo,1108.0,ES1
287247,2015-02-12,1500000,Arsenal FC,11.0,GB1
25557,2016-02-22,40000000,Real Madrid,418.0,ES1
413403,2021-03-18,18000000,Aston Villa,405.0,GB1
208116,2020-04-08,650000,CD Numancia,3302.0,ES1
204097,2016-10-27,200000,Granada CF B,16795.0,ES1
35035,2017-12-05,1000000,FC Dallas,2288.0,GB1
520624,2023-06-20,70000000,Newcastle United,762.0,GB1
61546,2020-10-08,1000000,CA Osasuna,331.0,ES1
338425,2020-10-08,10000000,Athletic Bilbao,621.0,ES1
503851,2021-10-12,200000,SC Telstar,714.0,ES1
314366,2020-02-27,1500000,West Bromwich Albion,984.0,GB1
76467,2015-07-01,400000,AD Alcorcón,11596.0,
298589,2019-12-20,3000000,CA Osasuna,331.0,ES1
175323,2019-06-11,1000000,RCD Espanyol Barcelona,3368.0,ES1
240692,2020-04-08,2400000,LOSC Lille,1082.0,FR1
70934,2023-03-24,400000,UD Ibiza,940.0,ES1
742201,2022-09-26,800000,Real Zaragoza,142.0,ES1
506189,2022-11-03,8000000,West Ham United,379.0,GB1
46413,2015-07-01,600000,FC St. Pauli,35.0,L1
57410,2017-09-18,500000,Reading FC,989.0,GB1
92813,2021-03-19,100000,Club Polideportivo El Ejido,3368.0,ES1
292246,2021-06-09,11000000,RB Leipzig,23826.0,L1
74300,2020-12-17,12000000,Crystal Palace,873.0,GB1
207771,2019-06-28,250000,Norwich City,1123.0,GB1
123682,2019-06-13,30000000,AFC Bournemouth,989.0,GB1
268958,2016-02-22,500000,Sevilla FC,368.0,ES1
268642,2019-12-30,4000000,FC Porto,720.0,PO1
213595,2022-06-29,1500000,Real Zaragoza,366.0,ES1
510971,2021-12-30,200000,Algeciras CF,1108.0,ES1
557057,2021-10-13,400000,CD Mirandés,13222.0,
67369,2019-02-19,1500000,Sporting Gijón,1032.0,GB1
293784,2023-04-06,250000,Gillingham FC,31.0,GB1
7337,2015-07-01,500000,Without Club,2288.0,GB1
171170,2021-12-30,200000,Cultural Leonesa,940.0,ES1
493003,2023-03-22,9000000,KRC Genk,1184.0,BE1
226012,2019-06-11,15000000,Getafe CF,3709.0,ES1
203496,2020-10-08,32000000,Real Betis Balompié,150.0,ES1
290249,2018-01-01,2500000,Getafe CF,3709.0,ES1
724041,2023-12-19,800000,Burnley FC U21,24214.0,
425713,2021-06-30,100000,Norwich City,1123.0,GB1
28171,2022-11-12,25000,CA River Plate Montevideo,1084.0,ES1
477758,2023-12-19,20000000,Manchester United,985.0,GB1
480267,2022-11-07,60000000,FC Barcelona,131.0,ES1
176133,2018-05-30,700000,Sporting Gijón,472.0,ES1
169801,2015-09-24,750000,Fulham FC,931.0,GB1
568158,2023-12-22,3000000,Deportivo Alavés,1108.0,ES1
500067,2022-11-09,7500000,Hertha BSC,44.0,L1
314366,2023-04-05,400000,Ipswich Town,984.0,GB1
392591,2022-06-30,1000000,Rotherham United,1194.0,
39532,2017-02-20,1500000,Sunderland AFC,289.0,GB1
31050,2016-03-01,850000,Toronto FC,150.0,ES1
327126,2016-08-01,250000,Real Valladolid B,7078.0,
61653,2018-02-27,4000000,Aston Villa,405.0,GB1
341110,2023-10-13,2500000,Celta de Vigo,940.0,ES1
303657,2016-06-08,300000,Inter Milan Primavera,5380.0,
73319,2021-01-08,200000,FC Cartagena,681.0,ES1
345886,2019-04-15,2750000,FC Luzern,434.0,C1
143559,2020-09-16,10000000,FC Schalke 04,33.0,L1
133089,2020-08-26,1400000,Sporting Kansas City,150.0,ES1
57207,2018-12-15,1000000,Vancouver Whitecaps FC,873.0,GB1
113036,2020-10-13,3200000,West Bromwich Albion,984.0,GB1
281989,2023-10-13,2500000,Getafe CF,3709.0,ES1
208379,2023-06-09,1200000,Ipswich Town,677.0,GB1
191217,2016-02-09,13000000,Arsenal FC,11.0,GB1
58115,2021-12-27,900000,SD Eibar,1533.0,ES1
442816,2018-01-01,300000,Atlético Saguntino,237.0,ES1
284854,2022-11-07,10000000,Getafe CF,3709.0,ES1
655173,2022-09-13,25000,Naestved Boldklub,989.0,GB1
73076,2015-01-23,1000000,Córdoba CF,993.0,ES1
198529,2020-04-08,525000,New England Revolution,1049.0,ES1
26199,2018-05-30,600000,UD Almería,3368.0,ES1
131978,2015-07-01,16000000,Everton FC,29.0,GB1
136501,2021-03-10,1500000,Sheffield Wednesday,603.0,GB1
186186,2018-12-19,10000000,Cardiff City,603.0,GB1
120629,2021-06-08,17000000,Fulham FC,931.0,GB1
711628,2022-06-29,100000,Sevilla Atlético,368.0,ES1
244040,2016-05-30,100000,Blackpool FC,31.0,GB1
138655,2017-06-19,525000,Hebei China Fortune,367.0,ES1
379530,2017-02-02,150000,Lleida Esportiu,714.0,ES1
341051,2019-06-13,3500000,Tottenham Hotspur,148.0,GB1
22491,2021-07-05,300000,Helsingborgs IF,1132.0,GB1
255508,2022-11-07,25000000,Athletic Bilbao,621.0,ES1
623526,2022-11-07,300000,Girona FC,12321.0,ES1
255488,2015-07-01,500000,Bilbao Athletic,6688.0,
142420,2017-02-02,300000,Real Murcia CF,3709.0,ES1
191217,2022-11-07,15000000,FC Barcelona,131.0,ES1
251877,2018-05-30,100000,Atlético de Madrid B,150.0,ES1
41665,2017-12-23,800000,Strømsgodset IF,873.0,GB1
245056,2022-03-15,12000000,Torino FC,416.0,IT1
227954,2021-06-30,300000,CF Talavera de la Reina,367.0,ES1
800176,2021-12-17,2000000,Fluminense Football Club,2462.0,BRA1
286384,2019-12-10,22000000,Manchester United,985.0,GB1
73484,2018-01-02,9000000,Watford FC,1010.0,GB1
177452,2020-10-08,600000,RCD Mallorca,237.0,ES1
67808,2022-11-07,1000000,Girona FC,12321.0,ES1
576314,2023-06-20,5000000,Brighton & Hove Albion,1237.0,GB1
565420,2023-04-06,200000,Swindon Town,31.0,GB1
506189,2018-09-24,500000,Ipswich Town,677.0,GB1
85301,2019-09-10,200000,UE Olot,1050.0,ES1
256429,2020-10-08,5000000,Real Valladolid CF,366.0,ES1
340376,2020-02-11,5000000,SC Braga,1075.0,PO1
532776,2021-10-07,9000000,Bayer 04 Leverkusen,15.0,L1
61253,2016-01-04,18500000,SSC Napoli,6195.0,IT1
33507,2020-02-27,3000000,Birmingham City,1132.0,GB1
277093,2021-12-30,150000,Racing Santander,2448.0,ES1
611198,2023-06-30,300000,Levante UD,3368.0,ES1
857830,2021-06-07,150000,Deportivo Cali,9961.0,COL1
6585,2021-12-30,50000,Águilas FC,3368.0,ES1
54383,2020-07-30,8000000,Sheffield United,350.0,GB1
229815,2018-05-30,200000,Real Sociedad B,681.0,ES1
453704,2016-10-27,200000,CA Osasuna Promesas,368.0,ES1
337179,2022-12-27,200000,Without Club,3709.0,ES1
315858,2016-04-01,8000000,AC Milan,5.0,IT1
266795,2022-06-03,2500000,Deportivo Alavés,1108.0,ES1
128909,2016-04-20,1000000,Queens Park Rangers,1039.0,GB1
95810,2018-07-16,30000000,Tottenham Hotspur,148.0,GB1
93747,2017-02-02,250000,Mérida AD,367.0,ES1
52570,2017-06-28,15000000,Southampton FC,180.0,GB1
26801,2020-02-15,150000,FBC Melgar,3302.0,ES1
26199,2016-02-22,3000000,Levante UD,3368.0,ES1
341266,2023-06-30,200000,CA Osasuna Promesas,331.0,ES1
871837,2022-11-03,400000,Arsenal FC U18,5679.0,
534379,2019-06-29,300000,Sevilla Atlético,8519.0,
66110,2015-01-23,1000000,Real Sociedad,681.0,ES1
971774,2022-12-29,50000,Betis Deportivo Balompié,2865.0,
176612,2020-02-11,250000,Atlético Sanluqueño,367.0,ES1
477758,2023-06-20,25000000,Manchester United,985.0,GB1
82503,2022-11-07,1000000,CA Osasuna,331.0,ES1
207771,2022-07-29,200000,Portsmouth FC,1123.0,GB1
73484,2020-04-08,4800000,Watford FC,1010.0,GB1
73517,2019-12-10,1500000,Aston Villa,405.0,GB1
81988,2020-04-08,2400000,SD Eibar,1533.0,ES1
82243,2019-12-10,3000000,Norwich City,1123.0,GB1
394236,2023-12-21,5000000,BSC Young Boys,452.0,C1
566574,2020-04-08,400000,UD Las Palmas,472.0,ES1
99559,2015-07-03,200000,UE Llagostera,26132.0,
225122,2016-10-31,9000000,SL Benfica,294.0,PO1
201656,2016-08-05,100000,Colchester United,405.0,GB1
99331,2018-12-19,20000000,Southampton FC,1003.0,GB1
45494,2021-05-25,1000000,Crystal Palace,873.0,GB1
705810,2022-06-29,150000,RCD Espanyol B,714.0,ES1
334222,2022-06-03,15000000,Elche CF,1531.0,ES1
255496,2019-09-10,200000,Real Unión Club,1533.0,ES1
183283,2021-11-24,300000,Birmingham City,543.0,GB1
510971,2020-02-11,200000,Deportivo Alavés B,1108.0,ES1
335225,2021-06-24,5000000,UD Almería,3302.0,ES1
337284,2020-02-27,4000000,Reading FC,1032.0,GB1
262396,2018-05-30,500000,Bilbao Athletic,6688.0,
163530,2021-11-24,2500000,West Bromwich Albion,641.0,GB1
220755,2018-09-24,750000,Ipswich Town,29.0,GB1
94570,2021-05-30,125000,Odisha FC,331.0,ES1
268642,2020-09-09,3200000,Sport Club Internacional,6600.0,BRA1
52495,2015-10-16,750000,Sheffield United,350.0,GB1
137174,2022-10-31,500000,FC Juárez,897.0,ES1
57816,2019-09-10,300000,Marino Luanco,2448.0,ES1
183301,2023-06-09,200000,Forest Green Rovers ,148.0,GB1
58001,2019-05-30,500000,Bengaluru FC,367.0,ES1
175446,2021-03-18,15000000,Wolverhampton Wanderers,543.0,GB1
278359,2023-06-13,20000000,Real Betis Balompié,150.0,ES1
16306,2015-02-17,7000000,FC Porto,720.0,PO1
34130,2018-05-28,4000000,Burnley FC,1132.0,GB1
108878,2019-10-17,750000,Charlton Athletic,289.0,GB1
9619,2018-02-27,1500000,Aston Villa,405.0,GB1
169249,2018-12-18,4500000,CA Independiente,1531.0,ES1
278651,2019-12-20,500000,CD Lugo,897.0,ES1
121324,2022-10-27,7000000,Sheffield United,350.0,GB1
598577,2020-11-26,24000000,Bayer 04 Leverkusen,15.0,L1
93330,2015-01-23,2000000,Córdoba CF,993.0,ES1
120241,2018-12-19,750000,Cardiff City,603.0,GB1
146310,2019-12-13,2000000,VfB Stuttgart,79.0,L1
646658,2023-12-19,15000000,Burnley FC,1132.0,GB1
177467,2018-01-01,12000000,RCD Espanyol Barcelona,714.0,ES1
131171,2020-08-26,700000,Inter Miami CF,512.0,GB1
340376,2017-08-17,200000,FC Barcelona B,2464.0,
71918,2021-01-05,1000000,SD Huesca,5358.0,ES1
341278,2022-11-07,1000000,Girona FC,12321.0,ES1
177065,2021-06-08,2000000,Brighton & Hove Albion,1237.0,GB1
50174,2021-12-23,2500000,Watford FC,1010.0,GB1
255508,2017-06-05,25000000,Athletic Bilbao,621.0,ES1
213670,2020-04-08,2400000,Eintracht Frankfurt,24.0,L1
85295,2017-01-16,1250000,FC Metz,347.0,FR1
210155,2017-08-17,100000,SD Leioa,237.0,ES1
158795,2016-02-22,800000,CD Leganés,3709.0,ES1
262895,2021-03-16,350000,FC Den Bosch,1237.0,GB1
79352,2015-01-23,200000,UD Almería,1533.0,ES1
487465,2022-06-15,32000000,Wolverhampton Wanderers,543.0,GB1
73484,2022-10-27,700000,Watford FC,1010.0,GB1
39679,2018-12-19,15000000,Manchester United,985.0,GB1
340867,2019-09-10,300000,SD Huesca,3709.0,ES1
661145,2023-06-30,300000,Real Unión Club,12405.0,
226973,2020-02-27,3000000,Fulham FC,931.0,GB1
169497,2021-06-10,2200000,CA Osasuna,331.0,ES1
7782,2015-07-01,1000000,Málaga CF,1084.0,ES1
262226,2020-04-08,16000000,Atalanta BC,800.0,IT1
34370,2021-12-30,500000,RCD Espanyol Barcelona,367.0,ES1
157368,2015-02-24,6500000,Derby County,1110.0,GB1
175449,2016-02-22,3500000,Getafe CF,3709.0,ES1
222571,2021-01-08,200000,Villarreal CF B,1050.0,ES1
617060,2021-10-13,800000,FC Barcelona B,2464.0,
340205,2018-05-30,800000,Bilbao Athletic,6688.0,
74232,2019-01-08,2000000,Al-Fateh SC,472.0,ES1
253892,2023-06-30,200000,CDA Navalcarnero,3709.0,ES1
127837,2015-01-23,3500000,Athletic Bilbao,621.0,ES1
78966,2017-06-28,2000000,Middlesbrough FC,641.0,GB1
19059,2020-04-08,400000,Watford FC,1010.0,GB1
67080,2023-06-14,800000,Deportivo Alavés,1108.0,ES1
462070,2022-06-02,125000,CA River Plate Montevideo,2419.0,
601883,2022-05-31,35000000,Sporting CP,336.0,PO1
1101641,2023-06-27,250000,Angers SCO B,16672.0,
548111,2020-02-11,200000,Villarreal CF B,11972.0,
73244,2021-01-08,150000,Recreativo Huelva,993.0,ES1
118534,2018-12-19,25000000,Everton FC,29.0,GB1
432914,2017-12-07,50000,Santos FC B,14701.0,
121236,2020-04-08,325000,Forest Green Rovers ,379.0,GB1
44065,2019-12-20,3000000,RCD Espanyol Barcelona,714.0,ES1
356197,2023-10-13,12000000,Villarreal CF,1050.0,ES1
263482,2019-06-27,700000,Kashiwa Reysol,12321.0,ES1
158997,2022-09-15,250000,El Gouna FC,150.0,ES1
684210,2020-12-22,150000,AFC Bournemouth,989.0,GB1
49542,2020-04-08,1600000,Sheffield United,350.0,GB1
146310,2022-11-09,6500000,VfB Stuttgart,79.0,L1
439022,2020-08-04,5500000,Galatasaray,141.0,TR1
415912,2016-06-21,100000,PAS Giannina,2671.0,GR1
25542,2017-09-29,500000,FC Sion,931.0,GB1
315751,2021-12-30,250000,CD Calahorra,366.0,ES1
433188,2019-08-09,1500000,Liverpool FC U23,9252.0,
337070,2019-02-19,200000,Valencia Mestalla,366.0,ES1
223781,2020-10-08,100000,CDA Navalcarnero,940.0,ES1
56777,2017-06-05,1800000,Deportivo de La Coruña,5358.0,ES1
517894,2019-12-17,13000000,RB Leipzig,23826.0,L1
265471,2022-10-27,7000000,Swansea City,2288.0,GB1
307497,2021-03-10,3000000,Derby County,1237.0,GB1
67808,2018-10-31,5000000,Girona FC,12321.0,ES1
525438,2022-12-21,1800000,FC Rapid 1923,455.0,RO1
45256,2023-06-30,300000,AD Alcorcón,2448.0,ES1
625014,2022-06-03,5000000,Bilbao Athletic,6688.0,
268642,2016-08-08,1000000,Club Atlético Belgrano,2417.0,ARG1
493003,2021-07-16,10000000,KRC Genk,1184.0,BE1
295313,2018-01-09,800000,Royal Excel Mouscron (-2022),29228.0,BE1
28336,2016-02-09,6000000,Crystal Palace,873.0,GB1
52428,2022-12-22,400000,Cosenza Calcio,940.0,ES1
443222,2020-10-08,1200000,RCD Mallorca,237.0,ES1
125685,2021-06-30,800000,Luton Town,1031.0,GB1
435338,2017-06-01,600000,LOSC Lille,1082.0,FR1
62945,2019-12-20,1800000,Málaga CF,1084.0,ES1
371998,2022-06-03,100000000,Real Madrid,418.0,ES1
413032,2022-06-15,10000000,Southampton FC,180.0,GB1
908621,2021-08-12,50000,CD Paracuellos Antamira,82851.0,
475188,2023-10-27,30000000,Leicester City,1003.0,GB1
2923,2017-04-15,1250000,FC Viktoria Plzen,3368.0,ES1
859951,2023-12-19,2000000,Tottenham Hotspur,148.0,GB1
346478,2022-11-03,9000000,Tottenham Hotspur,148.0,GB1
343463,2022-09-07,7500000,Club Brugge KV,2282.0,BE1
262391,2019-06-29,300000,RCD Espanyol B,714.0,ES1
405398,2021-10-13,10000000,RCD Mallorca,237.0,ES1
206746,2023-12-19,15000000,Fulham FC,931.0,GB1
224098,2020-02-11,200000,Racing Ferrol,940.0,ES1
238988,2016-02-09,1500000,Everton FC,29.0,GB1
14555,2016-09-01,2000000,Derby County,22.0,
204103,2016-09-01,7000000,Middlesbrough FC,641.0,GB1
142031,2019-06-05,8000000,FC Schalke 04,33.0,L1
39037,2021-03-10,300000,Watford FC,1010.0,GB1
195488,2023-06-13,3000000,Girona FC,12321.0,ES1
348795,2023-03-23,18000000,Villarreal CF,1050.0,ES1
337284,2023-12-27,1200000,Reading FC,1032.0,GB1
341230,2022-12-29,100000,Club Polideportivo El Ejido,1084.0,ES1
225459,2021-10-13,100000,AD Alcorcón,142.0,ES1
586834,2021-10-05,500000,Crystal Palace U21,6945.0,
490307,2018-12-19,2500000,Red Bull Salzburg,1237.0,GB1
44227,2019-03-11,150000,NK Inter Zapresic,16795.0,ES1
339820,2016-10-27,300000,CD Tenerife,648.0,
175914,2016-02-22,800000,Sporting Gijón,2448.0,ES1
19981,2018-06-05,5000000,Hebei China Fortune,131.0,ES1
353032,2023-10-13,3000000,Getafe CF,3709.0,ES1
142419,2015-07-01,2000000,Real Sociedad,331.0,ES1
158703,2020-04-08,1200000,Sheffield United,350.0,GB1
503686,2022-09-14,2500000,Sunderland AFC,289.0,GB1
29712,2017-09-18,3000000,Wolverhampton Wanderers,543.0,GB1
81997,2019-06-29,300000,UD Almería,3302.0,ES1
85309,2019-02-19,300000,Lleida Esportiu,1049.0,ES1
578391,2020-10-13,20000000,Wolverhampton Wanderers,543.0,GB1
16810,2016-02-09,250000,Chelsea FC,631.0,GB1
321247,2022-06-15,32000000,Aston Villa,405.0,GB1
146509,2018-09-24,750000,West Bromwich Albion,984.0,GB1
895480,2022-03-21,100000,Bilbao Athletic,6688.0,
560694,2019-10-17,500000,Huddersfield Town,1110.0,GB1
380598,2020-07-23,2000000,Rayo Vallecano,367.0,ES1
415381,2020-12-31,225000,SBV Excelsior,798.0,NL1
298976,2022-11-07,9000000,Getafe CF,3709.0,ES1
63695,2017-02-02,150000,Racing Ferrol,16795.0,ES1
339340,2019-06-12,3000000,Feyenoord Rotterdam,234.0,NL1
99397,2022-11-03,1800000,Newcastle United,762.0,GB1
461617,2021-12-27,1500000,CD Mirandés,13222.0,
562742,2023-12-20,1000000,Real Oviedo,2497.0,ES1
242631,2019-06-13,25000000,Arsenal FC,11.0,GB1
505674,2020-04-08,2300000,Atlético Madrileño,3679.0,
614262,2023-04-06,200000,Newport County,985.0,GB1
512354,2023-12-19,3000000,Crystal Palace,873.0,GB1
81988,2019-12-20,3000000,SD Eibar,1533.0,ES1
111621,2019-02-19,400000,Granada CF,1244.0,ES1
73547,2018-09-24,3000000,Sheffield United,350.0,GB1
3333,2021-12-23,2000000,Liverpool FC,31.0,GB1
129473,2023-11-27,4000000,Al-Arabi SC,681.0,ES1
107350,2015-12-29,400000,Hibernian FC,1071.0,GB1
63689,2015-01-23,3000000,Granada CF,1533.0,ES1
59551,2020-10-08,1200000,Granada CF,16795.0,ES1
268258,2017-06-29,200000,AD Alcorcón,1533.0,ES1
7922,2016-12-21,3500000,Al-Rayyan SC,714.0,ES1
158057,2016-02-22,1000000,Bilbao Athletic,621.0,ES1
148262,2015-02-24,1500000,Derby County,22.0,
208379,2019-02-27,1000000,Wigan Athletic,677.0,GB1
201574,2020-07-30,5000000,Southampton FC,180.0,GB1
227183,2017-06-28,2500000,Southampton FC,180.0,GB1
293385,2023-06-22,40000000,RB Leipzig,23826.0,L1
379548,2019-09-10,200000,Bilbao Athletic,621.0,ES1
131667,2022-04-21,400000,Without Club,16795.0,ES1
288376,2017-06-30,100000,Bilbao Athletic,1049.0,ES1
67548,2021-12-30,2800000,Granada CF,16795.0,ES1
424042,2021-12-28,10000000,Udinese Calcio,410.0,IT1
73484,2022-06-15,1800000,Watford FC,1010.0,GB1
42513,2016-04-20,4000000,Sheffield Wednesday,1123.0,GB1
633992,2020-04-08,1600000,FC Lorient,1158.0,FR1
632741,2022-06-29,300000,Celta Vigo B,8733.0,
625660,2020-02-11,50000,Real Sociedad B,9899.0,
260230,2022-12-29,300000,SD Ponferradina,366.0,ES1
248330,2021-06-10,800000,Getafe CF,3709.0,ES1
129078,2018-05-28,18000000,Southampton FC,180.0,GB1
412829,2021-12-16,800000,FC Lorient,1158.0,FR1
502676,2020-01-04,250000,FC Locomotive Tbilisi,6365.0,
57950,2021-12-30,150000,Racing Ferrol,940.0,ES1
199528,2018-08-13,8000000,Cardiff City,603.0,GB1
59527,2021-01-07,100000,Haro Deportivo,331.0,ES1
143219,2019-12-30,200000,Virtus Entella,31.0,GB1
7874,2016-02-22,1500000,Athletic Bilbao,12321.0,ES1
338629,2021-06-09,12000000,1.FC Köln,3.0,L1
606848,2018-11-23,200000,SD Amorebieta,1533.0,ES1
195604,2017-10-30,700000,Clube Náutico Capibaribe,367.0,ES1
311287,2019-06-29,1200000,Granada CF,1533.0,ES1
75238,2019-09-10,200000,UD San Sebastián de los Reyes,993.0,ES1
170540,2018-12-15,350000,New England Revolution,180.0,GB1
158623,2016-06-01,1000000,Derby County,931.0,GB1
373353,2022-06-29,400000,CD Tenerife,1050.0,ES1
182712,2016-10-27,20000000,Valencia CF,1049.0,ES1
91763,2016-02-22,3500000,Celta de Vigo,940.0,ES1
127457,2018-03-02,600000,Sporting Gijón,940.0,ES1
463605,2023-10-16,15000000,LOSC Lille,1082.0,FR1
392771,2020-04-08,9000000,RB Leipzig,23826.0,L1
331496,2023-10-13,2500000,Girona FC,12321.0,ES1
176067,2019-06-29,1500000,Deportivo de La Coruña,897.0,ES1
199348,2019-03-11,100000,NK Istra 1961,897.0,ES1
410425,2021-12-23,25000000,Brighton & Hove Albion,1237.0,GB1
399273,2021-08-10,25000,Águilas FC,1533.0,ES1
844637,2022-06-03,800000,Atlético Levante UD,11516.0,
44794,2021-06-29,1000000,Bristol City,405.0,GB1
150948,2018-05-30,2000000,Málaga CF,1533.0,ES1
76467,2018-01-02,5000000,Watford FC,1010.0,GB1
6893,2022-06-03,300000,FC Voluntari,984.0,GB1
58115,2022-06-29,600000,SD Eibar,1533.0,ES1
709187,2022-06-03,12000000,Athletic Bilbao,621.0,ES1
328914,2023-06-12,600000,Como 1907,1049.0,ES1
614811,2023-04-05,250000,Exeter City,6699.0,
632471,2019-05-23,50000,Gimnàstic de Tarragona U19,16795.0,ES1
67082,2023-12-22,300000,Atlético de Madrid,13.0,ES1
262749,2019-02-27,1000000,Blackburn Rovers,164.0,
392775,2018-02-27,25000000,Fulham FC,931.0,GB1
74230,2018-08-11,30000000,Sevilla FC,368.0,ES1
424051,2018-12-17,7000000,FC Girondins Bordeaux,1010.0,GB1
57500,2021-03-18,17000000,Chelsea FC,631.0,GB1
58112,2015-07-01,1200000,Real Valladolid CF,1244.0,ES1
194460,2017-02-27,400000,Bristol City,931.0,GB1
143219,2018-12-13,250000,Virtus Entella,31.0,GB1
405398,2022-09-23,9000000,Real Sociedad,681.0,ES1
344015,2018-01-02,5000000,Liverpool FC,31.0,GB1
33046,2018-04-24,100000,FC Lausanne-Sport,289.0,GB1
788283,2023-10-27,2000000,Coventry City,1132.0,GB1
6893,2015-06-01,1100000,Steaua Bucharest,984.0,GB1
186891,2015-07-01,1000000,Real Betis Balompié,16795.0,ES1
63706,2021-06-30,50000,SD Amorebieta,993.0,ES1
162395,2018-02-08,800000,JS Kabylie,1010.0,GB1
44735,2016-07-15,2000000,UD Las Palmas,472.0,ES1
111422,2018-08-13,3000000,Fulham FC,931.0,GB1
71571,2016-02-22,7500000,Athletic Bilbao,714.0,ES1
488626,2018-05-30,150000,Bilbao Athletic,6688.0,
420210,2022-03-17,7500000,Feyenoord Rotterdam,234.0,NL1
595809,2022-11-11,13000000,Udinese Calcio,410.0,IT1
264372,2021-01-14,24000000,Dynamo Kyiv,338.0,UKR1
128904,2022-06-15,6000000,Norwich City,1123.0,GB1
104586,2021-03-10,1000000,Cardiff City,603.0,GB1
167228,2017-01-24,600000,UD Las Palmas,472.0,ES1
221150,2018-05-30,15000000,Getafe CF,3709.0,ES1
425334,2019-06-28,4000000,Nottingham Forest,703.0,GB1
321247,2021-03-10,22000000,Norwich City,1123.0,GB1
503733,2021-12-23,8000000,Everton FC,29.0,GB1
253677,2017-06-28,5000000,AFC Bournemouth,989.0,GB1
118997,2020-04-08,8000000,Levante UD,3368.0,ES1
204103,2020-03-09,32000000,Wolverhampton Wanderers,543.0,GB1
415970,2019-01-03,8000000,Rangers FC,124.0,SC1
289236,2018-12-21,2000000,Real Sociedad,681.0,ES1
51710,2016-10-27,5000000,Villarreal CF,366.0,ES1
72087,2023-01-23,250000,BG Pathum United,940.0,ES1
25319,2016-02-22,400000,UD Las Palmas,472.0,ES1
466794,2022-11-07,18000000,FC Barcelona,131.0,ES1
176133,2018-01-01,700000,UD Las Palmas,472.0,ES1
379548,2018-05-30,300000,FC Barcelona B,621.0,ES1
201574,2017-09-18,1000000,Norwich City,1123.0,GB1
2963,2017-01-24,200000,Málaga CF,714.0,ES1
66100,2016-08-01,5000000,Southampton FC,180.0,GB1
785353,2020-10-08,50000,UD Mutilvera,40175.0,
127108,2017-01-24,3000000,SD Eibar,1533.0,ES1
540941,2020-04-08,4500000,FC Nordsjaelland,2778.0,DK1
222571,2020-10-08,200000,Villarreal CF B,1050.0,ES1
59016,2017-06-19,38000000,Bayern Munich,27.0,L1
72201,2020-10-08,400000,AD Alcorcón,2448.0,ES1
381963,2020-02-11,3500000,Willem II Tilburg,403.0,NL1
258004,2020-08-17,35000000,SL Benfica,294.0,PO1
139859,2020-10-08,250000,Hércules CF,3709.0,ES1
26065,2019-12-20,1500000,Real Sociedad,681.0,ES1
61592,2022-06-15,1500000,Crystal Palace,873.0,GB1
197545,2015-07-01,2000000,SD Eibar,621.0,ES1
76285,2017-06-05,400000,Real Sociedad,681.0,ES1
234803,2018-12-19,45000000,Liverpool FC,31.0,GB1
14221,2018-01-02,5000000,Everton FC,1132.0,GB1
255488,2020-04-08,24000000,Athletic Bilbao,621.0,ES1
528894,2022-11-03,350000,Arsenal FC U21,11.0,GB1
531062,2021-06-24,400000,UD Las Palmas,472.0,ES1
51528,2017-02-27,350000,Brighton & Hove Albion,1237.0,GB1
158848,2018-05-30,100000,Real Unión Club,150.0,ES1
217149,2022-06-29,250000,Unionistas CF,3302.0,ES1
420210,2018-06-12,500000,Feyenoord U19,2862.0,
638793,2019-03-20,50000,New England Revolution,626.0,MLS1
149231,2018-05-30,900000,UD Almería,1531.0,ES1
121324,2016-05-30,400000,Gillingham FC,2814.0,
142031,2018-04-04,8000000,Eintracht Frankfurt,24.0,L1
335225,2022-11-07,4000000,Villarreal CF,1050.0,ES1
64545,2021-09-10,50000,Liverpool FC Montevideo,367.0,ES1
721660,2021-08-10,50000,Pasaia KE,45046.0,
49501,2018-01-02,3500000,Huddersfield Town,1110.0,GB1
341264,2022-11-07,8000000,Rayo Vallecano,367.0,ES1
66110,2023-05-31,275000,Karmiotissa Pano Polemidion,681.0,ES1
73180,2020-10-08,100000,Without Club,5358.0,ES1
297194,2023-06-13,2000000,Celta de Vigo,940.0,ES1
87672,2016-08-01,4000000,AFC Bournemouth,989.0,GB1
251896,2015-01-08,400000,Real Zaragoza,142.0,ES1
161267,2021-01-08,400000,CD Castellón,237.0,ES1
63040,2022-06-03,500000,CA Osasuna,331.0,ES1
41416,2019-12-10,6000000,Crystal Palace,873.0,GB1
21725,2019-11-27,2500000,CR Flamengo,13.0,ES1
356196,2020-02-11,200000,RCD Espanyol B,714.0,ES1
47647,2016-07-15,2000000,Athletic Bilbao,367.0,ES1
85500,2015-07-01,400000,Cádiz CF,331.0,ES1
70767,2020-10-08,700000,Albacete Balompié,150.0,ES1
251845,2023-12-22,2500000,Valencia CF,1049.0,ES1
134424,2020-10-15,2800000,Stoke City,985.0,GB1
531277,2019-12-20,2500000,Rayo Vallecano,367.0,ES1
533568,2019-12-05,2500000,CA Talleres,3938.0,ARG1
176067,2020-04-08,800000,Deportivo de La Coruña,897.0,ES1
107427,2018-02-27,2500000,Derby County,1010.0,GB1
53360,2015-10-14,13000000,Southampton FC,180.0,GB1
70245,2015-02-24,1000000,Norwich City,1123.0,GB1
12282,2022-11-11,6000000,Ajax Amsterdam,610.0,NL1
61697,2021-11-24,500000,Sheffield United,350.0,GB1
319131,2018-01-01,100000,Pontevedra CF,3709.0,ES1
338285,2019-06-11,15000000,Athletic Bilbao,621.0,ES1
339820,2017-01-24,600000,CD Tenerife,648.0,
659813,2023-12-14,35000000,Bayer 04 Leverkusen,15.0,L1
65263,2018-01-01,1000000,Real Valladolid CF,366.0,ES1
398163,2022-06-03,5000000,Getafe CF,3709.0,ES1
129473,2021-06-04,15000000,Paris Saint-Germain,681.0,ES1
195633,2015-09-24,500000,Leeds United,399.0,GB1
82873,2018-05-28,10000000,Brighton & Hove Albion,1237.0,GB1
24636,2017-02-27,1000000,Reading FC,3008.0,GB1
7600,2021-01-29,2500000,Vissel Kobe,131.0,ES1
357885,2018-12-21,30000000,Villarreal CF,1050.0,ES1
85295,2023-12-22,3500000,Rayo Vallecano,367.0,ES1
283628,2020-04-08,12000000,West Ham United,379.0,GB1
128295,2017-06-05,2500000,CD Leganés,367.0,ES1
468198,2021-06-28,6500000,Rangers FC,124.0,SC1
177907,2020-12-17,40000000,Manchester United,985.0,GB1
227805,2021-03-19,5000000,Valencia CF,1049.0,ES1
181579,2015-02-12,8000000,Southampton FC,180.0,GB1
242644,2020-06-29,150000,FC Eindhoven,379.0,GB1
195488,2019-12-10,3500000,Tottenham Hotspur,148.0,GB1
86643,2022-03-25,300000,Rot-Weiss Essen,11.0,GB1
223890,2019-02-19,600000,Cádiz CF,1533.0,ES1
715650,2022-09-26,50000,UE Cornellà,3709.0,ES1
329648,2021-12-30,150000,Club Polideportivo El Ejido,368.0,ES1
62945,2022-06-03,800000,Cádiz CF,2687.0,ES1
348026,2020-09-16,23000000,RB Leipzig,23826.0,L1
63723,2021-06-24,200000,Málaga CF,1533.0,ES1
526050,2023-08-22,1000000,Minnesota United FC,56089.0,MLS1
102423,2022-06-03,4000000,RCD Espanyol Barcelona,714.0,ES1
140579,2018-07-16,5000000,Borussia Mönchengladbach,1123.0,GB1
81793,2015-02-12,900000,Urawa Red Diamonds,180.0,GB1
141349,2016-05-30,150000,Chesterfield FC,984.0,GB1
67283,2021-03-10,300000,Swansea City,1110.0,GB1
475411,2021-03-18,30000000,Leicester City,1003.0,GB1
291544,2016-09-01,200000,Preston North End,1123.0,GB1
1141628,2023-12-21,1800000,Sivasspor,2381.0,TR1
71559,2017-01-24,3500000,Athletic Bilbao,3709.0,ES1
392768,2022-03-29,30000000,Chelsea FC,631.0,GB1
63040,2021-06-10,700000,CA Osasuna,331.0,ES1
77262,2022-04-06,800000,Ceará Sporting Club,472.0,ES1
134416,2020-04-08,300000,FK Mladost Doboj-Kakanj,379.0,GB1
340918,2021-06-08,2500000,Liverpool FC,31.0,GB1
396109,2022-06-29,500000,Málaga CF,368.0,ES1
171362,2015-01-23,4000000,Deportivo de La Coruña,5358.0,ES1
35532,2017-01-24,400000,CD Numancia,331.0,ES1
321247,2016-07-15,500000,Getafe CF,3709.0,ES1
35518,2020-04-08,12000000,Manchester City,681.0,ES1
298983,2022-12-29,800000,Villarreal CF B,331.0,ES1
379530,2020-02-11,300000,Real Valladolid Promesas,714.0,ES1
139859,2019-06-29,250000,Hércules CF,3709.0,ES1
330659,2017-02-02,1000000,Ajax Amsterdam,610.0,NL1
281773,2022-06-29,700000,CD Tenerife,367.0,ES1
87422,2020-01-06,500000,Apollon Limassol,289.0,GB1
44012,2019-06-29,100000,UD Las Palmas,472.0,ES1
162038,2021-10-13,12000000,RCD Espanyol Barcelona,714.0,ES1
56067,2016-02-22,7000000,Valencia CF,1531.0,ES1
85500,2018-01-01,500000,CD Tenerife,331.0,ES1
374082,2018-01-01,300000,CA Osasuna Promesas,331.0,ES1
81743,2015-12-28,2000000,FC Pro Vercelli 1892,993.0,ES1
3614,2015-07-01,500000,Everton FC,29.0,GB1
354017,2020-07-10,200000,SKF Sered,703.0,GB1
121398,2021-06-30,1800000,Stoke City,1110.0,GB1
307497,2022-05-13,3000000,West Bromwich Albion,1237.0,GB1
249565,2019-12-10,55000000,Leicester City,1003.0,GB1
632497,2021-08-12,25000,CE Andratx,237.0,ES1
324882,2019-12-10,10000000,Aston Villa,405.0,GB1
128901,2021-03-18,22000000,Wolverhampton Wanderers,543.0,GB1
538996,2020-04-08,11000000,Paris Saint-Germain,583.0,FR1
503987,2021-05-19,16000000,PSV Eindhoven,383.0,NL1
61694,2020-04-08,2400000,Cardiff City,603.0,GB1
424042,2022-11-07,18000000,Atlético de Madrid,13.0,ES1
252667,2016-08-01,300000,FC Barcelona B,2464.0,
344605,2019-12-19,22000000,LOSC Lille,1082.0,FR1
315312,2018-01-01,300000,CD Badajoz,150.0,ES1
55125,2016-02-11,1500000,1.FC Kaiserslautern,1110.0,GB1
56134,2016-02-22,5000000,Valencia CF,1050.0,ES1
72479,2015-06-06,10000000,Olympique Lyon,237.0,ES1
634131,2023-06-13,15000000,CA Osasuna,331.0,ES1
454576,2020-03-12,3500000,Feyenoord Rotterdam,234.0,NL1
238266,2018-06-14,10000000,Red Bull Salzburg,409.0,A1
95976,2021-12-23,3500000,Southampton FC,180.0,GB1
503680,2023-06-20,20000000,Nottingham Forest,703.0,GB1
258374,2018-05-30,400000,Real Zaragoza,1049.0,ES1
126741,2018-05-30,300000,RCD Espanyol Barcelona,714.0,ES1
351749,2021-12-23,40000000,Leeds United,399.0,GB1
245744,2023-12-14,4000000,VfL Bochum,80.0,L1
48294,2015-01-08,600000,UD Las Palmas,3302.0,ES1
67355,2018-09-24,3500000,Stoke City,29.0,GB1
398163,2021-10-14,14000000,AS Roma,12.0,IT1
424015,2022-09-15,14000000,Everton FC,29.0,GB1
33963,2020-10-15,300000,Preston North End,641.0,GB1
100722,2021-12-30,1400000,RCD Mallorca,237.0,ES1
364603,2019-12-20,2500000,CD Leganés,1244.0,ES1
111195,2019-06-12,7000000,Ajax Amsterdam,610.0,NL1
357072,2018-06-04,4500000,Stade Rennais FC,273.0,FR1
392770,2020-10-22,4000000,Boavista FC,2503.0,PO1
249463,2019-02-19,200000,CF Badalona,13.0,ES1
15930,2020-10-13,250000,West Ham United,379.0,GB1
249274,2019-04-04,200000,Rovaniemen Palloseura,1108.0,ES1
383109,2021-05-31,2000000,Norwich City,1123.0,GB1
376856,2020-12-22,700000,Brentford FC,1148.0,GB1
246277,2017-01-24,1000000,Sporting Gijón,1108.0,ES1
67252,2021-06-30,2000000,Swansea City,1003.0,GB1
471474,2022-06-03,2500000,CA Osasuna,331.0,ES1
7492,2015-01-23,100000,Deportivo de La Coruña,897.0,ES1
623570,2022-10-27,3500000,Sheffield United,350.0,GB1
223890,2017-06-29,500000,Elche CF,1533.0,ES1
285583,2022-07-29,150000,Shrewsbury Town,543.0,GB1
531274,2020-10-08,200000,CE Sabadell FC,3302.0,ES1
33873,2016-02-09,12000000,Chelsea FC,631.0,GB1
520651,2019-10-17,150000,Wigan Athletic,1071.0,GB1
138655,2019-12-27,300000,Hebei China Fortune,367.0,ES1
217145,2021-01-07,100000,SD Compostela,897.0,ES1
487465,2020-07-30,15000000,Wolverhampton Wanderers,543.0,GB1
61573,2018-05-28,3500000,Huddersfield Town,1110.0,GB1
419325,2021-03-10,500000,Reading FC,29.0,GB1
16306,2015-07-01,10000000,FC Porto,720.0,PO1
253892,2016-08-07,300000,CE Sabadell FC,3709.0,ES1
6119,2017-05-31,400000,PS Mitra Kukar,3368.0,ES1
286841,2016-10-27,600000,CF Reus Deportiu,1531.0,ES1
207771,2016-09-01,500000,Norwich City,1123.0,GB1
628461,2022-12-29,25000,AD Alcorcón B,367.0,ES1
197128,2020-02-11,300000,CD Badajoz,681.0,ES1
89330,2019-02-19,500000,Real Zaragoza,681.0,ES1
200612,2022-12-29,300000,CF Fuenlabrada,1531.0,ES1
569876,2021-06-30,100000,Real Madrid Castilla,6767.0,
22969,2016-07-15,10000000,Atlético de Madrid,13.0,ES1
44735,2021-12-30,100000,Gimnàstic de Tarragona,472.0,ES1
282421,2023-12-22,2000000,UD Las Palmas,472.0,ES1
627277,2020-10-08,50000,Atzeneta UE,3368.0,ES1
34870,2020-10-08,1000000,Granada CF,3368.0,ES1
38094,2021-06-08,400000,West Bromwich Albion,984.0,GB1
413112,2022-05-30,60000000,AS Monaco,162.0,FR1
44069,2021-01-05,700000,SD Huesca,5358.0,ES1
226049,2018-01-02,500000,Newcastle United,762.0,GB1
125781,2015-11-22,50000000,Atlético de Madrid,13.0,ES1
282431,2020-10-08,50000,CF Villanovense,1244.0,ES1
31050,2019-06-27,200000,GFC Ajaccio,150.0,ES1
462380,2022-12-29,50000,Recreativo Granada,16795.0,ES1
438001,2023-03-23,8000000,Girona FC,12321.0,ES1
61651,2021-12-23,18000000,Liverpool FC,31.0,GB1
484547,2023-06-22,40000000,Bayer 04 Leverkusen,15.0,L1
76746,2021-06-10,1500000,Getafe CF,3709.0,ES1
81202,2017-02-27,2000000,Cardiff City,603.0,GB1
240306,2018-11-01,26000000,Sporting CP,336.0,PO1
200782,2021-06-30,1500000,Blackpool FC,31.0,GB1
227183,2022-05-13,3500000,Blackburn Rovers,180.0,GB1
19721,2017-06-17,300000,Vardar Skopje,984.0,GB1
160182,2021-06-13,200000,Lee Man,1531.0,ES1
114093,2020-10-15,1600000,Cardiff City,603.0,GB1
221309,2018-01-01,800000,Real Valladolid CF,366.0,ES1
286415,2021-12-16,10000000,Olympique Marseille,244.0,FR1
284430,2019-02-19,300000,Granada CF,16795.0,ES1
91763,2018-01-01,5000000,Celta de Vigo,940.0,ES1
114093,2016-04-20,500000,Preston North End,603.0,GB1
505674,2023-10-13,5000000,Rayo Vallecano,367.0,ES1
74943,2018-05-29,3750000,Trabzonspor,1010.0,GB1
638235,2019-09-10,50000,Atlético Levante UD,3368.0,ES1
92381,2017-09-18,2000000,Bolton Wanderers,762.0,GB1
289286,2018-01-01,300000,Real Sociedad B,681.0,ES1
40611,2016-08-01,14000000,Southampton FC,1003.0,GB1
251046,2018-03-18,150000,NK Rudes,1108.0,ES1
256429,2018-03-02,1000000,Córdoba CF,993.0,ES1
14555,2020-04-08,800000,Manchester City,281.0,GB1
628451,2023-12-19,50000000,Chelsea FC,631.0,GB1
450050,2019-12-19,4000000,RC Strasbourg Alsace,667.0,FR1
428948,2021-01-07,300000,Cultural Leonesa,681.0,ES1
127032,2016-02-04,15000000,Paris Saint-Germain,583.0,FR1
243589,2021-06-08,6000000,Fulham FC,931.0,GB1
696890,2022-12-29,300000,CF Intercity,681.0,ES1
7512,2017-06-29,200000,UD Almería,366.0,ES1
537760,2019-09-10,50000,UD Melilla,237.0,ES1
55135,2015-01-23,800000,Rayo Vallecano,367.0,ES1
433177,2022-06-15,65000000,Arsenal FC,11.0,GB1
127048,2016-07-15,20000000,Villarreal CF,1050.0,ES1
33046,2019-01-21,250000,FC Lausanne-Sport,289.0,GB1
78966,2019-06-28,4000000,Middlesbrough FC,641.0,GB1
289257,2020-10-08,1000000,Real Sociedad,681.0,ES1
75238,2016-10-27,200000,SD Huesca,993.0,ES1
109751,2021-06-30,2000000,Norwich City,1123.0,GB1
537458,2022-09-26,50000,CD Calahorra,13.0,ES1
533110,2019-09-10,100000,FC Andorra,12321.0,ES1
255653,2017-06-05,6000000,Valencia CF,940.0,ES1
52191,2018-09-24,750000,Nottingham Forest,873.0,GB1
348553,2023-10-13,300000,SD Ponferradina,367.0,ES1
388512,2023-03-24,200000,Atlético Baleares,150.0,ES1
3668,2017-02-27,500000,Burton Albion,1010.0,GB1
285323,2020-11-26,10000000,SC Freiburg,60.0,L1
35583,2019-06-28,750000,Sheffield Wednesday,1010.0,GB1
882772,2023-10-13,400000,Atlético Sanluqueño,21322.0,
494880,2018-09-03,1000000,FC Barcelona B,2464.0,
280730,2023-06-13,5000000,Real Madrid,418.0,ES1
251888,2019-09-07,100000,Recreativo Granada,16795.0,ES1
247366,2018-05-30,500000,Cádiz CF,2687.0,ES1
56777,2021-06-10,200000,SD Huesca,5358.0,ES1
251876,2022-03-21,5000000,RCD Mallorca,237.0,ES1
75287,2020-11-10,800000,Without Club,12321.0,ES1
485963,2019-01-08,300000,Le Havre AC,738.0,FR1
631002,2021-01-08,100000,Betis Deportivo Balompié,2865.0,
282410,2022-06-29,2500000,UD Almería,714.0,ES1
57816,2017-01-24,2000000,Sporting Gijón,2448.0,ES1
197545,2022-06-03,2500000,Athletic Bilbao,621.0,ES1
67355,2019-06-13,2000000,Everton FC,29.0,GB1
374081,2023-06-14,700000,CD Tenerife,331.0,ES1
281979,2019-06-07,300000,FC Ararat-Armenia ,13.0,ES1
85295,2021-01-08,1000000,UD Almería,3302.0,ES1
403898,2018-08-22,300000,Borussia Mönchengladbach,18.0,L1
365172,2017-10-11,500000,Red Bull Salzburg,1003.0,GB1
627277,2023-06-30,100000,Mar Menor FC,3368.0,ES1
13465,2020-02-27,1000000,Derby County,3008.0,GB1
303248,2017-08-17,250000,Betis Deportivo Balompié,150.0,ES1
557057,2020-10-08,150000,Gimnàstic de Tarragona,5648.0,
564529,2021-06-04,1000000,FC Copenhagen U19,16104.0,
281990,2020-12-31,250000,NAC Breda,897.0,ES1
626724,2020-10-15,12000000,Watford FC,1010.0,GB1
309400,2021-03-18,70000000,Chelsea FC,631.0,GB1
335216,2022-06-29,1500000,CD Mirandés,621.0,ES1
340339,2020-10-08,1500000,Celta de Vigo,1244.0,ES1
111961,2015-11-05,4000000,AC Milan,5.0,IT1
156840,2018-05-30,150000,CCD Cerceda (- 2018),621.0,ES1
43853,2017-02-27,2500000,Reading FC,1032.0,GB1
256429,2018-12-21,3000000,Getafe CF,3709.0,ES1
396115,2021-06-30,200000,Marbella FC,3368.0,ES1
343273,2018-02-18,50000,CD Toledo,2929.0,
413459,2020-10-08,450000,Recreativo Granada,16795.0,ES1
51426,2017-06-05,1500000,Real Sociedad,3709.0,ES1
250845,2021-01-05,65000000,Atlético de Madrid,13.0,ES1
494237,2018-09-06,150000,AS Monaco B,9668.0,
186590,2022-11-03,30000000,Manchester City,281.0,GB1
139859,2022-06-29,150000,Salamanca CF UDS,3709.0,ES1
177476,2023-06-20,42000000,Manchester City,281.0,GB1
57876,2021-01-08,100000,AD Alcorcón,897.0,ES1
134098,2015-07-03,1800000,Al-Sailiya SC,331.0,ES1
628464,2021-01-08,100000,CF La Nucía,13.0,ES1
56059,2020-02-17,50000,Club Almagro,142.0,ES1
82243,2017-12-28,750000,FC Augsburg,1123.0,GB1
320466,2017-06-29,300000,AD Alcorcón,1049.0,ES1
43003,2018-05-28,13000000,Arsenal FC,681.0,ES1
256267,2021-12-28,6000000,SS Lazio,398.0,IT1
238266,2017-10-11,3000000,Red Bull Salzburg,409.0,A1
1064471,2023-09-11,50000,RC Celta Fortuna,8733.0,
412616,2020-08-06,6000000,KAA Gent,1010.0,GB1
696890,2023-06-30,250000,CF Intercity,681.0,ES1
61711,2016-08-01,4000000,West Bromwich Albion,984.0,GB1
344069,2019-07-28,75000,VfL Wolfsburg II,143.0,
398065,2019-12-10,22000000,Leicester City,1003.0,GB1
345886,2022-03-24,9000000,FC Augsburg,167.0,L1
607224,2023-03-24,8000000,Birmingham City,337.0,
204103,2023-03-16,12000000,Wolverhampton Wanderers,543.0,GB1
171679,2018-12-19,10000000,Wolverhampton Wanderers,543.0,GB1
448835,2017-02-02,50000,Barakaldo CF ,940.0,ES1
418560,2018-09-10,2000000,Molde FK,687.0,NO1
141835,2018-05-30,1000000,Gimnàstic de Tarragona,714.0,ES1
38954,2016-08-08,4000000,CA Boca Juniors,1049.0,ES1
212863,2021-12-30,400000,Deportivo de La Coruña,418.0,ES1
342050,2019-08-20,75000,Ross County FC,631.0,GB1
72484,2017-06-29,300000,Gimnàstic de Tarragona,1108.0,ES1
73858,2016-10-27,200000,CD Lugo,142.0,ES1
88490,2018-01-01,7500000,FC Barcelona,714.0,ES1
104962,2020-12-11,150000,Dinamo Tbilisi,1071.0,GB1
401624,2019-12-20,1000000,Betis Deportivo Balompié,2865.0,
177065,2015-04-11,2000000,Córdoba CF,1237.0,GB1
73484,2015-02-12,9000000,Aston Villa,1010.0,GB1
35548,2015-09-24,2000000,Middlesbrough FC,2448.0,ES1
314237,2021-05-14,600000,Pafos FC,405.0,GB1
73076,2021-06-30,50000,UD Tamaraceite,993.0,ES1
51667,2019-12-20,2500000,Real Valladolid CF,366.0,ES1
282421,2019-06-29,500000,Real Oviedo,2497.0,ES1
73566,2015-02-24,450000,Ipswich Town,3008.0,GB1
86202,2019-06-13,50000000,Chelsea FC,631.0,GB1
473050,2021-02-15,300000,SC Freiburg II,245.0,
255653,2017-01-24,7000000,Valencia CF,940.0,ES1
3333,2022-06-15,2000000,Liverpool FC,31.0,GB1
577869,2023-06-30,50000,Celta Vigo B,8733.0,
732119,2021-10-05,1000000,Liverpool FC U23,9252.0,
30456,2015-07-01,4000000,Stoke City,984.0,GB1
44794,2018-09-24,2000000,Aston Villa,405.0,GB1
711544,2022-06-15,150000,Crystal Palace U23,6945.0,
357397,2020-04-08,1800000,Leyton Orient,148.0,GB1
9619,2015-07-01,2000000,Aston Villa,405.0,GB1
85864,2017-06-28,8000000,Liverpool FC,31.0,GB1
141655,2015-07-01,3000000,Crystal Palace,873.0,GB1
383109,2022-09-14,2000000,Birmingham City,1123.0,GB1
192009,2017-01-24,1500000,CD Leganés,1244.0,ES1
300168,2021-12-30,2000000,Athletic Bilbao,621.0,ES1
355624,2019-06-29,600000,Córdoba CF,1084.0,ES1
64598,2018-05-30,7000000,Girona FC,12321.0,ES1
387626,2015-09-15,400000,KRC Genk,1184.0,BE1
128909,2018-02-27,1000000,Queens Park Rangers,1039.0,GB1
397102,2023-04-05,300000,Barnsley FC,1132.0,GB1
67431,2016-04-20,1250000,Wolverhampton Wanderers,543.0,GB1
340194,2017-10-24,250000,Northampton Town,985.0,GB1
341278,2019-02-19,250000,Villarreal CF B,11972.0,
120095,2022-03-21,7500000,Levante UD,3368.0,ES1
324358,2021-05-28,32000000,Aston Villa,405.0,GB1
158703,2018-09-24,750000,Sheffield United,350.0,GB1
27511,2019-09-12,6000000,Crystal Palace,873.0,GB1
57423,2015-02-12,6000000,Southampton FC,180.0,GB1
582718,2022-12-29,100000,Deportivo Alavés B,1108.0,ES1
129067,2018-08-13,250000,Wolverhampton Wanderers,543.0,GB1
30747,2015-10-01,1800000,Chiapas FC (- 2017),331.0,ES1
246244,2017-06-29,400000,Córdoba CF,418.0,ES1
249356,2023-10-27,2200000,Norwich City,989.0,GB1
286849,2021-06-24,600000,Girona FC,1533.0,ES1
281990,2021-06-17,300000,Levski Sofia,897.0,ES1
351749,2016-09-01,250000,Leeds United,399.0,GB1
127048,2022-11-07,5000000,Olympiacos Piraeus,683.0,GR1
252667,2022-11-07,2500000,Cádiz CF,2687.0,ES1
81998,2020-12-30,550000,Qarabağ FK,331.0,ES1
411975,2023-12-22,60000000,FC Barcelona,131.0,ES1
229812,2017-06-29,200000,CD Mirandés,681.0,ES1
229798,2019-09-10,100000,SD Ejea,5358.0,ES1
282700,2020-10-08,400000,Girona FC,1244.0,ES1
531825,2020-10-08,200000,Real Valladolid Promesas,366.0,ES1
49327,2016-09-01,6000000,Derby County,1123.0,GB1
14555,2020-10-13,800000,Manchester City,281.0,GB1
73517,2017-06-19,800000,FC Ingolstadt 04,4795.0,L1
48066,2022-10-27,400000,Reading FC,762.0,GB1
237617,2023-03-24,600000,UD Ibiza,13241.0,
42298,2018-01-02,500000,AFC Bournemouth,989.0,GB1
229826,2021-06-30,600000,Luton Town,379.0,GB1
660735,2022-02-08,1500000,CA San Lorenzo de Almagro,1775.0,ARG1
212862,2021-01-05,20000000,Real Sociedad,681.0,ES1
86784,2021-05-25,2000000,Torino FC,416.0,IT1
168157,2021-12-23,30000000,Wolverhampton Wanderers,543.0,GB1
72479,2022-03-21,2000000,RCD Mallorca,237.0,ES1
578391,2019-12-19,12000000,Angers SCO,1420.0,FR1
289272,2022-11-07,1200000,Real Sociedad,681.0,ES1
399779,2020-08-18,350000,Wisla Kraków,1050.0,ES1
415912,2018-12-19,3000000,Arsenal FC,11.0,GB1
85475,2017-02-20,9000000,Swansea City,762.0,GB1
572265,2022-06-06,6000000,Pisa Sporting Club,4172.0,IT1
285033,2017-09-18,250000,Wolverhampton Wanderers,1132.0,GB1
661427,2022-12-09,1000000,SK Brann,1100.0,NO1
160348,2016-05-05,300000,AEL Limassol,931.0,GB1
44792,2016-08-01,13000000,Arsenal FC,984.0,GB1
74300,2017-06-28,10000000,Crystal Palace,873.0,GB1
293213,2022-10-27,6000000,Konyaspor,2293.0,TR1
296802,2016-02-06,3500000,Quilmes AC,1826.0,
124845,2020-04-08,1200000,Queens Park Rangers,148.0,GB1
112515,2019-09-12,32000000,Chelsea FC,631.0,GB1
628472,2021-01-08,500000,Atlético de Madrid B,1108.0,ES1
167228,2015-01-08,300000,UD Las Palmas,472.0,ES1
548188,2020-04-08,1800000,Atlético Madrid U19,31506.0,
13465,2015-09-24,6000000,Hull City,3008.0,GB1
513972,2021-01-08,50000,Cádiz CF B,2687.0,ES1
217115,2020-04-08,17500000,Brighton & Hove Albion,1237.0,GB1
77760,2023-08-22,2500000,CF Montréal,148.0,GB1
125931,2015-07-01,1500000,Levante UD,3368.0,ES1
42298,2016-02-09,750000,AFC Bournemouth,989.0,GB1
792331,2023-06-26,2000000,FC Copenhagen,190.0,DK1
197545,2018-12-21,3000000,Athletic Bilbao,621.0,ES1
394694,2019-06-30,400000,Racing Santander,630.0,
278357,2021-01-08,300000,UD Ibiza,940.0,ES1
339556,2021-10-05,10000000,Brentford FC,1148.0,GB1
110864,2023-06-20,6000000,Crystal Palace,873.0,GB1
249126,2017-10-23,5000000,Tottenham Hotspur,148.0,GB1
30584,2015-01-07,4000000,ACF Fiorentina,150.0,ES1
341501,2023-06-01,5000000,Leicester City,1003.0,GB1
711247,2021-08-13,300000,Watford FC,1010.0,GB1
162056,2018-01-01,3500000,SD Huesca,5358.0,ES1
170322,2020-04-08,800000,Charlton Athletic,873.0,GB1
28984,2018-08-13,1000000,Cardiff City,603.0,GB1
126600,2021-06-30,3000000,Norwich City,1123.0,GB1
342050,2022-10-27,600000,Hull City,631.0,GB1
138935,2017-08-17,2500000,Sporting Gijón,1533.0,ES1
420002,2019-12-17,22000000,1.FSV Mainz 05,39.0,L1
61814,2018-12-19,1500000,Brighton & Hove Albion,984.0,GB1
210158,2019-06-29,50000,UE Cornellà,237.0,ES1
18091,2017-04-20,250000,OFI Crete FC,1533.0,ES1
112515,2016-10-24,13000000,Chelsea FC,631.0,GB1
96540,2020-10-08,800000,Albacete Balompié,472.0,ES1
192765,2022-03-29,20000000,Tottenham Hotspur,148.0,GB1
64598,2022-11-07,1500000,Girona FC,12321.0,ES1
175836,2017-06-29,800000,Girona FC,1531.0,ES1
171170,2017-02-02,200000,Atlético Levante UD,940.0,ES1
48950,2016-04-20,10000000,Middlesbrough FC,641.0,GB1
634431,2021-03-19,100000,Real Sociedad C,44822.0,
568005,2023-06-20,5000000,Brighton & Hove Albion,1237.0,GB1
385084,2017-06-05,300000,Atlético Levante UD,3368.0,ES1
282000,2021-06-30,100000,Zamora CF,13.0,ES1
26633,2016-04-20,500000,Reading FC,1071.0,GB1
410425,2023-10-09,30000000,Tottenham Hotspur,148.0,GB1
822331,2021-12-30,200000,RCD Espanyol B,10773.0,
517894,2023-03-16,30000000,Wolverhampton Wanderers,543.0,GB1
243591,2016-10-11,200000,Swindon Town,352.0,
123682,2021-06-08,22000000,Newcastle United,762.0,GB1
599231,2020-10-08,150000,RCD Espanyol B,10773.0,
207037,2020-02-27,900000,Luton Town,1031.0,GB1
420002,2017-06-01,2000000,Olympique Lyon,1041.0,FR1
71271,2017-06-28,8000000,West Ham United,379.0,GB1
615636,2020-10-08,100000,Deportivo Alavés B,1108.0,ES1
74294,2019-06-07,6500000,Sporting CP,336.0,PO1
104962,2018-06-28,250000,Slovan Bratislava,1071.0,GB1
129473,2020-10-15,9500000,Paris Saint-Germain,681.0,ES1
501418,2020-04-08,9000000,RCD Espanyol Barcelona,714.0,ES1
1054931,2022-09-26,25000,Deportivo Alavés B,8880.0,
378139,2019-06-29,1500000,CF Rayo Majadahonda,13702.0,
31909,2023-12-22,14000000,Real Madrid,418.0,ES1
76799,2016-08-01,3500000,Watford FC,1010.0,GB1
178187,2019-12-20,800000,RCD Mallorca,237.0,ES1
102258,2019-12-10,5000000,Burnley FC,1132.0,GB1
463332,2023-05-31,450000,Sabah FK,940.0,ES1
67808,2019-12-20,4000000,Girona FC,12321.0,ES1
54890,2019-12-20,1000000,Rayo Vallecano,1003.0,GB1
576314,2022-05-13,5000000,Blackburn Rovers,164.0,
120706,2015-02-24,1000000,Cardiff City,603.0,GB1
71579,2016-07-15,600000,CD Numancia,331.0,ES1
239949,2022-11-03,1500000,AFC Bournemouth,989.0,GB1
126665,2019-09-27,30000000,Paris Saint-Germain,583.0,FR1
235412,2022-06-29,1200000,Real Valladolid CF,142.0,ES1
814811,2022-11-03,300000,Crystal Palace U21,6945.0,
983989,2022-09-06,6000000,CA Rosario Central,1418.0,ARG1
95641,2023-06-13,2000000,CA Osasuna,331.0,ES1
129495,2018-01-01,200000,CD Toledo,142.0,ES1
44794,2022-10-27,350000,Luton Town,405.0,GB1
1054931,2023-12-20,200000,Deportivo Alavés B,8880.0,
333361,2023-12-22,2500000,UD Almería,3302.0,ES1
718029,2023-12-20,300000,Deportivo Alavés B,8880.0,
585700,2021-12-30,200000,Betis Deportivo Balompié,2865.0,
73250,2015-07-01,6000000,Villarreal CF,1050.0,ES1
303657,2018-10-12,5000000,Genoa CFC,252.0,IT1
183288,2020-07-30,22000000,Manchester United,985.0,GB1
72201,2016-07-15,300000,Elche CF,2448.0,ES1
710479,2023-06-30,50000,Real Valladolid Promesas,366.0,ES1
503980,2020-04-08,1300000,Wigan Athletic,399.0,GB1
129753,2015-07-01,3000000,Elche CF,1531.0,ES1
855256,2022-09-14,6000000,Bristol City,698.0,
44069,2019-06-29,1000000,Deportivo de La Coruña,5358.0,ES1
249873,2020-10-15,800000,Brentford FC,1148.0,GB1
346483,2019-12-10,45000000,Chelsea FC,631.0,GB1
466806,2022-06-29,700000,FC Barcelona B,131.0,ES1
37579,2017-01-24,6000000,Villarreal CF,1050.0,ES1
19958,2023-07-17,10000,Club Olimpo,1244.0,ES1
43530,2019-12-10,12000000,Liverpool FC,31.0,GB1
23338,2018-05-30,400000,SD Eibar,1533.0,ES1
411537,2020-10-14,800000,Fortuna Sittard,385.0,NL1
733434,2022-11-03,100000,AFC Bournemouth U21,989.0,GB1
253892,2022-12-29,250000,CDA Navalcarnero,3709.0,ES1
563335,2022-06-29,200000,FC Andorra,681.0,ES1
72047,2022-11-07,7000000,Celta de Vigo,940.0,ES1
210153,2020-02-11,400000,Recreativo Huelva,1244.0,ES1
56067,2015-01-23,6000000,Valencia CF,1531.0,ES1
217144,2017-06-30,400000,Real Madrid Castilla,6767.0,
861410,2023-06-08,15000000,Fenerbahce,36.0,TR1
117549,2016-02-22,600000,Real Valladolid CF,3302.0,ES1
340376,2018-01-01,3000000,FC Barcelona B,2464.0,
720518,2022-12-29,600000,FC Barcelona Atlètic,2464.0,
268958,2018-05-30,500000,UD Almería,368.0,ES1
142033,2016-07-15,300000,Deportivo Alavés,131.0,ES1
110864,2020-04-08,5500000,West Bromwich Albion,984.0,GB1
218140,2017-09-18,750000,Sunderland AFC,289.0,GB1
71801,2019-06-29,200000,Deportivo de La Coruña,150.0,ES1
439022,2020-12-23,12000000,Galatasaray,141.0,TR1
37941,2016-10-24,1500000,Watford FC,1010.0,GB1
126600,2017-02-14,600000,Aberdeen FC,1123.0,GB1
336869,2016-10-27,1000000,RCD Espanyol Barcelona,714.0,ES1
15164,2019-06-28,500000,Sheffield Wednesday,289.0,GB1
570421,2020-10-08,3000000,RCD Espanyol Barcelona,714.0,ES1
531274,2021-01-08,200000,CE Sabadell FC,3302.0,ES1
74810,2020-10-13,8000000,Burnley FC,1132.0,GB1
92571,2018-01-02,12000000,West Ham United,379.0,GB1
197910,2023-04-06,150000,Salford City,2288.0,GB1
711625,2022-09-26,5000000,Sevilla FC,368.0,ES1
369267,2016-02-07,150000,KVRS Waasland - SK Beveren,28643.0,BE1
162395,2015-01-26,2500000,Trabzonspor,1010.0,GB1
363205,2021-12-23,60000000,Manchester City,281.0,GB1
495600,2021-01-08,200000,Atlético de Madrid B,714.0,ES1
62920,2020-04-08,3200000,Besiktas JK,150.0,ES1
711382,2023-12-22,2500000,Deportivo Alavés,1108.0,ES1
400536,2022-12-22,2000000,Bröndby IF,206.0,DK1
249126,2017-02-20,3000000,Tottenham Hotspur,148.0,GB1
166240,2019-12-17,10000000,TSG 1899 Hoffenheim,1237.0,GB1
483348,2020-02-27,2000000,Middlesbrough FC,641.0,GB1
442767,2017-02-02,250000,Gernika Club,621.0,ES1
396337,2021-06-30,700000,Atlético de Madrid B,13.0,ES1
54859,2016-02-22,2500000,Getafe CF,3709.0,ES1
766583,2022-06-29,150000,Sevilla Atlético,8519.0,
240360,2022-06-03,800000,Rayo Vallecano,367.0,ES1
255703,2021-06-30,800000,Luton Town,989.0,GB1
281755,2018-07-26,4000000,Getafe CF,3709.0,ES1
622988,2023-10-13,5000000,Valencia CF,1049.0,ES1
632495,2022-09-26,50000,RCD Mallorca B,237.0,ES1
822331,2021-01-08,200000,RCD Espanyol B,10773.0,
26443,2017-02-13,750000,Defensa y Justicia,897.0,ES1
433818,2023-06-01,2800000,Burnley FC,1132.0,GB1
289287,2021-01-07,150000,CD Tudelano,1533.0,ES1
382554,2021-06-30,6000000,Stoke City,512.0,GB1
249356,2021-06-30,2800000,AFC Bournemouth,989.0,GB1
199330,2018-05-30,500000,Real Valladolid CF,366.0,ES1
296986,2022-09-14,5000000,Queens Park Rangers,399.0,GB1
108390,2018-12-21,65000000,Real Madrid,418.0,ES1
58330,2023-06-14,700000,Granada CF,16795.0,ES1
118732,2023-06-14,300000,Málaga CF,237.0,ES1
711544,2023-05-30,700000,RWD Molenbeek,54189.0,BE1
160348,2019-09-24,500000,Doxa Katokopias,931.0,GB1
210153,2016-02-22,400000,CD Leganés,1244.0,ES1
77274,2020-04-08,5500000,West Bromwich Albion,984.0,GB1
13582,2018-02-27,500000,Bolton Wanderers,1039.0,GB1
413039,2020-04-08,8000000,Brentford FC,1148.0,GB1
171362,2020-04-08,950000,SD Huesca,5358.0,ES1
321247,2023-06-20,28000000,Aston Villa,405.0,GB1
518644,2019-12-10,500000,Manchester United U23,9251.0,
85500,2021-12-27,300000,UD Almería,331.0,ES1
469781,2018-12-18,2250000,CA San Lorenzo de Almagro,1775.0,ARG1
177847,2021-06-10,12000000,Real Sociedad,681.0,ES1
216464,2019-06-29,2000000,Deportivo de La Coruña,897.0,ES1
154059,2022-06-29,300000,Pontevedra CF,1533.0,ES1
127554,2016-07-15,1500000,Rayo Vallecano,366.0,ES1
569876,2021-01-08,100000,Real Madrid Castilla,6767.0,
49542,2020-10-13,1000000,Sheffield United,350.0,GB1
198589,2022-10-27,3000000,Stoke City,631.0,GB1
95424,2020-10-13,40000000,Manchester City,281.0,GB1
39471,2017-12-05,1000000,Atlanta United FC,641.0,GB1
340325,2023-06-20,12000000,Arsenal FC,11.0,GB1
57785,2020-04-08,550000,CD Lugo,2448.0,ES1
61711,2015-02-12,5000000,West Bromwich Albion,984.0,GB1
143559,2018-04-04,17000000,FC Schalke 04,33.0,L1
379548,2022-06-03,300000,Athletic Bilbao,621.0,ES1
133089,2021-10-22,1000000,CD Universidad Católica,150.0,ES1
341230,2021-12-30,150000,Atlético Baleares,1084.0,ES1
128969,2019-12-10,10000000,Brighton & Hove Albion,1237.0,GB1
58009,2020-02-11,200000,Córdoba CF,1531.0,ES1
405398,2022-06-03,7500000,RCD Mallorca,237.0,ES1
282409,2021-12-22,25000,FC Voluntari,3709.0,ES1
131978,2023-12-19,7000000,Luton Town,1031.0,GB1
158764,2015-02-24,350000,Brentford FC,399.0,GB1
293385,2021-12-22,50000000,RB Leipzig,23826.0,L1
282411,2022-11-07,35000000,Atlético de Madrid,13.0,ES1
634706,2022-12-13,50000,Queen's Park FC,873.0,GB1
85365,2016-07-15,500000,Córdoba CF,1050.0,ES1
36814,2018-01-02,3500000,West Bromwich Albion,984.0,GB1
293213,2016-01-07,700000,FK Zeljeznicar Sarajevo,2573.0,
188077,2022-11-03,9000000,AFC Bournemouth,989.0,GB1
374139,2021-12-23,12000000,Leeds United,399.0,GB1
206040,2021-12-23,22000000,Wolverhampton Wanderers,543.0,GB1
46110,2016-02-24,6500000,SL Benfica,1108.0,ES1
420210,2021-01-06,5000000,Feyenoord Rotterdam,234.0,NL1
809639,2021-01-08,200000,Getafe CF B,3709.0,ES1
410425,2023-03-16,25000000,Tottenham Hotspur,148.0,GB1
73319,2020-04-08,400000,UD Las Palmas,681.0,ES1
29065,2016-07-15,300000,Cádiz CF,993.0,ES1
199321,2015-01-23,500000,Celta de Vigo,940.0,ES1
162039,2022-11-16,200000,Jagiellonia Bialystok,131.0,ES1
243760,2021-12-27,500000,CD Tenerife,648.0,
457107,2021-06-30,150000,CD Alcoyano,1533.0,ES1
89731,2015-01-08,300000,CE Sabadell FC,3302.0,ES1
102382,2020-10-15,400000,Nottingham Forest,1110.0,GB1
15773,2019-12-10,1000000,Burnley FC,1132.0,GB1
406635,2021-05-28,80000000,Manchester City,281.0,GB1
210140,2016-07-15,300000,RCD Mallorca,237.0,ES1
378293,2018-12-15,1000000,New York City FC,40058.0,MLS1
532824,2020-10-13,250000,Newcastle United U23,762.0,GB1
536030,2022-11-07,2000000,UD Almería,3302.0,ES1
346289,2019-12-20,30000000,Valencia CF,1049.0,ES1
467623,2022-11-04,2000000,KVC Westerlo,968.0,BE1
252667,2017-02-02,300000,FC Barcelona B,2464.0,
26801,2023-12-04,25000,Club Atlético Gimnasia y Esgrima (Jujuy),3302.0,ES1
186399,2015-05-31,750000,Coritiba Foot Ball Club,940.0,ES1
227185,2020-04-08,400000,Wycombe Wanderers,180.0,GB1
81997,2022-06-29,800000,UD Almería,3302.0,ES1
351809,2020-10-08,15000000,Real Sociedad,681.0,ES1
821820,2023-03-24,50000,CD Calahorra,4030.0,
77207,2017-01-31,1100000,Once Caldas,366.0,ES1
371371,2018-07-01,75000,Hellas Verona,276.0,IT1
346289,2017-06-01,2500000,Olympique Lyon,1041.0,FR1
35773,2017-01-24,15000000,Real Sociedad,681.0,ES1
238717,2017-01-24,600000,AD Alcorcón,2448.0,ES1
88971,2018-09-24,9000000,Aston Villa,405.0,GB1
268946,2017-06-29,800000,Sevilla Atlético,366.0,ES1
907813,2022-06-29,200000,Real Sociedad C,44822.0,
6119,2015-01-23,2000000,Levante UD,3368.0,ES1
410225,2020-12-22,20000000,Watford FC,1010.0,GB1
63723,2015-01-23,2500000,Elche CF,1533.0,ES1
133858,2019-01-15,400000,FC Hansa Rostock,543.0,GB1
507700,2022-11-03,10000000,Manchester United,985.0,GB1
27577,2017-12-05,2000000,Seattle Sounders FC,931.0,GB1
705815,2021-06-30,250000,RCD Espanyol B,714.0,ES1
284857,2020-10-08,20000000,Getafe CF,3709.0,ES1
386047,2018-12-17,400000,Stade Reims,1421.0,FR1
29712,2021-03-18,1000000,Wolverhampton Wanderers,543.0,GB1
379632,2019-06-29,200000,CD Vitoria,13.0,ES1
279090,2022-06-29,150000,Pontevedra CF,940.0,ES1
249089,2021-03-10,10000000,AFC Bournemouth,989.0,GB1
922563,2022-11-03,200000,West Ham United U18,9955.0,
54231,2017-01-24,2500000,Sporting Gijón,2448.0,ES1
537367,2022-12-29,250000,CD Castellón,368.0,ES1
13520,2020-04-08,800000,Sheffield United,350.0,GB1
3630,2015-02-24,400000,Blackburn Rovers,1132.0,GB1
121324,2020-10-13,13000000,Sheffield United,350.0,GB1
249994,2021-02-12,7500000,Olympiacos Piraeus,683.0,GR1
76701,2017-06-22,675000,Club Sporting Cristal,681.0,ES1
7668,2019-02-19,100000,Cádiz CF,2687.0,ES1
471474,2021-12-30,2500000,CA Osasuna,331.0,ES1
36827,2017-06-01,5000000,Zenit St. Petersburg,984.0,GB1
177065,2023-06-14,800000,UD Las Palmas,1237.0,GB1
39372,2021-11-24,1200000,Stoke City,1123.0,GB1
480883,2021-12-30,800000,Deportivo Alavés,1108.0,ES1
379530,2021-12-30,400000,Deportivo de La Coruña,714.0,ES1
251845,2021-06-30,10000000,Brentford FC,1148.0,GB1
311044,2019-12-20,1200000,Cádiz CF,2687.0,ES1
450050,2020-10-15,4000000,RC Strasbourg Alsace,667.0,FR1
61841,2018-01-02,5000000,AFC Bournemouth,989.0,GB1
206746,2017-06-07,5500000,Ajax Amsterdam,610.0,NL1
374139,2022-11-03,12000000,Leeds United,399.0,GB1
15220,2018-05-28,1000000,AFC Bournemouth,989.0,GB1
255488,2020-10-08,24000000,Athletic Bilbao,621.0,ES1
128901,2018-02-27,3500000,Wolverhampton Wanderers,543.0,GB1
214023,2015-02-24,75000,Blackpool FC,289.0,GB1
506248,2019-02-19,800000,Deportivo de La Coruña,897.0,ES1
71835,2021-03-19,400000,CD Tenerife,1244.0,ES1
834485,2023-06-30,50000,Bilbao Athletic,6688.0,
246963,2021-03-10,800000,Barnsley FC,349.0,
57785,2018-01-01,1200000,Sporting Gijón,2448.0,ES1
73222,2023-06-30,50000,UE Olot,12321.0,ES1
128906,2023-10-25,700000,Without Club,1003.0,GB1
2998,2015-07-01,5000000,Leicester City,1003.0,GB1
127837,2022-05-20,400000,Foolad FC,621.0,ES1
126195,2017-11-17,150000,AFC Eskilstuna,11.0,GB1
4233,2017-06-28,1000000,AFC Bournemouth,989.0,GB1
503883,2022-11-04,600000,Club Brugge KV,2282.0,BE1
27511,2021-06-08,1500000,Crystal Palace,873.0,GB1
236953,2022-06-15,2000000,Norwich City,1123.0,GB1
220755,2018-02-27,500000,Leeds United,29.0,GB1
58330,2020-10-08,1500000,Granada CF,16795.0,ES1
633652,2022-11-03,5000000,Liverpool FC U21,9252.0,
444641,2023-03-16,200000,Wolverhampton Wanderers,543.0,GB1
221986,2019-06-29,300000,CD Tenerife,1108.0,ES1
284763,2015-02-27,100000,Walsall FC,1003.0,GB1
541646,2021-01-08,200000,CD Badajoz,3709.0,ES1
61841,2021-06-30,3500000,AFC Bournemouth,989.0,GB1
117996,2020-04-08,7000000,Manchester United,985.0,GB1
326330,2018-06-12,7000000,Ajax Amsterdam,610.0,NL1
1032447,2023-12-20,150000,Cádiz CF Mirandilla,11669.0,
281979,2017-08-17,100000,Atlético de Madrid B,13.0,ES1
684253,2021-10-13,150000,SD Logroñés,1533.0,ES1
44983,2019-06-13,3500000,AFC Bournemouth,1010.0,GB1
401604,2022-11-30,2500000,Fortuna Düsseldorf,1237.0,GB1
3306,2016-08-01,3500000,Stoke City,1132.0,GB1
51532,2015-01-23,1500000,Athletic Bilbao,621.0,ES1
51587,2022-12-29,800000,Real Murcia CF,1533.0,ES1
230895,2017-01-24,800000,Real Valladolid CF,366.0,ES1
354017,2021-06-15,150000,FK Sarajevo,703.0,GB1
51426,2019-12-20,500000,Getafe CF,3709.0,ES1
930096,2021-12-30,50000,Cádiz CF B,11669.0,
165467,2021-05-27,1200000,Rayo Vallecano,367.0,ES1
314678,2019-02-28,17000000,Real Madrid,418.0,ES1
128488,2021-08-16,600000,UD Ibiza,367.0,ES1
182712,2016-07-15,15000000,Valencia CF,1049.0,ES1
120186,2023-06-01,2500000,Watford FC,1010.0,GB1
58341,2015-01-08,800000,Real Valladolid CF,5358.0,ES1
583508,2022-06-29,150000,CD Leganés B,3709.0,ES1
14259,2022-11-30,25000,Olimpia Asunción,472.0,ES1
199377,2022-12-29,300000,Real Unión Club,621.0,ES1
226262,2022-12-29,150000,UD Melilla,16795.0,ES1
262939,2021-12-30,3000000,Elche CF,1531.0,ES1
238266,2016-06-01,2000000,Red Bull Salzburg,409.0,A1
120186,2018-01-02,250000,Watford FC,1010.0,GB1
74230,2015-01-23,4000000,Getafe CF,3709.0,ES1
197576,2022-06-29,300000,UD Las Palmas,331.0,ES1
507254,2021-03-18,4000000,Crystal Palace,873.0,GB1
6636,2016-08-01,6000000,Leicester City,1003.0,GB1
27614,2016-08-01,5000000,West Bromwich Albion,984.0,GB1
7519,2015-11-20,200000,Real Zaragoza,331.0,ES1
388165,2023-06-20,18000000,Brentford FC,1148.0,GB1
263214,2021-12-30,250000,CD Badajoz,367.0,ES1
198529,2016-10-27,400000,Gimnàstic de Tarragona,1049.0,ES1
31835,2015-07-01,7000000,West Ham United,379.0,GB1
137162,2021-08-10,200000,Real Avilés Industrial,150.0,ES1
412046,2020-02-11,50000,Cádiz CF B,2687.0,ES1
413032,2021-06-08,15000000,Southampton FC,180.0,GB1
341051,2021-06-08,18000000,Southampton FC,180.0,GB1
388513,2018-09-03,300000,FC Barcelona U19,2470.0,
339253,2022-09-14,800000,Blackpool FC,281.0,GB1
34370,2023-06-13,300000,Rayo Vallecano,367.0,ES1
570864,2023-04-05,350000,Derby County,1123.0,GB1
55215,2023-05-30,500000,Qatar SC,1531.0,ES1
16716,2016-09-01,1000000,Blackburn Rovers,1032.0,GB1
226965,2017-06-28,250000,Southampton FC,180.0,GB1
596446,2020-02-27,100000,Leeds United,399.0,GB1
341230,2021-06-30,150000,Sevilla Atlético,1084.0,ES1
282411,2019-09-10,30000000,Atlético de Madrid,13.0,ES1
266795,2017-01-24,2500000,SD Eibar,1533.0,ES1
258923,2023-10-09,75000000,Manchester United,985.0,GB1
34130,2023-06-20,500000,Manchester United,985.0,GB1
378293,2020-10-08,10000000,Granada CF,16795.0,ES1
468002,2021-06-03,3000000,West Ham United,379.0,GB1
140436,2015-06-05,900000,Shanghai SIPG,714.0,ES1
298185,2016-09-05,50000,Albacete Balompié,1049.0,ES1
4321,2018-01-06,500000,Without Club,289.0,GB1
85301,2019-02-19,200000,UE Olot,1050.0,ES1
89330,2015-11-20,500000,RCD Mallorca,681.0,ES1
76467,2016-02-22,600000,Deportivo Alavés,1108.0,ES1
201574,2020-10-13,4000000,Southampton FC,180.0,GB1
115333,2021-01-08,1700000,Girona FC,12321.0,ES1
670861,2023-06-26,300000,Kilmarnock FC,2553.0,SC1
126737,2015-04-09,6000000,Málaga CF,1084.0,ES1
90836,2017-02-20,5000000,AFC Bournemouth,703.0,GB1
541621,2021-01-08,100000,Villarreal CF B,11972.0,
568559,2023-12-20,20000000,Genoa CFC,252.0,IT1
121324,2019-09-12,7000000,Sheffield United,350.0,GB1
59323,2023-12-22,2000000,Girona FC,12321.0,ES1
108354,2019-12-10,8000000,Crystal Palace,873.0,GB1
197578,2022-12-29,200000,Mérida AD,150.0,ES1
248330,2021-12-30,800000,Getafe CF,3709.0,ES1
6838,2020-08-05,500000,AIK Solna,3709.0,ES1
33754,2018-02-27,3000000,Queens Park Rangers,1003.0,GB1
483742,2022-06-03,400000,Deportivo Alavés,1108.0,ES1
451801,2018-06-07,200000,HB Köge,23297.0,
581681,2021-10-05,300000,Manchester City U23,281.0,GB1
71271,2023-06-20,800000,Liverpool FC,31.0,GB1
25461,2016-02-22,500000,CA Osasuna,331.0,ES1
628494,2021-01-08,50000,UE Cornellà,2687.0,ES1
506189,2020-04-08,900000,Ipswich Town,677.0,GB1
513972,2017-08-17,50000,UE Llagostera,2687.0,ES1
66100,2021-06-08,6000000,Southampton FC,180.0,GB1
1064402,2023-09-11,25000,Deportivo Alavés B,8880.0,
13350,2018-09-24,250000,Rotherham United,873.0,GB1
477238,2021-06-30,150000,Internacional de Madrid,1244.0,ES1
503680,2021-12-23,8000000,Liverpool FC,31.0,GB1
169497,2020-10-08,2500000,CA Osasuna,331.0,ES1
99397,2018-12-19,3500000,Newcastle United,762.0,GB1
279455,2018-01-02,1000000,Liverpool FC U23,9252.0,
57876,2015-01-23,2000000,Deportivo de La Coruña,897.0,ES1
278296,2016-02-22,200000,SD Ponferradina,4032.0,
140436,2021-06-24,3000000,RCD Espanyol Barcelona,714.0,ES1
93145,2022-05-25,600000,Al-Arabi SC,3008.0,GB1
16635,2016-06-01,16000000,Atlético de Madrid,13.0,ES1
82873,2021-03-18,7000000,Brighton & Hove Albion,1237.0,GB1
242681,2022-06-30,400000,Rotherham United,2288.0,GB1
35518,2021-12-30,4000000,Real Sociedad,681.0,ES1
568157,2022-11-07,38000000,Villarreal CF,1050.0,ES1
93330,2019-02-19,900000,UD Las Palmas,993.0,ES1
366931,2019-09-10,50000,RCD Espanyol B,331.0,ES1
390823,2023-12-22,900000,UD Las Palmas,472.0,ES1
96718,2021-01-05,2500000,Athletic Bilbao,621.0,ES1
217721,2021-06-30,300000,Extremadura UD,13.0,ES1
222830,2020-04-08,1400000,Chelsea FC,631.0,GB1
715650,2023-03-24,100000,UE Cornellà,3709.0,ES1
57950,2021-06-30,150000,Racing Ferrol,940.0,ES1
51710,2021-12-30,5000000,Villarreal CF,366.0,ES1
27924,2018-01-01,1000000,Villarreal CF,1050.0,ES1
176553,2020-10-13,60000000,Manchester City,281.0,GB1
43003,2019-12-20,4000000,Real Sociedad,681.0,ES1
212862,2018-05-30,1500000,SD Huesca,5358.0,ES1
54576,2020-04-08,2200000,Portland Timbers,984.0,GB1
226219,2023-04-05,400000,Portsmouth FC,1123.0,GB1
321247,2018-01-01,2500000,Cultural Leonesa,4542.0,
183293,2017-04-21,150000,Oxford United,988.0,
392768,2021-03-18,35000000,Chelsea FC,631.0,GB1
362086,2019-06-29,250000,SD Ponferradina,4032.0,
258923,2022-03-29,70000000,Manchester United,985.0,GB1
241641,2019-12-10,100000000,Manchester City,281.0,GB1
33484,2016-05-30,400000,Wigan Athletic,1123.0,GB1
209212,2021-06-08,9000000,Brighton & Hove Albion,1237.0,GB1
571079,2020-10-08,400000,Valencia Mestalla,1244.0,ES1
35540,2017-01-24,800000,Levante UD,3368.0,ES1
6852,2016-12-16,50000,AS Melfi,142.0,ES1
14066,2016-02-09,3000000,Swansea City,2288.0,GB1
186186,2015-09-24,150000,Bristol City,698.0,
530916,2023-12-05,175000,Queen's Park FC,1237.0,GB1
59016,2017-02-07,40000000,Bayern Munich,27.0,L1
126716,2018-10-22,30000000,Borussia Dortmund,1050.0,ES1
214666,2020-12-22,4000000,Swansea City,2288.0,GB1
262939,2016-10-27,1500000,Rayo Vallecano,367.0,ES1
210140,2015-01-08,200000,RCD Mallorca,237.0,ES1
169497,2020-04-08,475000,Elche CF,1531.0,ES1
127181,2023-12-18,4000000,Montpellier HSC,969.0,FR1
715683,2023-06-14,500000,SD Ponferradina,4032.0,
379530,2023-06-30,350000,UD Logroñés,714.0,ES1
262749,2019-06-28,1500000,Blackburn Rovers,164.0,
340339,2018-01-01,600000,CD Tenerife,1244.0,ES1
746833,2022-08-18,2000000,Atlanta United FC,51663.0,MLS1
632741,2021-06-30,300000,Celta Vigo B,8733.0,
568148,2021-06-30,500000,Atlético de Madrid B,13.0,ES1
262226,2015-06-24,2000000,KRC Genk,1184.0,BE1
432914,2023-04-07,1000000,Sport Club Internacional,6600.0,BRA1
457107,2018-05-30,150000,CD Vitoria,1533.0,ES1
13872,2022-06-27,25000,Académica Coimbra,367.0,ES1
59323,2022-11-07,2000000,Girona FC,12321.0,ES1
6636,2020-10-13,1600000,Leicester City,1003.0,GB1
434990,2020-10-08,400000,Real Sociedad B,9899.0,
395797,2022-06-15,300000,Burton Albion,1003.0,GB1
111508,2021-12-30,1500000,Getafe CF,3709.0,ES1
337179,2019-06-25,200000,Zemplin Michalovce,3709.0,ES1
126664,2022-06-15,25000000,Aston Villa,405.0,GB1
724520,2020-10-08,50000,Hércules CF,7971.0,
57922,2015-07-01,300000,RCD Mallorca,940.0,ES1
646991,2023-12-15,400000,NEC Nijmegen,467.0,NL1
182579,2018-06-05,10000000,Hertha BSC,368.0,ES1
89733,2020-02-11,3500000,Cádiz CF,2687.0,ES1
711625,2021-10-13,250000,Sevilla Atlético,8519.0,
366948,2019-01-04,3500000,Fenerbahce,36.0,TR1
290249,2021-12-30,15000000,Getafe CF,3709.0,ES1
164055,2019-12-20,1500000,Celta de Vigo,940.0,ES1
57922,2017-02-02,150000,Lorca FC,940.0,ES1
15951,2021-10-28,1000000,Without Club,131.0,ES1
37304,2021-12-23,800000,Southampton FC,180.0,GB1
72319,2021-06-30,100000,FC Andorra,237.0,ES1
64598,2018-12-21,7000000,Girona FC,12321.0,ES1
3405,2015-02-12,500000,Sunderland AFC,289.0,GB1
243715,2022-12-29,100000,UE Olot,12321.0,ES1
13465,2022-05-13,250000,Hull City,3008.0,GB1
35047,2023-06-13,5000000,Atlético de Madrid,13.0,ES1
340325,2022-06-08,6500000,Feyenoord Rotterdam,234.0,NL1
278359,2018-10-31,20000000,RCD Espanyol Barcelona,714.0,ES1
129674,2022-11-11,4500000,US Sassuolo,6574.0,IT1
298589,2015-07-01,500000,CA Osasuna,331.0,ES1
104586,2018-12-19,2500000,Cardiff City,603.0,GB1
560417,2023-07-25,3000000,Real Oviedo,2497.0,ES1
454576,2020-10-14,3200000,Feyenoord Rotterdam,234.0,NL1
51471,2016-02-22,20000000,Real Madrid,418.0,ES1
216464,2023-12-22,3000000,Real Sociedad,681.0,ES1
256429,2018-01-01,900000,Córdoba CF,993.0,ES1
611075,2020-02-11,100000,RCD Espanyol B,10773.0,
311277,2021-01-08,200000,FC Andorra,472.0,ES1
58001,2021-01-07,150000,Deportivo de La Coruña,367.0,ES1
371851,2021-02-08,2500000,Hannover 96,42.0,L1
511964,2023-04-06,150000,Walsall FC,543.0,GB1
61832,2021-06-08,2500000,West Bromwich Albion,984.0,GB1
85706,2020-04-08,5500000,Sheffield United,350.0,GB1
145769,2016-02-22,800000,Elche CF,366.0,ES1
262980,2020-04-08,20000000,AFC Bournemouth,989.0,GB1
457107,2021-01-08,150000,CD Alcoyano,1533.0,ES1
134098,2019-06-25,350000,Omonia Nicosia,331.0,ES1
56543,2015-01-08,2500000,Real Valladolid CF,366.0,ES1
270171,2022-03-29,12000000,Brentford FC,1148.0,GB1
337715,2021-12-27,18000000,UD Almería,3302.0,ES1
86175,2016-07-15,6000000,Sevilla FC,368.0,ES1
135492,2017-06-01,4500000,FC Girondins Bordeaux,40.0,FR1
140191,2023-06-20,1500000,AFC Bournemouth,989.0,GB1
162038,2017-01-24,500000,Real Valladolid CF,366.0,ES1
