player_id,transfer_date,transfer_season,from_club_id,to_club_id,from_club_name,to_club_name,transfer_fee,market_value_in_eur,player_name
1064471,2025-01-01,21/22,40419,15509,Celta Vigo Yth.,Celta U19,,400000.0,Fer López
81999,2024-06-30,23/24,418,714,Real Madrid,Espanyol,0.0,5000000.0,Joselu
126719,2024-06-30,23/24,294,583,Benfica,PSG,0.0,4000000.0,Juan Bernat
126737,2024-06-30,23/24,2687,150,Cádiz CF,Real Betis,0.0,6000000.0,Juanmi
148368,2024-06-30,23/24,703,5,Nottm Forest,AC Milan,0.0,5000000.0,Divock Origi
168157,2024-06-30,23/24,6195,405,Napoli,Aston Villa,0.0,7000000.0,Leander Dendoncker
182712,2024-06-30,23/24,131,281,Barcelona,Man City,0.0,25000000.0,João Cancelo
182904,2024-06-30,23/24,405,131,Aston Villa,Barcelona,0.0,10000000.0,Clément Lenglet
192279,2024-06-30,23/24,418,631,Real Madrid,Chelsea,0.0,12000000.0,Kepa Arrizabalaga
198008,2024-06-30,23/24,681,23826,Real Sociedad,Leipzig,0.0,6000000.0,André Silva
206225,2024-06-30,23/24,1039,762,QPR,Newcastle,0.0,1800000.0,Isaac Hayden
216870,2024-06-30,23/24,237,331,RCD Mallorca,CA Osasuna,0.0,2000000.0,Nacho Vidal
217115,2024-06-30,23/24,1148,29,Brentford,Everton,0.0,12000000.0,Neal Maupay
225122,2024-06-30,23/24,1050,543,Villarreal,Wolves,0.0,15000000.0,Gonçalo Guedes
237125,2024-06-30,23/24,603,16795,Cardiff,Granada CF,0.0,500000.0,Famara Diédhiou
238266,2024-06-30,23/24,1041,180,Lyon,Southampton,0.0,7000000.0,Duje Caleta-Car
246291,2024-06-30,23/24,12,399,Roma,Leeds,0.0,7000000.0,Diego Llorente
249513,2024-06-30,23/24,3709,681,Getafe,Real Sociedad,0.0,1500000.0,Diego Rico
251106,2024-06-30,23/24,989,3709,Bournemouth,Getafe,0.0,18000000.0,Enes Ünal
251896,2024-06-30,23/24,16795,418,Granada CF,Real Madrid,0.0,1000000.0,Jesús Vallejo
258475,2024-06-30,23/24,3368,1108,Levante,Alavés,0.0,1200000.0,Nikola Maras
262749,2024-06-30,23/24,11,1148,Arsenal,Brentford,0.0,35000000.0,David Raya
262939,2024-06-30,23/24,331,1050,CA Osasuna,Villarreal,0.0,2200000.0,Johan Mojica
275218,2024-06-30,23/24,16795,209,Granada CF,River Plate,0.0,5000000.0,Augusto Batalla
278359,2024-06-30,23/24,15,150,Leverkusen,Real Betis,0.0,5000000.0,Borja Iglesias
278404,2024-06-30,23/24,21322,2687,Sanluqueño,Cádiz CF,0.0,200000.0,Martín Calderón
284884,2024-06-30,23/24,3709,368,Getafe,Sevilla FC,0.0,2500000.0,Óscar Rodríguez
286779,2024-06-30,23/24,2687,3631,Cádiz CF,América,0.0,1000000.0,Jorge Meré
287579,2024-06-30,23/24,985,430,Man Utd,Fiorentina,0.0,22000000.0,Sofyan Amrabat
288255,2024-06-30,23/24,24,985,Frankfurt,Man Utd,0.0,5000000.0,Donny van de Beek
293281,2024-06-30,23/24,1132,533,Burnley,Hoffenheim,0.0,8000000.0,Jacob Bruun Larsen
298583,2024-06-30,23/24,995,1049,FC Nantes,Valencia,0.0,4000000.0,Eray Cömert
303657,2024-06-30,23/24,989,46,Bournemouth,Inter,0.0,3000000.0,Ionuț Radu
336869,2024-06-30,23/24,150,399,Real Betis,Leeds,0.0,9000000.0,Marc Roca
338285,2024-06-30,23/24,940,621,Celta de Vigo,Athletic Club,0.0,7000000.0,Unai Núñez
339820,2024-06-30,23/24,366,237,Real Valladolid,RCD Mallorca,0.0,1500000.0,Amath Ndiaye
343273,2024-06-30,23/24,1536,367,Burgos CF,Rayo Vallecano,0.0,1200000.0,Joni Montiel
344605,2024-06-30,23/24,368,1003,Sevilla FC,Leicester,0.0,14000000.0,Boubakary Soumaré
351749,2024-06-30,23/24,379,281,West Ham,Man City,0.0,25000000.0,Kalvin Phillips
355861,2024-06-30,23/24,29,1050,Everton,Villarreal,0.0,13000000.0,Arnaut Danjuma
357072,2024-06-30,23/24,16795,2282,Granada CF,Club Brugge,0.0,4000000.0,Faitout Maouassa
371371,2024-06-30,23/24,6574,12,Sassuolo,Roma,0.0,4500000.0,Marash Kumbulla
377219,2024-06-30,23/24,1049,366,Valencia,Real Valladolid,0.0,1500000.0,Selim Amallah
381963,2024-06-30,23/24,1132,1184,Burnley,Genk,0.0,12000000.0,Mike Tresor
388125,2024-06-30,23/24,366,130,Real Valladolid,Parma,0.0,2200000.0,Stanko Juric
393323,2024-06-30,23/24,89,399,Union Berlin,Leeds,0.0,12000000.0,Brenden Aaronson
396894,2024-06-30,23/24,2687,449,Cádiz CF,Trabzonspor,0.0,2000000.0,Maxi Gómez
401173,2024-06-30,23/24,16,985,Dortmund,Man Utd,0.0,30000000.0,Jadon Sancho
415970,2024-06-30,23/24,114,703,Besiktas,Nott'm Forest,0.0,7500000.0,Joe Worrall
419648,2024-06-30,23/24,197,415,Sparta Prague,Toulouse,0.0,9000000.0,Veljko Birmancevic
434223,2024-06-30,23/24,371,1123,Celtic,Norwich,0.0,3500000.0,Adam Idah
434990,2024-06-30,23/24,1108,681,Alavés,Real Sociedad,0.0,4000000.0,Álex Sola
441170,2024-06-30,23/24,417,114,Nice,Besiktas,0.0,4000000.0,Valentin Rosier
442805,2024-06-30,23/24,3302,237,UD Almería,RCD Mallorca,0.0,2200000.0,Iddrisu Baba
448628,2024-06-30,23/24,681,13,Real Sociedad,Atlético,0.0,7000000.0,Javi Galán
461833,2024-06-30,23/24,8970,800,Frosinone,Atalanta BC,0.0,8000000.0,Caleb Okoli
466794,2024-06-30,23/24,12321,131,Girona,Barcelona,0.0,20000000.0,Eric García
471474,2024-06-30,23/24,5358,331,SD Huesca,CA Osasuna,0.0,1200000.0,Javi Martínez
480883,2024-06-30,23/24,1244,1108,CD Leganés,Alavés,0.0,2500000.0,Miguel de la Fuente
483348,2024-06-30,23/24,252,148,Genoa,Tottenham,0.0,8000000.0,Djed Spence
485585,2024-06-30,23/24,16,631,Dortmund,Chelsea,0.0,40000000.0,Ian Maatsen
491616,2024-06-30,23/24,10484,1095,Kasimpasa,Troyes,0.0,3300000.0,Jackson Porozo
494237,2024-06-30,23/24,964,932,Zenit S-Pb,Loko Moscow,0.0,4000000.0,Wilson Isidor
498237,2024-06-30,23/24,683,720,Olympiacos,Porto,0.0,12000000.0,David Carmo
500067,2024-06-30,23/24,1096,2410,Royal Antwerp,CSKA Moscow,0.0,6000000.0,Chidera Ejuke
501743,2024-06-30,23/24,468,5026,Sparta R.,Lommel SK,0.0,4000000.0,Koki Saito
505673,2024-06-30,23/24,142,13,Real Zaragoza,Atlético,0.0,3000000.0,Víctor Mollejo
512354,2024-06-30,23/24,54189,873,RWDM,Crystal Palace,0.0,1500000.0,Malcolm Ebiowei
527350,2024-06-30,23/24,142,12321,Real Zaragoza,Girona,0.0,1500000.0,Manu Vallejo
528888,2024-06-30,23/24,443,931,Vejle BK,Fulham,0.0,600000.0,Tyrese Francois
536030,2024-06-30,23/24,1531,3302,Elche CF,UD Almería,0.0,1800000.0,Arnau Puigmal
541231,2024-06-30,23/24,39,31,Mainz,Liverpool,0.0,12000000.0,Sepp van den Berg
541621,2024-06-30,23/24,2464,10718,Barça Atlètic,FC Andorra,0.0,300000.0,Marc Vidal
545647,2024-06-30,23/24,1531,940,Elche CF,Celta de Vigo,0.0,1200000.0,Sergio Carreira
547039,2024-06-30,23/24,601,603,KV Kortrijk,Cardiff,0.0,1500000.0,Isaak Davies
548188,2024-06-30,23/24,142,13,Real Zaragoza,Atlético,0.0,2000000.0,Germán Valera
549027,2024-06-30,23/24,2424,10330,Gil Vicente,Benfica B,0.0,3000000.0,Martim Neto
555074,2024-06-30,23/24,28893,12124,P. Niepolomice,Aston Villa U21,0.0,800000.0,Oliwier Zych
559263,2024-06-30,23/24,3008,31,Hull City,Liverpool,0.0,14000000.0,Fábio Carvalho
559330,2024-06-30,23/24,404,9249,FC Den Bosch,Arsenal U21,0.0,400000.0,Salah Oulad
562742,2024-06-30,23/24,2497,237,Real Oviedo,RCD Mallorca,0.0,1800000.0,Leo Román
563137,2024-06-30,23/24,2687,681,Cádiz CF,Real Sociedad,0.0,6000000.0,Robert Navarro
564529,2024-06-30,23/24,1025,1003,Bologna,Leicester,0.0,15000000.0,Victor Kristiansen
567504,2024-06-30,23/24,2865,101419,Betis Deportivo,CF Estrela U23,0.0,150000.0,Guilherme Fernandes
569384,2024-06-30,23/24,368,46,Sevilla FC,Inter,0.0,6000000.0,Lucien Agoumé
569866,2024-06-30,23/24,648,681,CD Tenerife,Real Sociedad,0.0,2500000.0,Roberto López
571743,2024-06-30,23/24,931,631,Fulham,Chelsea,0.0,22000000.0,Armando Broja
572265,2024-06-30,23/24,410,4172,Udinese,Pisa,0.0,12000000.0,Lorenzo Lucca
585700,2024-06-30,23/24,1244,150,CD Leganés,Real Betis,0.0,1500000.0,Juan Cruz
587520,2024-06-30,23/24,366,51828,Real Valladolid,LAFC,0.0,4000000.0,Stipe Biuk
593412,2024-06-30,23/24,13222,12321,CD Mirandés,Girona,0.0,1600000.0,Ilyas Chaira
603940,2024-06-30,23/24,472,6767,UD Las Palmas,RM Castilla,0.0,2000000.0,Marvin Park
607224,2024-06-30,23/24,368,985,Sevilla FC,Man Utd,0.0,9000000.0,Hannibal
607780,2024-06-30,23/24,11972,367,Villarreal CF B,Rayo Vallecano,0.0,600000.0,Miguel Ángel Morro
610083,2024-06-30,23/24,1533,621,SD Eibar,Athletic Club,0.0,2200000.0,Unai Vencedor
610238,2024-06-30,23/24,6912,8519,Vizela,Sevilla Atl.,0.0,400000.0,Pedro Ortiz
617059,2024-06-30,23/24,16575,3368,SD Amorebieta,Levante,0.0,800000.0,Pablo Campos
617074,2024-06-30,23/24,3709,23826,Getafe,Leipzig,0.0,3000000.0,Ilaix Moriba
618813,2024-06-30,23/24,13222,13,CD Mirandés,Atlético,0.0,3500000.0,Carlos Martín
620164,2024-06-30,23/24,2448,1050,Sporting Gijón,Villarreal,0.0,2000000.0,Haissem Hassan
623521,2024-06-30,23/24,3709,418,Getafe,Real Madrid,0.0,2800000.0,Juanmi Latasa
624942,2024-06-30,23/24,366,398,Real Valladolid,Lazio,0.0,2500000.0,Raúl Moro
632913,2024-06-30,23/24,13240,8494,Sestao River ,RCD Mallorca B ,0.0,50000.0,Pere García
636697,2024-06-30,23/24,7077,3302,FC Cartagena,UD Almería,0.0,400000.0,Arnau Solà
640109,2024-06-30,23/24,3911,46,Stade Brestois,Inter,0.0,7000000.0,Martín Satriano
656316,2024-06-30,23/24,1245,631,KAS Eupen,Chelsea,0.0,4000000.0,Gabriel Slonina
658269,2024-06-30,23/24,366,16795,Real Valladolid,Granada CF,0.0,2200000.0,Víctor Meseguer
660735,2024-06-30,23/24,58,368,RSC Anderlecht,Sevilla FC,0.0,3500000.0,Federico Gattoni
662261,2024-06-30,23/24,1108,418,Alavés,Real Madrid,0.0,7500000.0,Rafa Marín
667121,2024-06-30,23/24,1465,1075,Estoril,Braga,0.0,12000000.0,Rodrigo Gomes
668177,2024-06-30,23/24,122,13,Sturm Graz,Atlético,0.0,450000.0,Javi Serrano
668183,2024-06-30,23/24,1176,621,Racing Ferrol,Athletic Club,0.0,1400000.0,Nico Serrano
668276,2024-06-30,23/24,11972,23826,Villarreal CF B,Leipzig,0.0,2500000.0,Hugo Novoa
670717,2024-06-30,23/24,3325,336,Chaves,Sporting,0.0,3500000.0,Dário Essugo
670858,2024-06-30,23/24,762,631,Newcastle,Chelsea,0.0,18000000.0,Lewis Hall
684210,2024-06-30,23/24,399,989,Leeds,Bournemouth,0.0,6000000.0,Jaidon Anthony
689637,2024-06-30,23/24,150,131,Real Betis,Barcelona,0.0,15000000.0,Chadi Riad
696506,2024-06-30,23/24,10331,3302,FC Porto B,UD Almería,0.0,900000.0,Gui Guedes
707230,2024-06-30,23/24,1164,1082,Le Mans FC,Lille,0.0,400000.0,Ugo Raghouber
707274,2024-06-30,23/24,366,1049,Real Valladolid,Valencia,0.0,1500000.0,César Tárrega
709726,2024-06-30,23/24,24,583,Frankfurt,PSG,0.0,20000000.0,Hugo Ekitiké
710004,2024-06-30,23/24,1049,6767,Valencia,RM Castilla,0.0,3000000.0,Peter Federico
710484,2024-06-30,23/24,3679,7078,Atl. Madrileño,Valladolid Prom,0.0,200000.0,Mario Maroto
710679,2024-06-30,23/24,10718,331,FC Andorra,CA Osasuna,0.0,800000.0,Iker Benito
711382,2024-06-30,23/24,10718,681,FC Andorra,Real Sociedad,0.0,2500000.0,Jon Karrikaburu
711394,2024-06-30,23/24,13222,621,CD Mirandés,Athletic,0.0,500000.0,Javi Martón
711625,2024-06-30,23/24,3709,368,Getafe,Sevilla FC,0.0,3500000.0,José Ángel Carmona
715683,2024-06-30,23/24,2464,1244,Barça Atlètic,CD Leganés,0.0,500000.0,Naim García
716276,2024-06-30,23/24,1050,543,Villarreal,Wolves,0.0,6000000.0,Yerson Mosquera
720038,2024-06-30,23/24,12321,131,Girona,Barcelona,0.0,3000000.0,Pablo Torre
724529,2024-06-30,23/24,54189,6945,RWDM,Palace U21,0.0,800000.0,Tayo Adaramola
725912,2024-06-30,23/24,1496,62,Pardubice,Slavia Praha,0.0,1800000.0,Antonín Kinský
729814,2024-06-30,23/24,347,610,FC Metz,Ajax,0.0,15000000.0,Georges Mikautadze
741238,2024-06-30,23/24,677,631,Ipswich,Chelsea,0.0,7000000.0,Omari Hutchinson
741257,2024-06-30,23/24,10958,28870,Milan U19,Real Madrid U19,0.0,4000000.0,Álex Jiménez
742201,2024-06-30,23/24,1108,13,Alavés,Atlético,0.0,3000000.0,Giuliano Simeone
742770,2024-06-30,23/24,10004,11204,Paris FC,Stade Reims B,0.0,300000.0,Mohamed Touré
743589,2024-06-30,23/24,1532,3302,Albacete,UD Almería,0.0,2000000.0,Kaiky
743591,2024-06-30,23/24,12321,1095,Girona,Troyes,0.0,50000000.0,Savinho
748319,2024-06-30,23/24,506,180,Juventus,Southampton,0.0,15000000.0,Carlos Alcaraz
785967,2024-06-30,23/24,13222,12321,CD Mirandés,Girona,0.0,500000.0,Ibrahima Kébé
811778,2024-06-30,23/24,294,985,Benfica,Man Utd,0.0,7000000.0,Álvaro Carreras
816124,2024-06-30,23/24,543,583,Wolves,Paris SG,0.0,500000.0,Noha Lemina
817665,2024-06-30,23/24,2995,3329,Paços Ferreira,Famalicão,0.0,400000.0,Pablo
818237,2024-06-30,23/24,12405,12124,Real Unión,Aston Villa U21,0.0,200000.0,Tommi O'Reilly
842341,2024-06-30,23/24,1132,969,Burnley,Montpellier,0.0,7000000.0,Maxime Estève
848509,2024-06-30,23/24,276,172,Hellas Verona,R Charleroi SC,0.0,3000000.0,Jackson Tchatchoua
857830,2024-06-30,23/24,13222,8494,CD Mirandés,RCD Mallorca B ,0.0,300000.0,Daniel Luna
864121,2024-06-30,23/24,1003,336,Leicester,Sporting,0.0,10000000.0,Abdul Fatawu
875929,2024-06-30,23/24,12405,12124,Real Unión,Aston Villa U21,0.0,500000.0,Josh Feeney
880245,2024-06-30,23/24,1465,336,Estoril,Sporting,0.0,8000000.0,Mateus Fernandes
882772,2024-06-30,23/24,21322,11669,Sanluqueño,Cádiz B,0.0,300000.0,Álvaro Bastida
890290,2024-06-30,23/24,12,506,Roma,Juventus,0.0,10000000.0,Dean Huijsen
910905,2024-06-30,23/24,54189,1041,RWDM,Lyon,0.0,1000000.0,Mamadou Sarr
927768,2024-06-30,23/24,2687,221,Cádiz CF,Santos,0.0,2000000.0,Lucas Pires
947431,2024-06-30,23/24,1531,237,Elche CF,RCD Mallorca,0.0,100000.0,David López
949116,2024-06-30,23/24,13702,17686,R. Majadahonda,CD Leganés B,0.0,100000.0,Ro Abajas
953901,2024-06-30,23/24,142,13,Real Zaragoza,Atlético,0.0,1200000.0,Santiago Mouriño
964264,2024-06-30,23/24,38006,16196,Girona FC B,UE Cornellà,0.0,50000.0,Carles Garrido
1012534,2024-06-30,23/24,234,762,Feyenoord,Newcastle,0.0,16000000.0,Yankuba Minteh
1013774,2024-06-30,23/24,11596,3302,Alcorcón,UD Almería,0.0,800000.0,Marciano Sanca
1027993,2024-06-30,23/24,2867,11669,Recr. Huelva,Cádiz B,0.0,300000.0,José Antonio de la Rosa
1034853,2024-06-30,23/24,2865,10004,Betis Deportivo,Paris FC,0.0,1000000.0,Nobel Mendy
1045767,2024-06-30,23/24,18687,897,Atl. Baleares,Dep. La Coruña,0.0,50000.0,Pablo Muñoz
1065256,2024-06-30,23/24,21122,17686,CD Móstoles,CD Leganés B,0.0,,Adrián Rosell
1086619,2024-06-30,23/24,1038,3037,Sampdoria,Padova,0.0,4500000.0,Giovanni Leoni
1123335,2024-06-30,23/24,4054,5648,Orihuela CF,Gimnàstic,0.0,100000.0,Hamza Bellari
1124136,2024-06-30,23/24,13244,70841,Utebo FC,SD Huesca B,0.0,150000.0,Ángel Pérez
490606,2024-06-18,23/24,1092,631,Brommapojkarna,Chelsea,0.0,700000.0,Lucas Bergström
994604,2024-06-01,23/24,68031,2440,Loudoun United,D.C. United,0.0,500000.0,Matai Akinmboni
1005575,2024-06-01,23/24,14807,1023,Palmeiras U20,Palmeiras,,,Vitor Reis
148262,2024-05-31,23/24,1035,762,Sheff Wed,Newcastle,0.0,500000.0,Jeff Hendrick
183293,2024-05-31,23/24,180,989,Southampton,Bournemouth,0.0,2500000.0,Joe Rothwell
214666,2024-05-31,23/24,399,1132,Leeds,Burnley,0.0,7000000.0,Connor Roberts
232964,2024-05-31,23/24,903,989,Hibernian FC,Bournemouth,0.0,1500000.0,Emiliano Marcondes
239949,2024-05-31,23/24,2288,989,Swansea,Bournemouth,0.0,1500000.0,Jamal Lowe
260841,2024-05-31,23/24,512,1003,Stoke City,Leicester,0.0,3000000.0,Daniel Iversen
277033,2024-05-31,23/24,180,989,Southampton,Bournemouth,0.0,8000000.0,David Brooks
297212,2024-05-31,23/24,399,148,Leeds,Tottenham,0.0,8000000.0,Joe Rodon
297257,2024-05-31,23/24,984,371,West Brom,Celtic,0.0,3000000.0,Mikey Johnston
314378,2024-05-31,23/24,6699,1031,Exeter City,Luton,0.0,275000.0,Admiral Muskwe
346478,2024-05-31,23/24,1028,148,Millwall,Tottenham,0.0,1800000.0,Japhet Tanganga
371814,2024-05-31,23/24,603,31,Cardiff,Liverpool,0.0,3500000.0,Nathaniel Phillips
376856,2024-05-31,23/24,1071,1148,Wigan,Brentford,0.0,500000.0,Charlie Goode
433183,2024-05-31,23/24,543,281,Wolves,Man City,0.0,10000000.0,Tommy Doyle
433818,2024-05-31,23/24,698,1132,Bristol City,Burnley,0.0,3000000.0,Scott Twine
444208,2024-05-31,23/24,1028,1132,Millwall,Burnley,0.0,2200000.0,Michael Obafemi
444641,2024-05-31,23/24,1302,543,Northampton,Wolves,0.0,200000.0,Louie Moulden
469064,2024-05-31,23/24,11177,989,Fleetwood,Bournemouth,0.0,300000.0,Gavin Kilkenny
470596,2024-05-31,23/24,355,1148,Bolton,Brentford,0.0,350000.0,Paris Maghoma
484389,2024-05-31,23/24,1071,762,Wigan,Newcastle,0.0,250000.0,Kell Watts
499604,2024-05-31,23/24,3696,1031,Dag & Red FC,Luton,0.0,175000.0,Dion Pereira
503769,2024-05-31,23/24,1112,11,Wrexham,Arsenal,0.0,1800000.0,Arthur Okonkwo
503977,2024-05-31,23/24,180,281,Southampton,Man City,0.0,22000000.0,Taylor Harwood-Bellis
504581,2024-05-31,23/24,3008,1031,Hull City,Luton,0.0,4500000.0,Ryan Giles
504855,2024-05-31,23/24,349,1031,Barnsley FC,Luton,0.0,300000.0,John McAtee
505194,2024-05-31,23/24,641,1003,Middlesbrough,Leicester,0.0,6000000.0,Luke Thomas
505548,2024-05-31,23/24,358,1031,Charlton,Luton,0.0,250000.0,Louie Watson
506189,2024-05-31,23/24,180,379,Southampton,West Ham,0.0,9000000.0,Flynn Downes
506470,2024-05-31,23/24,603,703,Cardiff,Nott'm Forest,0.0,1500000.0,Josh Bowler
507700,2024-05-31,23/24,677,985,Ipswich,Man Utd,0.0,2500000.0,Brandon Williams
520651,2024-05-31,23/24,1211,1237,Port Vale,Brighton,0.0,300000.0,Jensen Weir
532541,2024-05-31,23/24,512,543,Stoke City,Wolves,0.0,5000000.0,Luke Cundle
535927,2024-05-31,23/24,512,1132,Stoke City,Burnley,0.0,3800000.0,Luke McNally
550995,2024-05-31,23/24,1195,24226,Kidderminster,Wolves U21,0.0,,Owen Hesketh
551001,2024-05-31,23/24,511,9252,Dundee FC,Liverpool U21,0.0,1250000.0,Owen Beck
559130,2024-05-31,23/24,2288,9253,Swansea,Newcastle U21,0.0,1200000.0,Harrison Ashby
560694,2024-05-31,23/24,641,703,Middlesbrough,Nott'm Forest,0.0,5000000.0,Lewis O'Brien
561452,2024-05-31,23/24,34888,9267,Salford,West Ham U21,0.0,200000.0,Dan Chesters
568005,2024-05-31,23/24,677,1237,Ipswich,Brighton,0.0,4500000.0,Jeremy Sarmiento
580809,2024-05-31,23/24,1042,39336,Crewe Alexandra,Brighton U21,0.0,400000.0,Ed Turns
581675,2024-05-31,23/24,2455,9250,Bristol Rovers,Chelsea U21,0.0,1500000.0,Harvey Vale
582078,2024-05-31,23/24,2553,989,Kilmarnock FC,Bournemouth,0.0,350000.0,Will Dennis
583199,2024-05-31,23/24,350,281,Sheff Utd,Man City,0.0,12000000.0,James McAtee
587002,2024-05-31,23/24,1020,1148,Portsmouth,Brentford,0.0,700000.0,Myles Peart-Harris
610849,2024-05-31,23/24,3008,9265,Hull City,Man City U21,0.0,8000000.0,Liam Delap
610863,2024-05-31,23/24,991,405,MK Dons,Aston Villa,0.0,800000.0,Filip Marschall
612517,2024-05-31,23/24,2288,9250,Swansea,Chelsea U21,0.0,4800000.0,Bashir Humphreys
614603,2024-05-31,23/24,2805,543,Wycombe,Wolves,0.0,900000.0,Chem Campbell
614700,2024-05-31,23/24,511,1132,Dundee FC,Burnley,0.0,325000.0,Dara Costelloe
618495,2024-05-31,23/24,1074,9252,Tranmere,Liverpool U21,0.0,150000.0,James Norris
633652,2024-05-31,23/24,355,9252,Bolton,Liverpool U21,0.0,4000000.0,Calvin Ramsay
638649,2024-05-31,23/24,1194,350,Rotherham,Sheff Utd,0.0,300000.0,Femi Seriki
646333,2024-05-31,23/24,10391,38967,Eastleigh,Bournemouth U21,0.0,,Ben Greenwood
646353,2024-05-31,23/24,2288,1237,Swansea,Brighton,0.0,3000000.0,Carl Rushworth
649452,2024-05-31,23/24,1031,281,Luton,Man City,0.0,10000000.0,Issa Kaboré
659331,2024-05-31,23/24,3884,6945,AFC Wimbledon,Palace U21,0.0,200000.0,John-Kymani Gordon
667287,2024-05-31,23/24,164,1237,Blackburn,Brighton,0.0,4500000.0,Yasin Ayari
667925,2024-05-31,23/24,1194,12124,Rotherham,Aston Villa U21,0.0,350000.0,Sebastian Revan
670850,2024-05-31,23/24,1110,9250,Huddersfield,Chelsea U21,0.0,1200000.0,Alex Matos
670859,2024-05-31,23/24,2963,8824,Burton Albion,Sheff Utd U21,0.0,500000.0,Antwoine Hackford
670861,2024-05-31,23/24,1071,9252,Wigan,Liverpool U21,0.0,1500000.0,Luke Chambers
696346,2024-05-31,23/24,337,931,Birmingham,Fulham,0.0,3500000.0,Jay Stansfield
696764,2024-05-31,23/24,1020,1123,Portsmouth,Norwich,0.0,600000.0,Abu Kamara
698151,2024-05-31,23/24,3015,9253,Annan Athletic,Newcastle U21,0.0,,Michael Ndiweni
698164,2024-05-31,23/24,2805,9267,Wycombe,West Ham U21,0.0,600000.0,Freddie Potts
706815,2024-05-31,23/24,1042,9252,Crewe Alexandra,Liverpool U21,0.0,500000.0,Harvey Davies
732120,2024-05-31,23/24,3456,9250,Gateshead,Chelsea U21,0.0,250000.0,Eddie Beach
734425,2024-05-31,23/24,1072,54704,Peterborough,Brentford B,0.0,600000.0,Michael Olakigbe
741236,2024-05-31,23/24,2455,1148,Bristol Rovers,Brentford,0.0,800000.0,Matthew Cox
743414,2024-05-31,23/24,2262,405,Plymouth,Aston Villa,0.0,2000000.0,Lino Sousa
747153,2024-05-31,23/24,1211,985,Port Vale,Man Utd,0.0,900000.0,Dan Gore
794816,2024-05-31,23/24,1098,9251,Stockport,Man Utd U21,0.0,,Rhys Bennett
802230,2024-05-31,23/24,3826,92433,St Albans City,Luton U21,0.0,,Aidan Francis-Clarke
817612,2024-05-31,23/24,6699,931,Exeter City,Fulham,0.0,1000000.0,Luke Harris
854689,2024-05-31,23/24,3054,39336,Shrewsbury,Brighton U21,0.0,150000.0,Jack Hinchy
859951,2024-05-31,23/24,2262,148,Plymouth,Tottenham,0.0,2200000.0,Ashley Phillips
874080,2024-05-31,23/24,289,9250,Sunderland,Chelsea U21,0.0,1800000.0,Mason Burstow
944551,2024-05-31,23/24,1198,1031,Lincoln City,Luton,0.0,350000.0,Joe Taylor
965954,2024-05-31,23/24,3826,92433,St Albans City,Luton U21,0.0,,Jake Burger
967346,2024-05-31,23/24,903,289,Hibernian FC,Sunderland,0.0,700000.0,Eliezer Mayenda
1088817,2024-05-31,23/24,2796,92433,Woking,Luton U21,0.0,,Jayden Luker
1089802,2024-05-31,23/24,26411,14648,Poole Town,Bournemouth U18,0.0,,Remy Rees-Dottin
994604,2024-05-14,23/24,2440,68031,D.C. United,Loudoun United,0.0,500000.0,Matai Akinmboni
854721,2024-04-30,23/24,3822,38967,Weymouth FC,Bournemouth U21,0.0,,Ben Winterburn
875235,2024-04-04,23/24,1220,6945,Carlisle United,Palace U21,0.0,150000.0,Seán Grehan
854721,2024-03-31,23/24,38967,3822,Bournemouth U21,Weymouth FC,0.0,,Ben Winterburn
1230661,2024-03-20,23/24,120959,54097,Rochdale Youth,Wolves Yth.,,,Mateus Mané
1005844,2024-03-16,23/24,12801,5679,Wolves U18,Arsenal U18,,,Brayden Clarke
490606,2024-02-29,23/24,631,1092,Chelsea,Brommapojkarna,0.0,800000.0,Lucas Bergström
909758,2024-02-23,23/24,1030,69261,Argentinos Jrs.,Miami,7450000.0,9000000.0,Federico Redondo
1072898,2024-02-21,23/24,987,8824,Motherwell FC,Sheff Utd U21,0.0,200000.0,Jili Buyabu
120095,2024-02-14,23/24,515,472,Without Club,UD Las Palmas,,2500000.0,José Campaña
76746,2024-02-09,23/24,3709,537,Getafe,Botafogo,0.0,1000000.0,Damián Suárez
912392,2024-02-09,23/24,2723,2433,Wanderers,Colo-Colo,1460000.0,375000.0,Lucas Cepeda
18644,2024-02-08,23/24,515,366,Without Club,Real Valladolid,,800000.0,Álvaro Negredo
141660,2024-02-08,23/24,515,6500,Without Club,FC Seoul,,6000000.0,Jesse Lingard
153238,2024-02-06,23/24,515,3302,Without Club,UD Almería,,1500000.0,Jonathan Viera
415970,2024-02-05,23/24,703,114,Nott'm Forest,Besiktas,0.0,12000000.0,Joe Worrall
127032,2024-02-02,23/24,703,141,Nottm Forest,Galatasaray,100000.0,7000000.0,Serge Aurier
743414,2024-02-02,23/24,405,2262,Aston Villa,Plymouth,0.0,2000000.0,Lino Sousa
945702,2024-02-02,23/24,60529,8494,Shabab Al-Ahli,RCD Mallorca B ,0.0,10000.0,Sebas Wade
1216529,2024-02-02,23/24,61118,8510,FE Grama,Getafe CF B,,,Guillem Trilla
18644,2024-02-01,23/24,2687,515,Cádiz CF,Without Club,,800000.0,Álvaro Negredo
54383,2024-02-01,23/24,350,164,Sheff Utd,Blackburn,0.0,900000.0,John Fleck
95641,2024-02-01,23/24,331,1244,CA Osasuna,CD Leganés,200000.0,1500000.0,Darko Brasanac
126737,2024-02-01,23/24,150,2687,Real Betis,Cádiz CF,0.0,8000000.0,Juanmi
127048,2024-02-01,23/24,141,150,Galatasaray,Real Betis,5000000.0,2800000.0,Cédric Bakambu
127202,2024-02-01,23/24,667,703,R. Strasbourg,Nott'm Forest,6500000.0,7000000.0,Matz Sels
131996,2024-02-01,23/24,405,1050,Aston Villa,Villarreal,0.0,10000000.0,Bertrand Traoré
167721,2024-02-01,23/24,331,150,CA Osasuna,Real Betis,4700000.0,3500000.0,Chimy Ávila
206225,2024-02-01,23/24,762,1039,Newcastle,QPR,0.0,3000000.0,Isaac Hayden
214666,2024-02-01,23/24,1132,399,Burnley,Leeds,0.0,7000000.0,Connor Roberts
251106,2024-02-01,23/24,3709,989,Getafe,Bournemouth,0.0,25000000.0,Enes Ünal
258475,2024-02-01,23/24,1108,3368,Alavés,Levante,0.0,1200000.0,Nikola Maras
297257,2024-02-01,23/24,371,984,Celtic,West Brom,0.0,1200000.0,Mikey Johnston
339820,2024-02-01,23/24,237,366,RCD Mallorca,Real Valladolid,0.0,1500000.0,Amath Ndiaye
357885,2024-02-01,23/24,379,150,West Ham,Real Betis,8000000.0,17000000.0,Pablo Fornals
371371,2024-02-01,23/24,12,6574,Roma,Sassuolo,0.0,7500000.0,Marash Kumbulla
434223,2024-02-01,23/24,1123,371,Norwich,Celtic,0.0,2800000.0,Adam Idah
469064,2024-02-01,23/24,989,11177,Bournemouth,Fleetwood,0.0,300000.0,Gavin Kilkenny
491616,2024-02-01,23/24,1095,10484,Troyes,Kasimpasa,0.0,3000000.0,Jackson Porozo
503679,2024-02-01,23/24,1211,31,Port Vale,Liverpool,0.0,1800000.0,Rhys Williams
503743,2024-02-01,23/24,641,405,Middlesbrough,Aston Villa,9400000.0,2800000.0,Morgan Rogers
512354,2024-02-01,23/24,873,54189,Crystal Palace,RWDM,0.0,3000000.0,Malcolm Ebiowei
528888,2024-02-01,23/24,931,443,Fulham,Vejle BK,0.0,500000.0,Tyrese Francois
561452,2024-02-01,23/24,9267,34888,West Ham U21,Salford,0.0,200000.0,Dan Chesters
571743,2024-02-01,23/24,631,931,Chelsea,Fulham,0.0,28000000.0,Armando Broja
580809,2024-02-01,23/24,39336,1042,Brighton U21,Crewe Alexandra,0.0,400000.0,Ed Turns
585700,2024-02-01,23/24,150,1244,Real Betis,CD Leganés,0.0,1000000.0,Juan Cruz
605426,2024-02-01,23/24,496,701,Malmö,Trelleborg,0.0,200000.0,Melker Ellborg
638649,2024-02-01,23/24,350,1194,Sheff Utd,Rotherham,0.0,300000.0,Femi Seriki
646333,2024-02-01,23/24,38967,10391,Bournemouth U21,Eastleigh,0.0,200000.0,Ben Greenwood
670859,2024-02-01,23/24,8824,2963,Sheff Utd U21,Burton Albion,0.0,500000.0,Antwoine Hackford
696181,2024-02-01,23/24,3057,289,Standard Liège,Sunderland,1800000.0,600000.0,Romaine Mundle
698151,2024-02-01,23/24,9253,3015,Newcastle U21,Annan Athletic,0.0,200000.0,Michael Ndiweni
709726,2024-02-01,23/24,583,24,PSG,Frankfurt,0.0,15000000.0,Hugo Ekitiké
743414,2024-02-01,23/24,9249,405,Arsenal U21,Aston Villa,,2000000.0,Lino Sousa
743589,2024-02-01,23/24,3302,1532,UD Almería,Albacete,0.0,2500000.0,Kaiky
743600,2024-02-01,23/24,631,667,Chelsea,R. Strasbourg,0.0,14000000.0,Andrey Santos
744149,2024-02-01,23/24,164,873,Blackburn,Crystal Palace,21100000.0,10000000.0,Adam Wharton
787154,2024-02-01,23/24,38006,13241,Girona FC B,UD Ibiza,0.0,250000.0,Eric Monjonell
801989,2024-02-01,23/24,947,5724,B.93,Randers FC,135000.0,75000.0,Tammer Bany
802230,2024-02-01,23/24,92433,3826,Luton U21,St Albans City,0.0,,Aidan Francis-Clarke
818237,2024-02-01,23/24,12124,12405,Aston Villa U21,Real Unión,0.0,200000.0,Tommi O'Reilly
842341,2024-02-01,23/24,969,1132,Montpellier,Burnley,0.0,7000000.0,Maxime Estève
854689,2024-02-01,23/24,39336,3054,Brighton U21,Shrewsbury,0.0,150000.0,Jack Hinchy
857830,2024-02-01,23/24,8494,13222,RCD Mallorca B ,CD Mirandés,0.0,500000.0,Daniel Luna
871837,2024-02-01,23/24,9249,44,Arsenal U21,Hertha BSC,0.0,400000.0,Bradley Ibrahim
875929,2024-02-01,23/24,12124,12405,Aston Villa U21,Real Unión,0.0,500000.0,Josh Feeney
938146,2024-02-01,23/24,1462,28,FC Bayern U19,FC Bayern II,,,Adam Aznou
947431,2024-02-01,23/24,237,1531,RCD Mallorca,Elche CF,0.0,50000.0,David López
965954,2024-02-01,23/24,92433,3826,Luton U21,St Albans City,0.0,100000.0,Jake Burger
967346,2024-02-01,23/24,289,903,Sunderland,Hibernian FC,0.0,700000.0,Eliezer Mayenda
985717,2024-02-01,23/24,11994,92433,Reading U18,Luton U21,,,Taylan Harris
1041934,2024-02-01,23/24,6767,8510,RM Castilla,Getafe CF B,0.0,50000.0,Jeremy Jorge
1061336,2024-02-01,23/24,12853,11972,FC Villarreal C,Villarreal CF B,,,Pau Navarro
1063338,2024-02-01,23/24,12798,11516,Levante U19,Atl. Levante,,,Carlos Espí
1069512,2024-02-01,23/24,272,1462,AIK,FC Bayern U19,3500000.0,300000.0,Jonah Kusi-Asare
1072898,2024-02-01,23/24,8824,987,Sheff Utd U21,Motherwell FC,0.0,200000.0,Jili Buyabu
1086258,2024-02-01,23/24,9540,221,Santos U20,Santos,,,Souza
1086619,2024-02-01,23/24,3037,1038,Padova,Sampdoria,0.0,100000.0,Giovanni Leoni
1135665,2024-02-01,23/24,91917,40416,Septem Sofia II,Septemvri Sofia,,,Aleksandar Andreev
1230201,2024-02-01,23/24,45352,16757,Moralo CP,AD Ceuta B,0.0,,Sixtus Ogbuehi
1230202,2024-02-01,23/24,16075,11669,Cádiz U19,Cádiz B,,,Borja Vázquez
126737,2024-01-31,23/24,31008,150,Al-Riyadh,Real Betis,0.0,8000000.0,Juanmi
237125,2024-01-31,23/24,16795,603,Granada CF,Cardiff,0.0,500000.0,Famara Diédhiou
447052,2024-01-31,23/24,621,1533,Athletic,SD Eibar,0.0,1000000.0,Peru Nolaskoain
491616,2024-01-31,23/24,683,1095,Olympiacos,Troyes,0.0,3000000.0,Jackson Porozo
536030,2024-01-31,23/24,3302,1531,UD Almería,Elche CF,0.0,2000000.0,Arnau Puigmal
580809,2024-01-31,23/24,1150,39336,Leyton Orient,Brighton U21,0.0,400000.0,Ed Turns
606576,2024-01-31,23/24,1132,1103,Burnley,Ternana,,250000.0,Denis Franchi
670717,2024-01-31,23/24,336,3325,Sporting,Chaves,0.0,2000000.0,Dário Essugo
705813,2024-01-31,23/24,13222,714,CD Mirandés,Espanyol,0.0,700000.0,Rubén Sánchez
710004,2024-01-31,23/24,6767,1049,RM Castilla,Valencia,0.0,1000000.0,Peter Federico
748319,2024-01-31,23/24,180,506,Southampton,Juventus,0.0,15000000.0,Carlos Alcaraz
816124,2024-01-31,23/24,583,543,Paris SG,Wolves,0.0,500000.0,Noha Lemina
816124,2024-01-31,23/24,1038,583,Sampdoria,Paris SG,0.0,500000.0,Noha Lemina
938144,2024-01-31,23/24,2470,2464,Barça U19,Barça Atlètic,,,Diego Kochen
947431,2024-01-31,23/24,8494,237,RCD Mallorca B ,RCD Mallorca,,50000.0,David López
1013774,2024-01-31,23/24,3302,11596,UD Almería,Alcorcón,0.0,1000000.0,Marciano Sanca
1041934,2024-01-31,23/24,21322,6767,Sanluqueño,RM Castilla,0.0,50000.0,Jeremy Jorge
277033,2024-01-30,23/24,989,180,Bournemouth,Southampton,0.0,9000000.0,David Brooks
371814,2024-01-30,23/24,31,603,Liverpool,Cardiff,0.0,4000000.0,Nathaniel Phillips
493003,2024-01-30,23/24,1184,873,Genk,Crystal Palace,8000000.0,10000000.0,Daniel Muñoz
504581,2024-01-30,23/24,1031,3008,Luton,Hull City,0.0,4500000.0,Ryan Giles
551001,2024-01-30,23/24,9252,511,Liverpool U21,Dundee FC,0.0,600000.0,Owen Beck
660735,2024-01-30,23/24,368,58,Sevilla FC,RSC Anderlecht,0.0,3000000.0,Federico Gattoni
668276,2024-01-30,23/24,23826,11972,Leipzig,Villarreal CF B,0.0,3500000.0,Hugo Novoa
734425,2024-01-30,23/24,54704,1072,Brentford B,Peterborough,0.0,600000.0,Michael Olakigbe
175446,2024-01-29,23/24,543,1091,Wolves,PAOK,0.0,8000000.0,Jonny Otto
610581,2024-01-29,23/24,3884,677,AFC Wimbledon,Ipswich,1170000.0,400000.0,Ali Al-Hamadi
633652,2024-01-29,23/24,9252,355,Liverpool U21,Bolton,0.0,4000000.0,Calvin Ramsay
648032,2024-01-29,23/24,358,410,Charlton,Udinese,0.0,300000.0,James Abankwah
668276,2024-01-29,23/24,200,23826,Utrecht,Leipzig,0.0,3500000.0,Hugo Novoa
129374,2024-01-28,23/24,7077,16795,FC Cartagena,Granada CF,150000.0,400000.0,Marc Martínez
257388,2024-01-28,23/24,16795,3183,Granada CF,SH Shenhua,150000.0,1500000.0,Wilson Manafá
278359,2024-01-27,23/24,150,15,Real Betis,Leverkusen,0.0,8000000.0,Borja Iglesias
499604,2024-01-27,23/24,1031,3696,Luton,Dag & Red FC,0.0,175000.0,Dion Pereira
168157,2024-01-26,23/24,405,6195,Aston Villa,Napoli,0.0,11000000.0,Leander Dendoncker
216870,2024-01-26,23/24,331,237,CA Osasuna,RCD Mallorca,0.0,2500000.0,Nacho Vidal
343273,2024-01-26,23/24,367,1536,Rayo Vallecano,Burgos CF,0.0,2000000.0,Joni Montiel
351749,2024-01-26,23/24,281,379,Man City,West Ham,0.0,28000000.0,Kalvin Phillips
488935,2024-01-26,23/24,1101,1148,Elfsborg,Brentford,3000000.0,1800000.0,Hákon Valdimarsson
498237,2024-01-26,23/24,720,683,Porto,Olympiacos,0.0,14000000.0,David Carmo
505194,2024-01-26,23/24,1003,641,Leicester,Middlesbrough,0.0,10000000.0,Luke Thomas
715683,2024-01-26,23/24,1244,2464,CD Leganés,Barça Atlètic,0.0,500000.0,Naim García
994536,2024-01-26,23/24,281,209,Man City,River Plate,0.0,12000000.0,Claudio Echeverri
343273,2024-01-25,23/24,366,367,Real Valladolid,Rayo Vallecano,0.0,2000000.0,Joni Montiel
357072,2024-01-25,23/24,2282,16795,Club Brugge,Granada CF,0.0,5000000.0,Faitout Maouassa
587520,2024-01-25,23/24,51828,366,LAFC,Real Valladolid,0.0,6500000.0,Stipe Biuk
994536,2024-01-25,23/24,209,281,River Plate,Man City,18500000.0,12000000.0,Claudio Echeverri
1045767,2024-01-25,23/24,897,18687,Dep. La Coruña,Atl. Baleares,0.0,50000.0,Pablo Muñoz
357072,2024-01-24,23/24,826,2282,Lens,Club Brugge,0.0,5000000.0,Faitout Maouassa
448628,2024-01-24,23/24,13,681,Atlético,Real Sociedad,0.0,7000000.0,Javi Galán
525438,2024-01-24,23/24,455,13,FC Rapid 1923,Atlético,800000.0,2600000.0,Horațiu Moldovan
710671,2024-01-24,23/24,8516,6688,Osasuna B,Bilbao Athletic,2000000.0,200000.0,Adama Boiro
1062525,2024-01-24,23/24,20921,6182,Navalcarnero,Valencia B,,25000.0,Álex Serradell
444208,2024-01-23,23/24,1132,1028,Burnley,Millwall,0.0,3500000.0,Michael Obafemi
716276,2024-01-23,23/24,543,1050,Wolves,Villarreal,0.0,3500000.0,Yerson Mosquera
724529,2024-01-23,23/24,6945,54189,Palace U21,RWDM,0.0,800000.0,Tayo Adaramola
747153,2024-01-23,23/24,985,1211,Man Utd,Port Vale,0.0,900000.0,Dan Gore
1337084,2024-01-23,23/24,112834,38006,Keur Madior FC,Girona FC B,0.0,,Papa Ba
232964,2024-01-22,23/24,989,903,Bournemouth,Hibernian FC,0.0,1500000.0,Emiliano Marcondes
376856,2024-01-22,23/24,1148,1071,Brentford,Wigan,0.0,500000.0,Charlie Goode
587002,2024-01-22,23/24,1148,1020,Brentford,Portsmouth,0.0,700000.0,Myles Peart-Harris
731466,2024-01-22,23/24,8981,9250,Bromley,Chelsea U21,0.0,300000.0,Teddy Sharman-Lowe
162029,2024-01-21,23/24,762,940,Newcastle,Celta de Vigo,0.0,2000000.0,Javier Manquillo
339501,2024-01-20,23/24,601,3302,KV Kortrijk,UD Almería,0.0,600000.0,Aleksandar Radovanovic
225122,2024-01-19,23/24,543,1050,Wolves,Villarreal,0.0,18000000.0,Gonçalo Guedes
358032,2024-01-19,23/24,276,6195,Hellas Verona,Napoli,20000000.0,6000000.0,Cyril Ngonge
610863,2024-01-19,23/24,405,991,Aston Villa,MK Dons,0.0,800000.0,Filip Marschall
707274,2024-01-19,23/24,1049,366,Valencia,Real Valladolid,0.0,150000.0,César Tárrega
785967,2024-01-19,23/24,12321,13222,Girona,CD Mirandés,0.0,500000.0,Ibrahima Kébé
794816,2024-01-19,23/24,9251,1098,Man Utd U21,Stockport,0.0,,Rhys Bennett
900195,2024-01-19,23/24,1023,660,Palmeiras,Shakhtar D.,14800000.0,4000000.0,Kevin
964264,2024-01-19,23/24,16196,38006,UE Cornellà,Girona FC B,0.0,50000.0,Carles Garrido
61651,2024-01-18,23/24,7732,610,Al-Ettifaq,Ajax,0.0,7500000.0,Jordan Henderson
225122,2024-01-18,23/24,294,543,Benfica,Wolves,0.0,18000000.0,Gonçalo Guedes
346478,2024-01-18,23/24,148,1028,Tottenham,Millwall,0.0,3000000.0,Japhet Tanganga
441170,2024-01-18,23/24,114,417,Besiktas,Nice,0.0,5000000.0,Valentin Rosier
581326,2024-01-18,23/24,5411,999,FC Honka,NK Istra,0.0,400000.0,Ville Koski
707274,2024-01-18,23/24,6182,1049,Valencia B,Valencia,,150000.0,César Tárrega
910905,2024-01-18,23/24,1041,54189,Lyon,RWDM,0.0,1000000.0,Mamadou Sarr
1056993,2024-01-18,23/24,14807,1023,Palmeiras U20,Palmeiras,,10000000.0,Estêvão
346478,2024-01-17,23/24,167,148,FC Augsburg,Tottenham,0.0,3000000.0,Japhet Tanganga
659331,2024-01-17,23/24,6945,3884,Palace U21,AFC Wimbledon,0.0,200000.0,John-Kymani Gordon
1193867,2024-01-17,23/24,14727,8718,Sport U20,Sport Recife,,,Pedro Lima
444641,2024-01-16,23/24,543,1302,Wolves,Northampton,0.0,200000.0,Louie Moulden
503679,2024-01-16,23/24,31,1211,Liverpool,Port Vale,0.0,1800000.0,Rhys Williams
614603,2024-01-16,23/24,543,2805,Wolves,Wycombe,0.0,900000.0,Chem Campbell
811778,2024-01-16,23/24,985,294,Man Utd,Benfica,0.0,7000000.0,Álvaro Carreras
1088817,2024-01-16,23/24,92433,2796,Luton U21,Woking,0.0,100000.0,Jayden Luker
183293,2024-01-15,23/24,989,180,Bournemouth,Southampton,0.0,4000000.0,Joe Rothwell
433818,2024-01-15,23/24,1132,698,Burnley,Bristol City,0.0,3000000.0,Scott Twine
444641,2024-01-15,23/24,1088,543,Rochdale,Wolves,0.0,200000.0,Louie Moulden
607224,2024-01-15,23/24,985,368,Man Utd,Sevilla FC,0.0,12000000.0,Hannibal
614603,2024-01-15,23/24,358,543,Charlton,Wolves,0.0,900000.0,Chem Campbell
626888,2024-01-15,23/24,12124,405,Aston Villa U21,Aston Villa,,2200000.0,Kaine Kesler-Hayden
633652,2024-01-15,23/24,466,9252,Preston,Liverpool U21,0.0,4000000.0,Calvin Ramsay
693066,2024-01-15,23/24,3537,9267,Crawley Town,West Ham U21,0.0,250000.0,Kamarai Swyer
433818,2024-01-14,23/24,3008,1132,Hull City,Burnley,0.0,3000000.0,Scott Twine
614811,2024-01-14,23/24,1042,762,Crewe Alexandra,Newcastle,0.0,300000.0,Joe White
626888,2024-01-14,23/24,2262,12124,Plymouth,Aston Villa U21,0.0,2200000.0,Kaine Kesler-Hayden
652979,2024-01-14,23/24,2262,9261,Plymouth,Everton U21,0.0,500000.0,Lewis Warrington
811778,2024-01-14,23/24,16795,985,Granada CF,Man Utd,0.0,7000000.0,Álvaro Carreras
278404,2024-01-12,23/24,2687,21322,Cádiz CF,Sanluqueño,0.0,300000.0,Martín Calderón
485585,2024-01-12,23/24,631,16,Chelsea,Dortmund,0.0,20000000.0,Ian Maatsen
505194,2024-01-12,23/24,350,1003,Sheff Utd,Leicester,0.0,10000000.0,Luke Thomas
668183,2024-01-12,23/24,621,1176,Athletic Club,Racing Ferrol,0.0,1000000.0,Nico Serrano
670861,2024-01-12,23/24,9252,1071,Liverpool U21,Wigan,0.0,1500000.0,Luke Chambers
699771,2024-01-12,23/24,468,6182,Sparta R.,Valencia B,0.0,150000.0,Pedro Alemañ
741228,2024-01-12,23/24,27774,36546,Cork City,Southampton U21,,100000.0,Joe O'Brien-Whitmarsh
817665,2024-01-12,23/24,3329,2995,Famalicão,Paços Ferreira,0.0,500000.0,Pablo
206225,2024-01-11,23/24,3057,762,Standard Liège,Newcastle,0.0,3000000.0,Isaac Hayden
401173,2024-01-11,23/24,985,16,Man Utd,Dortmund,0.0,25000000.0,Jadon Sancho
483348,2024-01-11,23/24,148,252,Tottenham,Genoa,0.0,8000000.0,Djed Spence
568559,2024-01-11,23/24,252,148,Genoa,Tottenham,25000000.0,20000000.0,Radu Drăgușin
668183,2024-01-11,23/24,1269,621,PEC Zwolle,Athletic Club,0.0,1000000.0,Nico Serrano
687609,2024-01-11,23/24,8519,368,Sevilla Atl.,Sevilla FC,,400000.0,Isaac Romero
1111589,2024-01-11,23/24,1293,62,Tromsø IL,Slavia Praha,5640000.0,1300000.0,El Hadji Malick Diouf
1141628,2024-01-11,23/24,2381,1148,Sivasspor,Brentford,4500000.0,1800000.0,Yunus Konak
99559,2024-01-10,23/24,16795,3899,Granada CF,Anorthosis,0.0,800000.0,Alberto Perea
305274,2024-01-10,23/24,1194,1031,Rotherham,Luton,0.0,500000.0,Fred Onyedinma
559263,2024-01-10,23/24,31,3008,Liverpool,Hull City,0.0,14000000.0,Fábio Carvalho
569384,2024-01-10,23/24,46,368,Inter,Sevilla FC,0.0,6000000.0,Lucien Agoumé
611793,2024-01-10,23/24,164,989,Blackburn,Bournemouth,0.0,2000000.0,James Hill
499604,2024-01-09,23/24,3052,1031,Sutton Utd,Luton,0.0,175000.0,Dion Pereira
520651,2024-01-09,23/24,1237,1211,Brighton,Port Vale,0.0,300000.0,Jensen Weir
532541,2024-01-09,23/24,543,512,Wolves,Stoke City,0.0,4000000.0,Luke Cundle
659331,2024-01-09,23/24,986,6945,Cambridge Utd.,Palace U21,0.0,200000.0,John-Kymani Gordon
732120,2024-01-09,23/24,9250,3456,Chelsea U21,Gateshead,0.0,250000.0,Eddie Beach
802230,2024-01-09,23/24,3696,92433,Dag & Red FC,Luton U21,0.0,,Aidan Francis-Clarke
857792,2024-01-09,23/24,74248,6918,Hashtag Utd,Chelsea U18,0.0,,Ted Curd
944551,2024-01-09,23/24,1031,1198,Luton,Lincoln City,0.0,350000.0,Joe Taylor
144128,2024-01-08,23/24,6646,1531,Karagümrük,Elche CF,,550000.0,Matías Dituro
496661,2024-01-08,23/24,3054,1031,Shrewsbury,Luton,0.0,200000.0,Elliot Thorpe
617074,2024-01-08,23/24,23826,3709,Leipzig,Getafe,0.0,3000000.0,Ilaix Moriba
859951,2024-01-08,23/24,148,2262,Tottenham,Plymouth,0.0,2000000.0,Ashley Phillips
874538,2024-01-08,23/24,6699,1148,Exeter City,Brentford,0.0,275000.0,Ryan Trevitt
1080392,2024-01-08,23/24,3713,24226,Eastbourne,Wolves U21,,,Fletcher Holman
532541,2024-01-07,23/24,2262,543,Plymouth,Wolves,0.0,4000000.0,Luke Cundle
711382,2024-01-07,23/24,681,10718,Real Sociedad,FC Andorra,0.0,2500000.0,Jon Karrikaburu
890290,2024-01-06,23/24,506,12,Juventus,Roma,0.0,2500000.0,Dean Huijsen
906160,2024-01-06,23/24,253,749,Torpedo Kutaisi,FC Empoli,450000.0,300000.0,Saba Goglichidze
64598,2024-01-05,23/24,12321,8172,Girona,Atl. Nacional,0.0,1200000.0,Bernardo Espinosa
260841,2024-01-05,23/24,1003,512,Leicester,Stoke City,0.0,4000000.0,Daniel Iversen
352041,2024-01-05,23/24,537,1041,Botafogo,Lyon,6500000.0,8000000.0,Lucas Perri
638793,2024-01-05,23/24,2282,46,Club Brugge,Inter,7300000.0,8000000.0,Tajon Buchanan
667287,2024-01-05,23/24,1237,164,Brighton,Blackburn,0.0,5000000.0,Yasin Ayari
432914,2024-01-04,23/24,221,537,Santos,Botafogo,1350000.0,800000.0,John Victor
483348,2024-01-04,23/24,399,148,Leeds,Tottenham,0.0,8000000.0,Djed Spence
550995,2024-01-04,23/24,24226,1195,Wolves U21,Kidderminster,0.0,,Owen Hesketh
645686,2024-01-04,23/24,2455,12124,Bristol Rovers,Aston Villa U21,0.0,450000.0,Lamare Bogarde
667287,2024-01-04,23/24,990,1237,Coventry,Brighton,0.0,5000000.0,Yasin Ayari
670850,2024-01-04,23/24,9250,1110,Chelsea U21,Huddersfield,0.0,300000.0,Alex Matos
729814,2024-01-04,23/24,610,347,Ajax,FC Metz,0.0,8000000.0,Georges Mikautadze
875235,2024-01-04,23/24,6945,1220,Palace U21,Carlisle United,0.0,150000.0,Seán Grehan
275218,2024-01-03,23/24,209,16795,River Plate,Granada CF,0.0,6000000.0,Augusto Batalla
371814,2024-01-03,23/24,371,31,Celtic,Liverpool,0.0,4000000.0,Nathaniel Phillips
432914,2024-01-03,23/24,366,221,Real Valladolid,Santos,0.0,800000.0,John Victor
503679,2024-01-03,23/24,370,31,Aberdeen FC,Liverpool,0.0,1800000.0,Rhys Williams
568005,2024-01-03,23/24,1237,677,Brighton,Ipswich,0.0,4000000.0,Jeremy Sarmiento
655986,2024-01-03,23/24,3455,9261,Forest Green,Everton U21,0.0,700000.0,Reece Welch
743600,2024-01-03,23/24,703,631,Nott'm Forest,Chelsea,0.0,14000000.0,Andrey Santos
745846,2024-01-03,23/24,1060,9249,Colchester Utd.,Arsenal U21,0.0,200000.0,Mauro Bandeira
817612,2024-01-03,23/24,931,6699,Fulham,Exeter City,0.0,1000000.0,Luke Harris
1123335,2024-01-03,23/24,5648,4054,Gimnàstic,Orihuela CF,0.0,,Hamza Bellari
670558,2024-01-02,23/24,899,24226,Walsall,Wolves U21,0.0,75000.0,Harvey Griffiths
801472,2024-01-02,23/24,1072,9250,Peterborough,Chelsea U21,0.0,250000.0,Zak Sturge
821522,2024-01-02,23/24,1098,24226,Stockport,Wolves U21,0.0,250000.0,Alfie Pond
944551,2024-01-02,23/24,1060,1031,Colchester Utd.,Luton,0.0,350000.0,Joe Taylor
998101,2024-01-02,23/24,24029,279,Ferencváros II,Ferencváros,,,Alex Tóth
153238,2024-01-01,23/24,472,515,UD Las Palmas,Without Club,,1500000.0,Jonathan Viera
286384,2024-01-01,23/24,114,1050,Besiktas,Villarreal,0.0,3400000.0,Eric Bailly
288255,2024-01-01,23/24,985,24,Man Utd,Frankfurt,0.0,9000000.0,Donny van de Beek
337284,2024-01-01,23/24,1032,515,Reading,Without Club,,1200000.0,Ovie Ejaria
366948,2024-01-01,23/24,1023,940,Palmeiras,Celta de Vigo,0.0,1500000.0,Jailson
505046,2024-01-01,23/24,7454,54704,Welling Utd.,Brentford B,0.0,,Ben Winterbottom
520651,2024-01-01,23/24,1181,1237,Blackpool,Brighton,0.0,300000.0,Jensen Weir
540536,2024-01-01,23/24,1176,1108,Racing Ferrol,Alavés,600000.0,1200000.0,Carlos Vicente
551001,2024-01-01,23/24,511,9252,Dundee FC,Liverpool U21,0.0,600000.0,Owen Beck
567597,2024-01-01,23/24,43,39336,Heart of Midl.,Brighton U21,0.0,300000.0,Odeluga Offiah
568005,2024-01-01,23/24,984,1237,West Brom,Brighton,0.0,4000000.0,Jeremy Sarmiento
614700,2024-01-01,23/24,1132,511,Burnley,Dundee FC,0.0,325000.0,Dara Costelloe
689505,2024-01-01,23/24,6600,150,Internacional,Real Betis,6000000.0,6000000.0,Johnny Cardoso
724783,2024-01-01,23/24,24226,543,Wolves U21,Wolves,,100000.0,Tawanda Chirewa
780630,2024-01-01,23/24,9251,985,Man Utd U21,Man Utd,,2000000.0,Willy Kambwala
790992,2024-01-01,23/24,9250,631,Chelsea U21,Chelsea,,300000.0,Alfie Gilchrist
863741,2024-01-01,23/24,24226,543,Wolves U21,Wolves,,1000000.0,Nathan Fraser
865993,2024-01-01,23/24,6945,873,Palace U21,Crystal Palace,,700000.0,David Ozoh
897481,2024-01-01,23/24,2486,35,St. Pauli U19,St. Pauli,,,Eric da Silva Moreira
907559,2024-01-01,23/24,14583,4035,Ind. Yumbo,Pachuca,1360000.0,1500000.0,Nelson Deossa
934420,2024-01-01,23/24,28867,8519,Sevilla FC U19,Sevilla Atl.,,25000.0,Ibrahima Sow
936842,2024-01-01,23/24,6918,9250,Chelsea U18,Chelsea U21,,,Michael Golding
937956,2024-01-01,23/24,2470,2464,Barça U19,Barça Atlètic,,500000.0,Pau Prim
938158,2024-01-01,23/24,2470,131,Barça U19,Barcelona,,2500000.0,Marc Guiu
962110,2024-01-01,23/24,2464,131,Barça Atlètic,Barcelona,,1500000.0,Pau Cubarsí
984096,2024-01-01,23/24,9540,221,Santos U20,Santos,,200000.0,Jair Cunha
1005575,2024-01-01,23/24,14880,14807,Palmeiras U17,Palmeiras U20,,,Vitor Reis
1009766,2024-01-01,23/24,10200,6182,Valencia U19,Valencia B,,,David Otorbi
1056096,2024-01-01,23/24,111037,21550,Granada CF C,Recre Granada,,50000.0,Eghosa Bello
1056993,2024-01-01,23/24,14880,14807,Palmeiras U17,Palmeiras U20,,10000000.0,Estêvão
1057316,2024-01-01,23/24,15108,209,River Plate U20,River Plate,,,Franco Mastantuono
1069512,2024-01-01,23/24,16574,272,AIK U19,AIK,,300000.0,Jonah Kusi-Asare
1123335,2024-01-01,23/24,29791,5648,Pobla de Mafumet CF,Gimnàstic,,,Hamza Bellari
1193867,2024-01-01,23/24,15088,14727,Recife U17,Sport U20,,,Pedro Lima
1201530,2024-01-01,23/24,14967,9900,Real Sociedad Y,R. Sociedad U19,,,Alex Marchal
1237073,2024-01-01,23/24,76954,12124,Roda B,Aston Villa U21,0.0,,Lander Emery
275218,2023-12-31,23/24,1775,209,San Lorenzo,River Plate,0.0,6000000.0,Augusto Batalla
462070,2023-12-31,23/24,2403,209,Wanderers,River Plate,0.0,2500000.0,Nicolás Fonseca
559263,2023-12-31,23/24,23826,31,Leipzig,Liverpool,0.0,14000000.0,Fábio Carvalho
612496,2023-12-31,23/24,585,13,São Paulo,Atlético,0.0,4000000.0,Marcos Paulo
614700,2023-12-31,23/24,2578,1132,St. Johnstone,Burnley,0.0,325000.0,Dara Costelloe
711382,2023-12-31,23/24,1108,681,Alavés,Real Sociedad,0.0,2500000.0,Jon Karrikaburu
716276,2023-12-31,23/24,51772,543,Cincinnati,Wolves,0.0,3500000.0,Yerson Mosquera
907559,2023-12-31,23/24,8172,14583,Atl. Nacional,Ind. Yumbo,0.0,1500000.0,Nelson Deossa
960571,2023-12-31,23/24,23184,76,KFUM Oslo,Vålerenga,0.0,350000.0,Jones El-Abdellaoui
874066,2023-12-29,23/24,1211,350,Port Vale,Sheff Utd,0.0,450000.0,Oliver Arblaster
703626,2023-12-20,23/24,3371,39336,Cheltenham,Brighton U21,0.0,150000.0,Cameron Peupion
1089802,2023-12-20,23/24,14648,26411,Bournemouth U18,Poole Town,0.0,,Remy Rees-Dottin
963879,2023-12-16,23/24,1218,38967,Torquay,Bournemouth U21,0.0,,Archie Harris
1305564,2023-12-01,23/24,72311,28868,Etoiles Mandé,Villarreal U19,,,Jean Ives Valou
605426,2023-11-30,23/24,75203,496,Ariana FC,Malmö,0.0,100000.0,Melker Ellborg
972465,2023-11-30,23/24,52910,56089,San Antonio FC,Minnesota,0.0,350000.0,Tani Oluwaseyi
1130318,2023-11-30,23/24,15761,28866,Dukla Prag U19,Getafe U19,,,Djordjije Medenica
854721,2023-11-28,23/24,3822,38967,Weymouth FC,Bournemouth U21,0.0,,Ben Winterburn
963879,2023-11-17,23/24,38967,1218,Bournemouth U21,Torquay,0.0,,Archie Harris
963879,2023-11-16,23/24,26411,38967,Poole Town,Bournemouth U21,0.0,,Archie Harris
890290,2023-11-07,23/24,41101,506,Juve Next Gen,Juventus,,400000.0,Dean Huijsen
963879,2023-11-02,23/24,38967,26411,Bournemouth U21,Poole Town,0.0,,Archie Harris
834463,2023-11-01,23/24,10200,6182,Valencia U19,Valencia B,,,Iker Córdoba
1061277,2023-11-01,23/24,14789,2865,Betis C,Betis Deportivo,,,Germán García
1064403,2023-11-01,23/24,44202,8880,Alavés U19,Alavés B,,,Álvaro García
854721,2023-10-28,23/24,38967,3822,Bournemouth U21,Weymouth FC,0.0,,Ben Winterburn
357658,2023-10-27,23/24,512,989,Stoke City,Bournemouth,0.0,3500000.0,Mark Travers
34322,2023-10-26,23/24,515,150,Without Club,Real Betis,,800000.0,Sokratis Papastathopoulos
854721,2023-10-25,23/24,20952,38967,Totton,Bournemouth U21,0.0,,Ben Winterburn
1089802,2023-10-15,23/24,34773,14648,Wimborne,Bournemouth U18,0.0,,Remy Rees-Dottin
1013774,2023-10-01,23/24,11986,3302,UD Almería B,UD Almería,,,Marciano Sanca
20005,2023-09-29,23/24,515,2919,Without Club,Monza,,3000000.0,Papu Gómez
945702,2023-09-20,23/24,12130,60529,Torino U19,Shabab Al-Ahli,0.0,10000.0,Sebas Wade
724783,2023-09-18,23/24,515,24226,Without Club,Wolves U21,,,Tawanda Chirewa
1065256,2023-09-18,23/24,17686,21122,CD Leganés B,CD Móstoles,0.0,,Adrián Rosell
1089802,2023-09-16,23/24,14648,34773,Bournemouth U18,Wimborne,0.0,,Remy Rees-Dottin
942738,2023-09-15,23/24,12373,4645,Partizan U19,Radnicki 1923,0.0,,Milan Aleksic
743553,2023-09-11,23/24,67280,8824,Celtic U18,Sheff Utd U21,0.0,,Evan Easton
494237,2023-09-09,23/24,932,964,Loko Moscow,Zenit S-Pb,0.0,6000000.0,Wilson Isidor
342046,2023-09-08,23/24,515,677,Without Club,Ipswich,,4500000.0,Axel Tuanzebe
343052,2023-09-08,23/24,11,449,Arsenal,Trabzonspor,0.0,18000000.0,Nicolas Pépé
395234,2023-09-07,23/24,1420,449,Angers SCO,Trabzonspor,4400000.0,3000000.0,Batista Mendy
457931,2023-09-07,23/24,150,8023,Real Betis,Al-Ittihad,22000000.0,15000000.0,Luiz Felipe
206225,2023-09-05,23/24,762,3057,Newcastle,Standard Liège,0.0,3500000.0,Isaac Hayden
25557,2023-09-04,23/24,583,368,Paris SG,Sevilla FC,0.0,4500000.0,Sergio Ramos
111051,2023-09-04,23/24,515,826,Without Club,Lens,,2500000.0,Nampalys Mendy
286384,2023-09-04,23/24,985,114,Man Utd,Besiktas,0.0,5000000.0,Eric Bailly
555074,2023-09-04,23/24,12124,28893,Aston Villa U21,P. Niepolomice,0.0,50000.0,Oliwier Zych
857792,2023-09-02,23/24,6918,74248,Chelsea U18,Hashtag Utd,0.0,,Ted Curd
20005,2023-09-01,23/24,368,515,Sevilla FC,Without Club,,3000000.0,Papu Gómez
64399,2023-09-01,23/24,873,940,Crystal Palace,Celta de Vigo,0.0,1000000.0,Vicente Guaita
99353,2023-09-01,23/24,3709,12321,Getafe,Girona,1500000.0,3500000.0,Portu
124419,2023-09-01,23/24,294,703,Benfica,Nott'm Forest,4900000.0,16000000.0,Odysseas Vlachodimos
126719,2023-09-01,23/24,583,294,PSG,Benfica,0.0,10000000.0,Juan Bernat
148262,2023-09-01,23/24,762,1035,Newcastle,Sheff Wed,0.0,1500000.0,Jeff Hendrick
148368,2023-09-01,23/24,5,703,AC Milan,Nottm Forest,0.0,6000000.0,Divock Origi
182712,2023-09-01,23/24,281,131,Man City,Barcelona,0.0,50000000.0,João Cancelo
182904,2023-09-01,23/24,131,405,Barcelona,Aston Villa,0.0,10000000.0,Clément Lenglet
217115,2023-09-01,23/24,29,1148,Everton,Brentford,0.0,10000000.0,Neal Maupay
225020,2023-09-01,23/24,418,368,Real Madrid,Sevilla FC,0.0,2500000.0,Mariano Díaz
239949,2023-09-01,23/24,989,2288,Bournemouth,Swansea,0.0,1500000.0,Jamal Lowe
242631,2023-09-01,23/24,29,931,Everton,Fulham,25700000.0,28000000.0,Alex Iwobi
249513,2023-09-01,23/24,681,3709,Real Sociedad,Getafe,0.0,3000000.0,Diego Rico
271455,2023-09-01,23/24,294,940,Benfica,Celta de Vigo,1500000.0,3000000.0,Mihailo Ristic
280730,2023-09-01,23/24,418,681,Real Madrid,Real Sociedad,3000000.0,5000000.0,Álvaro Odriozola
284884,2023-09-01,23/24,368,3709,Sevilla FC,Getafe,0.0,8000000.0,Óscar Rodríguez
287579,2023-09-01,23/24,430,985,Fiorentina,Man Utd,0.0,30000000.0,Sofyan Amrabat
293194,2023-09-01,23/24,79,610,Stuttgart,Ajax,8000000.0,12000000.0,Borna Sosa
314378,2023-09-01,23/24,1031,6699,Luton,Exeter City,0.0,300000.0,Admiral Muskwe
336077,2023-09-01,23/24,36,985,Fenerbahçe,Man Utd,5000000.0,11000000.0,Altay Bayındır
344069,2023-09-01,23/24,39,533,Mainz,Hoffenheim,12000000.0,15000000.0,Anton Stach
344605,2023-09-01,23/24,1003,368,Leicester,Sevilla FC,0.0,20000000.0,Boubakary Soumaré
346478,2023-09-01,23/24,148,167,Tottenham,FC Augsburg,0.0,7000000.0,Japhet Tanganga
357072,2023-09-01,23/24,2282,826,Club Brugge,Lens,0.0,6000000.0,Faitout Maouassa
375885,2023-09-01,23/24,383,703,PSV,Nott'm Forest,35000000.0,35000000.0,Ibrahim Sangaré
381963,2023-09-01,23/24,1184,1132,Genk,Burnley,0.0,15000000.0,Mike Tresor
392768,2023-09-01,23/24,631,703,Chelsea,Nott'm Forest,3500000.0,15000000.0,Callum Hudson-Odoi
433183,2023-09-01,23/24,281,543,Man City,Wolves,0.0,7000000.0,Tommy Doyle
434990,2023-09-01,23/24,681,1108,Real Sociedad,Alavés,0.0,3000000.0,Álex Sola
447995,2023-09-01,23/24,289,180,Sunderland,Southampton,9300000.0,2800000.0,Ross Stewart
450050,2023-09-01,23/24,667,543,R. Strasbourg,Wolves,15000000.0,10000000.0,Jean-Ricner Bellegarde
461833,2023-09-01,23/24,800,8970,Atalanta BC,Frosinone,0.0,10000000.0,Caleb Okoli
466794,2023-09-01,23/24,131,12321,Barcelona,Girona,0.0,10000000.0,Eric García
470607,2023-09-01,23/24,703,148,Nott'm Forest,Tottenham,55000000.0,38000000.0,Brennan Johnson
478573,2023-09-01,23/24,27,31,Bayern Munich,Liverpool,40000000.0,30000000.0,Ryan Gravenberch
480883,2023-09-01,23/24,1108,1244,Alavés,CD Leganés,0.0,2000000.0,Miguel de la Fuente
481675,2023-09-01,23/24,653,398,OFI Crete,Lazio,1300000.0,1000000.0,Christos Mandas
487969,2023-09-01,23/24,24,583,Frankfurt,PSG,95000000.0,80000000.0,Randal Kolo Muani
497291,2023-09-01,23/24,1025,703,Bologna,Nott'm Forest,6650000.0,17000000.0,Nicolás Domínguez
499604,2023-09-01,23/24,1031,3052,Luton,Sutton Utd,0.0,200000.0,Dion Pereira
503769,2023-09-01,23/24,11,1112,Arsenal,Wrexham,0.0,2000000.0,Arthur Okonkwo
503977,2023-09-01,23/24,281,180,Man City,Southampton,0.0,25000000.0,Taylor Harwood-Bellis
505548,2023-09-01,23/24,1031,358,Luton,Charlton,0.0,250000.0,Louie Watson
545647,2023-09-01,23/24,940,1531,Celta de Vigo,Elche CF,0.0,1500000.0,Sergio Carreira
563137,2023-09-01,23/24,681,2687,Real Sociedad,Cádiz CF,0.0,3000000.0,Robert Navarro
568177,2023-09-01,23/24,281,631,Man City,Chelsea,47000000.0,18000000.0,Cole Palmer
583199,2023-09-01,23/24,281,350,Man City,Sheff Utd,0.0,12000000.0,James McAtee
601883,2023-09-01,23/24,543,281,Wolves,Man City,62000000.0,45000000.0,Matheus Nunes
612517,2023-09-01,23/24,9250,2288,Chelsea U21,Swansea,0.0,3000000.0,Bashir Humphreys
618495,2023-09-01,23/24,9252,1074,Liverpool U21,Tranmere,0.0,,James Norris
648032,2023-09-01,23/24,410,358,Udinese,Charlton,0.0,300000.0,James Abankwah
659331,2023-09-01,23/24,6945,986,Palace U21,Cambridge Utd.,0.0,100000.0,John-Kymani Gordon
665390,2023-09-01,23/24,405,3008,Aston Villa,Hull City,5800000.0,2800000.0,Jaden Philogene
667925,2023-09-01,23/24,12124,1194,Aston Villa U21,Rotherham,0.0,,Sebastian Revan
668276,2023-09-01,23/24,23826,200,Leipzig,Utrecht,0.0,4300000.0,Hugo Novoa
669366,2023-09-01,23/24,29,1003,Everton,Leicester,8800000.0,5000000.0,Tom Cannon
670558,2023-09-01,23/24,24226,899,Wolves U21,Walsall,0.0,,Harvey Griffiths
684210,2023-09-01,23/24,989,399,Bournemouth,Leeds,0.0,9000000.0,Jaidon Anthony
696506,2023-09-01,23/24,3302,10331,UD Almería,FC Porto B,0.0,1200000.0,Gui Guedes
711382,2023-09-01,23/24,681,1108,Real Sociedad,Alavés,0.0,5000000.0,Jon Karrikaburu
717957,2023-09-01,23/24,367,8516,Rayo Vallecano,Osasuna B,,500000.0,Jorge Moreno
724520,2023-09-01,23/24,131,150,Barcelona,Real Betis,7500000.0,15000000.0,Abde Ezzalzouli
742521,2023-09-01,23/24,8172,12321,Atl. Nacional,Girona,6000000.0,700000.0,Jhon Solís
802230,2023-09-01,23/24,92433,3696,Luton U21,Dag & Red FC,0.0,,Aidan Francis-Clarke
811778,2023-09-01,23/24,985,16795,Man Utd,Granada CF,0.0,7000000.0,Álvaro Carreras
874080,2023-09-01,23/24,9250,289,Chelsea U21,Sunderland,0.0,200000.0,Mason Burstow
908798,2023-09-01,23/24,6930,24226,Man City U18,Wolves U21,,,Matthew Whittingham
940858,2023-09-01,23/24,12801,6943,Wolves U18,Newcastle U18,,,Leo Shahar
966671,2023-09-01,23/24,14626,54704,Swansea U18,Brentford B,,,Iwan Morgan
1027993,2023-09-01,23/24,11669,2867,Cádiz B,Recr. Huelva,0.0,300000.0,José Antonio de la Rosa
1031293,2023-09-01,23/24,2999,8824,Hamilton Acad.,Sheff Utd U21,,125000.0,Ryan Oné
1034853,2023-09-01,23/24,10004,2865,Paris FC,Betis Deportivo,0.0,50000.0,Nobel Mendy
1045767,2023-09-01,23/24,15080,897,Rayo B,Dep. La Coruña,200000.0,,Pablo Muñoz
1055220,2023-09-01,23/24,28870,92878,Real Madrid U19,Real Madrid C,,,Fran González
258919,2023-08-31,23/24,985,873,Man Utd,Crystal Palace,17500000.0,18000000.0,Dean Henderson
371814,2023-08-31,23/24,31,371,Liverpool,Celtic,0.0,4000000.0,Nathaniel Phillips
381753,2023-08-31,23/24,86,399,Werder Bremen,Leeds,6500000.0,3000000.0,Ilia Gruev
438001,2023-08-31,23/24,12321,543,Girona,Wolves,12000000.0,8000000.0,Santiago Bueno
502821,2023-08-31,23/24,26,1025,Basel,Bologna,23850000.0,4500000.0,Riccardo Calafiori
505194,2023-08-31,23/24,1003,350,Leicester,Sheff Utd,0.0,12000000.0,Luke Thomas
548470,2023-08-31,23/24,985,1031,Man Utd,Luton,,2000000.0,Teden Mengi
559330,2023-08-31,23/24,9249,404,Arsenal U21,FC Den Bosch,0.0,800000.0,Salah Oulad
560694,2023-08-31,23/24,703,641,Nott'm Forest,Middlesbrough,0.0,8000000.0,Lewis O'Brien
607226,2023-08-31,23/24,273,380,Stade Rennais,Salernitana,3000000.0,1800000.0,Loum Tchaouna
611793,2023-08-31,23/24,989,164,Bournemouth,Blackburn,0.0,1000000.0,James Hill
614811,2023-08-31,23/24,762,1042,Newcastle,Crewe Alexandra,0.0,250000.0,Joe White
632913,2023-08-31,23/24,8494,13240,RCD Mallorca B ,Sestao River ,0.0,25000.0,Pere García
710484,2023-08-31,23/24,7078,3679,Valladolid Prom,Atl. Madrileño,0.0,150000.0,Mario Maroto
711394,2023-08-31,23/24,621,13222,Athletic,CD Mirandés,0.0,300000.0,Javi Martón
801472,2023-08-31,23/24,9250,1072,Chelsea U21,Peterborough,0.0,,Zak Sturge
821522,2023-08-31,23/24,24226,1098,Wolves U21,Stockport,0.0,50000.0,Alfie Pond
848509,2023-08-31,23/24,172,276,R Charleroi SC,Hellas Verona,0.0,2000000.0,Jackson Tchatchoua
864121,2023-08-31,23/24,336,1003,Sporting,Leicester,0.0,4000000.0,Abdul Fatawu
1005649,2023-08-31,23/24,199,703,Corinthians,Nott'm Forest,12000000.0,3500000.0,Murillo
1060740,2023-08-31,23/24,9875,543,Libertad,Wolves,6000000.0,1900000.0,Enso González
334222,2023-08-30,23/24,1531,16795,Elche CF,Granada CF,8740000.0,10000000.0,Lucas Boyé
483348,2023-08-30,23/24,148,399,Tottenham,Leeds,0.0,10000000.0,Djed Spence
564529,2023-08-30,23/24,1003,1025,Leicester,Bologna,0.0,12000000.0,Victor Kristiansen
729814,2023-08-30,23/24,347,610,FC Metz,Ajax,16000000.0,10000000.0,Georges Mikautadze
225122,2023-08-29,23/24,543,294,Wolves,Benfica,0.0,23000000.0,Gonçalo Guedes
262226,2023-08-29,23/24,1003,931,Leicester,Fulham,13000000.0,25000000.0,Timothy Castagne
377219,2023-08-29,23/24,366,1049,Real Valladolid,Valencia,0.0,3000000.0,Selim Amallah
481084,2023-08-29,23/24,1049,366,Valencia,Real Valladolid,1800000.0,2500000.0,Marcos André
595809,2023-08-29,23/24,410,29,Udinese,Everton,25000000.0,25000000.0,Beto
703626,2023-08-29,23/24,39336,3371,Brighton U21,Cheltenham,0.0,150000.0,Cameron Peupion
880245,2023-08-29,23/24,336,1465,Sporting,Estoril,0.0,1500000.0,Mateus Fernandes
882772,2023-08-29,23/24,11669,21322,Cádiz B,Sanluqueño,0.0,600000.0,Álvaro Bastida
973085,2023-08-29,23/24,1082,1237,Lille,Brighton,27000000.0,5000000.0,Carlos Baleba
27493,2023-08-28,23/24,2448,237,Sporting Gijón,RCD Mallorca,0.0,100000.0,Iván Cuéllar
765467,2023-08-28,23/24,17596,2502,Utrecht U21,Castellón,0.0,125000.0,Jozhua Vertrouwd
805714,2023-08-28,23/24,10949,26,Sporting B,Basel,4600000.0,1000000.0,Renato Veiga
533662,2023-08-27,23/24,405,350,Aston Villa,Sheff Utd,21550000.0,12000000.0,Cameron Archer
543499,2023-08-27,23/24,610,379,Ajax,West Ham,43000000.0,40000000.0,Mohammed Kudus
40433,2023-08-26,23/24,244,46,Marseille,Inter,0.0,4000000.0,Alexis Sánchez
298583,2023-08-26,23/24,1049,995,Valencia,FC Nantes,0.0,3500000.0,Eray Cömert
465555,2023-08-26,23/24,626,631,New England,Chelsea,16000000.0,6000000.0,Djordje Petrovic
527966,2023-08-26,23/24,5358,367,SD Huesca,Rayo Vallecano,500000.0,1500000.0,Andrei Rațiu
954105,2023-08-26,23/24,52928,6933,West Brom Yth.,Aston Villa U18,,,Jamaldeen Jimoh-Aloba
395122,2023-08-25,23/24,4941,2497,León,Real Oviedo,0.0,4000000.0,Santiago Colombatto
468539,2023-08-25,23/24,119,27,M. Tel Aviv,Bayern Munich,5000000.0,4000000.0,Daniel Peretz
587018,2023-08-25,23/24,11310,9249,Slough,Arsenal U21,0.0,,Hubert Graczyk
607780,2023-08-25,23/24,367,11972,Rayo Vallecano,Villarreal CF B,0.0,600000.0,Miguel Ángel Morro
743600,2023-08-25,23/24,631,703,Chelsea,Nott'm Forest,0.0,15000000.0,Andrey Santos
176553,2023-08-24,23/24,281,18544,Man City,Al-Nassr,27500000.0,25000000.0,Aymeric Laporte
369962,2023-08-24,23/24,2288,399,Swansea,Leeds,14000000.0,10000000.0,Joël Piroe
486049,2023-08-24,23/24,273,281,Stade Rennais,Man City,60000000.0,28000000.0,Jérémy Doku
504855,2023-08-24,23/24,1031,349,Luton,Barnsley FC,0.0,200000.0,John McAtee
507700,2023-08-24,23/24,985,677,Man Utd,Ipswich,0.0,7000000.0,Brandon Williams
696346,2023-08-24,23/24,931,337,Fulham,Birmingham,0.0,1200000.0,Jay Stansfield
706822,2023-08-24,23/24,9254,6945,Tottenham U21,Palace U21,0.0,,Roshaun Mathurin
707359,2023-08-24,23/24,28014,41405,UD Poblense,Unión Collado,0.0,,Etienne Eto'o
816124,2023-08-24,23/24,583,1038,Paris SG,Sampdoria,0.0,,Noha Lemina
898352,2023-08-24,23/24,2619,209,Defensor SC,River Plate,3400000.0,4000000.0,Sebastián Boselli
471474,2023-08-23,23/24,331,5358,CA Osasuna,SD Huesca,0.0,1000000.0,Javi Martínez
527350,2023-08-23,23/24,12321,142,Girona,Real Zaragoza,0.0,2400000.0,Manu Vallejo
614603,2023-08-23,23/24,543,358,Wolves,Charlton,0.0,1000000.0,Chem Campbell
636119,2023-08-23,23/24,630,6182,Racing,Valencia B,,300000.0,Marco Camus
1045123,2023-08-23,23/24,14389,6922,Leicester U18,Liverpool U18,,,Trey Nyoni
1108049,2023-08-23,23/24,52975,6922,West Ham Yth.,Liverpool U18,,,Amara Nallo
396894,2023-08-22,23/24,449,2687,Trabzonspor,Cádiz CF,0.0,7000000.0,Maxi Gómez
415912,2023-08-22,23/24,79,379,Stuttgart,West Ham,20000000.0,15000000.0,Konstantinos Mavropanos
646658,2023-08-22,23/24,12124,1132,Aston Villa U21,Burnley,16450000.0,5000000.0,Aaron Ramsey
670858,2023-08-22,23/24,631,762,Chelsea,Newcastle,0.0,10000000.0,Lewis Hall
506189,2023-08-21,23/24,379,180,West Ham,Southampton,0.0,9000000.0,Flynn Downes
667287,2023-08-21,23/24,1237,990,Brighton,Coventry,0.0,6000000.0,Yasin Ayari
747009,2023-08-21,23/24,2802,6945,Airdrieonians,Palace U21,,125000.0,Justin Devenny
1071819,2023-08-21,23/24,6943,6918,Newcastle U18,Chelsea U18,600000.0,,Ollie Harrison
73517,2023-08-20,23/24,23826,368,Leipzig,Sevilla FC,0.0,600000.0,Ørjan Nyland
251845,2023-08-20,23/24,1148,1049,Brentford,Valencia,250000.0,9000000.0,Sergi Canós
332705,2023-08-20,23/24,399,989,Leeds,Bournemouth,26900000.0,18000000.0,Tyler Adams
388125,2023-08-20,23/24,130,366,Parma,Real Valladolid,0.0,1000000.0,Stanko Juric
432914,2023-08-20,23/24,221,366,Santos,Real Valladolid,0.0,1000000.0,John Victor
533568,2023-08-20,23/24,3938,1108,CA Talleres,Alavés,1000000.0,3000000.0,Nahuel Tenaglia
126737,2023-08-19,23/24,150,31008,Real Betis,Al-Riyadh,0.0,12000000.0,Juanmi
246204,2023-08-19,23/24,367,714,Rayo Vallecano,Espanyol,700000.0,1500000.0,Salvi Sánchez
432914,2023-08-19,23/24,6600,221,Internacional,Santos,0.0,1000000.0,John Victor
555143,2023-08-19,23/24,121,681,Dynamo Moscow,Real Sociedad,13000000.0,15000000.0,Arsen Zakharyan
854721,2023-08-19,23/24,38967,20952,Bournemouth U21,Totton,0.0,,Ben Winterburn
146310,2023-08-18,23/24,79,31,Stuttgart,Liverpool,20000000.0,6500000.0,Wataru Endo
397676,2023-08-18,23/24,3368,367,Levante,Rayo Vallecano,1300000.0,2000000.0,Dani Cárdenas
537763,2023-08-18,23/24,92878,8510,Real Madrid C,Getafe CF B,0.0,,Jordi Martín
567597,2023-08-18,23/24,39336,43,Brighton U21,Heart of Midl.,0.0,200000.0,Odeluga Offiah
603940,2023-08-18,23/24,6767,472,RM Castilla,UD Las Palmas,0.0,600000.0,Marvin Park
628451,2023-08-18,23/24,180,631,Southampton,Chelsea,62100000.0,32000000.0,Roméo Lavia
645686,2023-08-18,23/24,12124,2455,Aston Villa U21,Bristol Rovers,0.0,450000.0,Lamare Bogarde
705813,2023-08-18,23/24,714,13222,Espanyol,CD Mirandés,0.0,700000.0,Rubén Sánchez
33027,2023-08-17,23/24,1123,1031,Norwich,Luton,,600000.0,Tim Krul
433818,2023-08-17,23/24,1132,3008,Burnley,Hull City,0.0,2800000.0,Scott Twine
455181,2023-08-17,23/24,3368,367,Levante,Rayo Vallecano,8000000.0,8000000.0,Jorge de Frutos
505674,2023-08-17,23/24,13,367,Atlético,Rayo Vallecano,5000000.0,10000000.0,Sergio Camello
1062525,2023-08-17,23/24,50186,20921,SD Eibar B,Navalcarnero,0.0,,Álex Serradell
15799,2023-08-16,23/24,656,2497,Al-Sadd,Real Oviedo,0.0,500000.0,Santi Cazorla
314210,2023-08-16,23/24,29,350,Everton,Sheff Utd,0.0,9000000.0,Tom Davies
462070,2023-08-16,23/24,209,2403,River Plate,Wanderers,0.0,550000.0,Nicolás Fonseca
610238,2023-08-16,23/24,8519,6912,Sevilla Atl.,Vizela,0.0,200000.0,Pedro Ortiz
658269,2023-08-16,23/24,16795,366,Granada CF,Real Valladolid,0.0,1200000.0,Víctor Meseguer
707230,2023-08-16,23/24,1082,1164,Lille,Le Mans FC,0.0,250000.0,Ugo Raghouber
225593,2023-08-15,23/24,1531,714,Elche CF,Espanyol,3000000.0,3000000.0,Pere Milla
262749,2023-08-15,23/24,1148,11,Brentford,Arsenal,0.0,30000000.0,David Raya
462070,2023-08-15,23/24,2403,209,Wanderers,River Plate,2070000.0,550000.0,Nicolás Fonseca
581675,2023-08-15,23/24,9250,2455,Chelsea U21,Bristol Rovers,0.0,2000000.0,Harvey Vale
614700,2023-08-15,23/24,1132,2578,Burnley,St. Johnstone,0.0,300000.0,Dara Costelloe
711544,2023-08-15,23/24,6945,1041,Palace U21,Lyon,1000000.0,700000.0,Jake O'Brien
805714,2023-08-15,23/24,167,10949,Augsburg,Sporting B,0.0,1000000.0,Renato Veiga
1011140,2023-08-15,23/24,50678,5242,Man City Youth,Man Utd U18,728000.0,,Jack Fletcher
181579,2023-08-14,23/24,180,379,Southampton,West Ham,34800000.0,38000000.0,James Ward-Prowse
192279,2023-08-14,23/24,631,418,Chelsea,Real Madrid,0.0,18000000.0,Kepa Arrizabalaga
365108,2023-08-14,23/24,26,1025,Basel,Bologna,16450000.0,3500000.0,Dan Ndoye
628366,2023-08-14,23/24,209,430,River Plate,Fiorentina,19700000.0,12000000.0,Lucas Beltrán
687626,2023-08-14,23/24,1237,631,Brighton,Chelsea,116000000.0,75000000.0,Moisés Caicedo
93936,2023-08-13,23/24,331,1108,CA Osasuna,Alavés,0.0,1800000.0,Kike García
204103,2023-08-12,23/24,543,931,Wolves,Fulham,0.0,10000000.0,Adama Traoré
322985,2023-08-12,23/24,990,350,Coventry,Sheff Utd,17300000.0,8000000.0,Gustavo Hamer
628886,2023-08-12,23/24,368,3368,Sevilla FC,Levante,100000.0,800000.0,Iván Romero
668179,2023-08-12,23/24,8519,3368,Sevilla Atl.,Levante,0.0,400000.0,Carlos Álvarez
743498,2023-08-12,23/24,1095,1132,Troyes,Burnley,12000000.0,6000000.0,Wilson Odobert
960571,2023-08-12,23/24,76,23184,Vålerenga,KFUM Oslo,0.0,250000.0,Jones El-Abdellaoui
142021,2023-08-11,23/24,714,237,Espanyol,RCD Mallorca,8000000.0,16000000.0,Sergi Darder
289255,2023-08-11,23/24,681,1108,Real Sociedad,Alavés,1500000.0,9000000.0,Andoni Gorosabel
466801,2023-08-11,23/24,3709,150,Getafe,Real Betis,2000000.0,300000.0,Sergi Altimira
520651,2023-08-11,23/24,1237,1181,Brighton,Blackpool,0.0,450000.0,Jensen Weir
617060,2023-08-11,23/24,10718,472,FC Andorra,UD Las Palmas,1900000.0,1200000.0,Mika Mármol
913214,2023-08-11,23/24,26621,39336,RB Leipzig U19,Brighton U21,0.0,,Noel Atom
953901,2023-08-11,23/24,13,142,Atlético,Real Zaragoza,0.0,500000.0,Santiago Mouriño
258987,2023-08-10,23/24,371,940,Celtic,Celta de Vigo,5000000.0,6500000.0,Carl Starfelt
297212,2023-08-10,23/24,148,399,Tottenham,Leeds,0.0,7000000.0,Joe Rodon
343273,2023-08-10,23/24,367,366,Rayo Vallecano,Real Valladolid,0.0,2000000.0,Joni Montiel
442805,2023-08-10,23/24,237,3302,RCD Mallorca,UD Almería,0.0,3000000.0,Iddrisu Baba
468066,2023-08-10,23/24,1421,6195,Stade Reims,Napoli,11500000.0,6000000.0,Jens Cajuste
469958,2023-08-10,23/24,512,1031,Stoke City,Luton,2900000.0,6000000.0,Jacob Brown
631002,2023-08-10,23/24,150,331,Real Betis,CA Osasuna,7000000.0,4000000.0,Raúl García
655986,2023-08-10,23/24,9261,3455,Everton U21,Forest Green,0.0,500000.0,Reece Welch
656316,2023-08-10,23/24,631,1245,Chelsea,KAS Eupen,0.0,9000000.0,Gabriel Slonina
657430,2023-08-10,23/24,3302,237,UD Almería,RCD Mallorca,3000000.0,5000000.0,Samú Costa
668183,2023-08-10,23/24,621,1269,Athletic Club,PEC Zwolle,0.0,1500000.0,Nico Serrano
855256,2023-08-10,23/24,698,989,Bristol City,Bournemouth,23000000.0,20000000.0,Alex Scott
131978,2023-08-09,23/24,417,1031,Nice,Luton,0.0,6000000.0,Ross Barkley
333014,2023-08-09,23/24,350,1132,Sheff Utd,Burnley,13900000.0,20000000.0,Sander Berge
537762,2023-08-09,23/24,6767,3302,RM Castilla,UD Almería,6000000.0,5000000.0,Sergio Arribas
844637,2023-08-09,23/24,3368,3302,Levante,UD Almería,7750000.0,1000000.0,Marc Pubill
503981,2023-08-08,23/24,180,762,Southampton,Newcastle,37200000.0,25000000.0,Tino Livramento
540664,2023-08-08,23/24,40,667,G. Bordeaux,R. Strasbourg,10000000.0,4000000.0,Dilane Bakwa
548188,2023-08-08,23/24,13,142,Atlético,Real Zaragoza,0.0,1500000.0,Germán Valera
557459,2023-08-08,23/24,82,148,Wolfsburg,Tottenham,40000000.0,30000000.0,Micky van de Ven
667121,2023-08-08,23/24,1075,1465,Braga,Estoril,0.0,3000000.0,Rodrigo Gomes
944124,2023-08-08,23/24,47421,21550,CF Talavera,Recre Granada,0.0,150000.0,Lass Sangaré
257388,2023-08-07,23/24,720,16795,FC Porto,Granada CF,0.0,2000000.0,Wilson Manafá
336367,2023-08-07,23/24,641,180,Middlesbrough,Southampton,0.0,800000.0,Joe Lumley
532541,2023-08-07,23/24,543,2262,Wolves,Plymouth,0.0,3000000.0,Luke Cundle
607034,2023-08-07,23/24,353,969,Lillestrøm SK,Montpellier,4500000.0,4000000.0,Akor Adams
617059,2023-08-07,23/24,3368,16575,Levante,SD Amorebieta,0.0,150000.0,Pablo Campos
735568,2023-08-07,23/24,8793,6195,RB Bragantino,Napoli,9500000.0,5500000.0,Natan
1007720,2023-08-07,23/24,60852,1032,LAFC Academy,Reading,0.0,,Tyler Bindon
236953,2023-08-05,23/24,1123,399,Norwich,Leeds,0.0,1000000.0,Sam Byram
403151,2023-08-05,23/24,1237,631,Brighton,Chelsea,23000000.0,22000000.0,Robert Sánchez
475959,2023-08-05,23/24,23826,281,Leipzig,Man City,90000000.0,75000000.0,Josko Gvardiol
610083,2023-08-05,23/24,621,1533,Athletic Club,SD Eibar,0.0,9000000.0,Unai Vencedor
649033,2023-08-05,23/24,1421,3302,Stade Reims,UD Almería,6500000.0,4000000.0,Dion Lopy
859951,2023-08-05,23/24,164,148,Blackburn,Tottenham,2300000.0,2000000.0,Ashley Phillips
944551,2023-08-05,23/24,1031,1060,Luton,Colchester Utd.,0.0,250000.0,Joe Taylor
949116,2023-08-05,23/24,17686,13702,CD Leganés B,R. Majadahonda,0.0,50000.0,Ro Abajas
212723,2023-08-04,23/24,24,368,Frankfurt,Sevilla FC,10000000.0,22000000.0,Djibril Sow
356141,2023-08-04,23/24,24,398,Frankfurt,Lazio,0.0,27000000.0,Daichi Kamada
386047,2023-08-04,23/24,162,631,Monaco,Chelsea,45000000.0,30000000.0,Axel Disasi
398163,2023-08-04,23/24,12,16795,Roma,Granada CF,1800000.0,2800000.0,Gonzalo Villar
559130,2023-08-04,23/24,9253,2288,Newcastle U21,Swansea,0.0,1000000.0,Harrison Ashby
618813,2023-08-04,23/24,13,13222,Atlético,CD Mirandés,0.0,500000.0,Carlos Martín
929899,2023-08-04,23/24,13702,2867,R. Majadahonda,Recr. Huelva,0.0,50000.0,Rahim Alhassane
948253,2023-08-04,23/24,39822,76291,Real Madrid U18,Alavés C,0.0,,Rubén Montero
1011738,2023-08-04,23/24,51466,5242,Watford Yth.,Man Utd U18,,,Harry Amass
77757,2023-08-03,23/24,164,1031,Blackburn,Luton,2900000.0,2200000.0,Thomas Kaminski
343463,2023-08-03,23/24,366,237,Real Valladolid,RCD Mallorca,7500000.0,8000000.0,Cyle Larin
363057,2023-08-03,23/24,2448,40,Sporting Gijón,G. Bordeaux,2200000.0,2500000.0,Pedro Díaz
505673,2023-08-03,23/24,13,142,Atlético,Real Zaragoza,0.0,3000000.0,Víctor Mollejo
742770,2023-08-03,23/24,11204,10004,Stade Reims B,Paris FC,0.0,400000.0,Mohamed Touré
945760,2023-08-03,23/24,31506,11986,Atl. Madrid U19,UD Almería B,0.0,,Carlos Ballestero
198008,2023-08-02,23/24,23826,681,Leipzig,Real Sociedad,0.0,15000000.0,André Silva
238266,2023-08-02,23/24,180,1041,Southampton,Lyon,0.0,11000000.0,Duje Caleta-Car
491616,2023-08-02,23/24,1095,683,Troyes,Olympiacos,0.0,3000000.0,Jackson Porozo
535927,2023-08-02,23/24,1132,512,Burnley,Stoke City,0.0,2200000.0,Luke McNally
547039,2023-08-02,23/24,603,601,Cardiff,KV Kortrijk,0.0,800000.0,Isaak Davies
469669,2023-08-01,23/24,618,1244,Saint-Étienne,CD Leganés,0.0,1000000.0,Yvan Neyou
505046,2023-08-01,23/24,54704,7454,Brentford B,Welling Utd.,0.0,,Ben Winterbottom
506470,2023-08-01,23/24,703,603,Nott'm Forest,Cardiff,0.0,1800000.0,Josh Bowler
549027,2023-08-01,23/24,10330,2424,Benfica B,Gil Vicente,0.0,1300000.0,Martim Neto
580809,2023-08-01,23/24,39336,1150,Brighton U21,Leyton Orient,0.0,350000.0,Ed Turns
605528,2023-08-01,23/24,3705,21550,Algeciras CF,Recre Granada,0.0,100000.0,Pol Tristán
620164,2023-08-01,23/24,1050,2448,Villarreal,Sporting Gijón,0.0,1500000.0,Haissem Hassan
623570,2023-08-01,23/24,350,244,Sheff Utd,Marseille,17000000.0,18000000.0,Iliman Ndiaye
661145,2023-08-01,23/24,12405,9899,Real Unión,Real Sociedad B,,300000.0,Jon Aramburu
711999,2023-08-01,23/24,273,631,Stade Rennais,Chelsea,27000000.0,9000000.0,Lesley Ugochukwu
935300,2023-08-01,23/24,6767,17686,RM Castilla,CD Leganés B,0.0,25000.0,Piri
1008553,2023-08-01,23/24,1196,9824,Dallas Academy,Blue Devils,0.0,,Julian Eyestone
1049905,2023-08-01,23/24,67280,6933,Celtic U18,Aston Villa U18,350000.0,,Aidan Borland
1164331,2023-08-01,23/24,102715,11245,Alcobendas U19,UD Sanse,0.0,,Ismael Bekhoucha
286779,2023-07-31,23/24,3631,2687,América,Cádiz CF,0.0,1200000.0,Jorge Meré
340328,2023-07-31,23/24,969,1003,Montpellier,Leicester,7500000.0,6000000.0,Stephy Mavididi
470596,2023-07-31,23/24,1148,355,Brentford,Bolton,0.0,350000.0,Paris Maghoma
646353,2023-07-31,23/24,1237,2288,Brighton,Swansea,0.0,900000.0,Carl Rushworth
821820,2023-07-31,23/24,4030,21550,Calahorra,Recre Granada,0.0,50000.0,Pablo Sáenz
199321,2023-07-30,23/24,940,244,Celta de Vigo,Marseille,1500000.0,4000000.0,Rubén Blanco
223725,2023-07-30,23/24,3709,472,Getafe,UD Las Palmas,0.0,3500000.0,Munir El Haddadi
466783,2023-07-30,23/24,2464,583,Barça Atlètic,PSG,0.0,5000000.0,Arnau Tenas
500067,2023-07-30,23/24,2410,1096,CSKA Moscow,Royal Antwerp,0.0,5500000.0,Chidera Ejuke
99397,2023-07-29,23/24,762,399,Newcastle,Leeds,400000.0,1000000.0,Karl Darlow
466805,2023-07-29,23/24,131,720,Barcelona,Porto,21200000.0,10000000.0,Nico González
693066,2023-07-29,23/24,9267,3537,West Ham U21,Crawley Town,0.0,150000.0,Kamarai Swyer
854930,2023-07-29,23/24,6697,39336,Preston U19,Brighton U21,,,Jacob Slater
127108,2023-07-28,23/24,1108,367,Alavés,Rayo Vallecano,2500000.0,4000000.0,Florian Lejeune
305274,2023-07-28,23/24,1031,1194,Luton,Rotherham,0.0,500000.0,Fred Onyedinma
461883,2023-07-28,23/24,610,931,Ajax,Fulham,22500000.0,15000000.0,Calvin Bassey
504581,2023-07-28,23/24,543,1031,Wolves,Luton,5850000.0,9000000.0,Ryan Giles
662261,2023-07-28,23/24,418,1108,Real Madrid,Alavés,0.0,500000.0,Rafa Marín
698164,2023-07-28,23/24,9267,2805,West Ham U21,Wycombe,0.0,250000.0,Freddie Potts
967346,2023-07-28,23/24,750,289,FC Sochaux,Sunderland,800000.0,300000.0,Eliezer Mayenda
61651,2023-07-27,23/24,31,7732,Liverpool,Al-Ettifaq,14000000.0,10000000.0,Jordan Henderson
268670,2023-07-27,23/24,1531,16795,Elche CF,Granada CF,0.0,3500000.0,Gerard Gumbau
293281,2023-07-27,23/24,533,1132,Hoffenheim,Burnley,0.0,3000000.0,Jacob Bruun Larsen
303657,2023-07-27,23/24,46,989,Inter,Bournemouth,0.0,3500000.0,Ionuț Radu
357658,2023-07-27,23/24,989,512,Bournemouth,Stoke City,0.0,2000000.0,Mark Travers
401922,2023-07-27,23/24,1050,5,Villarreal,AC Milan,21100000.0,25000000.0,Samuel Chukwueze
484389,2023-07-27,23/24,762,1071,Newcastle,Wigan,0.0,300000.0,Kell Watts
689637,2023-07-27,23/24,131,150,Barcelona,Real Betis,0.0,500000.0,Chadi Riad
727089,2023-07-27,23/24,58,3948,RSC Anderlecht,Union SG,900000.0,2000000.0,Noah Sadiki
85288,2023-07-26,23/24,515,150,Without Club,Real Betis,,5000000.0,Isco
262939,2023-07-26,23/24,1050,331,Villarreal,CA Osasuna,0.0,3000000.0,Johan Mojica
380350,2023-07-26,23/24,430,1237,Fiorentina,Brighton,16500000.0,10000000.0,Igor Julio
634105,2023-07-26,23/24,6182,1049,Valencia B,Valencia,,800000.0,Alberto Marí
652979,2023-07-26,23/24,9261,2262,Everton U21,Plymouth,0.0,500000.0,Lewis Warrington
844516,2023-07-26,23/24,189,58,Boca Juniors,RSC Anderlecht,4500000.0,2000000.0,Luis Vázquez
945767,2023-07-26,23/24,16736,17686,Las Rozas CF,CD Leganés B,0.0,,Hugo Solozábal
1158757,2023-07-26,23/24,28866,8510,Getafe U19,Getafe CF B,,,Alejandro Herranz
206040,2023-07-25,23/24,543,931,Wolves,Fulham,6400000.0,6000000.0,Raúl Jiménez
238407,2023-07-25,23/24,23826,1050,Leipzig,Villarreal,10000000.0,12000000.0,Alexander Sørloth
495621,2023-07-25,23/24,418,1108,Real Madrid,Alavés,4000000.0,5000000.0,Antonio Blanco
568005,2023-07-25,23/24,1237,984,Brighton,West Brom,0.0,5000000.0,Jeremy Sarmiento
583189,2023-07-25,23/24,985,703,Man Utd,Nott'm Forest,22930000.0,18000000.0,Anthony Elanga
741236,2023-07-25,23/24,1148,2455,Brentford,Bristol Rovers,0.0,500000.0,Matthew Cox
741257,2023-07-25,23/24,28870,10958,Real Madrid U19,Milan U19,0.0,100000.0,Álex Jiménez
927768,2023-07-25,23/24,221,2687,Santos,Cádiz CF,0.0,1500000.0,Lucas Pires
1158985,2023-07-25,23/24,15115,31506,Estudiantes U20,Atl. Madrid U19,0.0,,Gerónimo Spina
99922,2023-07-24,23/24,449,150,Trabzonspor,Real Betis,0.0,3700000.0,Marc Bartra
144128,2023-07-24,23/24,3277,6646,U. Católica,Karagümrük,0.0,800000.0,Matías Dituro
284430,2023-07-24,23/24,7077,472,FC Cartagena,UD Las Palmas,400000.0,1000000.0,Aarón Escandell
410225,2023-07-24,23/24,1010,244,Watford,Marseille,13000000.0,20000000.0,Ismaïla Sarr
719720,2023-07-24,23/24,12331,13241,Sporting Atlco.,UD Ibiza,0.0,50000.0,David Argüelles
763079,2023-07-24,23/24,27204,826,Energetik-BGU,Lens,450000.0,400000.0,Abdukodir Khusanov
892932,2023-07-24,23/24,5650,8733,Pontevedra CF,Celta Fortuna,0.0,300000.0,Miguel Román
127048,2023-07-23,23/24,5432,141,Al-Nasr,Galatasaray,700000.0,5000000.0,Cédric Bakambu
355861,2023-07-23,23/24,1050,29,Villarreal,Everton,0.0,25000000.0,Arnaut Danjuma
398065,2023-07-23,23/24,1003,762,Leicester,Newcastle,44000000.0,35000000.0,Harvey Barnes
236490,2023-07-22,23/24,416,703,Torino,Nott'm Forest,0.0,3500000.0,Ola Aina
341278,2023-07-22,23/24,1050,12321,Villarreal,Girona,2000000.0,3000000.0,Iván Martín
346890,2023-07-22,23/24,409,5,Salzburg,AC Milan,15500000.0,20000000.0,Noah Okafor
702662,2023-07-22,23/24,3679,7078,Atl. Madrileño,Valladolid Prom,0.0,50000.0,Adrián Verde
129078,2023-07-21,23/24,114,1132,Besiktas,Burnley,0.0,10000000.0,Nathan Redmond
226261,2023-07-21,23/24,3302,366,UD Almería,Real Valladolid,0.0,1200000.0,César de la Hoz
522784,2023-07-21,23/24,40058,398,New York City,Lazio,18600000.0,15000000.0,Taty Castellanos
587018,2023-07-21,23/24,9249,11310,Arsenal U21,Slough,0.0,,Hubert Graczyk
636686,2023-07-21,23/24,2464,7078,Barça Atlètic,Valladolid Prom,0.0,50000.0,Arnau Rafús
649452,2023-07-21,23/24,281,1031,Man City,Luton,0.0,7000000.0,Issa Kaboré
652331,2023-07-21,23/24,6767,8733,RM Castilla,Celta Fortuna,0.0,200000.0,Javi Rueda
742201,2023-07-21,23/24,13,1108,Atlético,Alavés,0.0,2500000.0,Giuliano Simeone
171679,2023-07-20,23/24,13,543,Atlético,Wolves,0.0,5000000.0,Matt Doherty
324882,2023-07-20,23/24,405,1031,Aston Villa,Luton,2900000.0,4000000.0,Marvelous Nakamba
541621,2023-07-20,23/24,10718,2464,FC Andorra,Barça Atlètic,0.0,100000.0,Marc Vidal
566799,2023-07-20,23/24,281,1132,Man City,Burnley,17300000.0,15000000.0,James Trafford
586736,2023-07-20,23/24,4542,8733,CyD Leonesa,Celta Fortuna,0.0,200000.0,Joel López
623524,2023-07-20,23/24,6767,940,RM Castilla,Celta de Vigo,3000000.0,700000.0,Carlos Dotor
636697,2023-07-20,23/24,3302,7077,UD Almería,FC Cartagena,0.0,250000.0,Arnau Solà
711625,2023-07-20,23/24,368,3709,Sevilla FC,Getafe,0.0,4000000.0,José Ángel Carmona
730861,2023-07-20,23/24,1090,989,AZ Alkmaar,Bournemouth,20470000.0,15000000.0,Milos Kerkez
741238,2023-07-20,23/24,631,677,Chelsea,Ipswich,0.0,1000000.0,Omari Hutchinson
908621,2023-07-20,23/24,13702,8510,R. Majadahonda,Getafe CF B,0.0,50000.0,Nabil Aberdin
66100,2023-07-19,23/24,12321,131,Girona,Barcelona,3400000.0,5000000.0,Oriol Romeu
392771,2023-07-19,23/24,631,399,Chelsea,Leeds,8100000.0,9000000.0,Ethan Ampadu
460939,2023-07-19,23/24,1090,5,AZ Alkmaar,AC Milan,24800000.0,14000000.0,Tijjani Reijnders
548729,2023-07-19,23/24,26,1132,Basel,Burnley,18600000.0,10000000.0,Zeki Amdouni
566931,2023-07-19,23/24,583,23826,PSG,Leipzig,0.0,40000000.0,Xavi Simons
567504,2023-07-19,23/24,101419,2865,CF Estrela U23,Betis Deportivo,0.0,200000.0,Guilherme Fernandes
696764,2023-07-19,23/24,1123,1020,Norwich,Portsmouth,0.0,,Abu Kamara
705395,2023-07-19,23/24,16196,2464,UE Cornellà,Barça Atlètic,100000.0,200000.0,Gerard Martín
725912,2023-07-19,23/24,62,1496,Slavia Praha,Pardubice,0.0,300000.0,Antonín Kinský
935232,2023-07-19,23/24,92878,8384,Real Madrid C,Dep. Aragón,0.0,,Aitor Mañas
996897,2023-07-19,23/24,9875,69261,Libertad,Miami,2700000.0,3000000.0,Diego Gómez
1041934,2023-07-19,23/24,6767,21322,RM Castilla,Sanluqueño,0.0,,Jeremy Jorge
42412,2023-07-18,23/24,1003,985,Leicester,Man Utd,0.0,2000000.0,Jonny Evans
191217,2023-07-18,23/24,336,150,Sporting,Real Betis,0.0,8000000.0,Héctor Bellerín
400536,2023-07-18,23/24,206,1003,Bröndby IF,Leicester,9040000.0,3500000.0,Mads Hermansen
566931,2023-07-18,23/24,383,583,PSV,PSG,4000000.0,40000000.0,Xavi Simons
579295,2023-07-18,23/24,2294,1053,Landskrona,Aalborg BK,,300000.0,Melker Widell
605426,2023-07-18,23/24,496,75203,Malmö,Ariana FC,0.0,100000.0,Melker Ellborg
720038,2023-07-18,23/24,131,12321,Barcelona,Girona,0.0,3000000.0,Pablo Torre
745846,2023-07-18,23/24,9249,1060,Arsenal U21,Colchester Utd.,0.0,,Mauro Bandeira
33873,2023-07-17,23/24,29,1039,Everton,QPR,0.0,800000.0,Asmir Begovic
311044,2023-07-17,23/24,2687,367,Cádiz CF,Rayo Vallecano,0.0,3500000.0,Alfonso Espino
336869,2023-07-17,23/24,399,150,Leeds,Real Betis,0.0,10000000.0,Marc Roca
560417,2023-07-17,23/24,6600,2497,Internacional,Real Oviedo,0.0,3000000.0,Alemão
624942,2023-07-17,23/24,398,366,Lazio,Real Valladolid,0.0,2500000.0,Raúl Moro
833884,2023-07-17,23/24,21550,12319,Recre Granada,Sevilla FC C,0.0,,Rafa Romero
874066,2023-07-17,23/24,350,1211,Sheff Utd,Port Vale,0.0,,Oliver Arblaster
890817,2023-07-17,23/24,3679,8516,Atl. Madrileño,Osasuna B,0.0,50000.0,Dimitrios Stamatakis
560694,2023-07-16,23/24,2440,703,D.C. United,Nott'm Forest,0.0,8000000.0,Lewis O'Brien
251896,2023-07-15,23/24,418,16795,Real Madrid,Granada CF,0.0,2000000.0,Jesús Vallejo
357662,2023-07-15,23/24,379,11,West Ham,Arsenal,116600000.0,90000000.0,Declan Rice
1124005,2023-07-15,23/24,45352,8568,Moralo CP,AD Ceuta ,800.0,,Christantus Uche
344830,2023-07-14,23/24,337,1031,Birmingham,Luton,4700000.0,3200000.0,Tahith Chong
378293,2023-07-14,23/24,281,12321,Man City,Girona,5000000.0,5000000.0,Yangel Herrera
420243,2023-07-14,23/24,610,11,Ajax,Arsenal,40000000.0,42000000.0,Jurriën Timber
626953,2023-07-14,23/24,2464,16575,Barça Atlètic,SD Amorebieta,0.0,400000.0,Álvaro Núñez
640109,2023-07-14,23/24,46,3911,Inter,Stade Brestois,0.0,7000000.0,Martín Satriano
874538,2023-07-14,23/24,1148,6699,Brentford,Exeter City,0.0,100000.0,Ryan Trevitt
14086,2023-07-13,23/24,405,29,Aston Villa,Everton,0.0,600000.0,Ashley Young
325443,2023-07-13,23/24,990,336,Coventry,Sporting,24000000.0,13000000.0,Viktor Gyökeres
420808,2023-07-13,23/24,1003,677,Leicester,Ipswich,1750000.0,800000.0,George Hirst
444641,2023-07-13,23/24,543,1088,Wolves,Rochdale,0.0,200000.0,Louie Moulden
541231,2023-07-13,23/24,31,39,Liverpool,Mainz,0.0,5000000.0,Sepp van den Berg
546712,2023-07-13,23/24,206,350,Bröndby IF,Sheff Utd,2700000.0,2500000.0,Anis Ben Slimane
743591,2023-07-13,23/24,1095,12321,Troyes,Girona,0.0,5000000.0,Savinho
399776,2023-07-12,23/24,1050,405,Villarreal,Aston Villa,33000000.0,45000000.0,Pau Torres
496661,2023-07-12,23/24,1031,3054,Luton,Shrewsbury,0.0,250000.0,Elliot Thorpe
747951,2023-07-12,23/24,9265,180,Man City U21,Southampton,12250000.0,,Shea Charles
895458,2023-07-12,23/24,41452,11615,CD Mirandés B,CD Guijuelo,0.0,,Adrián Pica
900195,2023-07-12,23/24,14807,1023,Palmeiras U20,Palmeiras,,1000000.0,Kevin
262300,2023-07-11,23/24,2288,180,Swansea,Southampton,0.0,2500000.0,Ryan Manning
454576,2023-07-11,23/24,234,2503,Feyenoord,Boavista,1000000.0,1000000.0,Róbert Boženík
620696,2023-07-11,23/24,8494,5202,RCD Mallorca B ,Västerås SK,0.0,150000.0,Ibrahim Diabate
709971,2023-07-11,23/24,2470,7078,Barça U19,Valladolid Prom,0.0,,Xavi Moreno
1061277,2023-07-11,23/24,40422,14789,Betis U19,Betis C,,,Germán García
618805,2023-07-10,23/24,17676,41396,AD Alcorcón B,CD Illescas,0.0,25000.0,Iker Bachiller
731466,2023-07-10,23/24,9250,8981,Chelsea U21,Bromley,0.0,300000.0,Teddy Sharman-Lowe
1064105,2023-07-10,23/24,39452,20844,Granada CF U19,Real Avilés,0.0,,Miguel Ángel Sierra
393323,2023-07-09,23/24,399,89,Leeds,Union Berlin,0.0,25000000.0,Brenden Aaronson
465967,2023-07-09,23/24,681,1108,Real Sociedad,Alavés,1800000.0,2500000.0,Ander Guevara
328480,2023-07-08,23/24,3368,1049,Levante,Valencia,5000000.0,3000000.0,Pepelu
922698,2023-07-08,23/24,6920,9250,Everton U18,Chelsea U21,4700000.0,,Ishé Samuels-Smith
12282,2023-07-07,23/24,27,12321,Bayern Munich,Girona,0.0,3000000.0,Daley Blind
476701,2023-07-07,23/24,336,583,Sporting,PSG,60000000.0,50000000.0,Manuel Ugarte
503743,2023-07-07,23/24,9265,641,Man City U21,Middlesbrough,1200000.0,1800000.0,Morgan Rogers
541555,2023-07-07,23/24,1532,366,Albacete,Real Valladolid,2600000.0,1200000.0,Enzo Boyomo
572265,2023-07-07,23/24,4172,410,Pisa,Udinese,0.0,5000000.0,Lorenzo Lucca
633992,2023-07-07,23/24,1158,273,FC Lorient,Stade Rennais,20000000.0,20000000.0,Enzo Le Fée
57500,2023-07-06,23/24,631,13,Chelsea,Atlético,0.0,5000000.0,César Azpilicueta
111455,2023-07-06,23/24,11,15,Arsenal,Leverkusen,15000000.0,20000000.0,Granit Xhaka
217144,2023-07-06,23/24,1084,1531,Málaga CF,Elche CF,0.0,1200000.0,Aleix Febas
246968,2023-07-06,23/24,1003,150,Leicester,Real Betis,0.0,6000000.0,Ayoze Pérez
401624,2023-07-06,23/24,150,3302,Real Betis,UD Almería,4500000.0,9000000.0,Edgar González
466801,2023-07-06,23/24,11422,3709,CE Sabadell ,Getafe,0.0,300000.0,Sergi Altimira
593412,2023-07-06,23/24,12321,13222,Girona,CD Mirandés,0.0,400000.0,Ilyas Chaira
834737,2023-07-06,23/24,18669,11669,Penya Deportiva,Cádiz B,0.0,25000.0,Adri Miranda
861410,2023-07-06,23/24,36,418,Fenerbahçe,Real Madrid,28000000.0,15000000.0,Arda Güler
82503,2023-07-05,23/24,331,367,CA Osasuna,Rayo Vallecano,0.0,1000000.0,Aridane Hernández
346483,2023-07-05,23/24,631,985,Chelsea,Man Utd,67700000.0,60000000.0,Mason Mount
632741,2023-07-05,23/24,8733,1176,Celta Fortuna,Racing Ferrol,0.0,350000.0,Iker Losada
711394,2023-07-05,23/24,9899,621,Real Sociedad B,Athletic,0.0,300000.0,Javi Martón
1124136,2023-07-05,23/24,70841,13244,SD Huesca B,Utebo FC,0.0,,Ángel Pérez
469050,2023-07-04,23/24,543,1148,Wolves,Brentford,26850000.0,22000000.0,Nathan Collins
711367,2023-07-04,23/24,9899,12181,Real Sociedad B,San Fernando CD,0.0,50000.0,Egoitz Arana
953901,2023-07-04,23/24,14758,13,Racing Club,Atlético,2700000.0,500000.0,Santiago Mouriño
215810,2023-07-03,23/24,1302,543,Northampton,Wolves,0.0,175000.0,Tom King
397033,2023-07-03,23/24,5,762,AC Milan,Newcastle,60800000.0,50000000.0,Sandro Tonali
407021,2023-07-03,23/24,349,1031,Barnsley FC,Luton,3500000.0,2000000.0,Mads Andersen
448628,2023-07-03,23/24,940,13,Celta de Vigo,Atlético,5000000.0,12000000.0,Javi Galán
551001,2023-07-03,23/24,9252,511,Liverpool U21,Dundee FC,0.0,400000.0,Owen Beck
565093,2023-07-03,23/24,58,1237,RSC Anderlecht,Brighton,20000000.0,10000000.0,Bart Verbruggen
618809,2023-07-03,23/24,13,940,Atlético,Celta de Vigo,0.0,10000000.0,Manu Sánchez
709969,2023-07-03,23/24,2464,1050,Barça Atlètic,Villarreal,0.0,3000000.0,Ilias Akhomach
718178,2023-07-03,23/24,11516,11986,Atl. Levante,UD Almería B,0.0,100000.0,Miguel Peña
937941,2023-07-03,23/24,28643,26,SK Beveren,Basel,3000000.0,1300000.0,Thierno Barry
451276,2023-07-02,23/24,23826,31,Leipzig,Liverpool,70000000.0,50000000.0,Dominik Szoboszlai
610849,2023-07-02,23/24,9265,3008,Man City U21,Hull City,0.0,5000000.0,Liam Delap
710679,2023-07-02,23/24,331,10718,CA Osasuna,FC Andorra,0.0,300000.0,Iker Benito
1012534,2023-07-02,23/24,762,234,Newcastle,Feyenoord,0.0,2000000.0,Yankuba Minteh
3333,2023-07-01,23/24,31,1237,Liverpool,Brighton,0.0,1500000.0,James Milner
34322,2023-07-01,23/24,683,515,Olympiacos,Without Club,,1000000.0,Sokratis Papastathopoulos
51471,2023-07-01,23/24,631,281,Chelsea,Man City,29100000.0,38000000.0,Mateo Kovacic
63200,2023-07-01,23/24,1132,1123,Burnley,Norwich,0.0,1000000.0,Ashley Barnes
81999,2023-07-01,23/24,714,418,Espanyol,Real Madrid,0.0,6000000.0,Joselu
99353,2023-07-01,23/24,681,3709,Real Sociedad,Getafe,3500000.0,3500000.0,Portu
108725,2023-07-01,23/24,762,703,Newcastle,Nott'm Forest,17000000.0,8000000.0,Chris Wood
111051,2023-07-01,23/24,1003,515,Leicester,Without Club,,2500000.0,Nampalys Mendy
120095,2023-07-01,23/24,3368,515,Levante,Without Club,,3000000.0,José Campaña
125781,2023-07-01,23/24,131,13,Barcelona,Atlético,22000000.0,25000000.0,Antoine Griezmann
126751,2023-07-01,23/24,237,621,RCD Mallorca,Athletic Club,0.0,3000000.0,Iñigo Ruiz de Galarreta
127048,2023-07-01,23/24,683,5432,Olympiacos,Al-Nasr,0.0,5000000.0,Cédric Bakambu
128901,2023-07-01,23/24,543,1003,Wolves,Leicester,8700000.0,12000000.0,Conor Coady
141660,2023-07-01,23/24,703,515,Nott'm Forest,Without Club,,8000000.0,Jesse Lingard
142031,2023-07-01,23/24,1531,237,Elche CF,RCD Mallorca,600000.0,3000000.0,Omar Mascarell
165007,2023-07-01,23/24,940,1050,Celta de Vigo,Villarreal,0.0,5000000.0,Denis Suárez
194386,2023-07-01,23/24,11177,34888,Fleetwood,Salford,0.0,200000.0,Alex Cairns
195488,2023-07-01,23/24,931,12321,Fulham,Girona,0.0,3000000.0,Paulo Gazzaniga
199369,2023-07-01,23/24,5358,472,SD Huesca,UD Las Palmas,1000000.0,2000000.0,Sandro Ramírez
237125,2023-07-01,23/24,11282,16795,Alanyaspor,Granada CF,500000.0,1500000.0,Famara Diédhiou
237617,2023-07-01,23/24,13241,472,UD Ibiza,UD Las Palmas,0.0,600000.0,Cristian Herrera
243591,2023-07-01,23/24,1150,1132,Leyton Orient,Burnley,0.0,300000.0,Lawrence Vigouroux
249126,2023-07-01,23/24,148,1003,Tottenham,Leicester,11600000.0,10000000.0,Harry Winks
249565,2023-07-01,23/24,1003,405,Leicester,Aston Villa,0.0,25000000.0,Youri Tielemans
256429,2023-07-01,23/24,366,2687,Real Valladolid,Cádiz CF,1000000.0,2000000.0,Sergi Guardiola
258475,2023-07-01,23/24,3302,1108,UD Almería,Alavés,1500000.0,1200000.0,Nikola Maras
262980,2023-07-01,23/24,989,873,Bournemouth,Crystal Palace,0.0,20000000.0,Jefferson Lerma
266795,2023-07-01,23/24,398,2687,Lazio,Cádiz CF,2500000.0,2000000.0,Gonzalo Escalante
282421,2023-07-01,23/24,1533,472,SD Eibar,UD Las Palmas,0.0,1000000.0,Javi Muñoz
286047,2023-07-01,23/24,749,148,FC Empoli,Tottenham,18500000.0,16000000.0,Guglielmo Vicario
293388,2023-07-01,23/24,13222,3368,CD Mirandés,Levante,0.0,900000.0,Oriol Rey
294057,2023-07-01,23/24,1003,148,Leicester,Tottenham,46300000.0,60000000.0,James Maddison
309400,2023-07-01,23/24,631,11,Chelsea,Arsenal,75000000.0,55000000.0,Kai Havertz
320271,2023-07-01,23/24,1049,237,Valencia,RCD Mallorca,0.0,2500000.0,Toni Lato
330659,2023-07-01,23/24,12,989,Roma,Bournemouth,10800000.0,14000000.0,Justin Kluivert
335225,2023-07-01,23/24,1050,237,Villarreal,RCD Mallorca,2500000.0,4000000.0,Manu Morlanes
339079,2023-07-01,23/24,1496,377,Pardubice,Banik Ostrava,,350000.0,Jiri Letacek
341263,2023-07-01,23/24,11972,3368,Villarreal CF B,Levante,0.0,800000.0,Adrián Dela
341264,2023-07-01,23/24,367,418,Rayo Vallecano,Real Madrid,5000000.0,12000000.0,Fran García
341713,2023-07-01,23/24,3709,1244,Getafe,CD Leganés,0.0,300000.0,Diego Conde
342046,2023-07-01,23/24,985,515,Man Utd,Without Club,,4500000.0,Axel Tuanzebe
343463,2023-07-01,23/24,2282,366,Club Brugge,Real Valladolid,1500000.0,8000000.0,Cyle Larin
353032,2023-07-01,23/24,44,3709,Hertha BSC,Getafe,4000000.0,4000000.0,Omar Alderete
364603,2023-07-01,23/24,1244,331,CD Leganés,CA Osasuna,0.0,3200000.0,José Manuel Arnáiz
369267,2023-07-01,23/24,232,3524,Spartak Moscow,Clermont Foot,3500000.0,2500000.0,Maximiliano Caufriez
380598,2023-07-01,23/24,367,1050,Rayo Vallecano,Villarreal,0.0,7500000.0,Santi Comesaña
392591,2023-07-01,23/24,1194,1031,Rotherham,Luton,0.0,2000000.0,Chiedozie Ogbene
401320,2023-07-01,23/24,984,1132,West Brom,Burnley,7800000.0,5000000.0,Dara O'Shea
403898,2023-07-01,23/24,18,1132,Mönchengladbach,Burnley,15000000.0,16000000.0,Jordan Beyer
419648,2023-07-01,23/24,415,197,Toulouse,Sparta Prague,0.0,3000000.0,Veljko Birmancevic
431755,2023-07-01,23/24,506,148,Juventus,Tottenham,30000000.0,50000000.0,Dejan Kulusevski
433183,2023-07-01,23/24,9265,281,Man City U21,Man City,,7000000.0,Tommy Doyle
434602,2023-07-01,23/24,9899,1244,Real Sociedad B,CD Leganés,0.0,500000.0,Aritz Arambarri
444208,2023-07-01,23/24,2288,1132,Swansea,Burnley,4000000.0,5000000.0,Michael Obafemi
445939,2023-07-01,23/24,82,24,Wolfsburg,Frankfurt,0.0,6000000.0,Omar Marmoush
449796,2023-07-01,23/24,367,331,Rayo Vallecano,CA Osasuna,0.0,8000000.0,Alejandro Catena
458178,2023-07-01,23/24,1072,677,Peterborough,Ipswich,1750000.0,1800000.0,Jack Taylor
466807,2023-07-01,23/24,10718,11972,FC Andorra,Villarreal CF B,0.0,1000000.0,Adrià Altimira
473050,2023-07-01,23/24,60,1148,Freiburg,Brentford,25000000.0,25000000.0,Kevin Schade
485585,2023-07-01,23/24,9250,631,Chelsea U21,Chelsea,,12000000.0,Ian Maatsen
490606,2023-07-01,23/24,9250,631,Chelsea U21,Chelsea,,250000.0,Lucas Bergström
501418,2023-07-01,23/24,714,368,Espanyol,Sevilla FC,0.0,5000000.0,Adrià Pedrosa
503679,2023-07-01,23/24,31,370,Liverpool,Aberdeen FC,0.0,2000000.0,Rhys Williams
503883,2023-07-01,23/24,2282,1096,Club Brugge,Royal Antwerp,0.0,500000.0,Senne Lammens
517894,2023-07-01,23/24,13,543,Atlético,Wolves,50000000.0,25000000.0,Matheus Cunha
520651,2023-07-01,23/24,39336,1237,Brighton U21,Brighton,,450000.0,Jensen Weir
534033,2023-07-01,23/24,1237,31,Brighton,Liverpool,42000000.0,65000000.0,Alexis Mac Allister
548188,2023-07-01,23/24,3679,13,Atl. Madrileño,Atlético,,1500000.0,Germán Valera
548729,2023-07-01,23/24,527,26,Lausanne-Sport,Basel,4000000.0,10000000.0,Zeki Amdouni
553875,2023-07-01,23/24,336,148,Sporting,Tottenham,40000000.0,40000000.0,Pedro Porro
555500,2023-07-01,23/24,8516,331,Osasuna B,CA Osasuna,,400000.0,Jorge Herrando
559263,2023-07-01,23/24,31,23826,Liverpool,Leipzig,0.0,16000000.0,Fábio Carvalho
560705,2023-07-01,23/24,12351,1536,Linares,Burgos CF,0.0,300000.0,Álex Sancris
562742,2023-07-01,23/24,237,2497,RCD Mallorca,Real Oviedo,0.0,300000.0,Leo Román
566799,2023-07-01,23/24,9265,281,Man City U21,Man City,,2500000.0,James Trafford
568559,2023-07-01,23/24,506,252,Juventus,Genoa,9700000.0,8000000.0,Radu Drăgușin
569866,2023-07-01,23/24,681,648,Real Sociedad,CD Tenerife,0.0,3000000.0,Roberto López
578419,2023-07-01,23/24,3631,4941,América,León,3500000.0,1500000.0,Federico Viñas
581678,2023-07-01,23/24,16,418,Dortmund,Real Madrid,127000000.0,120000000.0,Jude Bellingham
582078,2023-07-01,23/24,989,2553,Bournemouth,Kilmarnock FC,0.0,150000.0,Will Dennis
583199,2023-07-01,23/24,9265,281,Man City U21,Man City,,12000000.0,James McAtee
585700,2023-07-01,23/24,2865,150,Betis Deportivo,Real Betis,,1500000.0,Juan Cruz
603696,2023-07-01,23/24,8568,13222,AD Ceuta ,CD Mirandés,0.0,300000.0,Alberto Reina
610863,2023-07-01,23/24,12124,405,Aston Villa U21,Aston Villa,,,Filip Marschall
612749,2023-07-01,23/24,9261,3057,Everton U21,Standard Liège,0.0,400000.0,Isaac Price
614811,2023-07-01,23/24,9253,762,Newcastle U21,Newcastle,,250000.0,Joe White
615302,2023-07-01,23/24,448,3329,Vojvodina,Famalicão,1000000.0,2500000.0,Mirko Topić
617018,2023-07-01,23/24,190,159,Copenhagen,Red Star,0.0,500000.0,Marko Stamenić
617059,2023-07-01,23/24,11516,3368,Atl. Levante,Levante,,150000.0,Pablo Campos
617081,2023-07-01,23/24,6182,1049,Valencia B,Valencia,,1500000.0,Diego López
618813,2023-07-01,23/24,3679,13,Atl. Madrileño,Atlético,,500000.0,Carlos Martín
620164,2023-07-01,23/24,11972,1050,Villarreal CF B,Villarreal,,1500000.0,Haissem Hassan
622988,2023-07-01,23/24,6182,1049,Valencia B,Valencia,,500000.0,Fran Pérez
624258,2023-07-01,23/24,9252,31,Liverpool U21,Liverpool,,1500000.0,Conor Bradley
625651,2023-07-01,23/24,9899,681,Real Sociedad B,Real Sociedad,,700000.0,Urko González de Zárate
625657,2023-07-01,23/24,9899,681,Real Sociedad B,Real Sociedad,,250000.0,Unai Marrero
625660,2023-07-01,23/24,9899,681,Real Sociedad B,Real Sociedad,,1000000.0,Jon Ander Olasagasti
626724,2023-07-01,23/24,1010,1237,Watford,Brighton,34200000.0,32000000.0,João Pedro
626888,2023-07-01,23/24,12124,2262,Aston Villa U21,Plymouth,0.0,1500000.0,Kaine Kesler-Hayden
627248,2023-07-01,23/24,9261,29,Everton U21,Everton,,900000.0,Lewis Dobbin
627442,2023-07-01,23/24,409,23826,Salzburg,Leipzig,31650000.0,24000000.0,Benjamin Sesko
633652,2023-07-01,23/24,9252,466,Liverpool U21,Preston,0.0,5000000.0,Calvin Ramsay
635344,2023-07-01,23/24,12853,11972,FC Villarreal C,Villarreal CF B,,100000.0,Abraham del Moral
636703,2023-07-01,23/24,2464,131,Barça Atlètic,Barcelona,,300000.0,Fermín López
638124,2023-07-01,23/24,69523,8733,Gran Peña,Celta Fortuna,,,Manu Fernández
638649,2023-07-01,23/24,8824,350,Sheff Utd U21,Sheff Utd,,175000.0,Femi Seriki
646353,2023-07-01,23/24,39336,1237,Brighton U21,Brighton,,900000.0,Carl Rushworth
646741,2023-07-01,23/24,69523,8733,Celta C-GP,Celta Fortuna,,,César Fernández
646743,2023-07-01,23/24,10200,6182,Valencia U19,Valencia B,,,Javi Navarro
646824,2023-07-01,23/24,28870,6767,Real Madrid U19,RM Castilla,,,Manuel Ángel
661207,2023-07-01,23/24,9265,281,Man City U21,Man City,,,Oscar Bobb
661427,2023-07-01,23/24,1100,1090,SK Brann,AZ Alkmaar,3900000.0,2500000.0,David Møller Wolfe
662261,2023-07-01,23/24,6767,418,RM Castilla,Real Madrid,,500000.0,Rafa Marín
667508,2023-07-01,23/24,14389,39341,Leicester U18,Leicester U21,,,Chris Popov
668177,2023-07-01,23/24,13,122,Atlético,Sturm Graz,0.0,700000.0,Javi Serrano
669511,2023-07-01,23/24,12853,11972,FC Villarreal C,Villarreal CF B,,,Jorge Pascual
670717,2023-07-01,23/24,10949,336,Sporting B,Sporting,,2000000.0,Dário Essugo
670848,2023-07-01,23/24,9267,379,West Ham U21,West Ham,,250000.0,Divin Mubama
670850,2023-07-01,23/24,6898,9250,Norwich U18,Chelsea U21,0.0,,Alex Matos
670858,2023-07-01,23/24,9250,631,Chelsea U21,Chelsea,,10000000.0,Lewis Hall
683620,2023-07-01,23/24,24366,234,Feyenoord U21,Feyenoord,,1000000.0,Antoni Milambo
689637,2023-07-01,23/24,2464,131,Barça Atlètic,Barcelona,,500000.0,Chadi Riad
696181,2023-07-01,23/24,9254,3057,Tottenham U21,Standard Liège,0.0,300000.0,Romaine Mundle
696346,2023-07-01,23/24,9262,931,Fulham U21,Fulham,,1200000.0,Jay Stansfield
696764,2023-07-01,23/24,33614,1123,Norwich U21,Norwich,,,Abu Kamara
697280,2023-07-01,23/24,9955,9267,West Ham U18,West Ham U21,,,George Earthy
706815,2023-07-01,23/24,9252,1042,Liverpool U21,Crewe Alexandra,0.0,300000.0,Harvey Davies
707230,2023-07-01,23/24,12765,1082,LOSC Lille B,Lille,,250000.0,Ugo Raghouber
709215,2023-07-01,23/24,6688,9899,Bilbao Athletic,Real Sociedad B,0.0,150000.0,Mikel Goti
709347,2023-07-01,23/24,15066,21147,Hércules CF B,Atl. Bembibre,0.0,,Antonio Alemán
709726,2023-07-01,23/24,1421,583,Stade Reims,PSG,28500000.0,20000000.0,Hugo Ekitiké
709955,2023-07-01,23/24,2470,2464,Barça U19,Barça Atlètic,,,Ander Astralaga
709966,2023-07-01,23/24,2470,2464,Barça U19,Barça Atlètic,,300000.0,Aleix Garrido
710677,2023-07-01,23/24,8516,331,Osasuna B,CA Osasuna,,500000.0,Iker Muñoz
710679,2023-07-01,23/24,8516,331,Osasuna B,CA Osasuna,,300000.0,Iker Benito
712181,2023-07-01,23/24,6933,12124,Aston Villa U18,Aston Villa U21,,,James Wright
714458,2023-07-01,23/24,39341,1003,Leicester U21,Leicester,,100000.0,Ben Nelson
717411,2023-07-01,23/24,54704,1148,Brentford B,Brentford,,400000.0,Yegor Yarmolyuk
718250,2023-07-01,23/24,1088,54704,Rochdale,Brentford B,,150000.0,Ethan Brierley
719673,2023-07-01,23/24,6922,31,Liverpool U18,Liverpool,,,Ben Gannon-Doak
719999,2023-07-01,23/24,50595,11000,Lugo Polvorín,CD Lugo,,50000.0,Andrés Castrín
721660,2023-07-01,23/24,44822,9899,Real Sociedad C,Real Sociedad B,,50000.0,Mikel Rodriguez
724041,2023-07-01,23/24,1132,24214,Burnley,Burnley U21,,800000.0,Enock Agyei
724783,2023-07-01,23/24,26117,515,Ipswich U21,Without Club,,,Tawanda Chirewa
739443,2023-07-01,23/24,31614,2282,Ludogorets,Club Brugge,11000000.0,4000000.0,Igor Thiago
741238,2023-07-01,23/24,9250,631,Chelsea U21,Chelsea,,1000000.0,Omari Hutchinson
741253,2023-07-01,23/24,31506,3679,Atl. Madrid U19,Atl. Madrid B,,,Javier Boñar
743413,2023-07-01,23/24,6930,9265,Man City U18,Man City U21,,,Nico O'Reilly
746739,2023-07-01,23/24,8824,350,Sheff Utd U21,Sheff Utd,,,Andre Brooks
747153,2023-07-01,23/24,9251,985,Man Utd U21,Man Utd,,,Dan Gore
747197,2023-07-01,23/24,28873,11986,Almería U19,UD Almería B,,,Bruno Iribarne
751666,2023-07-01,23/24,12801,24226,Wolves U18,Wolves U21,,,Ty Barnett
767255,2023-07-01,23/24,12319,8519,Sevilla FC C,Sevilla Atl.,,25000.0,Matías Árbol
777308,2023-07-01,23/24,6918,9250,Chelsea U18,Chelsea U21,,,Zain Silcott-Duberry
783396,2023-07-01,23/24,12321,1050,Girona,Villarreal,2500000.0,4000000.0,Ramón Terrats
796298,2023-07-01,23/24,6922,9252,Liverpool U18,Liverpool U21,,,Calum Scanlon
796299,2023-07-01,23/24,6918,9250,Chelsea U18,Chelsea U21,,,Billy Gee
796302,2023-07-01,23/24,6920,9261,Everton U18,Everton U21,,,Owen Barker
796303,2023-07-01,23/24,6918,9250,Chelsea U18,Chelsea U21,,,Leo Castledine
813142,2023-07-01,23/24,12801,24226,Wolves U18,Wolves U21,,,Temple Ojinnaka
816124,2023-07-01,23/24,6326,583,Paris SG U19,Paris SG,,,Noha Lemina
817612,2023-07-01,23/24,9262,931,Fulham U21,Fulham,,500000.0,Luke Harris
823486,2023-07-01,23/24,8505,430,Fiorentina U19,Fiorentina,,800000.0,Michael Kayode
825024,2023-07-01,23/24,6918,9250,Chelsea U18,Chelsea U21,,,Ronnie Stutter
827435,2023-07-01,23/24,6918,9250,Chelsea U18,Chelsea U21,,,Max Merrick
834463,2023-07-01,23/24,39813,10200,Barça U18,Valencia U19,0.0,,Iker Córdoba
834742,2023-07-01,23/24,20116,399,Leeds U21,Leeds,,900000.0,Mateo Joseph
834752,2023-07-01,23/24,6688,621,Bilbao Athletic,Athletic Club,,100000.0,Unai Gómez
834764,2023-07-01,23/24,6182,1049,Valencia B,Valencia,,2000000.0,Javi Guerra
843595,2023-07-01,23/24,6930,9265,Man City U18,Man City U21,,,Max Alleyne
845289,2023-07-01,23/24,6922,9252,Liverpool U18,Liverpool U21,,,James McConnell
845321,2023-07-01,23/24,9955,9267,West Ham U18,West Ham U21,,,Kaelan Casey
845723,2023-07-01,23/24,6933,12124,Aston Villa U18,Aston Villa U21,,,Finley Munroe
845809,2023-07-01,23/24,9955,9267,West Ham U18,West Ham U21,,,Lewis Orford
854721,2023-07-01,23/24,14648,38967,Bournemouth U18,Bournemouth U21,,,Ben Winterburn
854722,2023-07-01,23/24,14648,38967,Bournemouth U18,Bournemouth U21,,,Michael Dacosta González
856479,2023-07-01,23/24,6920,9261,Everton U18,Everton U21,,,Roman Dixon
857830,2023-07-01,23/24,9961,8494,Deportivo Cali,RCD Mallorca B ,1000000.0,500000.0,Daniel Luna
860062,2023-07-01,23/24,31506,3679,Atl. Madrid U19,Atl. Madrid B,,,Abde Raihani
866655,2023-07-01,23/24,6893,36546,Southampton U18,Southampton U21,,,Tyler Dibling
867688,2023-07-01,23/24,39336,1237,Brighton U21,Brighton,,,Jack Hinshelwood
867700,2023-07-01,23/24,9606,39336,Brighton U18,Brighton U21,,,Josh Duffus
868920,2023-07-01,23/24,6918,9250,Chelsea U18,Chelsea U21,,,Richard Olise
871837,2023-07-01,23/24,5679,9249,Arsenal U18,Arsenal U21,,400000.0,Bradley Ibrahim
874066,2023-07-01,23/24,8824,350,Sheff Utd U21,Sheff Utd,,,Oliver Arblaster
874538,2023-07-01,23/24,54704,1148,Brentford B,Brentford,,100000.0,Ryan Trevitt
874902,2023-07-01,23/24,6933,12124,Aston Villa U18,Aston Villa U21,,,Travis Patterson
878151,2023-07-01,23/24,5679,9249,Arsenal U18,Arsenal U21,,,Josh Robinson
880245,2023-07-01,23/24,10949,336,Sporting B,Sporting,,1500000.0,Mateus Fernandes
882172,2023-07-01,23/24,6928,9254,Spurs U18,Tottenham U21,,,Rio Kyerematen
890721,2023-07-01,23/24,5679,9249,Arsenal U18,Arsenal U21,,,Myles Lewis-Skelly
891310,2023-07-01,23/24,28873,11986,Almería U19,UD Almería B,,,Rachad Fettal
891312,2023-07-01,23/24,39647,39452,Granada Yth.,Granada CF U19,,,Fran Árbol
892221,2023-07-01,23/24,8733,940,Celta Fortuna,Celta de Vigo,,150000.0,Hugo Sotelo
892421,2023-07-01,23/24,14742,8494,Mallorca U19,RCD Mallorca B ,,,Alex Quevedo
895480,2023-07-01,23/24,6688,621,Bilbao Athletic,Athletic,,500000.0,Adu Ares
906214,2023-07-01,23/24,6918,9250,Chelsea U18,Chelsea U21,,,Sam Rak-Sakyi
910905,2023-07-01,23/24,12764,1041,Olymp. Lyon B,Lyon,,1000000.0,Mamadou Sarr
919438,2023-07-01,23/24,6930,9265,Man City U18,Man City U21,,,True Grant
921345,2023-07-01,23/24,81337,9715,PSV U18,PSV U21,,125000.0,Tay Abed
921513,2023-07-01,23/24,12799,38588,Nottingham U18,Nottingham U21,,,Joe Gardner
921532,2023-07-01,23/24,12799,38588,Nottingham U18,Nottingham U21,,,Detlef Esapa Osong
922462,2023-07-01,23/24,6922,9252,Liverpool U18,Liverpool U21,,,Lewis Koumas
922563,2023-07-01,23/24,9955,9267,West Ham U18,West Ham U21,,200000.0,Oliver Scarles
922693,2023-07-01,23/24,10161,399,Leeds U18,Leeds,,200000.0,Archie Gray
922769,2023-07-01,23/24,9253,762,Newcastle U21,Newcastle,,,Lewis Miley
923915,2023-07-01,23/24,20277,38006,Girona U19,Girona FC B,,,Antal Yaakobishvili
925105,2023-07-01,23/24,12799,38588,Nottingham U18,Nottingham U21,,,Ben Perry
926135,2023-07-01,23/24,6933,12124,Aston Villa U18,Aston Villa U21,,,Omari Kellyman
926849,2023-07-01,23/24,31506,3679,Atl. Madrid U19,Atl. Madrid B,,,Adrián Niño
926850,2023-07-01,23/24,28870,6767,Real Madrid U19,RM Castilla,,,Diego Piñeiro
926952,2023-07-01,23/24,14355,1005,Nordsjaell. U19,Lecce,220000.0,400000.0,Patrick Dorgu
929864,2023-07-01,23/24,28861,77666,Osasuna U19,Subiza,,,Rafa Fernández
933017,2023-07-01,23/24,12799,38588,Nottingham U18,Nottingham U21,,250000.0,Zach Abbott
934420,2023-07-01,23/24,102209,28867,Sevilla FC U16,Sevilla FC U19,,,Ibrahima Sow
935230,2023-07-01,23/24,28870,6767,Real Madrid U19,RM Castilla,,,Gonzalo García
935231,2023-07-01,23/24,92878,6767,Real Madrid C,RM Castilla,,,Víctor Muñoz
935245,2023-07-01,23/24,92878,6767,Real Madrid C,RM Castilla,,,Raúl Asencio
935281,2023-07-01,23/24,28870,92878,Real Madrid U19,Real Madrid C,,,David Jiménez
935457,2023-07-01,23/24,31506,3679,Atl. Madrid U19,Atl. Madrid B,,,Salim El Jebari
937840,2023-07-01,23/24,12797,9264,Sunderland U18,Sunderland U21,,,Harrison Jones
937942,2023-07-01,23/24,70473,28868,Roda U19,Villarreal U19,,,Daniel Budesca
937955,2023-07-01,23/24,2470,2464,Barça U19,Barça Atlètic,,,Héctor Fort
937956,2023-07-01,23/24,39813,2470,Barça U18,Barça U19,,,Pau Prim
937958,2023-07-01,23/24,2470,131,Barça U19,Barcelona,,,Lamine Yamal
938144,2023-07-01,23/24,39813,2470,Barça U18,Barça U19,,,Diego Kochen
938145,2023-07-01,23/24,39813,2470,Barça U18,Barça U19,,,Áron Yaakobishvili
938146,2023-07-01,23/24,21058,1462,FC Bayern U17,FC Bayern U19,,,Adam Aznou
938729,2023-07-01,23/24,6665,6688,CD Basconia,Bilbao Athletic,,,Mikel Jauregizar
939445,2023-07-01,23/24,12798,11516,Levante U19,Atl. Levante,,100000.0,Álex Primo
939615,2023-07-01,23/24,14648,38967,Bournemouth U18,Bournemouth U21,,,Max Kinsey
941080,2023-07-01,23/24,12853,8516,FC Villarreal C,Osasuna B,0.0,,Jon García
941867,2023-07-01,23/24,10200,6182,Valencia U19,Valencia B,,50000.0,Mario Dominguez
945500,2023-07-01,23/24,21609,31506,Atl.Madleño U18,Atl. Madrid U19,,,Rayane Belaid
945709,2023-07-01,23/24,28868,11972,Villarreal U19,Villarreal CF B,,,Dani Requena
947411,2023-07-01,23/24,9264,289,Sunderland U21,Sunderland,,,Chris Rigg
947460,2023-07-01,23/24,14742,8494,Mallorca U19,RCD Mallorca B ,,,Pau Mascaró
954125,2023-07-01,23/24,6918,9250,Chelsea U18,Chelsea U21,,,Kiano Dyer
955357,2023-07-01,23/24,16662,1158,Lorient B,FC Lorient,,400000.0,Junior Kroupi
961297,2023-07-01,23/24,44205,1531,Elche U19,Elche CF,,,Rodrigo Mendoza
962110,2023-07-01,23/24,39813,2470,Barça U18,Barça U19,,,Pau Cubarsí
962110,2023-07-01,23/24,2470,2464,Barça U19,Barça Atlètic,,,Pau Cubarsí
962125,2023-07-01,23/24,25264,12798,Levante UD Yout,Levante U19,,,Buba Sangaré
962145,2023-07-01,23/24,9900,44822,R. Sociedad U19,Real Sociedad C,,,Arkaitz Mariezkurrena
963879,2023-07-01,23/24,14648,38967,Bournemouth U18,Bournemouth U21,,,Archie Harris
964190,2023-07-01,23/24,44822,9899,Real Sociedad C,Real Sociedad B,,100000.0,Luken Beitia
964264,2023-07-01,23/24,70373,16196,Cornellà U19,UE Cornellà,,,Carles Garrido
965940,2023-07-01,23/24,14619,92433,Luton U18,Luton U21,,,Zack Nelson
965954,2023-07-01,23/24,14619,92433,Luton U18,Luton U21,,,Jake Burger
967319,2023-07-01,23/24,14620,1028,Millwall U18,Millwall,,,Romain Esse
967340,2023-07-01,23/24,12806,8824,Sheff Utd U18,Sheff Utd U21,,,Owen Hampson
973314,2023-07-01,23/24,31506,3679,Atl. Madrid U19,Atl. Madrid B,,,Sergio Mestre
974251,2023-07-01,23/24,12798,11516,Levante U19,Atl. Levante,,,Lass Kourouma
982007,2023-07-01,23/24,44822,9899,Real Sociedad C,Real Sociedad B,,50000.0,Ekain Orobengoa
982097,2023-07-01,23/24,50677,6918,Chelsea Youth,Chelsea U18,,,Shumaira Mheuka
982848,2023-07-01,23/24,70397,10200,Valencia U18,Valencia U19,,,Raúl Jiménez
983702,2023-07-01,23/24,6930,9265,Man City U18,Man City U21,,,Jacob Wright
984593,2023-07-01,23/24,6933,12124,Aston Villa U18,Aston Villa U21,,,Triston Rowe
985546,2023-07-01,23/24,51433,6928,Tottenham Yth.,Spurs U18,,,Callum Olusesi
985717,2023-07-01,23/24,53035,11994,Reading Yth.,Reading U18,,,Taylan Harris
986298,2023-07-01,23/24,12744,1423,VAFC U19,Valenciennes FC,,,Joachim Kayi Sanda
989112,2023-07-01,23/24,54866,11137,Red Star U17,Red Star U19,,,Veljko Milosavljevic
994536,2023-07-01,23/24,14837,209,River Plate II,River Plate,,,Claudio Echeverri
1000135,2023-07-01,23/24,10200,6182,Valencia U19,Valencia B,,,Joselu Pérez
1000630,2023-07-01,23/24,70397,10200,Valencia U18,Valencia U19,,,Pablo López
1004518,2023-07-01,23/24,14742,8494,Mallorca U19,RCD Mallorca B ,,,Carles Sogorb
1004709,2023-07-01,23/24,53183,6933,A. Villa Yth.,Aston Villa U18,,,Sam Proctor
1005844,2023-07-01,23/24,54097,12801,Wolves Yth.,Wolves U18,,,Brayden Clarke
1006411,2023-07-01,23/24,107748,9372,Toulouse FC U17,Toulouse U19,,,Jaydee Canvot
1009766,2023-07-01,23/24,16200,10200,Valencia CF You,Valencia U19,,,David Otorbi
1011131,2023-07-01,23/24,32580,6942,Fulham Youth,Fulham U18,,,Josh King
1012534,2023-07-01,23/24,173,762,Odense BK,Newcastle,8000000.0,2000000.0,Yankuba Minteh
1012564,2023-07-01,23/24,14724,978,Vasco U20,Vasco da Gama,,,Rayan
1018920,2023-07-01,23/24,14321,2464,Barça U16,Barça Atlètic,,,Marc Bernal
1018938,2023-07-01,23/24,9900,9899,R. Sociedad U19,Real Sociedad B,,,Jon Martín
1019169,2023-07-01,23/24,55899,6943,Newcastle Yth.,Newcastle U18,,,Adam Harrison
1019408,2023-07-01,23/24,40495,11610,Las Palmas U19,Las Palmas Atl.,,,Iñaki González
1025582,2023-07-01,23/24,123357,20277,Girona FC U18,Girona U19,,,Juan Arango
1026524,2023-07-01,23/24,32580,6942,Fulham Youth,Fulham U18,,,Sam Amissah
1034853,2023-07-01,23/24,38673,10004,Paris FC B,Paris FC,,50000.0,Nobel Mendy
1036451,2023-07-01,23/24,40495,11610,Las Palmas U19,Las Palmas Atl.,,,Álvaro Killane
1041934,2023-07-01,23/24,92878,6767,Real Madrid C,RM Castilla,,,Jeremy Jorge
1042886,2023-07-01,23/24,50683,5679,Arsenal Youth,Arsenal U18,,,Chido Obi
1043634,2023-07-01,23/24,12801,24226,Wolves U18,Wolves U21,,,Leon Chiwome
1045121,2023-07-01,23/24,50677,6918,Chelsea Youth,Chelsea U18,,,Genesis Antwi
1045124,2023-07-01,23/24,50780,6893,Southampton Aca,Southampton U18,,,Jay Robinson
1047261,2023-07-01,23/24,6950,6945,Palace U18,Palace U21,,,Caleb Kporha
1050120,2023-07-01,23/24,14321,39813,Barça U16,Barça U18,,,Guille Fernández
1052892,2023-07-01,23/24,50672,5242,Man Utd Youth,Man Utd U18,,,Jaydan Kamason
1055220,2023-07-01,23/24,39822,28870,Real Madrid U18,Real Madrid U19,,,Fran González
1055345,2023-07-01,23/24,50906,6922,Liverpool Youth,Liverpool U18,,,Kieran Morrison
1055860,2023-07-01,23/24,44822,9899,Real Sociedad C,Real Sociedad B,,25000.0,Iñaki Rupérez
1056096,2023-07-01,23/24,39452,111037,Granada CF U19,Granada CF C,,,Eghosa Bello
1056971,2023-07-01,23/24,28860,6688,Bilbao U19,Bilbao Athletic,,,Aingeru Olabarrieta
1060087,2023-07-01,23/24,7661,91868,Olympiacos U19,Olympiacos B,,75000.0,Charalampos Kostoulas
1061122,2023-07-01,23/24,28871,8384,Zaragoza U19,Dep. Aragón,,,Adrián Liso
1061260,2023-07-01,23/24,11674,7078,Valladolid U19,Valladolid Prom,,,Iago Parente
1061336,2023-07-01,23/24,28868,12853,Villarreal U19,FC Villarreal C,,,Pau Navarro
1061665,2023-07-01,23/24,20277,38006,Girona U19,Girona FC B,,,Jastin Garcia
1063329,2023-07-01,23/24,11516,3368,Atl. Levante,Levante,,,Andrés García
1063553,2023-07-01,23/24,70473,28868,Roda U19,Villarreal U19,,,Pau Cabanes
1063574,2023-07-01,23/24,14742,8494,Mallorca U19,RCD Mallorca B ,,,Jan Salas
1064103,2023-07-01,23/24,39452,21550,Granada CF U19,Recre Granada,,,Sergio Rodelas
1064116,2023-07-01,23/24,28873,11986,Almería U19,UD Almería B,,,Paco Sanz
1064391,2023-07-01,23/24,44202,8880,Alavés U19,Alavés B,,,Egoitz Muñoz
1064402,2023-07-01,23/24,44202,8880,Alavés U19,Alavés B,,,Ander Sánchez
1064471,2023-07-01,23/24,15509,8733,Celta U19,Celta Fortuna,,,Fer López
1064506,2023-07-01,23/24,44205,1531,Elche U19,Elche CF,,,Adam Boayar
1065256,2023-07-01,23/24,21121,17686,Leganés U19,CD Leganés B,,,Adrián Rosell
1065441,2023-07-01,23/24,28861,77666,Osasuna U19,Subiza,,,Carlos Lumbreras
1065442,2023-07-01,23/24,28861,8516,Osasuna U19,Osasuna B,,,Iñigo Arguibide
1067168,2023-07-01,23/24,54168,9606,Brighton Yth.,Brighton U18,,,Harry Howell
1071818,2023-07-01,23/24,55899,6943,Newcastle Yth.,Newcastle U18,,,Sean Neave
1078163,2023-07-01,23/24,50683,5679,Arsenal Youth,Arsenal U18,,,Ayden Heaven
1080392,2023-07-01,23/24,22599,3713,Eastb. B. U18,Eastbourne,,,Fletcher Holman
1080903,2023-07-01,23/24,67853,6930,Wimbledon Yth.,Man City U18,230000.0,,Spike Brits
1081496,2023-07-01,23/24,41688,20927,Real Oviedo You,Oviedo U19,,,Pablo Agudín
1086619,2023-07-01,23/24,68620,3037,Padova U17,Padova,,100000.0,Giovanni Leoni
1088818,2023-07-01,23/24,14619,92433,Luton U18,Luton U21,,,Joe Johnson
1091562,2023-07-01,23/24,24212,337,Birmingham U21,Birmingham,,,Romelle Donovan
1101641,2023-07-01,23/24,16672,1420,Angers SCO B,Angers SCO,,250000.0,Justin Kalumba
1107726,2023-07-01,23/24,52975,9955,West Ham Yth.,West Ham U18,,,Ezra Mayers
1107733,2023-07-01,23/24,50769,6920,Everton Youth,Everton U18,,,Harrison Armstrong
1120418,2023-07-01,23/24,54168,9606,Brighton Yth.,Brighton U18,,,Freddie Simmonds
1122027,2023-07-01,23/24,50780,6893,Southampton Aca,Southampton U18,,,Jayden Moore
1127730,2023-07-01,23/24,14842,1029,Vélez II,Vélez Sarsfield,,,Thiago Fernández
1130318,2023-07-01,23/24,78512,15761,Dukla Prag U17,Dukla Prag U19,,,Djordjije Medenica
1141628,2023-07-01,23/24,44829,2381,Sivasspor Yth,Sivasspor,,,Yunus Konak
1144700,2023-07-01,23/24,61444,2417,Belgrano II,Belgrano,,,Matías Moreno
1146029,2023-07-01,23/24,40495,11610,Las Palmas U19,Las Palmas Atl.,,,Juanma Herzog
1146039,2023-07-01,23/24,40495,11610,Las Palmas U19,Las Palmas Atl.,,,Elías Romero
1172645,2023-07-01,23/24,51466,54097,Watford Yth.,Wolves Yth.,,,Emilio Ballard-Matthews
1178748,2023-07-01,23/24,64536,11669,Balón de Cádiz ,Cádiz B,,,Álex Morata
1179293,2023-07-01,23/24,55903,40495,CD Revilla,Las Palmas U19,0.0,,Sergio Ruiz
1179588,2023-07-01,23/24,70377,8494,San Franc. U19,RCD Mallorca B ,,,Yuzún Ley
1184137,2023-07-01,23/24,70299,28866,Majad. U19,Getafe U19,,,Yassin Tallal
1186235,2023-07-01,23/24,13711,39822,Real Madrid U17,Real Madrid U18,,,Jorge Cestero
1230201,2023-07-01,23/24,98688,45352,Moralo B,Moralo CP,,,Sixtus Ogbuehi
1230202,2023-07-01,23/24,64536,16075,Balón de Cádiz ,Cádiz U19,,,Borja Vázquez
1232057,2023-07-01,23/24,25264,12798,Levante UD Yout,Levante U19,,,Paco Cortés
1268764,2023-07-01,23/24,44106,14747,Recreativo Yth.,Recreativo U19,,,Davinchi
1271065,2023-07-01,23/24,40494,40495,Las Palmas Yth.,Las Palmas U19,,,Valentín Pezzolesi
1296876,2023-07-01,23/24,25625,70377,RCD Mallorca Yo,San Franc. U19,,,Marc Domènech
1301775,2023-07-01,23/24,17419,15062,Gimnàstic de Ta,Nàstic U19,,,Jan Virgili
1310075,2023-07-01,23/24,45258,34466,CF Damm Youth,Damm U19,,,Victor Puig
1312698,2023-07-01,23/24,14733,107198,Bilbao Youth,Bilbao U18,,,Selton Sánchez
1319440,2023-07-01,23/24,70218,123357,Girona FC Youth,Girona FC U18,,,Jordi Danso
1319442,2023-07-01,23/24,70218,123357,Girona FC Youth,Girona FC U18,,,Pau Funallet
1322090,2023-07-01,23/24,26392,51732,JC Abidjan,B. Tubruk U19,,,Jocelin Ta Bi
1365799,2023-07-01,23/24,45258,40495,CF Damm Youth,Las Palmas U19,0.0,,Arturo Rodríguez
1375227,2023-07-01,23/24,44199,13711,Leganés Youth,Real Madrid U17,,,Thiago Pitarch
1411351,2023-07-01,23/24,39449,63628,CD Marino Youth,Las Palmas U18,,,Josito González
67082,2023-06-30,22/23,472,13,UD Las Palmas,Atlético Madrid,0.0,500000.0,Vitolo
99353,2023-06-30,22/23,3709,681,Getafe,Real Sociedad,0.0,3500000.0,Portu
108725,2023-06-30,22/23,703,762,Nott'm Forest,Newcastle,0.0,8000000.0,Chris Wood
125781,2023-06-30,22/23,13,131,Atlético,Barcelona,0.0,25000000.0,Antoine Griezmann
127108,2023-06-30,22/23,367,1108,Rayo Vallecano,Alavés,0.0,4000000.0,Florian Lejeune
128901,2023-06-30,22/23,29,543,Everton,Wolves,0.0,12000000.0,Conor Coady
153427,2023-06-30,22/23,142,367,Real Zaragoza,Rayo Vallecano,0.0,800000.0,Bebé
165007,2023-06-30,22/23,714,940,Espanyol,Celta de Vigo,0.0,5000000.0,Denis Suárez
177847,2023-06-30,22/23,6890,368,Basaksehir,Sevilla FC,0.0,6000000.0,Adnan Januzaj
182712,2023-06-30,22/23,27,281,Bayern Munich,Man City,0.0,50000000.0,João Cancelo
182904,2023-06-30,22/23,148,131,Tottenham,Barcelona,0.0,10000000.0,Clément Lenglet
195488,2023-06-30,22/23,12321,931,Girona,Fulham,0.0,3000000.0,Paulo Gazzaniga
199321,2023-06-30,22/23,244,940,Marseille,Celta de Vigo,0.0,4000000.0,Rubén Blanco
199369,2023-06-30,22/23,472,5358,UD Las Palmas,SD Huesca,0.0,2000000.0,Sandro Ramírez
206225,2023-06-30,22/23,1123,762,Norwich,Newcastle,0.0,3500000.0,Isaac Hayden
225122,2023-06-30,22/23,294,543,Benfica,Wolves,0.0,23000000.0,Gonçalo Guedes
232964,2023-06-30,22/23,2778,989,Nordsjaelland,Bournemouth,0.0,1500000.0,Emiliano Marcondes
237125,2023-06-30,22/23,16795,11282,Granada CF,Alanyaspor,0.0,1500000.0,Famara Diédhiou
238407,2023-06-30,22/23,681,23826,Real Sociedad,Leipzig,0.0,12000000.0,Alexander Sørloth
239949,2023-06-30,22/23,1039,989,QPR,Bournemouth,0.0,1500000.0,Jamal Lowe
246968,2023-06-30,22/23,150,1003,Real Betis,Leicester,0.0,6000000.0,Ayoze Pérez
249126,2023-06-30,22/23,1038,148,Sampdoria,Tottenham,0.0,10000000.0,Harry Winks
251845,2023-06-30,22/23,683,1148,Olympiacos,Brentford,0.0,9000000.0,Sergi Canós
251897,2023-06-30,22/23,1108,621,Alavés,Athletic,0.0,2500000.0,Asier Villalibre
256429,2023-06-30,22/23,2687,366,Cádiz CF,Real Valladolid,0.0,2000000.0,Sergi Guardiola
258475,2023-06-30,22/23,1108,3302,Alavés,UD Almería,0.0,1200000.0,Nikola Maras
266795,2023-06-30,22/23,2687,398,Cádiz CF,Lazio,0.0,2000000.0,Gonzalo Escalante
278404,2023-06-30,22/23,8733,2687,Celta Vigo B,Cádiz CF,0.0,300000.0,Martín Calderón
284884,2023-06-30,22/23,940,368,Celta de Vigo,Sevilla FC,0.0,8000000.0,Óscar Rodríguez
286384,2023-06-30,22/23,244,985,Marseille,Man Utd,0.0,5000000.0,Eric Bailly
286779,2023-06-30,22/23,2687,3631,Cádiz CF,América,0.0,1200000.0,Jorge Meré
297212,2023-06-30,22/23,273,148,Stade Rennais,Tottenham,0.0,7000000.0,Joe Rodon
297257,2023-06-30,22/23,2420,371,Vit. Guimarães,Celtic,0.0,1500000.0,Mikey Johnston
303657,2023-06-30,22/23,290,46,AJ Auxerre,Inter,0.0,3500000.0,Ionuț Radu
314678,2023-06-30,22/23,5,418,AC Milan,Real Madrid,0.0,20000000.0,Brahim Díaz
330659,2023-06-30,22/23,1049,12,Valencia,Roma,0.0,14000000.0,Justin Kluivert
335225,2023-06-30,22/23,237,1050,RCD Mallorca,Villarreal,0.0,4000000.0,Manu Morlanes
339079,2023-06-30,22/23,377,1496,Banik Ostrava,Pardubice,0.0,350000.0,Jiri Letacek
339501,2023-06-30,22/23,72309,601,Austin,KV Kortrijk,0.0,550000.0,Aleksandar Radovanovic
341278,2023-06-30,22/23,12321,1050,Girona,Villarreal,0.0,3000000.0,Iván Martín
343052,2023-06-30,22/23,417,11,Nice,Arsenal,0.0,18000000.0,Nicolas Pépé
343273,2023-06-30,22/23,3368,367,Levante,Rayo Vallecano,0.0,2000000.0,Joni Montiel
343463,2023-06-30,22/23,366,2282,Real Valladolid,Club Brugge,0.0,8000000.0,Cyle Larin
348795,2023-06-30,22/23,1050,148,Villarreal,Tottenham,0.0,14000000.0,Giovani Lo Celso
353032,2023-06-30,22/23,3709,44,Getafe,Hertha BSC,0.0,4000000.0,Omar Alderete
355861,2023-06-30,22/23,148,1050,Tottenham,Villarreal,0.0,25000000.0,Arnaut Danjuma
357072,2023-06-30,22/23,969,2282,Montpellier,Club Brugge,0.0,6000000.0,Faitout Maouassa
357628,2023-06-30,22/23,171,8733,Real Murcia,Celta Vigo B,0.0,250000.0,Alfon González
369267,2023-06-30,22/23,3524,232,Clermont Foot,Spartak Moscow,0.0,2500000.0,Maximiliano Caufriez
378293,2023-06-30,22/23,12321,281,Girona,Man City,0.0,5000000.0,Yangel Herrera
392768,2023-06-30,22/23,15,631,Leverkusen,Chelsea,0.0,15000000.0,Callum Hudson-Odoi
392771,2023-06-30,22/23,3522,631,Spezia Calcio,Chelsea,0.0,9000000.0,Ethan Ampadu
395122,2023-06-30,22/23,3329,4941,Famalicão,León,0.0,4000000.0,Santiago Colombatto
398163,2023-06-30,22/23,3709,12,Getafe,Roma,0.0,2800000.0,Gonzalo Villar
403898,2023-06-30,22/23,1132,18,Burnley,Mönchengladbach,0.0,16000000.0,Jordan Beyer
412045,2023-06-30,22/23,16795,714,Granada CF,Espanyol,0.0,1500000.0,Pol Lozano
429790,2023-06-30,22/23,3137,1095,FK TSC,Troyes,0.0,2500000.0,Luka Ilic
429915,2023-06-30,22/23,968,2282,KVC Westerlo,Club Brugge,0.0,5000000.0,Maxim De Cuyper
431755,2023-06-30,22/23,148,506,Tottenham,Juventus,0.0,50000000.0,Dejan Kulusevski
447052,2023-06-30,22/23,1533,621,SD Eibar,Athletic,0.0,1000000.0,Peru Nolaskoain
454576,2023-06-30,22/23,2503,234,Boavista,Feyenoord,0.0,1000000.0,Róbert Boženík
455661,2023-06-30,22/23,64,86,SV Elversberg,Werder Bremen,0.0,1500000.0,Nick Woltemade
461617,2023-06-30,22/23,12321,13,Girona,Atlético,0.0,12000000.0,Rodrigo Riquelme
466805,2023-06-30,22/23,1049,131,Valencia,Barcelona,0.0,10000000.0,Nico González
469669,2023-06-30,22/23,1244,618,CD Leganés,Saint-Étienne,0.0,1000000.0,Yvan Neyou
471474,2023-06-30,22/23,5358,331,SD Huesca,CA Osasuna,0.0,1000000.0,Javi Martínez
473050,2023-06-30,22/23,1148,60,Brentford,Freiburg,0.0,25000000.0,Kevin Schade
483348,2023-06-30,22/23,273,148,Stade Rennais,Tottenham,0.0,10000000.0,Djed Spence
485963,2023-06-30,22/23,368,244,Sevilla FC,Marseille,0.0,10000000.0,Pape Gueye
488626,2023-06-30,22/23,1536,331,Burgos CF,CA Osasuna,0.0,1200000.0,Jesús Areso
495621,2023-06-30,22/23,1108,418,Alavés,Real Madrid,0.0,2500000.0,Antonio Blanco
500067,2023-06-30,22/23,44,2410,Hertha BSC,CSKA Moscow,0.0,5500000.0,Chidera Ejuke
500689,2023-06-30,22/23,995,417,FC Nantes,Nice,0.0,4500000.0,Evann Guessand
503769,2023-06-30,22/23,122,11,Sturm Graz,Arsenal,0.0,2000000.0,Arthur Okonkwo
505673,2023-06-30,22/23,142,13,Real Zaragoza,Atlético,0.0,3000000.0,Víctor Mollejo
505674,2023-06-30,22/23,367,13,Rayo Vallecano,Atlético,0.0,10000000.0,Sergio Camello
517894,2023-06-30,22/23,543,13,Wolves,Atlético,0.0,25000000.0,Matheus Cunha
522784,2023-06-30,22/23,12321,40058,Girona,New York City,0.0,15000000.0,Taty Castellanos
527350,2023-06-30,22/23,2497,12321,Real Oviedo,Girona,0.0,2400000.0,Manu Vallejo
527972,2023-06-30,22/23,1536,1531,Burgos CF,Elche CF,0.0,700000.0,Mourad El Ghezouani
531404,2023-06-30,22/23,10718,142,FC Andorra,Real Zaragoza,0.0,1000000.0,Marc Aguado
533568,2023-06-30,22/23,1108,3938,Alavés,CA Talleres,0.0,3000000.0,Nahuel Tenaglia
537382,2023-06-30,22/23,368,148,Sevilla FC,Tottenham,0.0,15000000.0,Bryan Gil
541231,2023-06-30,22/23,33,31,FC Schalke 04,Liverpool,0.0,5000000.0,Sepp van den Berg
545647,2023-06-30,22/23,11972,940,Villarreal CF B,Celta de Vigo,0.0,1500000.0,Sergio Carreira
548188,2023-06-30,22/23,10718,3679,FC Andorra,Atl. Madrileño,0.0,1500000.0,Germán Valera
548729,2023-06-30,22/23,26,527,Basel,Lausanne-Sport,0.0,10000000.0,Zeki Amdouni
553875,2023-06-30,22/23,148,336,Tottenham,Sporting,0.0,40000000.0,Pedro Porro
556385,2023-06-30,22/23,410,148,Udinese,Tottenham,0.0,25000000.0,Destiny Udogie
560483,2023-06-30,22/23,1531,367,Elche CF,Rayo Vallecano,0.0,1800000.0,Randy Nteka
561702,2023-06-30,22/23,2296,9899,CD Numancia,Real Sociedad B,0.0,300000.0,Gaizka Ayesa
568559,2023-06-30,22/23,252,506,Genoa,Juventus,0.0,8000000.0,Radu Drăgușin
569384,2023-06-30,22/23,1095,46,Troyes,Inter,0.0,7000000.0,Lucien Agoumé
569866,2023-06-30,22/23,13222,681,CD Mirandés,Real Sociedad,0.0,3000000.0,Roberto López
572265,2023-06-30,22/23,610,4172,Ajax,Pisa,0.0,5000000.0,Lorenzo Lucca
591957,2023-06-30,22/23,12405,8880,Real Unión,Alavés B,0.0,150000.0,Victor Parada
593412,2023-06-30,22/23,12181,12321,San Fernando CD,Girona,0.0,400000.0,Ilyas Chaira
603940,2023-06-30,22/23,472,6767,UD Las Palmas,RM Castilla,0.0,600000.0,Marvin Park
607226,2023-06-30,22/23,2969,273,Dijon,Stade Rennais,0.0,1800000.0,Loum Tchaouna
610238,2023-06-30,22/23,6912,8519,Vizela,Sevilla Atl.,0.0,200000.0,Pedro Ortiz
611793,2023-06-30,22/23,43,989,Heart of Midl.,Bournemouth,0.0,1000000.0,James Hill
612517,2023-06-30,22/23,127,9250,SC Paderborn,Chelsea U21,0.0,3000000.0,Bashir Humphreys
617074,2023-06-30,22/23,1049,23826,Valencia,Leipzig,0.0,4000000.0,Ilaix Moriba
618809,2023-06-30,22/23,331,13,CA Osasuna,Atlético,0.0,10000000.0,Manu Sánchez
620322,2023-06-30,22/23,1041,631,Lyon,Chelsea,0.0,25000000.0,Malo Gusto
624942,2023-06-30,22/23,2497,398,Real Oviedo,Lazio,0.0,2500000.0,Raúl Moro
625047,2023-06-30,22/23,13222,621,CD Mirandés,Athletic Club,0.0,600000.0,Beñat Prados
628498,2023-06-30,22/23,13222,714,CD Mirandés,Espanyol,0.0,200000.0,Jofre Carreras
628886,2023-06-30,22/23,648,368,CD Tenerife,Sevilla FC,0.0,800000.0,Iván Romero
631002,2023-06-30,22/23,13222,150,CD Mirandés,Real Betis,0.0,4000000.0,Raúl García
636119,2023-06-30,22/23,993,630,Córdoba CF,Racing,0.0,300000.0,Marco Camus
636697,2023-06-30,22/23,171,3302,Real Murcia,UD Almería,0.0,250000.0,Arnau Solà
636703,2023-06-30,22/23,12351,2464,Linares,Barça Atlètic,0.0,300000.0,Fermín López
638588,2023-06-30,22/23,13241,367,UD Ibiza,Rayo Vallecano,0.0,300000.0,Martín Pascual
640109,2023-06-30,22/23,749,46,FC Empoli,Inter,0.0,7000000.0,Martín Satriano
649452,2023-06-30,22/23,244,281,Marseille,Man City,0.0,7000000.0,Issa Kaboré
652331,2023-06-30,22/23,171,6767,Real Murcia,RM Castilla,0.0,200000.0,Javi Rueda
660438,2023-06-30,22/23,5817,190,Sönderjyske,Copenhagen,0.0,400000.0,Orri Óskarsson
660735,2023-06-30,22/23,1775,368,San Lorenzo,Sevilla FC,0.0,4500000.0,Federico Gattoni
661053,2023-06-30,22/23,383,29,PSV,Everton,0.0,10000000.0,Jarrad Branthwaite
668177,2023-06-30,22/23,13241,13,UD Ibiza,Atlético,0.0,700000.0,Javi Serrano
668183,2023-06-30,22/23,13222,621,CD Mirandés,Athletic Club,0.0,1500000.0,Nico Serrano
668276,2023-06-30,22/23,26,23826,Basel,Leipzig,0.0,4300000.0,Hugo Novoa
670861,2023-06-30,22/23,2553,9252,Kilmarnock FC,Liverpool U21,0.0,300000.0,Luke Chambers
676042,2023-06-30,22/23,13222,368,CD Mirandés,Sevilla FC,0.0,800000.0,Juanlu Sánchez
696506,2023-06-30,22/23,11000,3302,CD Lugo,UD Almería,0.0,1200000.0,Gui Guedes
702662,2023-06-30,22/23,24445,3679,CD Estepona FS,Atl. Madrileño,0.0,50000.0,Adrián Verde
706138,2023-06-30,22/23,13222,237,CD Mirandés,RCD Mallorca,0.0,300000.0,Javi Llabrés
709726,2023-06-30,22/23,583,1421,PSG,Stade Reims,0.0,20000000.0,Hugo Ekitiké
711382,2023-06-30,22/23,1244,681,CD Leganés,Real Sociedad,0.0,5000000.0,Jon Karrikaburu
711544,2023-06-30,22/23,54189,6945,RWDM,Palace U21,0.0,700000.0,Jake O'Brien
711625,2023-06-30,22/23,1531,368,Elche CF,Sevilla FC,0.0,4000000.0,José Ángel Carmona
713649,2023-06-30,22/23,47421,21550,CF Talavera,Recre Granada,0.0,200000.0,Miguel Ángel Brau
715683,2023-06-30,22/23,4032,1244,Ponferradina,CD Leganés,0.0,500000.0,Naim García
717957,2023-06-30,22/23,993,367,Córdoba CF,Rayo Vallecano,0.0,500000.0,Jorge Moreno
720518,2023-06-30,22/23,2464,1084,Barça Atlètic,Málaga CF,0.0,500000.0,Roberto Fernández
724041,2023-06-30,22/23,354,1132,KV Mechelen,Burnley,0.0,800000.0,Enock Agyei
724520,2023-06-30,22/23,331,131,CA Osasuna,Barcelona,0.0,15000000.0,Abde Ezzalzouli
725912,2023-06-30,22/23,13753,62,MFK Vyskov,Slavia Praha,0.0,300000.0,Antonín Kinský
742201,2023-06-30,22/23,142,13,Real Zaragoza,Atlético,0.0,2500000.0,Giuliano Simeone
743591,2023-06-30,22/23,383,1095,PSV,Troyes,0.0,5000000.0,Savinho
743600,2023-06-30,22/23,978,631,Vasco da Gama,Chelsea,0.0,15000000.0,Andrey Santos
766583,2023-06-30,22/23,648,368,CD Tenerife,Sevilla FC,0.0,1000000.0,Kike Salas
783396,2023-06-30,22/23,1050,12321,Villarreal,Girona,0.0,4000000.0,Ramón Terrats
787154,2023-06-30,22/23,5026,38006,Lommel SK,Girona FC B,0.0,300000.0,Eric Monjonell
819590,2023-06-30,22/23,13222,1531,CD Mirandés,Elche CF,0.0,1000000.0,José Salinas
852727,2023-06-30,22/23,16486,1244,CF Fuenlabrada,CD Leganés,0.0,300000.0,Diego García
857830,2023-06-30,22/23,8494,9961,RCD Mallorca B ,Deportivo Cali,0.0,500000.0,Daniel Luna
890817,2023-06-30,22/23,12567,3679,Eldense,Atl. Madrileño,0.0,50000.0,Dimitrios Stamatakis
908621,2023-06-30,22/23,52397,13702,Unionistas CF,R. Majadahonda,0.0,50000.0,Nabil Aberdin
926952,2023-06-30,22/23,5618,14355,Lecce U19,Nordsjaell. U19,0.0,400000.0,Patrick Dorgu
935300,2023-06-30,22/23,17676,6767,AD Alcorcón B,RM Castilla,0.0,25000.0,Piri
1032447,2023-06-30,22/23,21322,11669,Sanluqueño,Cádiz B,0.0,100000.0,Julio Cabrera
1054429,2023-06-30,22/23,21122,17686,CD Móstoles,CD Leganés B,0.0,,Carlos Guirao
99397,2023-05-31,22/23,3008,762,Hull City,Newcastle,0.0,1200000.0,Karl Darlow
148262,2023-05-31,22/23,1032,762,Reading,Newcastle,0.0,2500000.0,Jeff Hendrick
163744,2023-05-31,22/23,989,180,Bournemouth,Southampton,0.0,5000000.0,Jack Stephens
194386,2023-05-31,22/23,34888,11177,Salford,Fleetwood,0.0,200000.0,Alex Cairns
196722,2023-05-31,22/23,2578,873,St. Johnstone,Crystal Palace,0.0,350000.0,Remi Matthews
233124,2023-05-31,22/23,1010,405,Watford,Aston Villa,0.0,2800000.0,Kortney Hause
258919,2023-05-31,22/23,703,985,Nott'm Forest,Man Utd,0.0,22000000.0,Dean Henderson
319301,2023-05-31,22/23,931,399,Fulham,Leeds,0.0,13000000.0,Daniel James
324882,2023-05-31,22/23,1031,405,Luton,Aston Villa,0.0,4000000.0,Marvelous Nakamba
336367,2023-05-31,22/23,1032,641,Reading,Middlesbrough,0.0,1000000.0,Joe Lumley
341501,2023-05-31,22/23,1010,1003,Watford,Leicester,0.0,5000000.0,Hamza Choudhury
342046,2023-05-31,22/23,512,985,Stoke City,Man Utd,0.0,6000000.0,Axel Tuanzebe
376856,2023-05-31,22/23,1181,1148,Blackpool,Brentford,0.0,800000.0,Charlie Goode
420808,2023-05-31,22/23,677,1003,Ipswich,Leicester,0.0,800000.0,George Hirst
433183,2023-05-31,22/23,350,9265,Sheff Utd,Man City U21,0.0,5000000.0,Tommy Doyle
444208,2023-05-31,22/23,1132,2288,Burnley,Swansea,0.0,4000000.0,Michael Obafemi
456292,2023-05-31,22/23,2455,1148,Bristol Rovers,Brentford,0.0,300000.0,Ellery Balcombe
469064,2023-05-31,22/23,358,989,Charlton,Bournemouth,0.0,500000.0,Gavin Kilkenny
470596,2023-05-31,22/23,991,1148,MK Dons,Brentford,0.0,350000.0,Paris Maghoma
475416,2023-05-31,22/23,164,1110,Blackburn,Huddersfield,0.0,5000000.0,Sorba Thomas
484389,2023-05-31,22/23,1072,762,Peterborough,Newcastle,0.0,200000.0,Kell Watts
485585,2023-05-31,22/23,1132,9250,Burnley,Chelsea U21,0.0,9000000.0,Ian Maatsen
499604,2023-05-31,22/23,1027,1031,Bradford,Luton,0.0,200000.0,Dion Pereira
503743,2023-05-31,22/23,1181,9265,Blackpool,Man City U21,0.0,1800000.0,Morgan Rogers
503977,2023-05-31,22/23,1132,281,Burnley,Man City,0.0,15000000.0,Taylor Harwood-Bellis
504581,2023-05-31,22/23,641,543,Middlesbrough,Wolves,0.0,7000000.0,Ryan Giles
504855,2023-05-31,22/23,1034,1031,Grimsby Town,Luton,0.0,175000.0,John McAtee
506470,2023-05-31,22/23,1181,703,Blackpool,Nott'm Forest,0.0,2000000.0,Josh Bowler
512354,2023-05-31,22/23,3008,873,Hull City,Crystal Palace,0.0,3000000.0,Malcolm Ebiowei
520651,2023-05-31,22/23,3697,39336,Morecambe FC,Brighton U21,0.0,450000.0,Jensen Weir
532541,2023-05-31,22/23,2288,543,Swansea,Wolves,0.0,1000000.0,Luke Cundle
533662,2023-05-31,22/23,641,405,Middlesbrough,Aston Villa,0.0,10000000.0,Cameron Archer
535927,2023-05-31,22/23,990,1132,Coventry,Burnley,0.0,900000.0,Luke McNally
536835,2023-05-31,22/23,289,985,Sunderland,Man Utd,0.0,13000000.0,Amad Diallo
566799,2023-05-31,22/23,355,9265,Bolton,Man City U21,0.0,2500000.0,James Trafford
580809,2023-05-31,22/23,1150,39336,Leyton Orient,Brighton U21,0.0,350000.0,Ed Turns
582078,2023-05-31,22/23,11310,989,Slough,Bournemouth,0.0,200000.0,Will Dennis
583199,2023-05-31,22/23,350,9265,Sheff Utd,Man City U21,0.0,6000000.0,James McAtee
586834,2023-05-31,22/23,358,873,Charlton,Crystal Palace,0.0,1000000.0,Jesurun Rak-Sakyi
587002,2023-05-31,22/23,3455,1148,Forest Green,Brentford,0.0,700000.0,Myles Peart-Harris
607224,2023-05-31,22/23,337,985,Birmingham,Man Utd,0.0,8000000.0,Hannibal
610849,2023-05-31,22/23,466,9265,Preston,Man City U21,0.0,7000000.0,Liam Delap
610863,2023-05-31,22/23,3456,12124,Gateshead,Aston Villa U21,0.0,,Filip Marschall
614258,2023-05-31,22/23,1237,631,Brighton,Chelsea,0.0,16000000.0,Levi Colwill
614603,2023-05-31,22/23,2805,543,Wycombe,Wolves,0.0,1000000.0,Chem Campbell
614700,2023-05-31,22/23,1027,1132,Bradford,Burnley,0.0,300000.0,Dara Costelloe
614811,2023-05-31,22/23,6699,9253,Exeter City,Newcastle U21,0.0,250000.0,Joe White
624258,2023-05-31,22/23,355,9252,Bolton,Liverpool U21,0.0,1500000.0,Conor Bradley
626291,2023-05-31,22/23,2999,9253,Hamilton Acad.,Newcastle U21,0.0,125000.0,Lucas De Bolle
627248,2023-05-31,22/23,22,9261,Derby,Everton U21,0.0,900000.0,Lewis Dobbin
638649,2023-05-31,22/23,1088,8824,Rochdale,Sheff Utd U21,0.0,175000.0,Femi Seriki
645686,2023-05-31,22/23,2455,12124,Bristol Rovers,Aston Villa U21,0.0,450000.0,Lamare Bogarde
646353,2023-05-31,22/23,1198,39336,Lincoln City,Brighton U21,0.0,900000.0,Carl Rushworth
646658,2023-05-31,22/23,641,12124,Middlesbrough,Aston Villa U21,0.0,5000000.0,Aaron Ramsey
652979,2023-05-31,22/23,11177,9261,Fleetwood,Everton U21,0.0,500000.0,Lewis Warrington
659331,2023-05-31,22/23,1220,6945,Carlisle United,Palace U21,0.0,100000.0,John-Kymani Gordon
663225,2023-05-31,22/23,3455,9261,Forest Green,Everton U21,0.0,450000.0,Tyler Onyango
665390,2023-05-31,22/23,603,405,Cardiff,Aston Villa,0.0,2500000.0,Jaden Philogene
669366,2023-05-31,22/23,466,29,Preston,Everton,0.0,3500000.0,Tom Cannon
670878,2023-05-31,22/23,11438,9267,Harrow Borough,West Ham U21,0.0,,Jacob Knightbridge
696346,2023-05-31,22/23,6699,9262,Exeter City,Fulham U21,0.0,1200000.0,Jay Stansfield
696589,2023-05-31,22/23,1039,405,QPR,Aston Villa,0.0,4000000.0,Tim Iroegbunam
714458,2023-05-31,22/23,2454,39341,Doncaster,Leicester U21,0.0,100000.0,Ben Nelson
731466,2023-05-31,22/23,2794,9250,Havant & Water.,Chelsea U21,0.0,300000.0,Teddy Sharman-Lowe
732120,2023-05-31,22/23,3698,9250,Chelmsford,Chelsea U21,0.0,,Eddie Beach
735571,2023-05-31,22/23,641,931,Middlesbrough,Fulham,0.0,5000000.0,Rodrigo Muniz
802230,2023-05-31,22/23,3826,92433,St Albans City,Luton U21,0.0,,Aidan Francis-Clarke
811778,2023-05-31,22/23,466,985,Preston,Man Utd,0.0,6000000.0,Álvaro Carreras
827435,2023-05-31,22/23,22671,6918,Hanwell Town,Chelsea U18,0.0,,Max Merrick
939615,2023-05-31,22/23,20955,14648,Gosport Borough,Bournemouth U18,0.0,,Max Kinsey
1007378,2023-05-10,22/23,14876,199,Corinthians U20,Corinthians,,150000.0,Wesley
904802,2023-05-05,22/23,8817,610,Ajax U21,Ajax,,2500000.0,Jorrel Hato
972465,2023-04-27,22/23,56089,52910,Minnesota,San Antonio FC,0.0,100000.0,Tani Oluwaseyi
939615,2023-03-25,22/23,14648,20955,Bournemouth U18,Gosport Borough,0.0,,Max Kinsey
802230,2023-03-24,22/23,92433,3826,Luton U21,St Albans City,0.0,,Aidan Francis-Clarke
339501,2023-03-22,22/23,601,72309,KV Kortrijk,Austin,0.0,550000.0,Aleksandar Radovanovic
939615,2023-03-22,22/23,34773,14648,Wimborne,Bournemouth U18,0.0,,Max Kinsey
560694,2023-03-20,22/23,703,2440,Nott'm Forest,D.C. United,0.0,8000000.0,Lewis O'Brien
939615,2023-03-07,22/23,14648,34773,Bournemouth U18,Wimborne,0.0,,Max Kinsey
743600,2023-03-01,22/23,631,978,Chelsea,Vasco da Gama,0.0,12000000.0,Andrey Santos
1111589,2023-02-21,22/23,31623,1293,Academy Mawade Wade,Tromsø IL,50000.0,,El Hadji Malick Diouf
268642,2023-02-16,22/23,537,330,Botafogo,Atlético-MG,0.0,2500000.0,Renzo Saravia
745716,2023-02-14,22/23,8140,39336,Bognor Regis,Brighton U21,0.0,,Killian Cahill
257388,2023-02-08,22/23,10331,720,FC Porto B,FC Porto,,3500000.0,Wilson Manafá
798114,2023-02-05,22/23,330,10870,Atlético-MG,Fortaleza,1100000.0,2500000.0,Calebe
177847,2023-02-03,22/23,368,6890,Sevilla FC,Basaksehir,0.0,7000000.0,Adnan Januzaj
696506,2023-02-03,22/23,3302,11000,UD Almería,CD Lugo,0.0,1500000.0,Gui Guedes
293213,2023-02-02,22/23,2293,114,Konyaspor,Besiktas,3200000.0,6000000.0,Amir Hadziahmetovic
716276,2023-02-02,22/23,543,51772,Wolves,Cincinnati,0.0,3000000.0,Yerson Mosquera
943560,2023-02-02,22/23,27774,6945,Cork City,Palace U21,75000.0,25000.0,Franco Umeh
660735,2023-02-01,22/23,368,1775,Sevilla FC,San Lorenzo,0.0,4500000.0,Federico Gattoni
866246,2023-02-01,22/23,1092,1044,Brommapojkarna,Djurgården,900000.0,800000.0,Lucas Bergvall
99397,2023-01-31,22/23,762,3008,Newcastle,Hull City,0.0,1800000.0,Karl Darlow
131996,2023-01-31,22/23,6890,405,Basaksehir,Aston Villa,0.0,14000000.0,Bertrand Traoré
153427,2023-01-31,22/23,367,142,Rayo Vallecano,Real Zaragoza,0.0,800000.0,Bebé
156501,2023-01-31,22/23,13,703,Atlético Madrid,Nottm Forest,2300000.0,3000000.0,Felipe
165007,2023-01-31,22/23,940,714,Celta de Vigo,Espanyol,0.0,5000000.0,Denis Suárez
171679,2023-01-31,22/23,148,13,Tottenham,Atlético,0.0,12000000.0,Matt Doherty
182712,2023-01-31,22/23,281,27,Man City,Bayern Munich,0.0,70000000.0,João Cancelo
191217,2023-01-31,22/23,131,336,Barcelona,Sporting,1000000.0,15000000.0,Héctor Bellerín
245056,2023-01-31,22/23,416,931,Torino,Fulham,9800000.0,13000000.0,Saša Lukić
246291,2023-01-31,22/23,399,12,Leeds,Roma,0.0,12000000.0,Diego Llorente
246968,2023-01-31,22/23,1003,150,Leicester,Real Betis,0.0,6000000.0,Ayoze Pérez
251845,2023-01-31,22/23,1148,683,Brentford,Olympiacos,0.0,12000000.0,Sergi Canós
256429,2023-01-31,22/23,366,2687,Real Valladolid,Cádiz CF,0.0,2500000.0,Sergi Guardiola
286779,2023-01-31,22/23,3631,2687,América,Cádiz CF,0.0,1500000.0,Jorge Meré
298091,2023-01-31,22/23,512,1003,Stoke City,Leicester,17000000.0,6000000.0,Harry Souttar
314378,2023-01-31,22/23,11177,1031,Fleetwood,Luton,0.0,400000.0,Admiral Muskwe
324882,2023-01-31,22/23,405,1031,Aston Villa,Luton,0.0,5000000.0,Marvelous Nakamba
335225,2023-01-31,22/23,1050,237,Villarreal,RCD Mallorca,0.0,4000000.0,Manu Morlanes
342046,2023-01-31,22/23,985,512,Man Utd,Stoke City,0.0,6000000.0,Axel Tuanzebe
357628,2023-01-31,22/23,8733,171,Celta Vigo B,Real Murcia,0.0,300000.0,Alfon González
377219,2023-01-31,22/23,3057,366,Standard Liège,Real Valladolid,1000000.0,6500000.0,Selim Amallah
469064,2023-01-31,22/23,989,358,Bournemouth,Charlton,0.0,700000.0,Gavin Kilkenny
471474,2023-01-31,22/23,331,5358,CA Osasuna,SD Huesca,0.0,1000000.0,Javi Martínez
483348,2023-01-31,22/23,148,273,Tottenham,Stade Rennais,0.0,13000000.0,Djed Spence
553875,2023-01-31,22/23,336,148,Sporting,Tottenham,0.0,25000000.0,Pedro Porro
557147,2023-01-31,22/23,2448,714,Sporting Gijón,Espanyol,2800000.0,3000000.0,José Gragera
559130,2023-01-31,22/23,9267,9253,West Ham U21,Newcastle U21,3400000.0,300000.0,Harrison Ashby
559330,2023-01-31,22/23,3008,9249,Hull City,Arsenal U21,0.0,800000.0,Salah Oulad
560483,2023-01-31,22/23,367,1531,Rayo Vallecano,Elche CF,0.0,2500000.0,Randy Nteka
587520,2023-01-31,22/23,447,51828,Hajduk Split,LAFC,8500000.0,5000000.0,Stipe Biuk
636119,2023-01-31,22/23,630,993,Racing,Córdoba CF,0.0,300000.0,Marco Camus
645686,2023-01-31,22/23,12124,2455,Aston Villa U21,Bristol Rovers,0.0,300000.0,Lamare Bogarde
646658,2023-01-31,22/23,12124,641,Aston Villa U21,Middlesbrough,0.0,3000000.0,Aaron Ramsey
648195,2023-01-31,22/23,294,631,Benfica,Chelsea,121000000.0,55000000.0,Enzo Fernández
660438,2023-01-31,22/23,190,5817,Copenhagen,Sönderjyske,0.0,400000.0,Orri Óskarsson
660735,2023-01-31,22/23,1775,368,San Lorenzo,Sevilla FC,1400000.0,4500000.0,Federico Gattoni
668177,2023-01-31,22/23,13,13241,Atlético,UD Ibiza,0.0,700000.0,Javi Serrano
683571,2023-01-31,22/23,1416,1184,Amiens SC,Genk,5000000.0,2200000.0,Tolu Arokodare
715683,2023-01-31,22/23,1244,4032,CD Leganés,Ponferradina,0.0,600000.0,Naim García
724041,2023-01-31,22/23,1132,354,Burnley,KV Mechelen,0.0,450000.0,Enock Agyei
745452,2023-01-31,22/23,3786,9262,Walton & Hersh.,Fulham U21,0.0,,Devan Tanton
766583,2023-01-31,22/23,368,648,Sevilla FC,CD Tenerife,0.0,2000000.0,Kike Salas
805714,2023-01-31,22/23,10949,167,Sporting B,Augsburg,0.0,,Renato Veiga
827435,2023-01-31,22/23,6918,22671,Chelsea U18,Hanwell Town,0.0,,Max Merrick
857830,2023-01-31,22/23,9961,8494,Deportivo Cali,RCD Mallorca B ,0.0,700000.0,Daniel Luna
907219,2023-01-31,22/23,37003,92433,Dunstable,Luton U21,0.0,,Axel Piesold
908621,2023-01-31,22/23,13702,52397,R. Majadahonda,Unionistas CF,0.0,50000.0,Nabil Aberdin
944551,2023-01-31,22/23,1072,1031,Peterborough,Luton,450000.0,100000.0,Joe Taylor
251897,2023-01-30,22/23,621,1108,Athletic,Alavés,0.0,2500000.0,Asier Villalibre
357628,2023-01-30,22/23,630,8733,Racing,Celta Vigo B,0.0,300000.0,Alfon González
412045,2023-01-30,22/23,714,16795,Espanyol,Granada CF,0.0,1500000.0,Pol Lozano
469064,2023-01-30,22/23,512,989,Stoke City,Bournemouth,0.0,700000.0,Gavin Kilkenny
471474,2023-01-30,22/23,1532,331,Albacete,CA Osasuna,0.0,1000000.0,Javi Martínez
485963,2023-01-30,22/23,244,368,Marseille,Sevilla FC,0.0,10000000.0,Pape Gueye
537382,2023-01-30,22/23,148,368,Tottenham,Sevilla FC,0.0,12000000.0,Bryan Gil
614603,2023-01-30,22/23,543,2805,Wolves,Wycombe,0.0,500000.0,Chem Campbell
620322,2023-01-30,22/23,631,1041,Chelsea,Lyon,0.0,15000000.0,Malo Gusto
667287,2023-01-30,22/23,272,1237,AIK,Brighton,4000000.0,4000000.0,Yasin Ayari
668177,2023-01-30,22/23,13222,13,CD Mirandés,Atlético,0.0,700000.0,Javi Serrano
670861,2023-01-30,22/23,9252,2553,Liverpool U21,Kilmarnock FC,0.0,300000.0,Luke Chambers
683571,2023-01-30,22/23,5084,1416,Valmiera,Amiens SC,2500000.0,2200000.0,Tolu Arokodare
724041,2023-01-30,22/23,30857,1132,RSCA Futures,Burnley,350000.0,450000.0,Enock Agyei
735570,2023-01-30,22/23,614,543,Flamengo,Wolves,18700000.0,15000000.0,João Gomes
745851,2023-01-30,22/23,1078,8824,Oldham Athletic,Sheff Utd U21,0.0,,Sydie Peck
946276,2023-01-30,22/23,67751,11669,CD Ibiza,Cádiz B,0.0,25000.0,Adrián Salguero
444208,2023-01-29,22/23,2288,1132,Swansea,Burnley,0.0,4000000.0,Michael Obafemi
503733,2023-01-29,22/23,29,762,Everton,Newcastle,45600000.0,40000000.0,Anthony Gordon
593482,2023-01-29,22/23,1420,244,Angers SCO,Marseille,8000000.0,15000000.0,Azzedine Ounahi
620322,2023-01-29,22/23,1041,631,Lyon,Chelsea,30000000.0,15000000.0,Malo Gusto
683571,2023-01-29,22/23,1416,5084,Amiens SC,Valmiera,0.0,2200000.0,Tolu Arokodare
527350,2023-01-27,22/23,12321,2497,Girona,Real Oviedo,0.0,3000000.0,Manu Vallejo
579295,2023-01-27,22/23,496,2294,Malmö,Landskrona,,,Melker Widell
583255,2023-01-27,22/23,698,989,Bristol City,Bournemouth,10250000.0,3000000.0,Antoine Semenyo
612517,2023-01-27,22/23,9250,127,Chelsea U21,SC Paderborn,0.0,500000.0,Bashir Humphreys
663225,2023-01-27,22/23,9261,3455,Everton U21,Forest Green,0.0,450000.0,Tyler Onyango
51321,2023-01-26,22/23,379,989,West Ham,Bournemouth,0.0,500000.0,Darren Randolph
59349,2023-01-26,22/23,2448,3302,Sporting Gijón,UD Almería,80000.0,800000.0,Diego Mariño
127181,2023-01-26,22/23,162,969,Monaco,Montpellier,2000000.0,4000000.0,Benjamin Lecomte
212391,2023-01-26,22/23,1531,2687,Elche CF,Cádiz CF,2000000.0,2500000.0,Roger Martí
324223,2023-01-26,22/23,1031,180,Luton,Southampton,850000.0,3000000.0,James Bree
535927,2023-01-26,22/23,1132,990,Burnley,Coventry,0.0,900000.0,Luke McNally
551001,2023-01-26,22/23,355,9252,Bolton,Liverpool U21,0.0,400000.0,Owen Beck
943549,2023-01-26,22/23,27774,39336,Cork City,Brighton U21,50000.0,25000.0,Mark O'Mahony
127181,2023-01-25,22/23,714,162,Espanyol,Monaco,0.0,4000000.0,Benjamin Lecomte
136401,2023-01-25,22/23,698,543,Bristol City,Wolves,57000.0,1800000.0,Daniel Bentley
266795,2023-01-25,22/23,398,2687,Lazio,Cádiz CF,0.0,2000000.0,Gonzalo Escalante
303657,2023-01-25,22/23,46,290,Inter,AJ Auxerre,0.0,3500000.0,Ionuț Radu
355861,2023-01-25,22/23,1050,148,Villarreal,Tottenham,0.0,35000000.0,Arnaut Danjuma
467623,2023-01-25,22/23,968,1132,KVC Westerlo,Burnley,11000000.0,2000000.0,Lyle Foster
475416,2023-01-25,22/23,1110,164,Huddersfield,Blackburn,0.0,5000000.0,Sorba Thomas
624942,2023-01-25,22/23,398,2497,Lazio,Real Oviedo,0.0,2500000.0,Raúl Moro
237125,2023-01-24,22/23,11282,16795,Alanyaspor,Granada CF,0.0,3000000.0,Famara Diédhiou
266795,2023-01-24,22/23,2239,398,Cremonese,Lazio,0.0,2000000.0,Gonzalo Escalante
303657,2023-01-24,22/23,2239,46,Cremonese,Inter,0.0,3500000.0,Ionuț Radu
343463,2023-01-24,22/23,2282,366,Club Brugge,Real Valladolid,0.0,6000000.0,Cyle Larin
624942,2023-01-24,22/23,1103,398,Ternana,Lazio,0.0,2500000.0,Raúl Moro
907559,2023-01-24,22/23,14583,8172,Ind. Yumbo,Atl. Nacional,0.0,900000.0,Nelson Deossa
376856,2023-01-23,22/23,1148,1181,Brentford,Blackpool,0.0,800000.0,Charlie Goode
470596,2023-01-23,22/23,1148,991,Brentford,MK Dons,0.0,200000.0,Paris Maghoma
503679,2023-01-23,22/23,1181,31,Blackpool,Liverpool,0.0,3000000.0,Rhys Williams
775605,2023-01-23,22/23,3679,13,Atl. Madrileño,Atlético,,500000.0,Pablo Barrios
121477,2023-01-22,22/23,379,543,West Ham,Wolves,3750000.0,2500000.0,Craig Dawson
392179,2023-01-21,22/23,1044,1132,Djurgården,Burnley,2800000.0,3500000.0,Hjalmar Ekdal
108725,2023-01-20,22/23,762,703,Newcastle,Nott'm Forest,0.0,10000000.0,Chris Wood
134294,2023-01-20,22/23,405,379,Aston Villa,West Ham,12000000.0,16000000.0,Danny Ings
144028,2023-01-20,22/23,1237,11,Brighton,Arsenal,24000000.0,30000000.0,Leandro Trossard
503987,2023-01-20,22/23,383,631,PSV,Chelsea,35000000.0,15000000.0,Noni Madueke
564529,2023-01-20,22/23,190,1003,Copenhagen,Leicester,14000000.0,4000000.0,Victor Kristiansen
581675,2023-01-20,22/23,3008,9250,Hull City,Chelsea U21,0.0,2000000.0,Harvey Vale
582078,2023-01-20,22/23,989,11310,Bournemouth,Slough,0.0,200000.0,Will Dennis
610863,2023-01-20,22/23,12124,3456,Aston Villa U21,Gateshead,0.0,,Filip Marschall
225122,2023-01-19,22/23,543,294,Wolves,Benfica,0.0,32000000.0,Gonçalo Guedes
358032,2023-01-19,22/23,202,276,FC Groningen,Hellas Verona,550000.0,1300000.0,Cyril Ngonge
456292,2023-01-19,22/23,1148,2455,Brentford,Bristol Rovers,0.0,300000.0,Ellery Balcombe
512354,2023-01-19,22/23,873,3008,Crystal Palace,Hull City,0.0,3000000.0,Malcolm Ebiowei
528892,2023-01-19,22/23,9249,677,Arsenal U21,Ipswich,,600000.0,Harry Clarke
610622,2023-01-19,22/23,1533,6688,SD Eibar,Bilbao Athletic,,400000.0,Urko Izeta
823231,2023-01-19,22/23,1158,989,FC Lorient,Bournemouth,22500000.0,10000000.0,Dango Ouattara
432914,2023-01-18,22/23,221,6600,Santos,Internacional,0.0,1000000.0,John Victor
528892,2023-01-18,22/23,512,9249,Stoke City,Arsenal U21,0.0,600000.0,Harry Clarke
610622,2023-01-18,22/23,16575,1533,SD Amorebieta,SD Eibar,0.0,400000.0,Urko Izeta
663225,2023-01-18,22/23,2963,9261,Burton Albion,Everton U21,0.0,450000.0,Tyler Onyango
706138,2023-01-18,22/23,237,13222,RCD Mallorca,CD Mirandés,0.0,300000.0,Javi Llabrés
783396,2023-01-18,22/23,12321,1050,Girona,Villarreal,0.0,1500000.0,Ramón Terrats
834737,2023-01-18,22/23,2395,18669,SC YF Juventus,Penya Deportiva,0.0,25000.0,Adri Miranda
74230,2023-01-17,22/23,583,543,PSG,Wolves,5000000.0,20000000.0,Pablo Sarabia
264372,2023-01-17,22/23,338,12321,Dynamo Kyiv,Girona,5000000.0,22000000.0,Viktor Tsygankov
456292,2023-01-17,22/23,3537,1148,Crawley Town,Brentford,0.0,300000.0,Ellery Balcombe
490606,2023-01-17,22/23,1072,9250,Peterborough,Chelsea U21,0.0,250000.0,Lucas Bergström
610238,2023-01-17,22/23,8519,6912,Sevilla Atl.,Vizela,0.0,150000.0,Pedro Ortiz
714458,2023-01-17,22/23,39341,2454,Leicester U21,Doncaster,0.0,,Ben Nelson
385105,2023-01-16,22/23,2433,415,Colo-Colo,Toulouse,0.0,2000000.0,Gabriel Suazo
503769,2023-01-16,22/23,11,122,Arsenal,Sturm Graz,0.0,1500000.0,Arthur Okonkwo
503769,2023-01-15,22/23,1042,11,Crewe Alexandra,Arsenal,0.0,1500000.0,Arthur Okonkwo
537860,2023-01-15,22/23,660,631,Shakhtar D.,Chelsea,70000000.0,40000000.0,Mykhaylo Mudryk
626888,2023-01-15,22/23,1110,12124,Huddersfield,Aston Villa U21,0.0,1500000.0,Kaine Kesler-Hayden
711382,2023-01-15,22/23,681,1244,Real Sociedad,CD Leganés,0.0,5000000.0,Jon Karrikaburu
215810,2023-01-14,22/23,34888,1302,Salford,Northampton,,200000.0,Tom King
538977,2023-01-14,22/23,533,399,Hoffenheim,Leeds,40500000.0,16000000.0,Georginio Rutter
398163,2023-01-13,22/23,12,3709,Roma,Getafe,0.0,4500000.0,Gonzalo Villar
580809,2023-01-13,22/23,39336,1150,Brighton U21,Leyton Orient,0.0,200000.0,Ed Turns
614700,2023-01-13,22/23,1132,1027,Burnley,Bradford,0.0,300000.0,Dara Costelloe
659331,2023-01-13,22/23,6945,1220,Palace U21,Carlisle United,0.0,,John-Kymani Gordon
731466,2023-01-13,22/23,9250,2794,Chelsea U21,Havant & Water.,0.0,,Teddy Sharman-Lowe
732120,2023-01-13,22/23,9250,3698,Chelsea U21,Chelmsford,0.0,,Eddie Beach
398163,2023-01-12,22/23,1038,12,Sampdoria,Roma,0.0,4500000.0,Gonzalo Villar
495621,2023-01-12,22/23,418,1108,Real Madrid,Alavés,0.0,3500000.0,Antonio Blanco
610581,2023-01-12,22/23,2805,3884,Wycombe,AFC Wimbledon,,150000.0,Ali Al-Hamadi
610849,2023-01-12,22/23,9265,466,Man City U21,Preston,0.0,7000000.0,Liam Delap
193098,2023-01-11,22/23,150,405,Real Betis,Aston Villa,13500000.0,20000000.0,Álex Moreno
232964,2023-01-11,22/23,989,2778,Bournemouth,Nordsjaelland,0.0,1800000.0,Emiliano Marcondes
239949,2023-01-11,22/23,989,1039,Bournemouth,QPR,0.0,1500000.0,Jamal Lowe
495621,2023-01-11,22/23,2687,418,Cádiz CF,Real Madrid,0.0,3500000.0,Antonio Blanco
610849,2023-01-11,22/23,512,9265,Stoke City,Man City U21,0.0,7000000.0,Liam Delap
711625,2023-01-11,22/23,368,1531,Sevilla FC,Elche CF,0.0,5000000.0,José Ángel Carmona
748319,2023-01-11,22/23,1444,180,Racing Club,Southampton,13650000.0,8500000.0,Carlos Alcaraz
528888,2023-01-10,22/23,24575,931,HNK Gorica,Fulham,0.0,500000.0,Tyrese Francois
669366,2023-01-10,22/23,29,466,Everton,Preston,0.0,,Tom Cannon
128969,2023-01-09,22/23,190,1090,Copenhagen,AZ Alkmaar,500000.0,5000000.0,Mathew Ryan
611793,2023-01-09,22/23,989,43,Bournemouth,Heart of Midl.,0.0,1000000.0,James Hill
420808,2023-01-08,22/23,1003,677,Leicester,Ipswich,0.0,800000.0,George Hirst
420808,2023-01-07,22/23,164,1003,Blackburn,Leicester,0.0,800000.0,George Hirst
533662,2023-01-06,22/23,405,641,Aston Villa,Middlesbrough,0.0,8000000.0,Cameron Archer
614811,2023-01-06,22/23,9253,6699,Newcastle U21,Exeter City,0.0,,Joe White
714458,2023-01-06,22/23,1088,39341,Rochdale,Leicester U21,0.0,,Ben Nelson
12282,2023-01-05,22/23,610,27,Ajax,Bayern Munich,0.0,6000000.0,Daley Blind
181687,2023-01-05,22/23,641,677,Middlesbrough,Ipswich,0.0,400000.0,Massimo Luongo
463603,2023-01-05,22/23,162,631,Monaco,Chelsea,38000000.0,40000000.0,Benoît Badiashile
470596,2023-01-05,22/23,3884,1148,AFC Wimbledon,Brentford,0.0,200000.0,Paris Maghoma
506470,2023-01-05,22/23,703,1181,Nott'm Forest,Blackpool,0.0,2000000.0,Josh Bowler
585323,2023-01-05,22/23,11972,1050,Villarreal CF B,Villarreal,,1500000.0,Filip Jørgensen
821820,2023-01-05,22/23,16687,4030,CD Alfaro,Calahorra,0.0,25000.0,Pablo Sáenz
194386,2023-01-04,22/23,11177,34888,Fleetwood,Salford,0.0,200000.0,Alex Cairns
473050,2023-01-04,22/23,60,1148,Freiburg,Brentford,0.0,12000000.0,Kevin Schade
503743,2023-01-04,22/23,9265,1181,Man City U21,Blackpool,0.0,1800000.0,Morgan Rogers
506470,2023-01-04,22/23,683,703,Olympiacos,Nott'm Forest,0.0,2000000.0,Josh Bowler
609556,2023-01-04,22/23,22,350,Derby,Sheff Utd,0.0,,William Osula
668276,2023-01-04,22/23,23826,26,Leipzig,Basel,0.0,5000000.0,Hugo Novoa
646658,2023-01-03,22/23,1123,12124,Norwich,Aston Villa U21,0.0,3000000.0,Aaron Ramsey
444641,2023-01-02,22/23,12335,543,Solihull Moors,Wolves,0.0,200000.0,Louie Moulden
745716,2023-01-02,22/23,39336,8140,Brighton U21,Bognor Regis,0.0,,Killian Cahill
861981,2023-01-02,22/23,2619,252,Defensor SC,Genoa,3000000.0,1700000.0,Alan Matturro
74960,2023-01-01,22/23,985,762,Man Utd,Newcastle,0.0,4000000.0,Martin Dúbravka
434675,2023-01-01,22/23,383,31,PSV,Liverpool,42000000.0,60000000.0,Cody Gakpo
496661,2023-01-01,22/23,2963,1031,Burton Albion,Luton,0.0,300000.0,Elliot Thorpe
517894,2023-01-01,22/23,13,543,Atlético,Wolves,0.0,20000000.0,Matheus Cunha
561452,2023-01-01,22/23,1060,9267,Colchester Utd.,West Ham U21,0.0,250000.0,Dan Chesters
612496,2023-01-01,22/23,13,585,Atlético,São Paulo,0.0,5000000.0,Marcos Paulo
620362,2023-01-01,22/23,2962,9251,Altrincham,Man Utd U21,0.0,,Dermot Mee
636093,2023-01-01,22/23,8733,940,Celta Vigo B,Celta de Vigo,,1000000.0,Carlos Domínguez
646750,2023-01-01,22/23,6182,1049,Valencia B,Valencia,,1000000.0,Cristhian Mosquera
658115,2023-01-01,22/23,14707,2497,Oviedo Vetusta,Real Oviedo,,400000.0,Abel Bretones
699771,2023-01-01,22/23,6182,468,Valencia B,Sparta R.,0.0,100000.0,Pedro Alemañ
741142,2023-01-01,22/23,12574,288,Godoy Cruz,Estudiantes LP,1400000.0,700000.0,Zaid Romero
743384,2023-01-01,22/23,43560,2282,Club NXT,Club Brugge,,600000.0,Chemsdine Talbi
743600,2023-01-01,22/23,978,631,Vasco da Gama,Chelsea,12500000.0,10000000.0,Andrey Santos
743951,2023-01-01,22/23,2419,8793,River Plate,RB Bragantino,4800000.0,4000000.0,Thiago Borbas
766583,2023-01-01,22/23,8519,368,Sevilla Atl.,Sevilla FC,,2000000.0,Kike Salas
767229,2023-01-01,22/23,12319,8519,Sevilla FC C,Sevilla Atl.,,25000.0,Diego Hormigo
817665,2023-01-01,22/23,75337,3329,Famalicão U23,Famalicão,,300000.0,Pablo
820374,2023-01-01,22/23,9251,985,Man Utd U21,Man Utd,,300000.0,Kobbie Mainoo
822331,2023-01-01,22/23,10773,714,RCD Espanyol B,Espanyol,,500000.0,Omar El Hilali
883539,2023-01-01,22/23,10161,20116,Leeds U18,Leeds U21,,,Charlie Crew
890290,2023-01-01,22/23,11008,41101,Juventus U19,Juve Next Gen,,,Dean Huijsen
895316,2023-01-01,22/23,44202,8880,Alavés U19,Alavés B,,,Gaizka García
904802,2023-01-01,22/23,52068,8817,Ajax U18,Ajax U21,,,Jorrel Hato
907559,2023-01-01,22/23,11854,14583,Junior FC,Ind. Yumbo,0.0,900000.0,Nelson Deossa
916014,2023-01-01,22/23,16022,8519,Antequera CF,Sevilla Atl.,12000.0,150000.0,Isra Domínguez
938158,2023-01-01,22/23,39813,2470,Barça U18,Barça U19,,,Marc Guiu
940462,2023-01-01,22/23,11614,11610,UD Las Palmas C,Las Palmas Atl.,,,Pau Ferrer
941883,2023-01-01,22/23,10200,6182,Valencia U19,Valencia B,,,Martín Tejón
950091,2023-01-01,22/23,91869,1091,PAOK Saloniki B,PAOK,,,Stefanos Tzimas
983989,2023-01-01,22/23,1418,1237,Rosario Central,Brighton,6000000.0,9000000.0,Facundo Buonanotte
1005649,2023-01-01,22/23,14876,199,Corinthians U20,Corinthians,,,Murillo
1007378,2023-01-01,22/23,98742,14876,Corinthians U17,Corinthians U20,,150000.0,Wesley
1009658,2023-01-01,22/23,14835,333,Lanús II,Lanús,,200000.0,Julio Soler
1061650,2023-01-01,22/23,20277,38006,Girona U19,Girona FC B,,,Lucas García
1061660,2023-01-01,22/23,20277,38006,Girona U19,Girona FC B,,,Selvi Clua
1069512,2023-01-01,22/23,102525,16574,Bromma Jgd.,AIK U19,0.0,,Jonah Kusi-Asare
1076815,2023-01-01,22/23,69523,8733,Gran Peña,Celta Vigo B,,,Javi Rodríguez
1101641,2023-01-01,22/23,12769,16672,Angers SCO U19,Angers SCO B,,,Justin Kalumba
1108667,2023-01-01,22/23,50677,12806,Chelsea Youth,Sheff Utd U18,0.0,,Dovydas Sasnauskas
1124005,2023-01-01,22/23,98688,45352,Moralo B,Moralo CP,,,Christantus Uche
1135452,2023-01-01,22/23,14738,28866,Getafe CF Youth,Getafe U19,,,Jorge Benito
1144700,2023-01-01,22/23,19924,61444,Belgrano U20,Belgrano II,,,Matías Moreno
1230201,2023-01-01,22/23,99547,98688,CP Montehermoso,Moralo B,,,Sixtus Ogbuehi
282823,2022-12-31,22/23,3641,148,Degerfors,Tottenham,0.0,500000.0,Alfie Whiteman
286779,2022-12-31,22/23,82696,3631,Mazatlán FC,América,0.0,1500000.0,Jorge Meré
612496,2022-12-31,22/23,13222,13,CD Mirandés,Atlético,0.0,5000000.0,Marcos Paulo
656316,2022-12-31,22/23,432,631,Chicago,Chelsea,0.0,8000000.0,Gabriel Slonina
724530,2022-12-31,22/23,39337,39336,Derby U21,Brighton U21,0.0,,Leigh Kavanagh
741142,2022-12-31,22/23,9855,12574,LDU Quito,Godoy Cruz,0.0,700000.0,Zaid Romero
85288,2022-12-21,22/23,368,515,Sevilla FC,Without Club,,9000000.0,Isco
194386,2022-12-03,22/23,2577,11177,Hartlepool,Fleetwood,0.0,200000.0,Alex Cairns
579295,2022-11-30,22/23,45631,496,BK Olympic,Malmö,0.0,,Melker Widell
605426,2022-11-30,22/23,5200,496,IFK Malmö,Malmö,0.0,100000.0,Melker Ellborg
194386,2022-11-26,22/23,11177,2577,Fleetwood,Hartlepool,0.0,200000.0,Alex Cairns
1305792,2022-11-19,22/23,6647,38901,Chanticleers,Thundering Herd,0.0,,Álvaro García Pascual
745851,2022-11-10,22/23,8824,1078,Sheff Utd U21,Oldham Athletic,0.0,,Sydie Peck
766723,2022-11-01,22/23,28867,8519,Sevilla FC U19,Sevilla Atl.,,,Manu Bueno
1012534,2022-10-27,22/23,14364,173,Odense BK U19,Odense BK,,100000.0,Yankuba Minteh
1045123,2022-10-25,22/23,55415,14389,Leicester Yth.,Leicester U18,,,Trey Nyoni
533086,2022-10-17,22/23,515,9253,Without Club,Newcastle U21,,,Amadou Diallo
73517,2022-10-09,22/23,515,23826,Without Club,Leipzig,,600000.0,Ørjan Nyland
623025,2022-10-06,22/23,11245,8510,UD Sanse,Getafe CF B,0.0,50000.0,Sergio Gimeno
961944,2022-10-01,22/23,40422,2865,Betis U19,Betis Deportivo,,50000.0,Ginés Sorroche
1060087,2022-09-20,22/23,62555,7661,Olympiacos U17,Olympiacos U19,,,Charalampos Kostoulas
127048,2022-09-15,22/23,244,683,Marseille,Olympiacos,0.0,8000000.0,Cédric Bakambu
162038,2022-09-13,22/23,714,367,Espanyol,Rayo Vallecano,11000000.0,25000000.0,Raúl de Tomás
85864,2022-09-12,22/23,515,762,Without Club,Newcastle,,1500000.0,Loris Karius
129078,2022-09-08,22/23,180,114,Southampton,Besiktas,0.0,18000000.0,Nathan Redmond
181687,2022-09-08,22/23,515,641,Without Club,Middlesbrough,,1600000.0,Massimo Luongo
429790,2022-09-08,22/23,1095,3137,Troyes,FK TSC,0.0,700000.0,Luka Ilic
127032,2022-09-07,22/23,515,703,Without Club,Nottm Forest,,10000000.0,Serge Aurier
746739,2022-09-06,22/23,7048,8824,Bradford PA,Sheff Utd U21,0.0,,Andre Brooks
538006,2022-09-05,22/23,2865,16575,Betis Deportivo,SD Amorebieta,0.0,200000.0,Kwasi Sibo
131978,2022-09-04,22/23,515,417,Without Club,Nice,,12000000.0,Ross Barkley
506470,2022-09-02,22/23,703,683,Nott'm Forest,Olympiacos,0.0,2000000.0,Josh Bowler
528888,2022-09-02,22/23,931,24575,Fulham,HNK Gorica,0.0,500000.0,Tyrese Francois
702662,2022-09-02,22/23,3679,24445,Atl. Madrileño,CD Estepona FS,0.0,,Adrián Verde
724529,2022-09-02,22/23,990,6945,Coventry,Palace U21,0.0,400000.0,Tayo Adaramola
737138,2022-09-02,22/23,82851,8510,Paracuellos,Getafe CF B,0.0,50000.0,Facu Esnáider
745452,2022-09-02,22/23,9262,3786,Fulham U21,Walton & Hersh.,0.0,,Devan Tanton
1101641,2022-09-02,22/23,7875,12769,LOSC Lille U19,Angers SCO U19,0.0,,Justin Kalumba
66100,2022-09-01,22/23,180,12321,Southampton,Girona,5500000.0,5000000.0,Oriol Romeu
74960,2022-09-01,22/23,762,985,Newcastle,Man Utd,0.0,4000000.0,Martin Dúbravka
99559,2022-09-01,22/23,2687,16795,Cádiz CF,Granada CF,0.0,1000000.0,Alberto Perea
112515,2022-09-01,22/23,631,131,Chelsea,Barcelona,0.0,12000000.0,Marcos Alonso
126665,2022-09-01,22/23,583,29,PSG,Everton,4000000.0,12000000.0,Idrissa Gueye
142310,2022-09-01,22/23,543,703,Wolves,Nott'm Forest,2600000.0,6000000.0,Willy Boly
143559,2022-09-01,22/23,430,237,Fiorentina,RCD Mallorca,0.0,1500000.0,Matija Nastasić
162056,2022-09-01,22/23,3368,3302,Levante,UD Almería,1900000.0,4000000.0,Gonzalo Melero
163744,2022-09-01,22/23,180,989,Southampton,Bournemouth,0.0,7000000.0,Jack Stephens
168157,2022-09-01,22/23,543,405,Wolves,Aston Villa,15000000.0,28000000.0,Leander Dendoncker
191217,2022-09-01,22/23,11,131,Arsenal,Barcelona,0.0,20000000.0,Héctor Bellerín
195488,2022-09-01,22/23,931,12321,Fulham,Girona,0.0,2000000.0,Paulo Gazzaniga
238266,2022-09-01,22/23,244,180,Marseille,Southampton,8000000.0,16000000.0,Duje Caleta-Car
262939,2022-09-01,22/23,1531,1050,Elche CF,Villarreal,5500000.0,5000000.0,Johan Mojica
297257,2022-09-01,22/23,371,2420,Celtic,Vit. Guimarães,0.0,800000.0,Mikey Johnston
314378,2022-09-01,22/23,1031,11177,Luton,Fleetwood,0.0,400000.0,Admiral Muskwe
319301,2022-09-01,22/23,399,931,Leeds,Fulham,0.0,18000000.0,Daniel James
330659,2022-09-01,22/23,12,1049,Roma,Valencia,0.0,15000000.0,Justin Kluivert
337066,2022-09-01,22/23,366,12321,Real Valladolid,Girona,0.0,2500000.0,Toni Villa
337715,2022-09-01,22/23,3302,681,UD Almería,Real Sociedad,20000000.0,18000000.0,Umar Sadiq
344830,2022-09-01,22/23,985,337,Man Utd,Birmingham,1750000.0,3500000.0,Tahith Chong
372246,2022-09-01,22/23,1049,583,Valencia,PSG,18000000.0,50000000.0,Carlos Soler
392771,2022-09-01,22/23,631,3522,Chelsea,Spezia Calcio,0.0,13000000.0,Ethan Ampadu
396894,2022-09-01,22/23,1049,449,Valencia,Trabzonspor,3000000.0,12000000.0,Maxi Gómez
403898,2022-09-01,22/23,18,1132,Mönchengladbach,Burnley,0.0,4500000.0,Jordan Beyer
419648,2022-09-01,22/23,496,415,Malmö,Toulouse,4100000.0,3500000.0,Veljko Birmancevic
429983,2022-09-01,22/23,202,940,FC Groningen,Celta de Vigo,15040000.0,6000000.0,Jørgen Strand Larsen
451801,2022-09-01,22/23,2420,367,Vit. Guimarães,Rayo Vallecano,1500000.0,3000000.0,Abdul Mumin
471474,2022-09-01,22/23,331,1532,CA Osasuna,Albacete,0.0,2500000.0,Javi Martínez
484389,2022-09-01,22/23,762,1072,Newcastle,Peterborough,0.0,,Kell Watts
496661,2022-09-01,22/23,1031,2963,Luton,Burton Albion,0.0,300000.0,Elliot Thorpe
499604,2022-09-01,22/23,1031,1027,Luton,Bradford,0.0,250000.0,Dion Pereira
505219,2022-09-01,22/23,985,29,Man Utd,Everton,10400000.0,7000000.0,James Garner
506470,2022-09-01,22/23,1181,703,Blackpool,Nott'm Forest,2300000.0,2000000.0,Josh Bowler
514285,2022-09-01,22/23,24366,234,Feyenoord U21,Feyenoord,,,Quilindschy Hartman
527350,2022-09-01,22/23,1049,12321,Valencia,Girona,0.0,3000000.0,Manu Vallejo
527972,2022-09-01,22/23,1531,1536,Elche CF,Burgos CF,0.0,600000.0,Mourad El Ghezouani
569384,2022-09-01,22/23,46,1095,Inter,Troyes,0.0,7000000.0,Lucien Agoumé
581675,2022-09-01,22/23,9250,3008,Chelsea U21,Hull City,0.0,400000.0,Harvey Vale
609556,2022-09-01,22/23,350,22,Sheff Utd,Derby,0.0,,William Osula
617074,2022-09-01,22/23,23826,1049,Leipzig,Valencia,0.0,9000000.0,Ilaix Moriba
623526,2022-09-01,22/23,6767,12321,RM Castilla,Girona,0.0,300000.0,Toni Fuidias
626291,2022-09-01,22/23,9253,2999,Newcastle U21,Hamilton Acad.,0.0,,Lucas De Bolle
627626,2022-09-01,22/23,260,399,FC Zürich,Leeds,4500000.0,10000000.0,Wilfried Gnonto
646738,2022-09-01,22/23,9265,180,Man City U21,Southampton,7000000.0,,Juan Larios
652979,2022-09-01,22/23,9261,11177,Everton U21,Fleetwood,0.0,,Lewis Warrington
680806,2022-09-01,22/23,9265,180,Man City U21,Southampton,8000000.0,800000.0,Samuel Edozie
696346,2022-09-01,22/23,9262,6699,Fulham U21,Exeter City,0.0,500000.0,Jay Stansfield
696589,2022-09-01,22/23,405,1039,Aston Villa,QPR,0.0,2500000.0,Tim Iroegbunam
713649,2022-09-01,22/23,21550,47421,Recre Granada,CF Talavera,0.0,100000.0,Miguel Ángel Brau
724520,2022-09-01,22/23,131,331,Barcelona,CA Osasuna,0.0,8000000.0,Abde Ezzalzouli
724530,2022-09-01,22/23,39336,39337,Brighton U21,Derby U21,0.0,,Leigh Kavanagh
821522,2022-09-01,22/23,6699,24226,Exeter City,Wolves U21,580000.0,50000.0,Alfie Pond
866655,2022-09-01,22/23,6918,6893,Chelsea U18,Southampton U18,,,Tyler Dibling
897402,2022-09-01,22/23,21063,6930,Hamburg U17,Man City U18,0.0,,Farid Alfa-Ruprecht
994536,2022-09-01,22/23,15108,14837,River Plate U20,River Plate II,,,Claudio Echeverri
177847,2022-08-31,22/23,681,368,Real Sociedad,Sevilla FC,0.0,12000000.0,Adnan Januzaj
223725,2022-08-31,22/23,368,3709,Sevilla FC,Getafe,0.0,8000000.0,Munir El Haddadi
278404,2022-08-31,22/23,2687,8733,Cádiz CF,Celta Vigo B,0.0,500000.0,Martín Calderón
420808,2022-08-31,22/23,1003,164,Leicester,Blackburn,0.0,800000.0,George Hirst
469669,2022-08-31,22/23,618,1244,Saint-Étienne,CD Leganés,0.0,3000000.0,Yvan Neyou
475411,2022-08-31,22/23,1003,631,Leicester,Chelsea,80400000.0,40000000.0,Wesley Fofana
502821,2022-08-31,22/23,12,26,Roma,Basel,10540000.0,3500000.0,Riccardo Calafiori
536835,2022-08-31,22/23,985,289,Man Utd,Sunderland,0.0,15000000.0,Amad Diallo
551001,2022-08-31,22/23,9252,355,Liverpool U21,Bolton,0.0,400000.0,Owen Beck
596122,2022-08-31,22/23,142,367,Real Zaragoza,Rayo Vallecano,1800000.0,800000.0,Pep Chavarría
612496,2022-08-31,22/23,13,13222,Atlético,CD Mirandés,0.0,5000000.0,Marcos Paulo
628886,2022-08-31,22/23,368,648,Sevilla FC,CD Tenerife,0.0,600000.0,Iván Romero
654412,2022-08-31,22/23,738,289,Le Havre AC,Sunderland,1000000.0,700000.0,Abdoullah Ba
821522,2022-08-31,22/23,972,6699,Yeovil Town,Exeter City,0.0,50000.0,Alfie Pond
949116,2022-08-31,22/23,21121,17686,Leganés U19,CD Leganés B,,,Ro Abajas
994604,2022-08-31,22/23,16985,2440,D.C. United Ac.,D.C. United,,,Matai Akinmboni
1054429,2022-08-31,22/23,17686,21122,CD Leganés B,CD Móstoles,0.0,,Carlos Guirao
249126,2022-08-30,22/23,148,1038,Tottenham,Sampdoria,0.0,15000000.0,Harry Winks
355915,2022-08-30,22/23,800,148,Atalanta,Tottenham,52000000.0,48000000.0,Cristian Romero
392768,2022-08-30,22/23,631,15,Chelsea,Leverkusen,0.0,25000000.0,Callum Hudson-Odoi
412829,2022-08-30,22/23,1158,618,FC Lorient,Saint-Étienne,500000.0,1000000.0,Léo Pétrot
435648,2022-08-30,22/23,27,1025,Bayern Munich,Bologna,27500000.0,11000000.0,Joshua Zirkzee
455661,2022-08-30,22/23,86,64,Werder Bremen,SV Elversberg,0.0,600000.0,Nick Woltemade
541231,2022-08-30,22/23,31,33,Liverpool,FC Schalke 04,0.0,5000000.0,Sepp van den Berg
551001,2022-08-30,22/23,3329,9252,Famalicão,Liverpool U21,0.0,400000.0,Owen Beck
602105,2022-08-30,22/23,610,985,Ajax,Man Utd,95000000.0,35000000.0,Antony
607226,2022-08-30,22/23,273,2969,Stade Rennais,Dijon,0.0,2000000.0,Loum Tchaouna
617060,2022-08-30,22/23,2464,10718,Barça Atlètic,FC Andorra,0.0,800000.0,Mika Mármol
787154,2022-08-30,22/23,38006,5026,Girona FC B,Lommel SK,0.0,,Eric Monjonell
131978,2022-08-29,22/23,631,515,Chelsea,Without Club,,12000000.0,Ross Barkley
238407,2022-08-29,22/23,23826,681,Leipzig,Real Sociedad,0.0,10000000.0,Alexander Sørloth
355915,2022-08-29,22/23,148,800,Tottenham,Atalanta,0.0,48000000.0,Cristian Romero
369267,2022-08-29,22/23,232,3524,Spartak Moscow,Clermont Foot,0.0,900000.0,Maximiliano Caufriez
521964,2022-08-29,22/23,33,5,FC Schalke 04,AC Milan,12800000.0,6000000.0,Malick Thiaw
532541,2022-08-29,22/23,543,2288,Wolves,Swansea,0.0,800000.0,Luke Cundle
607224,2022-08-29,22/23,985,337,Man Utd,Birmingham,0.0,6000000.0,Hannibal
598765,2022-08-28,22/23,866,2687,Nacional,Cádiz CF,1900000.0,2000000.0,Brian Ocampo
217115,2022-08-26,22/23,1237,29,Brighton,Everton,11800000.0,18000000.0,Neal Maupay
349066,2022-08-26,22/23,681,762,Real Sociedad,Newcastle,77500000.0,30000000.0,Alexander Isak
447052,2022-08-26,22/23,621,1533,Athletic,SD Eibar,0.0,1500000.0,Peru Nolaskoain
561452,2022-08-26,22/23,9267,1060,West Ham U21,Colchester Utd.,0.0,250000.0,Dan Chesters
606576,2022-08-26,22/23,583,1132,Paris SG,Burnley,,250000.0,Denis Franchi
623521,2022-08-26,22/23,418,3709,Real Madrid,Getafe,0.0,1000000.0,Juanmi Latasa
668177,2022-08-26,22/23,13,13222,Atlético,CD Mirandés,0.0,,Javi Serrano
711544,2022-08-26,22/23,6945,54189,Palace U21,RWDM,0.0,150000.0,Jake O'Brien
343052,2022-08-25,22/23,11,417,Arsenal,Nice,0.0,25000000.0,Nicolas Pépé
375382,2022-08-25,22/23,2420,1049,Vit. Guimarães,Valencia,8000000.0,5000000.0,André Almeida
548188,2022-08-25,22/23,3679,10718,Atl. Madrileño,FC Andorra,0.0,1500000.0,Germán Valera
834737,2022-08-25,22/23,9478,2395,Espanyol U19,SC YF Juventus,0.0,,Adri Miranda
286384,2022-08-24,22/23,985,244,Man Utd,Marseille,0.0,6000000.0,Eric Bailly
288318,2022-08-24,22/23,714,3302,Espanyol,UD Almería,1000000.0,4000000.0,Adrián Embarba
488626,2022-08-23,22/23,331,1536,CA Osasuna,Burgos CF,0.0,800000.0,Jesús Areso
559330,2022-08-23,22/23,9249,3008,Arsenal U21,Hull City,0.0,,Salah Oulad
624942,2022-08-23,22/23,398,1103,Lazio,Ternana,0.0,2800000.0,Raúl Moro
1056096,2022-08-23,22/23,98735,39452,Rolly FC,Granada CF U19,,,Eghosa Bello
16306,2022-08-22,22/23,418,985,Real Madrid,Man Utd,70650000.0,40000000.0,Casemiro
131996,2022-08-22,22/23,405,6890,Aston Villa,Basaksehir,0.0,16000000.0,Bertrand Traoré
199369,2022-08-22,22/23,5358,472,SD Huesca,UD Las Palmas,0.0,3500000.0,Sandro Ramírez
233124,2022-08-22,22/23,405,1010,Aston Villa,Watford,0.0,4000000.0,Kortney Hause
404418,2022-08-22,22/23,197,234,Sparta Prague,Feyenoord,8300000.0,4500000.0,Dávid Hancko
587002,2022-08-22,22/23,1148,3455,Brentford,Forest Green,0.0,1000000.0,Myles Peart-Harris
735571,2022-08-21,22/23,931,641,Fulham,Middlesbrough,0.0,5000000.0,Rodrigo Muniz
353032,2022-08-19,22/23,44,3709,Hertha BSC,Getafe,0.0,10000000.0,Omar Alderete
429014,2022-08-19,22/23,543,703,Wolves,Nott'm Forest,29500000.0,11000000.0,Morgan Gibbs-White
636703,2022-08-19,22/23,2464,12351,Barça Atlètic,Linares,0.0,,Fermín López
1012534,2022-08-19,22/23,10428,14364,Steve Biko FC,Odense BK U19,,,Yankuba Minteh
495621,2022-08-18,22/23,418,2687,Real Madrid,Cádiz CF,0.0,5000000.0,Antonio Blanco
601883,2022-08-18,22/23,336,543,Sporting,Wolves,47400000.0,35000000.0,Matheus Nunes
610849,2022-08-18,22/23,9265,512,Man City U21,Stoke City,0.0,1500000.0,Liam Delap
352041,2022-08-17,22/23,585,537,São Paulo,Botafogo,350000.0,1000000.0,Lucas Perri
538996,2022-08-17,22/23,27,368,Bayern Munich,Sevilla FC,16000000.0,9000000.0,Tanguy Nianzou
608832,2022-08-17,22/23,4795,60,FC Ingolstadt,Freiburg,2900000.0,800000.0,Merlin Röhl
649452,2022-08-17,22/23,281,244,Man City,Marseille,0.0,4000000.0,Issa Kaboré
1019408,2022-08-17,22/23,21354,40495,Badajoz U19,Las Palmas U19,,,Iñaki González
352041,2022-08-16,22/23,2646,585,Náutico,São Paulo,0.0,1000000.0,Lucas Perri
366930,2022-08-16,22/23,58,281,RSC Anderlecht,Man City,15000000.0,10000000.0,Sergio Gómez
556385,2022-08-16,22/23,148,410,Tottenham,Udinese,0.0,17000000.0,Destiny Udogie
556385,2022-08-16,22/23,410,148,Udinese,Tottenham,18000000.0,17000000.0,Destiny Udogie
590690,2022-08-16,22/23,366,11596,Real Valladolid,AD Alcorcón,0.0,400000.0,Víctor García
620362,2022-08-16,22/23,9251,2962,Man Utd U21,Altrincham,0.0,,Dermot Mee
99922,2022-08-15,22/23,150,449,Real Betis,Trabzonspor,1250000.0,6000000.0,Marc Bartra
348795,2022-08-14,22/23,148,1050,Tottenham,Villarreal,0.0,22000000.0,Giovani Lo Celso
628498,2022-08-14,22/23,714,13222,Espanyol,CD Mirandés,0.0,100000.0,Jofre Carreras
66934,2022-08-13,22/23,873,703,Crystal Palace,Nottm Forest,0.0,4000000.0,Cheikhou Kouyaté
466805,2022-08-13,22/23,131,1049,Barcelona,Valencia,0.0,20000000.0,Nico González
603940,2022-08-12,22/23,6767,472,RM Castilla,UD Las Palmas,0.0,500000.0,Marvin Park
626888,2022-08-12,22/23,12124,1110,Aston Villa U21,Huddersfield,0.0,300000.0,Kaine Kesler-Hayden
636697,2022-08-12,22/23,3302,171,UD Almería,Real Murcia,0.0,250000.0,Arnau Solà
745689,2022-08-12,22/23,6930,39336,Man City U18,Brighton U21,,,Luca Barrington
821522,2022-08-12,22/23,6699,972,Exeter City,Yeovil Town,0.0,50000.0,Alfie Pond
221899,2022-08-11,22/23,221,3302,Santos,UD Almería,1500000.0,1500000.0,Léo Baptistão
258475,2022-08-11,22/23,3302,1108,UD Almería,Alavés,0.0,1200000.0,Nikola Maras
586834,2022-08-11,22/23,873,358,Crystal Palace,Charlton,0.0,500000.0,Jesurun Rak-Sakyi
668183,2022-08-11,22/23,621,13222,Athletic Club,CD Mirandés,0.0,2500000.0,Nico Serrano
40433,2022-08-10,22/23,46,244,Inter,Marseille,0.0,3500000.0,Alexis Sánchez
272622,2022-08-10,22/23,379,931,West Ham,Fulham,17800000.0,10000000.0,Issa Diop
341501,2022-08-10,22/23,1003,1010,Leicester,Watford,0.0,4000000.0,Hamza Choudhury
540941,2022-08-10,22/23,1038,1148,Sampdoria,Brentford,15000000.0,15000000.0,Mikkel Damsgaard
658269,2022-08-10,22/23,13222,16795,CD Mirandés,Granada CF,1500000.0,1000000.0,Víctor Meseguer
895458,2022-08-10,22/23,11615,41452,CD Guijuelo,CD Mirandés B,0.0,,Adrián Pica
128969,2022-08-09,22/23,681,190,Real Sociedad,Copenhagen,500000.0,5000000.0,Mathew Ryan
266795,2022-08-09,22/23,398,2239,Lazio,Cremonese,0.0,2500000.0,Gonzalo Escalante
394694,2022-08-09,22/23,78435,16795,Charlotte,Granada CF,1000000.0,1000000.0,Sergio Ruiz
485706,2022-08-09,22/23,1082,29,Lille,Everton,39870000.0,10000000.0,Amadou Onana
490421,2022-08-09,22/23,11669,2687,Cádiz B,Cádiz CF,,150000.0,Momo Mbaye
709347,2022-08-09,22/23,69015,15066,Salamanca CF B,Hércules CF B,0.0,,Antonio Alemán
944124,2022-08-09,22/23,82851,47421,Paracuellos,CF Talavera,0.0,,Lass Sangaré
128901,2022-08-08,22/23,543,29,Wolves,Everton,0.0,25000000.0,Conor Coady
225122,2022-08-08,22/23,1049,543,Valencia,Wolves,32600000.0,40000000.0,Gonçalo Guedes
398163,2022-08-08,22/23,12,1038,Roma,Sampdoria,0.0,5000000.0,Gonzalo Villar
469781,2022-08-08,22/23,234,989,Feyenoord,Bournemouth,15000000.0,17000000.0,Marcos Senesi
506248,2022-08-08,22/23,1533,714,SD Eibar,Espanyol,4500000.0,4000000.0,Edu Expósito
676042,2022-08-08,22/23,368,13222,Sevilla FC,CD Mirandés,0.0,500000.0,Juanlu Sánchez
905997,2022-08-08,22/23,2855,8733,SD Compostela,Celta Vigo B,,250000.0,Pablo Durán
85288,2022-08-07,22/23,418,368,Real Madrid,Sevilla FC,0.0,7500000.0,Isco
307519,2022-08-07,22/23,366,2687,Real Valladolid,Cádiz CF,0.0,1500000.0,Fede San Emeterio
563137,2022-08-07,22/23,9899,681,Real Sociedad B,Real Sociedad,,3000000.0,Robert Navarro
634431,2022-08-07,22/23,9899,681,Real Sociedad B,Real Sociedad,,3000000.0,Beñat Turrientes
448344,2022-08-06,22/23,714,16795,Espanyol,Granada CF,0.0,3000000.0,Óscar Melendo
746739,2022-08-06,22/23,8824,7048,Sheff Utd U21,Bradford PA,0.0,,Andre Brooks
284857,2022-08-05,22/23,1237,631,Brighton,Chelsea,65300000.0,28000000.0,Marc Cucurella
463605,2022-08-05,22/23,415,1082,Toulouse,Lille,3000000.0,3000000.0,Bafodé Diakité
545647,2022-08-05,22/23,940,11972,Celta de Vigo,Villarreal CF B,0.0,1500000.0,Sergio Carreira
586736,2022-08-05,22/23,9249,4542,Arsenal U21,CyD Leonesa,0.0,,Joel López
614258,2022-08-05,22/23,631,1237,Chelsea,Brighton,0.0,5000000.0,Levi Colwill
646658,2022-08-05,22/23,12124,1123,Aston Villa U21,Norwich,0.0,1000000.0,Aaron Ramsey
670878,2022-08-05,22/23,9267,11438,West Ham U21,Harrow Borough,0.0,,Jacob Knightbridge
1169436,2022-08-05,22/23,36810,70725,Dnipro U17,SC Dnipro-1 U19,,,Vladyslav Krapyvtsov
212391,2022-08-04,22/23,3368,1531,Levante,Elche CF,3000000.0,5000000.0,Roger Martí
286779,2022-08-04,22/23,3631,82696,América,Mazatlán FC,0.0,2500000.0,Jorge Meré
322702,2022-08-04,22/23,1096,1132,Royal Antwerp,Burnley,4000000.0,3000000.0,Benson Manuel
406040,2022-08-04,22/23,23826,800,Leipzig,Atalanta,16100000.0,10000000.0,Ademola Lookman
572265,2022-08-04,22/23,4172,610,Pisa,Ajax,0.0,6000000.0,Lorenzo Lucca
583199,2022-08-04,22/23,9265,350,Man City U21,Sheff Utd,0.0,3000000.0,James McAtee
801472,2022-08-04,22/23,9606,9250,Brighton U18,Chelsea U21,1000000.0,,Zak Sturge
504855,2022-08-03,22/23,1031,1034,Luton,Grimsby Town,0.0,,John McAtee
505674,2022-08-03,22/23,13,367,Atlético,Rayo Vallecano,0.0,3000000.0,Sergio Camello
581640,2022-08-03,22/23,2464,8733,Barça Atlètic,Celta Vigo B,0.0,100000.0,Coke Carrillo
627248,2022-08-03,22/23,9261,22,Everton U21,Derby,0.0,300000.0,Lewis Dobbin
656316,2022-08-03,22/23,631,432,Chelsea,Chicago,0.0,3000000.0,Gabriel Slonina
852727,2022-08-03,22/23,1244,16486,CD Leganés,CF Fuenlabrada,0.0,150000.0,Diego García
875235,2022-08-03,22/23,515,6945,Without Club,Palace U21,,75000.0,Seán Grehan
72476,2022-08-02,22/23,11,931,Arsenal,Fulham,3600000.0,9000000.0,Bernd Leno
378293,2022-08-02,22/23,281,12321,Man City,Girona,0.0,14000000.0,Yangel Herrera
395122,2022-08-02,22/23,4941,3329,León,Famalicão,0.0,2500000.0,Santiago Colombatto
504855,2022-08-02,22/23,1034,1031,Grimsby Town,Luton,,,John McAtee
656316,2022-08-02,22/23,432,631,Chicago,Chelsea,9090000.0,3000000.0,Gabriel Slonina
143812,2022-08-01,22/23,46,398,Inter,Lazio,0.0,3500000.0,Matías Vecino
297212,2022-08-01,22/23,148,273,Tottenham,Stade Rennais,0.0,8000000.0,Joe Rodon
298976,2022-08-01,22/23,418,3709,Real Madrid,Getafe,10000000.0,9000000.0,Borja Mayoral
399434,2022-08-01,22/23,641,989,Middlesbrough,Bournemouth,11900000.0,4500000.0,Marcus Tavernier
461617,2022-08-01,22/23,13,12321,Atlético,Girona,0.0,2000000.0,Rodrigo Riquelme
883539,2022-08-01,22/23,55579,10161,Cardiff City Yo,Leeds U18,,,Charlie Crew
947411,2022-08-01,22/23,12797,9264,Sunderland U18,Sunderland U21,,,Chris Rigg
331505,2022-07-30,22/23,131,940,Barcelona,Celta de Vigo,0.0,6000000.0,Óscar Mingueza
456292,2022-07-30,22/23,1148,3537,Brentford,Crawley Town,0.0,300000.0,Ellery Balcombe
591957,2022-07-30,22/23,8880,12405,Alavés B,Real Unión,0.0,50000.0,Victor Parada
819590,2022-07-30,22/23,1531,13222,Elche CF,CD Mirandés,0.0,500000.0,José Salinas
127108,2022-07-29,22/23,1108,367,Alavés,Rayo Vallecano,0.0,2000000.0,Florian Lejeune
406556,2022-07-29,22/23,39336,1237,Brighton U21,Brighton,,,Tom McGill
503769,2022-07-29,22/23,11,1042,Arsenal,Crewe Alexandra,0.0,1500000.0,Arthur Okonkwo
652331,2022-07-29,22/23,6767,171,RM Castilla,Real Murcia,0.0,200000.0,Javi Rueda
734425,2022-07-29,22/23,6942,54704,Fulham U18,Brentford B,,,Michael Olakigbe
866655,2022-07-29,22/23,6893,6918,Southampton U18,Chelsea U18,1700000.0,,Tyler Dibling
935300,2022-07-29,22/23,6767,17676,RM Castilla,AD Alcorcón B,0.0,,Piri
1015619,2022-07-29,22/23,102351,43562,HB Abuja,Jong KAA Gent,0.0,,Ahmed Abdullahi
76467,2022-07-28,22/23,1010,1050,Watford,Villarreal,980000.0,2500000.0,Kiko Femenía
175449,2022-07-28,22/23,1050,331,Villarreal,CA Osasuna,1800000.0,8000000.0,Moi Gómez
411975,2022-07-28,22/23,368,131,Sevilla FC,Barcelona,50000000.0,60000000.0,Jules Koundé
424042,2022-07-28,22/23,410,13,Udinese,Atlético,20000000.0,20000000.0,Nahuel Molina
584769,2022-07-28,22/23,1132,29,Burnley,Everton,17000000.0,18000000.0,Dwight McNeil
714458,2022-07-28,22/23,39341,1088,Leicester U21,Rochdale,0.0,,Ben Nelson
938146,2022-07-28,22/23,14321,21058,Barça U16,FC Bayern U17,0.0,,Adam Aznou
196722,2022-07-27,22/23,873,2578,Crystal Palace,St. Johnstone,0.0,300000.0,Remi Matthews
480762,2022-07-27,22/23,610,985,Ajax,Man Utd,57370000.0,32000000.0,Lisandro Martínez
578539,2022-07-27,22/23,27,873,Bayern Munich,Crystal Palace,12000000.0,7500000.0,Chris Richards
618809,2022-07-27,22/23,13,331,Atlético,CA Osasuna,0.0,10000000.0,Manu Sánchez
663225,2022-07-27,22/23,9261,2963,Everton U21,Burton Albion,0.0,200000.0,Tyler Onyango
724529,2022-07-27,22/23,6945,990,Palace U21,Coventry,0.0,,Tayo Adaramola
70245,2022-07-26,22/23,3709,16795,Getafe,Granada CF,0.0,1200000.0,Ignasi Miquel
348026,2022-07-26,22/23,23826,583,Leipzig,PSG,12000000.0,20000000.0,Nordi Mukiele
583510,2022-07-26,22/23,3709,16795,Getafe,Granada CF,0.0,300000.0,Miguel Rubio
665390,2022-07-26,22/23,405,603,Aston Villa,Cardiff,0.0,3000000.0,Jaden Philogene
801734,2022-07-26,22/23,273,27,Stade Rennais,Bayern Munich,20000000.0,2000000.0,Mathys Tel
811778,2022-07-26,22/23,985,466,Man Utd,Preston,0.0,2000000.0,Álvaro Carreras
61253,2022-07-25,22/23,430,16795,Fiorentina,Granada CF,0.0,1000000.0,José Callejón
129444,2022-07-25,22/23,714,12321,Espanyol,Girona,0.0,1800000.0,David López
281989,2022-07-25,22/23,16795,3709,Granada CF,Getafe,5000000.0,5000000.0,Luis Milla
520651,2022-07-25,22/23,39336,3697,Brighton U21,Morecambe FC,0.0,150000.0,Jensen Weir
522784,2022-07-25,22/23,40058,12321,New York City,Girona,0.0,12000000.0,Taty Castellanos
596446,2022-07-25,22/23,399,677,Leeds,Ipswich,1200000.0,800000.0,Leif Davis
74810,2022-07-22,22/23,1132,1148,Burnley,Brentford,0.0,2500000.0,Ben Mee
243879,2022-07-22,22/23,3329,2239,Famalicão,Cremonese,3800000.0,2500000.0,Charles Pickel
256267,2022-07-22,22/23,398,237,Lazio,RCD Mallorca,8020000.0,7000000.0,Vedat Muriqi
473169,2022-07-22,22/23,23826,610,Leipzig,Ajax,16350000.0,9000000.0,Brian Brobbey
720518,2022-07-22,22/23,1084,2464,Málaga CF,Barça Atlètic,0.0,600000.0,Roberto Fernández
743591,2022-07-22,22/23,1095,383,Troyes,PSV,0.0,6000000.0,Savinho
946276,2022-07-22,22/23,9478,67751,Espanyol U19,CD Ibiza,0.0,,Adrián Salguero
67082,2022-07-21,22/23,13,472,Atlético Madrid,UD Las Palmas,0.0,1500000.0,Vitolo
141660,2022-07-21,22/23,985,703,Man Utd,Nott'm Forest,0.0,18000000.0,Jesse Lingard
926952,2022-07-21,22/23,14355,5618,Nordsjaell. U19,Lecce U19,0.0,,Patrick Dorgu
199321,2022-07-20,22/23,940,244,Celta de Vigo,Marseille,0.0,3000000.0,Rubén Blanco
338285,2022-07-20,22/23,621,940,Athletic Club,Celta de Vigo,0.0,9000000.0,Unai Núñez
461883,2022-07-20,22/23,124,610,Rangers,Ajax,23000000.0,10000000.0,Calvin Bassey
560694,2022-07-20,22/23,1110,703,Huddersfield,Nott'm Forest,9400000.0,3500000.0,Lewis O'Brien
661145,2022-07-20,22/23,26468,12405,Dep. La Guaira,Real Unión,,300000.0,Jon Aramburu
38253,2022-07-19,22/23,27,131,Bayern Munich,Barcelona,45000000.0,45000000.0,Robert Lewandowski
326031,2022-07-19,22/23,506,27,Juventus,Bayern Munich,67000000.0,70000000.0,Matthijs de Ligt
405398,2022-07-19,22/23,418,681,Real Madrid,Real Sociedad,6500000.0,7500000.0,Takefusa Kubo
483348,2022-07-19,22/23,641,148,Middlesbrough,Tottenham,14700000.0,8000000.0,Djed Spence
503679,2022-07-19,22/23,31,1181,Liverpool,Blackpool,0.0,4000000.0,Rhys Williams
743589,2022-07-19,22/23,221,3302,Santos,UD Almería,7000000.0,8000000.0,Kaiky
890817,2022-07-19,22/23,3679,12567,Atl. Madrileño,Eldense,0.0,,Dimitrios Stamatakis
949489,2022-07-19,22/23,17676,8510,AD Alcorcón B,Getafe CF B,0.0,,Abdoulaye Keita
54217,2022-07-18,22/23,472,16795,UD Las Palmas,Granada CF,0.0,200000.0,Raúl Fernández
470596,2022-07-18,22/23,1148,3884,Brentford,AFC Wimbledon,0.0,200000.0,Paris Maghoma
505673,2022-07-18,22/23,13,142,Atlético,Real Zaragoza,0.0,3000000.0,Víctor Mollejo
551182,2022-07-18,22/23,11000,2865,CD Lugo,Betis Deportivo,0.0,200000.0,Fran Vieites
610622,2022-07-18,22/23,1533,16575,SD Eibar,SD Amorebieta,0.0,300000.0,Urko Izeta
618801,2022-07-18,22/23,31506,3679,Atl. Madrid U19,Atl. Madrileño,,,Alejandro Iturbe
661053,2022-07-17,22/23,29,383,Everton,PSV,0.0,3000000.0,Jarrad Branthwaite
709726,2022-07-16,22/23,1421,583,Stade Reims,PSG,0.0,28000000.0,Hugo Ekitiké
741238,2022-07-16,22/23,9249,9250,Arsenal U21,Chelsea U21,,,Omari Hutchinson
45494,2022-07-15,22/23,1132,703,Burnley,Nott'm Forest,0.0,500000.0,Wayne Hennessey
288323,2022-07-15,22/23,1020,677,Portsmouth,Ipswich,700000.0,100000.0,Marcus Harness
462070,2022-07-15,22/23,2419,2403,River Plate,Wanderers,0.0,125000.0,Nicolás Fonseca
485585,2022-07-15,22/23,9250,1132,Chelsea U21,Burnley,0.0,5000000.0,Ian Maatsen
638649,2022-07-15,22/23,8824,1088,Sheff Utd U21,Rochdale,0.0,150000.0,Femi Seriki
743498,2022-07-15,22/23,6326,1095,Paris SG U19,Troyes,0.0,,Wilson Odobert
866246,2022-07-15,22/23,8955,1092,IF Bromma U19,Brommapojkarna,,,Lucas Bergvall
29712,2022-07-14,22/23,543,337,Wolves,Birmingham,0.0,300000.0,John Ruddy
343273,2022-07-14,22/23,367,3368,Rayo Vallecano,Levante,0.0,300000.0,Joni Montiel
371851,2022-07-14,22/23,2410,410,CSKA Moscow,Udinese,5760000.0,3500000.0,Jaka Bijol
568559,2022-07-14,22/23,506,252,Juventus,Genoa,0.0,3500000.0,Radu Drăgușin
593412,2022-07-14,22/23,12321,12181,Girona,San Fernando CD,0.0,100000.0,Ilyas Chaira
625047,2022-07-14,22/23,621,13222,Athletic Club,CD Mirandés,0.0,500000.0,Beñat Prados
648195,2022-07-14,22/23,209,294,River Plate,Benfica,44250000.0,15000000.0,Enzo Fernández
717411,2022-07-14,22/23,60551,54704,SC Dnipro-1,Brentford B,1500000.0,400000.0,Yegor Yarmolyuk
127181,2022-07-13,22/23,162,714,Monaco,Espanyol,0.0,5000000.0,Benjamin Lecomte
339079,2022-07-13,22/23,1496,377,Pardubice,Banik Ostrava,0.0,300000.0,Jiri Letacek
411295,2022-07-13,22/23,399,131,Leeds,Barcelona,58000000.0,45000000.0,Raphinha
454576,2022-07-13,22/23,234,2503,Feyenoord,Boavista,0.0,1200000.0,Róbert Boženík
500067,2022-07-13,22/23,2410,44,CSKA Moscow,Hertha BSC,0.0,7500000.0,Chidera Ejuke
560705,2022-07-13,22/23,17686,12351,CD Leganés B,Linares,0.0,250000.0,Álex Sancris
792331,2022-07-13,22/23,16104,190,Copenhagen U19,Copenhagen,,1500000.0,Roony Bardghji
1032447,2022-07-13,22/23,11669,21322,Cádiz B,Sanluqueño,0.0,,Julio Cabrera
148262,2022-07-12,22/23,762,1032,Newcastle,Reading,0.0,5000000.0,Jeff Hendrick
242606,2022-07-12,22/23,58,1132,RSC Anderlecht,Burnley,3000000.0,5000000.0,Josh Cullen
469050,2022-07-12,22/23,1132,543,Burnley,Wolves,24300000.0,10000000.0,Nathan Collins
500689,2022-07-12,22/23,417,995,Nice,FC Nantes,0.0,3000000.0,Evann Guessand
625882,2022-07-12,22/23,47421,8733,CF Talavera,Celta Vigo B,0.0,150000.0,Javi Domínguez
644401,2022-07-12,22/23,3008,1148,Hull City,Brentford,19000000.0,12000000.0,Keane Lewis-Potter
882710,2022-07-12,22/23,59026,8519,UCAM Murcia B,Sevilla Atl.,0.0,,Ramón Martínez
1032280,2022-07-12,22/23,12318,8519,Málaga U19,Sevilla Atl.,0.0,,Oso
197135,2022-07-11,22/23,681,2687,Real Sociedad,Cádiz CF,0.0,4000000.0,Joseba Zaldua
257376,2022-07-11,22/23,16795,3709,Granada CF,Getafe,750000.0,8000000.0,Domingos Duarte
289257,2022-07-11,22/23,681,1108,Real Sociedad,Alavés,0.0,1200000.0,Jon Guridi
543387,2022-07-11,22/23,826,873,Lens,Crystal Palace,22600000.0,15000000.0,Cheick Doucouré
551001,2022-07-11,22/23,9252,3329,Liverpool U21,Famalicão,0.0,400000.0,Owen Beck
623025,2022-07-11,22/23,15080,11245,Rayo B,UD Sanse,0.0,,Sergio Gimeno
503680,2022-07-10,22/23,31,703,Liverpool,Nott'm Forest,20000000.0,8000000.0,Neco Williams
468198,2022-07-09,22/23,124,180,Rangers,Southampton,8200000.0,10000000.0,Joe Aribo
541621,2022-07-09,22/23,2865,10718,Betis Deportivo,FC Andorra,0.0,100000.0,Marc Vidal
559794,2022-07-09,22/23,148,289,Tottenham,Sunderland,,3500000.0,Jack Clarke
561702,2022-07-09,22/23,9899,2296,Real Sociedad B,CD Numancia,0.0,1000000.0,Gaizka Ayesa
591949,2022-07-09,22/23,1025,1148,Bologna,Brentford,14250000.0,18000000.0,Aaron Hickey
900601,2022-07-09,22/23,42394,9253,Galway United,Newcastle U21,100000.0,,Alex Murphy
907559,2022-07-09,22/23,14583,11854,Ind. Yumbo,Junior FC,0.0,525000.0,Nelson Deossa
982097,2022-07-09,22/23,54168,50677,Brighton Yth.,Chelsea Youth,1170000.0,,Shumaira Mheuka
182904,2022-07-08,22/23,131,148,Barcelona,Tottenham,0.0,12000000.0,Clément Lenglet
243760,2022-07-08,22/23,648,3368,CD Tenerife,Levante,0.0,500000.0,Álex Muñoz
284884,2022-07-08,22/23,368,940,Sevilla FC,Celta de Vigo,0.0,9000000.0,Óscar Rodríguez
303657,2022-07-08,22/23,46,2239,Inter,Cremonese,0.0,3500000.0,Ionuț Radu
439022,2022-07-08,22/23,141,368,Galatasaray,Sevilla FC,13000000.0,14000000.0,Marcão
505493,2022-07-08,22/23,8733,10718,Celta Vigo B,FC Andorra,0.0,300000.0,Diego Pampín
646353,2022-07-08,22/23,39336,1198,Brighton U21,Lincoln City,0.0,,Carl Rushworth
443222,2022-07-07,22/23,331,472,CA Osasuna,UD Las Palmas,250000.0,500000.0,Marc Cardona
459463,2022-07-07,22/23,1010,813,Watford,Columbus,9550000.0,9000000.0,Cucho Hernández
506189,2022-07-07,22/23,2288,379,Swansea,West Ham,10650000.0,2000000.0,Flynn Downes
576024,2022-07-07,22/23,209,281,River Plate,Man City,0.0,23000000.0,Julián Alvarez
636697,2022-07-07,22/23,2470,3302,Barça U19,UD Almería,0.0,250000.0,Arnau Solà
639733,2022-07-07,22/23,2464,630,Barça Atlètic,Racing,0.0,200000.0,Peque Fernández
707276,2022-07-07,22/23,6182,21550,Valencia B,Recre Granada,0.0,50000.0,Miki Bosch
717957,2022-07-07,22/23,367,993,Rayo Vallecano,Córdoba CF,0.0,500000.0,Jorge Moreno
35047,2022-07-06,22/23,16,13,Dortmund,Atlético,0.0,4000000.0,Axel Witsel
246963,2022-07-06,22/23,349,1031,Barnsley FC,Luton,2000000.0,1000000.0,Carlton Morris
309110,2022-07-06,22/23,940,681,Celta de Vigo,Real Sociedad,14000000.0,18000000.0,Brais Méndez
332705,2022-07-06,22/23,23826,399,Leipzig,Leeds,17000000.0,17000000.0,Tyler Adams
412042,2022-07-06,22/23,7971,21550,Hércules CF,Recre Granada,0.0,150000.0,Adri López
495625,2022-07-06,22/23,418,2687,Real Madrid,Cádiz CF,1000000.0,2500000.0,Víctor Chust
626953,2022-07-06,22/23,6688,2464,Bilbao Athletic,Barça Atlètic,0.0,400000.0,Álvaro Núñez
628451,2022-07-06,22/23,9265,180,Man City U21,Southampton,22260000.0,2000000.0,Roméo Lavia
743591,2022-07-06,22/23,330,1095,Atlético-MG,Troyes,6500000.0,6000000.0,Savinho
895331,2022-07-06,22/23,40422,2865,Betis U19,Betis Deportivo,,,Dani Pérez
937941,2022-07-06,22/23,10825,28643,FC Sochaux B,SK Beveren,0.0,,Thierno Barry
148368,2022-07-05,22/23,31,5,Liverpool,AC Milan,0.0,12000000.0,Divock Origi
237499,2022-07-05,22/23,237,1108,RCD Mallorca,Alavés,0.0,500000.0,Aleksandar Sedlar
339340,2022-07-05,22/23,234,985,Feyenoord,Man Utd,15000000.0,17000000.0,Tyrell Malacia
498237,2022-07-05,22/23,1075,720,Braga,Porto,20280000.0,15000000.0,David Carmo
567504,2022-07-05,22/23,1414,101419,Amora FC,CF Estrela U23,,,Guilherme Fernandes
196948,2022-07-04,22/23,631,131,Chelsea,Barcelona,0.0,35000000.0,Andreas Christensen
217144,2022-07-04,22/23,237,1084,RCD Mallorca,Málaga CF,0.0,1000000.0,Aleix Febas
257455,2022-07-04,22/23,336,931,Sporting,Fulham,24900000.0,25000000.0,João Palhinha
343463,2022-07-04,22/23,114,2282,Besiktas,Club Brugge,0.0,10000000.0,Cyle Larin
351749,2022-07-04,22/23,399,281,Leeds,Man City,49000000.0,50000000.0,Kalvin Phillips
363205,2022-07-04,22/23,281,11,Man City,Arsenal,52200000.0,50000000.0,Gabriel Jesus
433183,2022-07-04,22/23,9265,350,Man City U21,Sheff Utd,0.0,2500000.0,Tommy Doyle
457931,2022-07-04,22/23,398,150,Lazio,Real Betis,0.0,16000000.0,Luiz Felipe
640109,2022-07-04,22/23,46,749,Inter,FC Empoli,0.0,7000000.0,Martín Satriano
742201,2022-07-04,22/23,13,142,Atlético,Real Zaragoza,0.0,500000.0,Giuliano Simeone
340205,2022-07-03,22/23,16575,621,SD Amorebieta,Athletic Club,0.0,600000.0,Gorka Guruzeta
638588,2022-07-03,22/23,367,13241,Rayo Vallecano,UD Ibiza,0.0,200000.0,Martín Pascual
118997,2022-07-02,22/23,3368,331,Levante,CA Osasuna,0.0,2500000.0,Aitor Fernández
173504,2022-07-02,22/23,1132,29,Burnley,Everton,0.0,22000000.0,James Tarkowski
258919,2022-07-02,22/23,985,703,Man Utd,Nott'm Forest,0.0,18000000.0,Dean Henderson
284430,2022-07-02,22/23,16795,7077,Granada CF,FC Cartagena,0.0,1000000.0,Aarón Escandell
357628,2022-07-02,22/23,8733,630,Celta Vigo B,Racing,0.0,300000.0,Alfon González
469064,2022-07-02,22/23,989,512,Bournemouth,Stoke City,0.0,1500000.0,Gavin Kilkenny
569866,2022-07-02,22/23,681,13222,Real Sociedad,CD Mirandés,0.0,2000000.0,Roberto López
631002,2022-07-02,22/23,150,13222,Real Betis,CD Mirandés,0.0,500000.0,Raúl García
52570,2022-07-01,22/23,180,148,Southampton,Tottenham,0.0,2000000.0,Fraser Forster
73517,2022-07-01,22/23,1032,515,Reading,Without Club,,700000.0,Ørjan Nyland
81999,2022-07-01,22/23,1108,714,Alavés,Espanyol,0.0,5000000.0,Joselu
85864,2022-07-01,22/23,31,515,Liverpool,Without Club,,1500000.0,Loris Karius
85941,2022-07-01,22/23,10,281,Arm. Bielefeld,Man City,0.0,6000000.0,Stefan Ortega
86202,2022-07-01,22/23,631,418,Chelsea,Real Madrid,0.0,40000000.0,Antonio Rüdiger
99353,2022-07-01,22/23,681,3709,Real Sociedad,Getafe,0.0,9000000.0,Portu
110864,2022-07-01,22/23,984,873,West Brom,Crystal Palace,0.0,12000000.0,Sam Johnstone
120629,2022-07-01,22/23,583,379,PSG,West Ham,9300000.0,8000000.0,Alphonse Areola
127032,2022-07-01,22/23,1050,515,Villarreal,Without Club,,10000000.0,Serge Aurier
140191,2022-07-01,22/23,379,989,West Ham,Bournemouth,0.0,1500000.0,Ryan Fredericks
169801,2022-07-01,22/23,349,1031,Barnsley FC,Luton,,2000000.0,Cauley Woodrow
181687,2022-07-01,22/23,1035,515,Sheff Wed,Without Club,,1600000.0,Massimo Luongo
183293,2022-07-01,22/23,164,989,Blackburn,Bournemouth,0.0,3500000.0,Joe Rothwell
192009,2022-07-01,22/23,621,367,Athletic Club,Rayo Vallecano,0.0,4000000.0,Unai López
192080,2022-07-01,22/23,1132,762,Burnley,Newcastle,11500000.0,15000000.0,Nick Pope
206225,2022-07-01,22/23,762,1123,Newcastle,Norwich,0.0,8000000.0,Isaac Hayden
221311,2022-07-01,22/23,337,366,Birmingham,Real Valladolid,100000.0,800000.0,Iván Sánchez
226049,2022-07-01,22/23,762,466,Newcastle,Preston,,9000000.0,Freddie Woodman
238868,2022-07-01,22/23,1050,331,Villarreal,CA Osasuna,0.0,2500000.0,Rubén Peña
246204,2022-07-01,22/23,2687,367,Cádiz CF,Rayo Vallecano,0.0,2000000.0,Salvi Sánchez
247250,2022-07-01,22/23,366,2687,Real Valladolid,Cádiz CF,1000000.0,2500000.0,Rubén Alcaraz
250478,2022-07-01,22/23,405,762,Aston Villa,Newcastle,17500000.0,17000000.0,Matt Targett
251876,2022-07-01,22/23,79,237,Stuttgart,RCD Mallorca,3000000.0,5000000.0,Pablo Maffeo
252677,2022-07-01,22/23,3368,1050,Levante,Villarreal,0.0,4000000.0,José Luis Morales
257388,2022-07-01,22/23,720,10331,FC Porto,FC Porto B,,5000000.0,Wilson Manafá
271455,2022-07-01,22/23,969,294,Montpellier,Benfica,0.0,3500000.0,Mihailo Ristic
286047,2022-07-01,22/23,1390,749,Cagliari,FC Empoli,8500000.0,10000000.0,Guglielmo Vicario
286415,2022-07-01,22/23,12,244,Roma,Marseille,12000000.0,12000000.0,Pau López
292246,2022-07-01,22/23,23826,543,Leipzig,Wolves,16700000.0,16000000.0,Hee-chan Hwang
295313,2022-07-01,22/23,89,703,Union Berlin,Nott'm Forest,20500000.0,20000000.0,Taiwo Awoniyi
296802,2022-07-01,22/23,417,383,Nice,PSV,0.0,14000000.0,Walter Benítez
314241,2022-07-01,22/23,1032,512,Reading,Stoke City,0.0,2200000.0,Josh Laurent
336367,2022-07-01,22/23,641,1032,Middlesbrough,Reading,0.0,1000000.0,Joe Lumley
336869,2022-07-01,22/23,27,399,Bayern Munich,Leeds,12000000.0,7000000.0,Marc Roca
340456,2022-07-01,22/23,610,27,Ajax,Bayern Munich,0.0,20000000.0,Noussair Mazraoui
341092,2022-07-01,22/23,430,506,Fiorentina,Juventus,44600000.0,65000000.0,Federico Chiesa
357072,2022-07-01,22/23,2282,969,Club Brugge,Montpellier,0.0,3000000.0,Faitout Maouassa
361093,2022-07-01,22/23,1082,762,Lille,Newcastle,37000000.0,30000000.0,Sven Botman
365108,2022-07-01,22/23,417,26,Nice,Basel,2000000.0,4000000.0,Dan Ndoye
378710,2022-07-01,22/23,29,148,Everton,Tottenham,58000000.0,48000000.0,Richarlison
393323,2022-07-01,22/23,409,399,Salzburg,Leeds,32840000.0,25000000.0,Brenden Aaronson
394236,2022-07-01,22/23,434,452,FC Luzern,Young Boys,2000000.0,2500000.0,Filip Ugrinic
394327,2022-07-01,22/23,244,405,Marseille,Aston Villa,0.0,25000000.0,Boubacar Kamara
410425,2022-07-01,22/23,1237,148,Brighton,Tottenham,29200000.0,35000000.0,Yves Bissouma
411537,2022-07-01,22/23,385,1028,Fortuna Sittard,Millwall,2500000.0,2000000.0,Zian Flemming
413112,2022-07-01,22/23,162,418,Monaco,Real Madrid,80000000.0,60000000.0,Aurélien Tchouaméni
413262,2022-07-01,22/23,16795,1244,Granada CF,CD Leganés,0.0,900000.0,Dani Raba
415381,2022-07-01,22/23,798,234,Excelsior,Feyenoord,575000.0,400000.0,Mats Wieffer
415912,2022-07-01,22/23,11,79,Arsenal,Stuttgart,3200000.0,15000000.0,Konstantinos Mavropanos
418560,2022-07-01,22/23,16,281,Dortmund,Man City,60000000.0,150000000.0,Erling Haaland
431190,2022-07-01,22/23,1234,1108,Independiente,Alavés,0.0,450000.0,Carlos Protesoni
433818,2022-07-01,22/23,991,1132,MK Dons,Burnley,2900000.0,,Scott Twine
434990,2022-07-01,22/23,9899,681,Real Sociedad B,Real Sociedad,,300000.0,Álex Sola
441170,2022-07-01,22/23,336,114,Sporting,Besiktas,4800000.0,6000000.0,Valentin Rosier
444641,2022-07-01,22/23,543,12335,Wolves,Solihull Moors,0.0,200000.0,Louie Moulden
467623,2022-07-01,22/23,15136,968,Guimarães B,KVC Westerlo,1000000.0,800000.0,Lyle Foster
470596,2022-07-01,22/23,54704,1148,Brentford B,Brentford,,200000.0,Paris Maghoma
478573,2022-07-01,22/23,610,27,Ajax,Bayern Munich,18500000.0,35000000.0,Ryan Gravenberch
484389,2022-07-01,22/23,9253,762,Newcastle U21,Newcastle,,,Kell Watts
487969,2022-07-01,22/23,995,24,FC Nantes,Frankfurt,0.0,16000000.0,Randal Kolo Muani
488362,2022-07-01,22/23,9250,631,Chelsea U21,Chelsea,,25000000.0,Conor Gallagher
489359,2022-07-01,22/23,9598,38,Kawasaki Front.,F. Düsseldorf,1000000.0,1500000.0,Ao Tanaka
490606,2022-07-01,22/23,9250,1072,Chelsea U21,Peterborough,0.0,,Lucas Bergström
491616,2022-07-01,22/23,2503,1095,Boavista,Troyes,3500000.0,3000000.0,Jackson Porozo
495621,2022-07-01,22/23,6767,418,RM Castilla,Real Madrid,,5000000.0,Antonio Blanco
501743,2022-07-01,22/23,5026,468,Lommel SK,Sparta R.,0.0,800000.0,Koki Saito
503686,2022-07-01,22/23,9249,289,Arsenal U21,Sunderland,2300000.0,2000000.0,Dan Ballard
503977,2022-07-01,22/23,281,1132,Man City,Burnley,0.0,7000000.0,Taylor Harwood-Bellis
503990,2022-07-01,22/23,641,2288,Middlesbrough,Swansea,465000.0,300000.0,Nathan Wood
504581,2022-07-01,22/23,543,641,Wolves,Middlesbrough,0.0,3000000.0,Ryan Giles
505548,2022-07-01,22/23,22,1031,Derby,Luton,,400000.0,Louie Watson
512354,2022-07-01,22/23,22,873,Derby,Crystal Palace,0.0,1000000.0,Malcolm Ebiowei
520840,2022-07-01,22/23,4032,237,Ponferradina,RCD Mallorca,0.0,800000.0,José Copete
528892,2022-07-01,22/23,9249,512,Arsenal U21,Stoke City,0.0,350000.0,Harry Clarke
531404,2022-07-01,22/23,142,10718,Real Zaragoza,FC Andorra,0.0,300000.0,Marc Aguado
533086,2022-07-01,22/23,9267,515,West Ham U21,Without Club,,,Amadou Diallo
535927,2022-07-01,22/23,988,1132,Oxford United,Burnley,1850000.0,,Luke McNally
537763,2022-07-01,22/23,6767,92878,RM Castilla,RSC Inter FC,,100000.0,Jordi Martín
540536,2022-07-01,22/23,4030,1176,Calahorra,Racing Ferrol,0.0,250000.0,Carlos Vicente
548729,2022-07-01,22/23,527,26,Lausanne-Sport,Basel,0.0,2000000.0,Zeki Amdouni
553875,2022-07-01,22/23,281,336,Man City,Sporting,8770000.0,25000000.0,Pedro Porro
555074,2022-07-01,22/23,6933,12124,Aston Villa U18,Aston Villa U21,,50000.0,Oliwier Zych
556385,2022-07-01,22/23,276,410,Hellas Verona,Udinese,5200000.0,17000000.0,Destiny Udogie
559263,2022-07-01,22/23,931,31,Fulham,Liverpool,9400000.0,12000000.0,Fábio Carvalho
559979,2022-07-01,22/23,8880,1108,Alavés B,Alavés,,150000.0,Abdel Abqar
562742,2022-07-01,22/23,8494,237,RCD Mallorca B ,RCD Mallorca,,300000.0,Leo Román
566931,2022-07-01,22/23,583,383,PSG,PSV,0.0,4000000.0,Xavi Simons
567576,2022-07-01,22/23,9253,762,Newcastle U21,Newcastle,,200000.0,Elliot Anderson
569866,2022-07-01,22/23,9899,681,Real Sociedad B,Real Sociedad,,2000000.0,Roberto López
571743,2022-07-01,22/23,9250,631,Chelsea U21,Chelsea,,22000000.0,Armando Broja
573775,2022-07-01,22/23,3709,1049,Getafe,Valencia,4000000.0,10000000.0,Hugo Duro
580560,2022-07-01,22/23,9899,681,Real Sociedad B,Real Sociedad,,1000000.0,Jon Pacheco
583952,2022-07-01,22/23,5679,9249,Arsenal U18,Arsenal U21,,,James Sweet
586834,2022-07-01,22/23,6945,873,Palace U21,Crystal Palace,,500000.0,Jesurun Rak-Sakyi
591916,2022-07-01,22/23,6688,621,Bilbao Athletic,Athletic Club,,200000.0,Aitor Paredes
591957,2022-07-01,22/23,65711,8880,San Ignacio,Alavés B,,50000.0,Victor Parada
593412,2022-07-01,22/23,38006,12321,Girona FC B,Girona,,100000.0,Ilyas Chaira
595809,2022-07-01,22/23,7378,410,Portimonense,Udinese,15000000.0,10000000.0,Beto
599231,2022-07-01,22/23,2464,2282,Barça Atlètic,Club Brugge,5000000.0,3000000.0,Ferran Jutglà
607224,2022-07-01,22/23,9251,985,Man Utd U21,Man Utd,,6000000.0,Hannibal
608175,2022-07-01,22/23,512,1031,Stoke City,Luton,,600000.0,Alfie Doughty
609556,2022-07-01,22/23,8824,350,Sheff Utd U21,Sheff Utd,,,William Osula
610622,2022-07-01,22/23,50186,1533,SD Eibar B,SD Eibar,,300000.0,Urko Izeta
614258,2022-07-01,22/23,9250,631,Chelsea U21,Chelsea,,5000000.0,Levi Colwill
614603,2022-07-01,22/23,24226,543,Wolves U21,Wolves,,,Chem Campbell
614700,2022-07-01,22/23,24214,1132,Burnley U21,Burnley,,,Dara Costelloe
614988,2022-07-01,22/23,31506,3679,Atl. Madrid U19,Atl. Madrileño,,,Ilias Kostis
617018,2022-07-01,22/23,16104,190,Copenhagen U19,Copenhagen,,250000.0,Marko Stamenić
623521,2022-07-01,22/23,6767,418,RM Castilla,Real Madrid,,1000000.0,Juanmi Latasa
624258,2022-07-01,22/23,9252,355,Liverpool U21,Bolton,0.0,1000000.0,Conor Bradley
625014,2022-07-01,22/23,6688,621,Bilbao Athletic,Athletic Club,,5000000.0,Julen Agirrezabala
625047,2022-07-01,22/23,6688,621,Bilbao Athletic,Athletic Club,,500000.0,Beñat Prados
625655,2022-07-01,22/23,44822,9899,Real Sociedad C,Real Sociedad B,,300000.0,Jon Magunazelaia
625657,2022-07-01,22/23,44822,9899,Real Sociedad C,Real Sociedad B,,150000.0,Unai Marrero
627290,2022-07-01,22/23,12317,1531,Elche Ilicitano,Elche CF,,,John Donald
628498,2022-07-01,22/23,10773,714,RCD Espanyol B,Espanyol,,100000.0,Jofre Carreras
628886,2022-07-01,22/23,8519,368,Sevilla Atl.,Sevilla FC,,600000.0,Iván Romero
631002,2022-07-01,22/23,2865,150,Betis Deportivo,Real Betis,,500000.0,Raúl García
631693,2022-07-01,22/23,8880,1108,Alavés B,Alavés,,200000.0,Jesús Owono
633652,2022-07-01,22/23,370,9252,Aberdeen FC,Liverpool U21,4900000.0,5000000.0,Calvin Ramsay
634131,2022-07-01,22/23,8516,331,Osasuna B,CA Osasuna,,400000.0,Aimar Oroz
636686,2022-07-01,22/23,2470,2464,Barça U19,Barça Atlètic,,,Arnau Rafús
636688,2022-07-01,22/23,2464,131,Barça Atlètic,Barcelona,,4000000.0,Alejandro Balde
636695,2022-07-01,22/23,2470,2464,Barça U19,Barça Atlètic,,,Marc Casadó
636703,2022-07-01,22/23,2470,2464,Barça U19,Barça Atlètic,,,Fermín López
646735,2022-07-01,22/23,31506,3679,Atl. Madrid U19,Atl. Madrileño,,,Aitor Gismera
646741,2022-07-01,22/23,15509,69523,Celta U19,Celta C-GP,,,César Fernández
646750,2022-07-01,22/23,10200,6182,Valencia U19,Valencia B,,1000000.0,Cristhian Mosquera
654253,2022-07-01,22/23,5242,9251,Man Utd U18,Man Utd U21,,,Toby Collyer
655815,2022-07-01,22/23,6950,6945,Palace U18,Palace U21,,,Jadan Raymond
657817,2022-07-01,22/23,9844,39336,FC Porto U19,Brighton U21,,,Benicio Baker-Boaitey
660438,2022-07-01,22/23,16104,190,Copenhagen U19,Copenhagen,,100000.0,Orri Óskarsson
666547,2022-07-01,22/23,11676,1390,Cagliari U19,Cagliari,,800000.0,Zito Luvumbo
668177,2022-07-01,22/23,3679,13,Atl. Madrileño,Atlético,,,Javi Serrano
668183,2022-07-01,22/23,6688,621,Bilbao Athletic,Athletic Club,,2500000.0,Nico Serrano
668184,2022-07-01,22/23,40422,2865,Betis U19,Betis Deportivo,,,Quique Fernández
668210,2022-07-01,22/23,28870,92878,Real Madrid U19,RSC Inter FC,,,Ferran Ruiz
669366,2022-07-01,22/23,9261,29,Everton U21,Everton,,,Tom Cannon
670843,2022-07-01,22/23,6922,9252,Liverpool U18,Liverpool U21,,,Isaac Mabaya
670848,2022-07-01,22/23,9955,9267,West Ham U18,West Ham U21,,,Divin Mubama
670861,2022-07-01,22/23,6922,9252,Liverpool U18,Liverpool U21,,,Luke Chambers
670878,2022-07-01,22/23,9955,9267,West Ham U18,West Ham U21,,,Jacob Knightbridge
670882,2022-07-01,22/23,1464,16,B. Dortmund U19,Dortmund,,4000000.0,Jamie Gittens
671649,2022-07-01,22/23,10789,1075,Braga B,Braga,,325000.0,Álvaro Djaló
676042,2022-07-01,22/23,8519,368,Sevilla Atl.,Sevilla FC,,500000.0,Juanlu Sánchez
681615,2022-07-01,22/23,6918,9250,Chelsea U18,Chelsea U21,,,Jimi Tauriainen
683620,2022-07-01,22/23,234,24366,Feyenoord,Feyenoord U21,,1000000.0,Antoni Milambo
689637,2022-07-01,22/23,2470,2464,Barça U19,Barça Atlètic,,,Chadi Riad
696506,2022-07-01,22/23,2420,3302,Vit. Guimarães,UD Almería,3000000.0,500000.0,Gui Guedes
698151,2022-07-01,22/23,6943,9253,Newcastle U18,Newcastle U21,,,Michael Ndiweni
698678,2022-07-01,22/23,24226,543,Wolves U21,Wolves,,,Hugo Bueno
701021,2022-07-01,22/23,9606,39336,Brighton U18,Brighton U21,,,Ruairi McConville
701057,2022-07-01,22/23,6930,281,Man City U18,Man City,,,Rico Lewis
705813,2022-07-01,22/23,10773,714,RCD Espanyol B,Espanyol,,250000.0,Rubén Sánchez
706138,2022-07-01,22/23,8494,237,RCD Mallorca B ,RCD Mallorca,,,Javi Llabrés
706815,2022-07-01,22/23,6922,9252,Liverpool U18,Liverpool U21,,,Harvey Davies
706822,2022-07-01,22/23,6928,9254,Spurs U18,Tottenham U21,,,Roshaun Mathurin
707359,2022-07-01,22/23,68188,28014,Guimarães U23,UD Poblense,0.0,,Etienne Eto'o
708072,2022-07-01,22/23,11008,41101,Juventus U19,Juve Next Gen,,250000.0,Nicolò Savona
709372,2022-07-01,22/23,12853,11972,FC Villarreal C,Villarreal CF B,,,Carlos Romero
709969,2022-07-01,22/23,2470,2464,Barça U19,Barça Atlètic,,3000000.0,Ilias Akhomach
709971,2022-07-01,22/23,39813,2470,Barça U18,Barça U19,,,Xavi Moreno
710007,2022-07-01,22/23,6767,92878,RM Castilla,RSC Inter FC,,50000.0,Fer Rodríguez
711367,2022-07-01,22/23,44822,9899,Real Sociedad C,Real Sociedad B,,50000.0,Egoitz Arana
711374,2022-07-01,22/23,44822,9899,Real Sociedad C,Real Sociedad B,,150000.0,Jon Gorrotxategi
711377,2022-07-01,22/23,44822,9899,Real Sociedad C,Real Sociedad B,,100000.0,Alberto Dadie
711380,2022-07-01,22/23,44822,9899,Real Sociedad C,Real Sociedad B,,150000.0,Jon Balda
711382,2022-07-01,22/23,9899,681,Real Sociedad B,Real Sociedad,,5000000.0,Jon Karrikaburu
711625,2022-07-01,22/23,8519,368,Sevilla Atl.,Sevilla FC,,200000.0,José Ángel Carmona
712115,2022-07-01,22/23,6943,9253,Newcastle U18,Newcastle U21,,,James Huntley
715628,2022-07-01,22/23,15509,8733,Celta U19,Celta Vigo B,,,Damián Rodríguez
718034,2022-07-01,22/23,8880,1108,Alavés B,Alavés,,100000.0,Abde Rebbach
718177,2022-07-01,22/23,11516,8880,Atl. Levante,Alavés B,0.0,50000.0,Joseda Álvarez
719673,2022-07-01,22/23,87553,6922,Celtic Youth,Liverpool U18,710000.0,,Ben Gannon-Doak
720038,2022-07-01,22/23,630,131,Racing,Barcelona,6000000.0,3000000.0,Pablo Torre
724520,2022-07-01,22/23,2464,131,Barça Atlètic,Barcelona,,8000000.0,Abde Ezzalzouli
724530,2022-07-01,22/23,9606,39336,Brighton U18,Brighton U21,,,Leigh Kavanagh
724783,2022-07-01,22/23,10006,26117,Ipswich U18,Ipswich U21,,,Tawanda Chirewa
727089,2022-07-01,22/23,30857,58,RSCA Futures,RSC Anderlecht,,,Noah Sadiki
732120,2022-07-01,22/23,6893,9250,Southampton U18,Chelsea U21,,,Eddie Beach
738269,2022-07-01,22/23,6928,9254,Spurs U18,Tottenham U21,,,Dante Cassanova
741236,2022-07-01,22/23,54704,1148,Brentford B,Brentford,,,Matthew Cox
741251,2022-07-01,22/23,70397,10200,Valencia U18,Valencia U19,,,Vicent Abril
741253,2022-07-01,22/23,14734,31506,Atl. Madrid U17,Atl. Madrid U19,,,Javier Boñar
741257,2022-07-01,22/23,39822,28870,Real Madrid U18,Real Madrid U19,,,Álex Jiménez
741289,2022-07-01,22/23,39822,28870,Real Madrid U18,Real Madrid U19,,,Youssef Enríquez
742201,2022-07-01,22/23,3679,13,Atl. Madrileño,Atlético,,500000.0,Giuliano Simeone
742521,2022-07-01,22/23,24463,8172,Nacional U20,Atl. Nacional,,,Jhon Solís
742770,2022-07-01,22/23,875,11204,Adelaide United,Stade Reims B,,350000.0,Mohamed Touré
742943,2022-07-01,22/23,50683,5679,Arsenal Youth,Arsenal U18,,,Michał Rosiak
743384,2022-07-01,22/23,66530,43560,Club Brugge U18,Club NXT,,,Chemsdine Talbi
743414,2022-07-01,22/23,5679,9249,Arsenal U18,Arsenal U21,,,Lino Sousa
743553,2022-07-01,22/23,87553,67280,Celtic Youth,Celtic U18,,,Evan Easton
744149,2022-07-01,22/23,9258,164,Blackburn U21,Blackburn,,,Adam Wharton
745181,2022-07-01,22/23,9668,162,Monaco U21,Monaco,,200000.0,Soungoutou Magassa
745452,2022-07-01,22/23,6942,9262,Fulham U18,Fulham U21,,,Devan Tanton
745716,2022-07-01,22/23,9606,39336,Brighton U18,Brighton U21,,,Killian Cahill
745846,2022-07-01,22/23,5679,9249,Arsenal U18,Arsenal U21,,,Mauro Bandeira
745851,2022-07-01,22/23,12806,8824,Sheff Utd U18,Sheff Utd U21,,,Sydie Peck
747009,2022-07-01,22/23,67284,2802,Kilmarnock B,Airdrieonians,0.0,25000.0,Justin Devenny
747153,2022-07-01,22/23,5242,9251,Man Utd U18,Man Utd U21,,,Dan Gore
747197,2022-07-01,22/23,39822,28873,Real Madrid U18,Almería U19,0.0,,Bruno Iribarne
749978,2022-07-01,22/23,11614,11610,UD Las Palmas C,Las Palmas Atl.,,,Ale Gorrin
756591,2022-07-01,22/23,9606,39336,Brighton U18,Brighton U21,,,Samy Chouchane
764859,2022-07-01,22/23,1059,940,Hammarby,Celta de Vigo,5500000.0,5000000.0,Williot Swedberg
765467,2022-07-01,22/23,20299,17596,Volendam U21,Utrecht U21,0.0,50000.0,Jozhua Vertrouwd
766552,2022-07-01,22/23,28867,8519,Sevilla FC U19,Sevilla Atl.,,,Alberto Flores
767229,2022-07-01,22/23,28867,12319,Sevilla FC U19,Sevilla FC C,,,Diego Hormigo
775605,2022-07-01,22/23,31506,3679,Atl. Madrid U19,Atl. Madrileño,,,Pablo Barrios
780630,2022-07-01,22/23,5242,9251,Man Utd U18,Man Utd U21,,,Willy Kambwala
785353,2022-07-01,22/23,8516,331,Osasuna B,CA Osasuna,,400000.0,Pablo Ibáñez
790992,2022-07-01,22/23,6918,9250,Chelsea U18,Chelsea U21,,,Alfie Gilchrist
794816,2022-07-01,22/23,5242,9251,Man Utd U18,Man Utd U21,,,Rhys Bennett
797679,2022-07-01,22/23,12801,24226,Wolves U18,Wolves U21,,,Aaron Keto-Diyawa
801474,2022-07-01,22/23,9606,39336,Brighton U18,Brighton U21,,,Ben Jackson
802230,2022-07-01,22/23,14619,92433,Luton U18,Luton U21,,,Aidan Francis-Clarke
805714,2022-07-01,22/23,67909,10949,Sporting CP U23,Sporting B,,,Renato Veiga
811778,2022-07-01,22/23,9251,985,Man Utd U21,Man Utd,,2000000.0,Álvaro Carreras
811779,2022-07-01,22/23,9251,985,Man Utd U21,Man Utd,,2000000.0,Alejandro Garnacho
816124,2022-07-01,22/23,54295,6326,Paris SG U17,Paris SG U19,,,Noha Lemina
817611,2022-07-01,22/23,6942,9262,Fulham U18,Fulham U21,,,Matt Dibley-Dias
820374,2022-07-01,22/23,5242,9251,Man Utd U18,Man Utd U21,,,Kobbie Mainoo
821820,2022-07-01,22/23,73583,16687,CD Calahorra B,CD Alfaro,0.0,,Pablo Sáenz
827435,2022-07-01,22/23,50677,6918,Chelsea Youth,Chelsea U18,,,Max Merrick
829299,2022-07-01,22/23,5370,48,Karlsruhe U19,Karlsruher SC,,200000.0,Max Weiß
833340,2022-07-01,22/23,39452,21550,Granada CF U19,Recre Granada,,,Mario González
833884,2022-07-01,22/23,39452,21550,Granada CF U19,Recre Granada,,,Rafa Romero
834483,2022-07-01,22/23,6665,6688,CD Basconia,Bilbao Athletic,,,Álex Padilla
834485,2022-07-01,22/23,6665,6688,CD Basconia,Bilbao Athletic,,,Unai Egiluz
834487,2022-07-01,22/23,6665,6688,CD Basconia,Bilbao Athletic,,,Hugo Rincón
834491,2022-07-01,22/23,6665,6688,CD Basconia,Bilbao Athletic,,,Alejandro Rego
834752,2022-07-01,22/23,6665,6688,CD Basconia,Bilbao Athletic,,,Unai Gómez
834764,2022-07-01,22/23,10200,6182,Valencia U19,Valencia B,,,Javi Guerra
844637,2022-07-01,22/23,11516,3368,Atl. Levante,Levante,,800000.0,Marc Pubill
848753,2022-07-01,22/23,51645,52068,Ajax U17,Ajax U18,,,Tommy Setford
852727,2022-07-01,22/23,17686,1244,CD Leganés B,CD Leganés,,150000.0,Diego García
855890,2022-07-01,22/23,6920,9261,Everton U18,Everton U21,,,Jenson Metcalfe
858191,2022-07-01,22/23,50672,5242,Man Utd Youth,Man Utd U18,,,Louis Jackson
859951,2022-07-01,22/23,6949,164,Blackburn U18,Blackburn,,,Ashley Phillips
860062,2022-07-01,22/23,21609,31506,Atl.Madleño U18,Atl. Madrid U19,,,Abde Raihani
860078,2022-07-01,22/23,6950,6945,Palace U18,Palace U21,,,Kaden Rodney
863741,2022-07-01,22/23,12801,24226,Wolves U18,Wolves U21,,,Nathan Fraser
864121,2022-07-01,22/23,67909,336,Sporting CP U23,Sporting,,500000.0,Abdul Fatawu
864788,2022-07-01,22/23,50672,5242,Man Utd Youth,Man Utd U18,,,Habeeb Ogunneye
864799,2022-07-01,22/23,6922,31,Liverpool U18,Liverpool,,,Stefan Bajcetic
865993,2022-07-01,22/23,6950,6945,Palace U18,Palace U21,,,David Ozoh
867611,2022-07-01,22/23,44202,8880,Alavés U19,Alavés B,,,José de León
867688,2022-07-01,22/23,9606,39336,Brighton U18,Brighton U21,,,Jack Hinshelwood
874066,2022-07-01,22/23,12806,8824,Sheff Utd U18,Sheff Utd U21,,,Oliver Arblaster
876631,2022-07-01,22/23,11199,667,Strasbourg U19,R. Strasbourg,,600000.0,Habib Diarra
878150,2022-07-01,22/23,5679,9249,Arsenal U18,Arsenal U21,,,Amario Cozier-Duberry
878160,2022-07-01,22/23,5679,9249,Arsenal U18,Arsenal U21,,,Reuell Walters
880245,2022-07-01,22/23,67909,10949,Sporting CP U23,Sporting B,,,Mateus Fernandes
888639,2022-07-01,22/23,50672,5242,Man Utd Youth,Man Utd U18,,,Ethan Wheatley
890290,2022-07-01,22/23,49567,11008,Juventus U17,Juventus U19,,,Dean Huijsen
890721,2022-07-01,22/23,50683,5679,Arsenal Youth,Arsenal U18,,,Myles Lewis-Skelly
890817,2022-07-01,22/23,31506,3679,Atl. Madrid U19,Atl. Madrileño,,,Dimitrios Stamatakis
891310,2022-07-01,22/23,21564,28873,UD Almería Yout,Almería U19,,,Rachad Fettal
892217,2022-07-01,22/23,44202,8880,Alavés U19,Alavés B,,,Eneko Ortiz
892221,2022-07-01,22/23,15509,8733,Celta U19,Celta Vigo B,,,Hugo Sotelo
892929,2022-07-01,22/23,15509,8733,Celta U19,Celta Vigo B,,,Hugo Álvarez
895316,2022-07-01,22/23,8881,44202,Alavés Youth,Alavés U19,,,Gaizka García
895333,2022-07-01,22/23,11674,7078,Valladolid U19,Valladolid Prom,,,Koke Iglesias
897481,2022-07-01,22/23,21062,2486,St. Pauli U17,St. Pauli U19,,,Eric da Silva Moreira
903611,2022-07-01,22/23,9855,58,LDU Quito,RSC Anderlecht,1900000.0,1500000.0,Nilson Angulo
904802,2022-07-01,22/23,51645,52068,Ajax U17,Ajax U18,,,Jorrel Hato
907219,2022-07-01,22/23,6928,37003,Spurs U18,Dunstable,0.0,,Axel Piesold
907813,2022-07-01,22/23,44822,9899,Real Sociedad C,Real Sociedad B,,200000.0,Pablo Marín
908234,2022-07-01,22/23,20277,38006,Girona U19,Girona FC B,,,Oriol Comas
908621,2022-07-01,22/23,82851,13702,Paracuellos,R. Majadahonda,,50000.0,Nabil Aberdin
909758,2022-07-01,22/23,16179,1030,Argentinos II,Argentinos Jrs.,,,Federico Redondo
910905,2022-07-01,22/23,7813,12764,Olymp. Lyon U19,Olymp. Lyon B,,,Mamadou Sarr
911424,2022-07-01,22/23,5242,9251,Man Utd U18,Man Utd U21,,,Tyler Fredricson
913214,2022-07-01,22/23,32942,26621,RB Leipzig U17,RB Leipzig U19,,,Noel Atom
913955,2022-07-01,22/23,11614,11610,UD Las Palmas C,Las Palmas Atl.,,25000.0,Yadam Santana
919438,2022-07-01,22/23,50678,6930,Man City Youth,Man City U18,,,True Grant
921662,2022-07-01,22/23,54168,9606,Brighton Yth.,Brighton U18,,,Charlie Tasker
922462,2022-07-01,22/23,50906,6922,Liverpool Youth,Liverpool U18,,,Lewis Koumas
922472,2022-07-01,22/23,50677,6918,Chelsea Youth,Chelsea U18,,,Somto Boniface
922769,2022-07-01,22/23,6943,9253,Newcastle U18,Newcastle U21,,,Lewis Miley
923831,2022-07-01,22/23,12765,1082,LOSC Lille B,Lille,,150000.0,Leny Yoro
926849,2022-07-01,22/23,21609,31506,Atl.Madleño U18,Atl. Madrid U19,,,Adrián Niño
929899,2022-07-01,22/23,82851,13702,Paracuellos,R. Majadahonda,,25000.0,Rahim Alhassane
933908,2022-07-01,22/23,40422,2865,Betis U19,Betis Deportivo,,,Ángel Ortiz
934420,2022-07-01,22/23,14685,102209,Sevilla FC Yth.,Sevilla FC U16,,,Ibrahima Sow
935230,2022-07-01,22/23,39822,28870,Real Madrid U18,Real Madrid U19,,,Gonzalo García
935231,2022-07-01,22/23,28870,92878,Real Madrid U19,RSC Inter FC,,,Víctor Muñoz
935232,2022-07-01,22/23,28870,92878,Real Madrid U19,RSC Inter FC,,,Aitor Mañas
935245,2022-07-01,22/23,28870,92878,Real Madrid U19,RSC Inter FC,,,Raúl Asencio
935281,2022-07-01,22/23,39822,28870,Real Madrid U18,Real Madrid U19,,,David Jiménez
935300,2022-07-01,22/23,28870,6767,Real Madrid U19,RM Castilla,,,Piri
935342,2022-07-01,22/23,81502,28867,Sevilla FC U18,Sevilla FC U19,,,Alberto Collado
936841,2022-07-01,22/23,50677,6918,Chelsea Youth,Chelsea U18,,,Kaiden Wilson
936842,2022-07-01,22/23,50677,6918,Chelsea Youth,Chelsea U18,,,Michael Golding
936874,2022-07-01,22/23,50677,6918,Chelsea Youth,Chelsea U18,,,Tyrique George
937942,2022-07-01,22/23,14740,70473,Villarreal Yth.,Roda U19,,,Daniel Budesca
937945,2022-07-01,22/23,14967,9900,Real Sociedad Y,R. Sociedad U19,,,Dani Díaz
937955,2022-07-01,22/23,14321,2470,Barça U16,Barça U19,,,Héctor Fort
937956,2022-07-01,22/23,14321,39813,Barça U16,Barça U18,,,Pau Prim
937958,2022-07-01,22/23,14321,2470,Barça U16,Barça U19,,,Lamine Yamal
938144,2022-07-01,22/23,14321,39813,Barça U16,Barça U18,,,Diego Kochen
938145,2022-07-01,22/23,14321,39813,Barça U16,Barça U18,,,Áron Yaakobishvili
938158,2022-07-01,22/23,14321,39813,Barça U16,Barça U18,,,Marc Guiu
938729,2022-07-01,22/23,28860,6665,Bilbao U19,CD Basconia,,,Mikel Jauregizar
939290,2022-07-01,22/23,50906,6922,Liverpool Youth,Liverpool U18,,,Jayden Danns
939374,2022-07-01,22/23,15509,8733,Celta U19,Celta Vigo B,,,Yoel Lago
940462,2022-07-01,22/23,40495,11614,Las Palmas U19,UD Las Palmas C,,,Pau Ferrer
940858,2022-07-01,22/23,54097,12801,Wolves Yth.,Wolves U18,,,Leo Shahar
940915,2022-07-01,22/23,50683,5679,Arsenal Youth,Arsenal U18,,,Alexéi Rojas
941080,2022-07-01,22/23,28868,12853,Villarreal U19,FC Villarreal C,,,Jon García
942738,2022-07-01,22/23,66822,12373,Partizan U17,Partizan U19,,,Milan Aleksic
945500,2022-07-01,22/23,14734,21609,Atl. Madrid U17,Atl.Madleño U18,,,Rayane Belaid
945709,2022-07-01,22/23,70473,28868,Roda U19,Villarreal U19,,,Dani Requena
945760,2022-07-01,22/23,21609,31506,Atl.Madleño U18,Atl. Madrid U19,,,Carlos Ballestero
945767,2022-07-01,22/23,21609,16736,Atl.Madleño U18,Las Rozas CF,0.0,,Hugo Solozábal
946269,2022-07-01,22/23,34466,38006,Damm U19,Girona FC B,0.0,,Alex Almansa
947432,2022-07-01,22/23,14742,8494,Mallorca U19,RCD Mallorca B ,,,Marcos Fernández
948253,2022-07-01,22/23,13711,39822,Real Madrid U17,Real Madrid U18,,,Rubén Montero
948254,2022-07-01,22/23,13711,20201,Real Madrid U17,Rayo U19,0.0,,Marco de las Sías
950091,2022-07-01,22/23,65272,91869,PAOK U17,PAOK Saloniki B,,,Stefanos Tzimas
953933,2022-07-01,22/23,50672,5242,Man Utd Youth,Man Utd U18,,,Jack Moorhouse
954125,2022-07-01,22/23,50677,6918,Chelsea Youth,Chelsea U18,,,Kiano Dyer
955357,2022-07-01,22/23,99399,16662,FC Lorient U17,Lorient B,,,Junior Kroupi
961087,2022-07-01,22/23,14743,40422,Real Betis Yth.,Betis U19,,,Pablo García
961948,2022-07-01,22/23,40422,2865,Betis U19,Betis Deportivo,,,Marcos Fernández
962110,2022-07-01,22/23,70295,39813,Barça Youth,Barça U18,,,Pau Cubarsí
962125,2022-07-01,22/23,51592,25264,Patacona CF You,Levante UD Yout,,,Buba Sangaré
962145,2022-07-01,22/23,14967,9900,Real Sociedad Y,R. Sociedad U19,,,Arkaitz Mariezkurrena
964190,2022-07-01,22/23,9900,44822,R. Sociedad U19,Real Sociedad C,,,Luken Beitia
964264,2022-07-01,22/23,44771,70373,Cornellà Youth,Cornellà U19,,,Carles Garrido
964554,2022-07-01,22/23,50683,5679,Arsenal Youth,Arsenal U18,,,Josh Nichols
964561,2022-07-01,22/23,50683,5679,Arsenal Youth,Arsenal U18,,,Ismeal Kabia
965971,2022-07-01,22/23,51433,6928,Tottenham Yth.,Spurs U18,,,Tyrese Hall
966671,2022-07-01,22/23,53127,14626,Swansea Yth.,Swansea U18,,,Iwan Morgan
971774,2022-07-01,22/23,40422,2865,Betis U19,Betis Deportivo,,,Xavi Pleguezuelo
973085,2022-07-01,22/23,12765,1082,LOSC Lille B,Lille,,150000.0,Carlos Baleba
973314,2022-07-01,22/23,21609,31506,Atl.Madleño U18,Atl. Madrid U19,,,Sergio Mestre
973690,2022-07-01,22/23,56499,16602,Berja CF,UB Conquense,0.0,,Luca Lohr
978668,2022-07-01,22/23,54168,9606,Brighton Yth.,Brighton U18,,,Joe Knight
979235,2022-07-01,22/23,16075,11669,Cádiz U19,Cádiz B,,,Moussa Diakité
982848,2022-07-01,22/23,16200,70397,Valencia CF You,Valencia U18,,,Raúl Jiménez
983702,2022-07-01,22/23,50678,6930,Man City Youth,Man City U18,,,Jacob Wright
985691,2022-07-01,22/23,50677,6918,Chelsea Youth,Chelsea U18,,,Harrison Murray-Campbell
986298,2022-07-01,22/23,107822,12744,VAFC U17,VAFC U19,,,Joachim Kayi Sanda
989112,2022-07-01,22/23,98606,54866,Red Star U16,Red Star U17,,,Veljko Milosavljevic
996897,2022-07-01,21/22,24816,9875,Libertad U19,Libertad,,500000.0,Diego Gómez
998101,2022-07-01,22/23,62507,24029,Ferencváros U17,Ferencváros II,,,Alex Tóth
1000135,2022-07-01,22/23,15080,10200,Rayo B,Valencia U19,0.0,,Joselu Pérez
1000626,2022-07-01,22/23,123357,20277,Girona FC U18,Girona U19,,,Enric García
1000630,2022-07-01,22/23,25264,70397,Levante UD Yout,Valencia U18,100000.0,,Pablo López
1004518,2022-07-01,22/23,25625,14742,RCD Mallorca Yo,Mallorca U19,,,Carles Sogorb
1004708,2022-07-01,22/23,50677,6918,Chelsea Youth,Chelsea U18,,,Josh Acheampong
1011936,2022-07-01,22/23,25003,66530,Club Brugge Yth,Club Brugge U18,,,Kaye Furo
1012564,2022-07-01,22/23,15036,14724,Vasco U17,Vasco U20,,,Rayan
1013690,2022-07-01,22/23,22629,5242,Stevenage U18,Man Utd U18,,,Elyh Harrison
1018563,2022-07-01,22/23,70218,20277,Girona FC Youth,Girona U19,,,Marc Aznar
1018714,2022-07-01,22/23,50769,6920,Everton Youth,Everton U18,,,Coby Ebere
1018716,2022-07-01,22/23,50769,6920,Everton Youth,Everton U18,,,Callum Bates
1018920,2022-07-01,22/23,70295,14321,Barça Youth,Barça U16,,,Marc Bernal
1018938,2022-07-01,22/23,14967,9900,Real Sociedad Y,R. Sociedad U19,,,Jon Martín
1019170,2022-07-01,22/23,55899,6943,Newcastle Yth.,Newcastle U18,,,Aidan Harris
1025582,2022-07-01,22/23,70218,123357,Girona FC Youth,Girona FC U18,,,Juan Arango
1027993,2022-07-01,22/23,16075,11669,Cádiz U19,Cádiz B,,,José Antonio de la Rosa
1031293,2022-07-01,22/23,67293,2999,Hamilton A. U18,Hamilton Acad.,,,Ryan Oné
1032447,2022-07-01,22/23,16075,11669,Cádiz U19,Cádiz B,,,Julio Cabrera
1034853,2022-07-01,22/23,20290,38673,Paris FC U19,Paris FC B,,,Nobel Mendy
1038512,2022-07-01,22/23,28861,8516,Osasuna U19,Osasuna B,,,Asier Osambela
1038950,2022-07-01,22/23,93745,11669,Fund. Cádiz,Cádiz B,,,Karl Etta Eyong
1041934,2022-07-01,22/23,28870,92878,Real Madrid U19,RSC Inter FC,,,Jeremy Jorge
1042886,2022-07-01,22/23,52880,50683,FCK Youth,Arsenal Youth,0.0,,Chido Obi
1043634,2022-07-01,22/23,67853,12801,Wimbledon Yth.,Wolves U18,,,Leon Chiwome
1045767,2022-07-01,22/23,20201,15080,Rayo U19,Rayo B,,,Pablo Muñoz
1047256,2022-07-01,22/23,53100,6950,C. Palace Yth.,Palace U18,,,Asher Agbinone
1049905,2022-07-01,22/23,87553,67280,Celtic Youth,Celtic U18,,,Aidan Borland
1050120,2022-07-01,22/23,70295,14321,Barça Youth,Barça U16,,,Guille Fernández
1054429,2022-07-01,22/23,21121,17686,Leganés U19,CD Leganés B,,,Carlos Guirao
1054909,2022-07-01,22/23,70827,2865,Calavera U19,Betis Deportivo,,,Pablo Busto
1054922,2022-07-01,22/23,16075,11669,Cádiz U19,Cádiz B,,,Nico Njalla
1054931,2022-07-01,22/23,65711,8880,San Ignacio,Alavés B,,,Selu Diallo
1054934,2022-07-01,22/23,65711,8880,San Ignacio,Alavés B,,,Maroan Sannadi
1055220,2022-07-01,22/23,41165,39822,Cultural Leonesa,Real Madrid U18,,,Fran González
1055860,2022-07-01,22/23,28861,44822,Osasuna U19,Real Sociedad C,0.0,,Iñaki Rupérez
1056971,2022-07-01,22/23,107198,28860,Bilbao U18,Bilbao U19,,,Aingeru Olabarrieta
1060740,2022-07-01,22/23,24816,9875,Libertad U19,Libertad,,,Enso González
1061122,2022-07-01,22/23,14745,28871,Zaragoza Youth,Zaragoza U19,,,Adrián Liso
1061260,2022-07-01,22/23,14746,11674,Valladolid Yth.,Valladolid U19,,,Iago Parente
1061277,2022-07-01,22/23,70827,40422,Calavera U19,Betis U19,,,Germán García
1061336,2022-07-01,22/23,14740,28868,Villarreal Yth.,Villarreal U19,,,Pau Navarro
1061660,2022-07-01,22/23,123357,20277,Girona FC U18,Girona U19,,,Selvi Clua
1061665,2022-07-01,22/23,123357,20277,Girona FC U18,Girona U19,,,Jastin Garcia
1062525,2022-07-01,22/23,76495,50186,SD Eibar C,SD Eibar B,,,Álex Serradell
1063329,2022-07-01,22/23,12798,11516,Levante U19,Atl. Levante,,,Andrés García
1063338,2022-07-01,22/23,21167,12798,Alzira U19,Levante U19,,,Carlos Espí
1063340,2022-07-01,22/23,45258,12798,CF Damm Youth,Levante U19,0.0,,Kareem Tunde
1063553,2022-07-01,22/23,14740,70473,Villarreal Yth.,Roda U19,,,Pau Cabanes
1063574,2022-07-01,22/23,25625,14742,RCD Mallorca Yo,Mallorca U19,,,Jan Salas
1063990,2022-07-01,22/23,10873,10872,Bordeaux U19,G. Bordeaux B,,,Grégoire Swiderski
1064105,2022-07-01,22/23,39647,39452,Granada Yth.,Granada CF U19,,,Miguel Ángel Sierra
1064116,2022-07-01,22/23,14738,28873,Getafe CF Youth,Almería U19,,,Paco Sanz
1064391,2022-07-01,22/23,8881,44202,Alavés Youth,Alavés U19,,,Egoitz Muñoz
1064403,2022-07-01,22/23,8881,44202,Alavés Youth,Alavés U19,,,Álvaro García
1064506,2022-07-01,22/23,21349,44205,Elche CF Youth,Elche U19,,,Adam Boayar
1065256,2022-07-01,22/23,44199,21121,Leganés Youth,Leganés U19,,,Adrián Rosell
1065441,2022-07-01,22/23,13314,28861,CA Osasuna Yout,Osasuna U19,,,Carlos Lumbreras
1065442,2022-07-01,22/23,13314,28861,CA Osasuna Yout,Osasuna U19,,,Iñigo Arguibide
1076815,2022-07-01,22/23,15509,69523,Celta U19,Gran Peña,,,Javi Rodríguez
1081995,2022-07-01,22/23,114178,20290,ASJA U18,Paris FC U19,0.0,,Mohamadou Kanté
1088817,2022-07-01,22/23,75,92433,Unknown,Luton U21,0.0,,Jayden Luker
1089802,2022-07-01,22/23,83582,14648,Bournemouth Jgd,Bournemouth U18,,,Remy Rees-Dottin
1091562,2022-07-01,22/23,53004,24212,Birmingham Aca.,Birmingham U21,,,Romelle Donovan
1108203,2022-07-01,22/23,45258,38006,CF Damm Youth,Girona FC B,,,Min-su Kim
1123335,2022-07-01,22/23,85849,29791,Cerdanyola U19,Pobla de Mafumet CF,0.0,,Hamza Bellari
1124005,2022-07-01,22/23,89979,98688,Campos FA,Moralo B,0.0,,Christantus Uche
1124136,2022-07-01,22/23,61498,70841,CD Cuarte,SD Huesca B,0.0,,Ángel Pérez
1127730,2022-07-01,21/22,15113,14842,Vélez U20,Vélez II,,,Thiago Fernández
1129175,2022-07-01,22/23,25235,9477,UE Sants,CE L'Hospitalet,0.0,,Raúl Martínez
1130318,2022-07-01,22/23,124613,78512,Dukla Yth.,Dukla Prag U17,,,Djordjije Medenica
1134878,2022-07-01,22/23,40495,11610,Las Palmas U19,Las Palmas Atl.,,,Diego Martín
1158757,2022-07-01,22/23,39456,28866,RSD Alcalá U19,Getafe U19,,,Alejandro Herranz
1164331,2022-07-01,22/23,16621,102715,AD Alcorcón You,Alcobendas U19,0.0,,Ismael Bekhoucha
1179293,2022-07-01,22/23,70252,55903,Bansander Yth.,CD Revilla,0.0,,Sergio Ruiz
1186235,2022-07-01,22/23,70321,13711,R.Madrid Yth.,Real Madrid U17,,,Jorge Cestero
1216529,2022-07-01,22/23,58957,61118,St. Andreu U19,FE Grama,0.0,,Guillem Trilla
1237073,2022-07-01,22/23,83617,76954,San José U19,Roda B,0.0,,Lander Emery
1255616,2022-07-01,22/23,14738,28866,Getafe CF Youth,Getafe U19,,,Alberto Risco
1268764,2022-07-01,22/23,14743,44106,Real Betis Yth.,Recreativo Yth.,,,Davinchi
1331450,2022-07-01,22/23,63969,14740,CD Roda Youth,Villarreal Yth.,,,Hugo López
1375227,2022-07-01,22/23,14738,44199,Getafe CF Youth,Leganés Youth,,,Thiago Pitarch
67082,2022-06-30,21/22,3709,13,Getafe,Atlético Madrid,0.0,1500000.0,Vitolo
70245,2022-06-30,21/22,5358,3709,SD Huesca,Getafe,0.0,1200000.0,Ignasi Miquel
74230,2022-06-30,21/22,336,583,Sporting,PSG,0.0,25000000.0,Pablo Sarabia
120629,2022-06-30,21/22,379,583,West Ham,PSG,0.0,8000000.0,Alphonse Areola
127181,2022-06-30,21/22,13,162,Atlético,Monaco,0.0,5000000.0,Benjamin Lecomte
144128,2022-06-30,21/22,940,3277,Celta de Vigo,U. Católica,0.0,1000000.0,Matías Dituro
191217,2022-06-30,21/22,150,11,Real Betis,Arsenal,0.0,20000000.0,Héctor Bellerín
192009,2022-06-30,21/22,367,621,Rayo Vallecano,Athletic Club,0.0,4000000.0,Unai López
199369,2022-06-30,21/22,3709,5358,Getafe,SD Huesca,0.0,3500000.0,Sandro Ramírez
204103,2022-06-30,21/22,131,543,Barcelona,Wolves,0.0,20000000.0,Adama Traoré
217144,2022-06-30,21/22,1084,237,Málaga CF,RCD Mallorca,0.0,1000000.0,Aleix Febas
221311,2022-06-30,21/22,366,337,Real Valladolid,Birmingham,0.0,800000.0,Iván Sánchez
238407,2022-06-30,21/22,681,23826,Real Sociedad,Leipzig,0.0,10000000.0,Alexander Sørloth
247250,2022-06-30,21/22,2687,366,Cádiz CF,Real Valladolid,0.0,2500000.0,Rubén Alcaraz
251876,2022-06-30,21/22,237,79,RCD Mallorca,Stuttgart,0.0,5000000.0,Pablo Maffeo
256267,2022-06-30,21/22,237,398,RCD Mallorca,Lazio,0.0,7000000.0,Vedat Muriqi
256429,2022-06-30,21/22,367,366,Rayo Vallecano,Real Valladolid,0.0,3000000.0,Sergi Guardiola
258475,2022-06-30,21/22,367,3302,Rayo Vallecano,UD Almería,0.0,1200000.0,Nikola Maras
266795,2022-06-30,21/22,1108,398,Alavés,Lazio,0.0,2500000.0,Gonzalo Escalante
278404,2022-06-30,21/22,13222,2687,CD Mirandés,Cádiz CF,0.0,500000.0,Martín Calderón
280730,2022-06-30,21/22,430,418,Fiorentina,Real Madrid,0.0,12000000.0,Álvaro Odriozola
283170,2022-06-30,21/22,141,131,Galatasaray,Barcelona,0.0,4200000.0,Iñaki Peña
284884,2022-06-30,21/22,3709,368,Getafe,Sevilla FC,0.0,9000000.0,Óscar Rodríguez
286047,2022-06-30,21/22,749,1390,FC Empoli,Cagliari,0.0,10000000.0,Guglielmo Vicario
286415,2022-06-30,21/22,244,12,Marseille,Roma,0.0,12000000.0,Pau López
289272,2022-06-30,21/22,367,681,Rayo Vallecano,Real Sociedad,0.0,1500000.0,Martín Merquelanz
292246,2022-06-30,21/22,543,23826,Wolves,Leipzig,0.0,16000000.0,Hee-chan Hwang
297194,2022-06-30,21/22,1244,940,CD Leganés,Celta de Vigo,0.0,1200000.0,Iván Villar
298976,2022-06-30,21/22,12,418,Roma,Real Madrid,0.0,9000000.0,Borja Mayoral
307519,2022-06-30,21/22,2687,366,Cádiz CF,Real Valladolid,0.0,1500000.0,Fede San Emeterio
330659,2022-06-30,21/22,417,12,Nice,Roma,0.0,15000000.0,Justin Kluivert
335225,2022-06-30,21/22,714,1050,Espanyol,Villarreal,0.0,5000000.0,Manu Morlanes
340325,2022-06-30,21/22,234,11,Feyenoord,Arsenal,0.0,6500000.0,Reiss Nelson
341092,2022-06-30,21/22,506,430,Juventus,Fiorentina,0.0,65000000.0,Federico Chiesa
342046,2022-06-30,21/22,6195,985,Napoli,Man Utd,0.0,7000000.0,Axel Tuanzebe
343273,2022-06-30,21/22,2497,367,Real Oviedo,Rayo Vallecano,0.0,300000.0,Joni Montiel
348795,2022-06-30,21/22,1050,148,Villarreal,Tottenham,0.0,22000000.0,Giovani Lo Celso
353032,2022-06-30,21/22,1049,44,Valencia,Hertha BSC,0.0,10000000.0,Omar Alderete
357162,2022-06-30,21/22,3709,294,Getafe,Benfica,0.0,5000000.0,Florentino
365108,2022-06-30,21/22,26,417,Basel,Nice,0.0,4000000.0,Dan Ndoye
378293,2022-06-30,21/22,714,281,Espanyol,Man City,0.0,14000000.0,Yangel Herrera
392771,2022-06-30,21/22,607,631,Venezia,Chelsea,0.0,13000000.0,Ethan Ampadu
398131,2022-06-30,21/22,11596,1049,AD Alcorcón,Valencia,0.0,200000.0,Cristian Rivero
398163,2022-06-30,21/22,3709,12,Getafe,Roma,0.0,5000000.0,Gonzalo Villar
405398,2022-06-30,21/22,237,418,RCD Mallorca,Real Madrid,0.0,7500000.0,Takefusa Kubo
406040,2022-06-30,21/22,1003,23826,Leicester,Leipzig,0.0,10000000.0,Ademola Lookman
412045,2022-06-30,21/22,12321,714,Girona,Espanyol,0.0,1500000.0,Pol Lozano
415912,2022-06-30,21/22,79,11,Stuttgart,Arsenal,0.0,15000000.0,Konstantinos Mavropanos
435648,2022-06-30,21/22,58,27,RSC Anderlecht,Bayern Munich,0.0,11000000.0,Joshua Zirkzee
441170,2022-06-30,21/22,114,336,Besiktas,Sporting,0.0,6000000.0,Valentin Rosier
443222,2022-06-30,21/22,1435,331,Go Ahead Eagles,CA Osasuna,0.0,500000.0,Marc Cardona
445939,2022-06-30,21/22,79,82,Stuttgart,Wolfsburg,0.0,6000000.0,Omar Marmoush
447052,2022-06-30,21/22,16575,621,SD Amorebieta,Athletic,0.0,1500000.0,Peru Nolaskoain
454576,2022-06-30,21/22,38,234,F. Düsseldorf,Feyenoord,0.0,1200000.0,Róbert Boženík
461617,2022-06-30,21/22,13222,13,CD Mirandés,Atlético,0.0,2000000.0,Rodrigo Riquelme
461833,2022-06-30,21/22,2239,800,Cremonese,Atalanta BC,0.0,5000000.0,Caleb Okoli
467623,2022-06-30,21/22,968,15136,KVC Westerlo,Guimarães B,0.0,800000.0,Lyle Foster
473169,2022-06-30,21/22,610,23826,Ajax,Leipzig,0.0,9000000.0,Brian Brobbey
489359,2022-06-30,21/22,38,9598,F. Düsseldorf,Kawasaki Front.,0.0,1500000.0,Ao Tanaka
494880,2022-06-30,21/22,3709,1050,Getafe,Villarreal,0.0,8000000.0,Jorge Cuenca
495625,2022-06-30,21/22,2687,418,Cádiz CF,Real Madrid,0.0,2500000.0,Víctor Chust
495666,2022-06-30,21/22,244,11,Marseille,Arsenal,0.0,30000000.0,William Saliba
502821,2022-06-30,21/22,252,12,Genoa,Roma,0.0,3500000.0,Riccardo Calafiori
504849,2022-06-30,21/22,3948,1237,Union SG,Brighton,0.0,2500000.0,Kaoru Mitoma
505673,2022-06-30,21/22,648,13,CD Tenerife,Atlético,0.0,3000000.0,Víctor Mollejo
505674,2022-06-30,21/22,13222,13,CD Mirandés,Atlético,0.0,3000000.0,Sergio Camello
527350,2022-06-30,21/22,1108,1049,Alavés,Valencia,0.0,3000000.0,Manu Vallejo
527972,2022-06-30,21/22,11259,1531,CD Alcoyano,Elche CF,0.0,600000.0,Mourad El Ghezouani
528892,2022-06-30,21/22,903,9249,Hibernian FC,Arsenal U23,0.0,350000.0,Harry Clarke
531404,2022-06-30,21/22,10718,142,FC Andorra,Real Zaragoza,0.0,300000.0,Marc Aguado
537382,2022-06-30,21/22,1049,148,Valencia,Tottenham,0.0,18000000.0,Bryan Gil
537763,2022-06-30,21/22,47421,6767,CF Talavera,RM Castilla,0.0,100000.0,Jordi Martín
545647,2022-06-30,21/22,13222,940,CD Mirandés,Celta de Vigo,0.0,1500000.0,Sergio Carreira
548111,2022-06-30,21/22,12321,1050,Girona,Villarreal,0.0,3000000.0,Álex Baena
548188,2022-06-30,21/22,9899,3679,Real Sociedad B,Atl. Madrileño,0.0,1500000.0,Germán Valera
553875,2022-06-30,21/22,336,281,Sporting,Man City,0.0,25000000.0,Pedro Porro
555500,2022-06-30,21/22,24420,8516,UD Logroñés,Osasuna B,0.0,300000.0,Jorge Herrando
556385,2022-06-30,21/22,410,276,Udinese,Hellas Verona,0.0,17000000.0,Destiny Udogie
557057,2022-06-30,21/22,13222,3368,CD Mirandés,Levante,0.0,800000.0,Roger Brugué
568559,2022-06-30,21/22,380,506,Salernitana,Juventus,0.0,3500000.0,Radu Drăgușin
568693,2022-06-30,21/22,347,148,FC Metz,Tottenham,0.0,15000000.0,Pape Matar Sarr
568835,2022-06-30,21/22,5358,3368,SD Huesca,Levante,0.0,1500000.0,Pablo Martínez
569384,2022-06-30,21/22,3911,46,Stade Brestois,Inter,0.0,7000000.0,Lucien Agoumé
573775,2022-06-30,21/22,1049,3709,Valencia,Getafe,0.0,10000000.0,Hugo Duro
578539,2022-06-30,21/22,533,27,Hoffenheim,Bayern Munich,0.0,7500000.0,Chris Richards
581640,2022-06-30,21/22,8733,2464,Celta Vigo B,Barcelona B,0.0,100000.0,Coke Carrillo
583510,2022-06-30,21/22,1536,3709,Burgos CF,Getafe,0.0,300000.0,Miguel Rubio
590690,2022-06-30,21/22,897,366,Dep. La Coruña,Real Valladolid,0.0,400000.0,Víctor García
593412,2022-06-30,21/22,26132,38006,UE Costa Brava,Girona FC B,0.0,100000.0,Ilyas Chaira
595809,2022-06-30,21/22,410,7378,Udinese,Portimonense,0.0,10000000.0,Beto
607780,2022-06-30,21/22,16486,367,CF Fuenlabrada,Rayo Vallecano,0.0,600000.0,Miguel Ángel Morro
610622,2022-06-30,21/22,16122,50186,Arenas Club,SD Eibar B,0.0,300000.0,Urko Izeta
612496,2022-06-30,21/22,3329,13,Famalicão,Atlético,0.0,5000000.0,Marcos Paulo
616631,2022-06-30,21/22,380,800,Salernitana,Atalanta,0.0,2000000.0,Matteo Ruggeri
617018,2022-06-30,21/22,23297,16104,HB Köge,Copenhagen U19,0.0,250000.0,Marko Stamenić
617074,2022-06-30,21/22,1049,23826,Valencia,Leipzig,0.0,9000000.0,Ilaix Moriba
618809,2022-06-30,21/22,331,13,CA Osasuna,Atlético,0.0,10000000.0,Manu Sánchez
620164,2022-06-30,21/22,13222,11972,CD Mirandés,Villarreal CF B,0.0,1500000.0,Haissem Hassan
620362,2022-06-30,21/22,3257,9251,Witton Albion,Man Utd U23,0.0,,Dermot Mee
638588,2022-06-30,21/22,11972,367,Villarreal CF B,Rayo Vallecano,0.0,200000.0,Martín Pascual
640109,2022-06-30,21/22,3911,46,Stade Brestois,Inter,0.0,7000000.0,Martín Satriano
648032,2022-06-30,21/22,1189,410,St. Pat's,Udinese,0.0,,James Abankwah
649452,2022-06-30,21/22,1095,281,Troyes,Man City,0.0,4000000.0,Issa Kaboré
652331,2022-06-30,21/22,11245,6767,UD Sanse,RM Castilla,0.0,200000.0,Javi Rueda
657817,2022-06-30,21/22,39336,9844,Brighton U23,FC Porto U19,0.0,,Benicio Baker-Boaitey
668313,2022-06-30,21/22,72911,44822,Beti Kozkor,Real Sociedad C,0.0,,Aitor Fraga
710007,2022-06-30,21/22,19301,6767,CD Teruel,RM Castilla,0.0,50000.0,Fer Rodríguez
717952,2022-06-30,21/22,44564,6767,Xerez Deportivo,RM Castilla,0.0,100000.0,Mario de Luis
717957,2022-06-30,21/22,4542,367,CyD Leonesa,Rayo Vallecano,0.0,500000.0,Jorge Moreno
721660,2022-06-30,21/22,45046,44822,Pasaia KE,Real Sociedad C,0.0,50000.0,Mikel Rodriguez
729814,2022-06-30,21/22,2715,347,RFC Seraing,FC Metz,0.0,2200000.0,Georges Mikautadze
819590,2022-06-30,21/22,52397,1531,Unionistas CF,Elche CF,0.0,500000.0,José Salinas
907559,2022-06-30,21/22,288,14583,Estudiantes LP,Ind. Yumbo,0.0,525000.0,Nelson Deossa
913955,2022-06-30,21/22,68062,11614,UD Tamaraceite,UD Las Palmas C,0.0,25000.0,Yadam Santana
929899,2022-06-30,21/22,33306,82851,G. Segoviana,Paracuellos,0.0,25000.0,Rahim Alhassane
935232,2022-06-30,21/22,15509,28870,Celta U19,Real Madrid U19,0.0,,Aitor Mañas
944124,2022-06-30,21/22,6182,82851,Valencia B,Paracuellos,0.0,,Lass Sangaré
1018938,2022-06-30,21/22,99608,14967,Beasain U19,Real Sociedad Y,0.0,,Jon Martín
1041934,2022-06-30,21/22,11655,28870,Albacete U19,Real Madrid U19,0.0,,Jeremy Jorge
1056655,2022-06-30,21/22,21261,8494,Granollers,RCD Mallorca B ,0.0,,Rubén Quintanilla
298976,2022-06-29,21/22,3709,12,Getafe,Roma,0.0,9000000.0,Borja Mayoral
628366,2022-06-27,21/22,1070,209,Colon,River Plate,0.0,1500000.0,Lucas Beltrán
943560,2022-06-18,21/22,34422,27774,Cork Academy,Cork City,,,Franco Umeh
707274,2022-06-01,21/22,10200,6182,Valencia U19,Valencia B,,,César Tárrega
148262,2022-05-31,21/22,1039,762,QPR,Newcastle,0.0,5000000.0,Jeff Hendrick
226049,2022-05-31,21/22,989,762,Bournemouth,Newcastle,0.0,9000000.0,Freddie Woodman
250478,2022-05-31,21/22,762,405,Newcastle,Aston Villa,0.0,17000000.0,Matt Targett
258885,2022-05-31,21/22,703,350,Nottm Forest,Sheff Utd,0.0,3000000.0,Max Lowe
260841,2022-05-31,21/22,466,1003,Preston,Leicester,0.0,2000000.0,Daniel Iversen
288255,2022-05-31,21/22,29,985,Everton,Man Utd,0.0,25000000.0,Donny van de Beek
344830,2022-05-31,21/22,337,985,Birmingham,Man Utd,0.0,3500000.0,Tahith Chong
371814,2022-05-31,21/22,989,31,Bournemouth,Liverpool,0.0,8000000.0,Nathaniel Phillips
376856,2022-05-31,21/22,350,1148,Sheff Utd,Brentford,0.0,900000.0,Charlie Goode
420808,2022-05-31,21/22,1020,1003,Portsmouth,Leicester,0.0,800000.0,George Hirst
429014,2022-05-31,21/22,350,543,Sheff Utd,Wolves,0.0,11000000.0,Morgan Gibbs-White
433183,2022-05-31,21/22,603,9265,Cardiff,Man City U23,0.0,2500000.0,Tommy Doyle
444641,2022-05-31,21/22,2797,543,Ebbsfleet,Wolves,0.0,,Louie Moulden
456292,2022-05-31,21/22,8981,1148,Bromley,Brentford,0.0,300000.0,Ellery Balcombe
483348,2022-05-31,21/22,703,641,Nott'm Forest,Middlesbrough,0.0,8000000.0,Djed Spence
484389,2022-05-31,21/22,1071,9253,Wigan,Newcastle U23,0.0,,Kell Watts
485585,2022-05-31,21/22,990,9250,Coventry,Chelsea U23,0.0,5000000.0,Ian Maatsen
488362,2022-05-31,21/22,873,9250,Crystal Palace,Chelsea U23,0.0,25000000.0,Conor Gallagher
499604,2022-05-31,21/22,1027,1031,Bradford,Luton,0.0,300000.0,Dion Pereira
503680,2022-05-31,21/22,931,31,Fulham,Liverpool,0.0,8000000.0,Neco Williams
503686,2022-05-31,21/22,1028,9249,Millwall,Arsenal U23,0.0,2000000.0,Dan Ballard
503743,2022-05-31,21/22,989,9265,Bournemouth,Man City U23,0.0,1800000.0,Morgan Rogers
503977,2022-05-31,21/22,512,281,Stoke City,Man City,0.0,7000000.0,Taylor Harwood-Bellis
504581,2022-05-31,21/22,164,543,Blackburn,Wolves,0.0,3000000.0,Ryan Giles
505219,2022-05-31,21/22,703,985,Nott'm Forest,Man Utd,0.0,7000000.0,James Garner
507700,2022-05-31,21/22,1123,985,Norwich,Man Utd,0.0,10000000.0,Brandon Williams
520651,2022-05-31,21/22,986,39336,Cambridge Utd.,Brighton U23,0.0,150000.0,Jensen Weir
533662,2022-05-31,21/22,466,405,Preston,Aston Villa,0.0,6000000.0,Cameron Archer
536835,2022-05-31,21/22,124,985,Rangers,Man Utd,0.0,18000000.0,Amad Diallo
541231,2022-05-31,21/22,466,31,Preston,Liverpool,0.0,5000000.0,Sepp van den Berg
548470,2022-05-31,21/22,337,985,Birmingham,Man Utd,0.0,2000000.0,Teden Mengi
559794,2022-05-31,21/22,289,148,Sunderland,Tottenham,0.0,5000000.0,Jack Clarke
567576,2022-05-31,21/22,2455,9253,Bristol Rovers,Newcastle U23,0.0,200000.0,Elliot Anderson
571743,2022-05-31,21/22,180,9250,Southampton,Chelsea U23,0.0,18000000.0,Armando Broja
576314,2022-05-31,21/22,164,1237,Blackburn,Brighton,0.0,5000000.0,Jan Paul van Hecke
596446,2022-05-31,21/22,989,399,Bournemouth,Leeds,0.0,800000.0,Leif Davis
608175,2022-05-31,21/22,603,512,Cardiff,Stoke City,0.0,600000.0,Alfie Doughty
610581,2022-05-31,21/22,8981,2805,Bromley,Wycombe,0.0,150000.0,Ali Al-Hamadi
610863,2022-05-31,21/22,3456,12124,Gateshead,Aston Villa U23,0.0,,Filip Marschall
614258,2022-05-31,21/22,1110,9250,Huddersfield,Chelsea U23,0.0,5000000.0,Levi Colwill
614811,2022-05-31,21/22,2577,9253,Hartlepool,Newcastle U23,0.0,,Joe White
626888,2022-05-31,21/22,991,12124,MK Dons,Aston Villa U23,0.0,250000.0,Kaine Kesler-Hayden
638649,2022-05-31,21/22,3489,8824,Boston Utd,Sheff Utd U21,0.0,150000.0,Femi Seriki
646353,2022-05-31,21/22,899,39336,Walsall,Brighton U23,0.0,,Carl Rushworth
646658,2022-05-31,21/22,3371,12124,Cheltenham,Aston Villa U23,0.0,1000000.0,Aaron Ramsey
652979,2022-05-31,21/22,1074,9261,Tranmere Rovers,Everton U23,0.0,,Lewis Warrington
665390,2022-05-31,21/22,512,405,Stoke City,Aston Villa,0.0,3000000.0,Jaden Philogene
667925,2022-05-31,21/22,46842,12124,Hereford,Aston Villa U23,0.0,,Sebastian Revan
711544,2022-05-31,21/22,352,6945,Swindon Town,Palace U23,0.0,25000.0,Jake O'Brien
821522,2022-05-31,21/22,9164,6699,Tiverton,Exeter City,0.0,,Alfie Pond
352041,2022-05-20,21/22,585,2646,São Paulo,Náutico,0.0,1200000.0,Lucas Perri
747009,2022-05-16,21/22,2802,67284,Airdrieonians,Kilmarnock B,0.0,,Justin Devenny
55742,2022-05-04,21/22,1045,703,Notts County,Nottm Forest,0.0,2000000.0,Harry Arter
874080,2022-05-01,21/22,358,9250,Charlton,Chelsea U23,0.0,,Mason Burstow
718250,2022-04-29,21/22,45922,1088,Spennymoor Town,Rochdale,0.0,,Ethan Brierley
646333,2022-04-21,21/22,3822,38967,Weymouth FC,Bournemouth U21,0.0,,Ben Greenwood
268642,2022-04-08,21/22,720,537,Porto,Botafogo,0.0,3000000.0,Renzo Saravia
465555,2022-04-06,21/22,6621,626,Cukaricki,New England,915000.0,1200000.0,Djordje Petrovic
864121,2022-04-06,21/22,71863,67909,Steadfast FC,Sporting CP U23,1200000.0,500000.0,Abdul Fatawu
646333,2022-03-24,21/22,38967,3822,Bournemouth U21,Weymouth FC,0.0,,Ben Greenwood
718250,2022-03-24,21/22,1088,45922,Rochdale,Spennymoor Town,0.0,,Ethan Brierley
638649,2022-03-22,21/22,8824,3489,Sheff Utd U21,Boston Utd,0.0,150000.0,Femi Seriki
560417,2022-03-18,21/22,2035,6600,Avaí FC,Internacional,0.0,,Alemão
560417,2022-03-17,21/22,8794,2035,Novo Hamburgo,Avaí FC,0.0,,Alemão
763079,2022-03-17,21/22,85976,27204,Bunyodkor U18,Energetik-BGU,800000.0,,Abdukodir Khusanov
55742,2022-03-16,21/22,703,1045,Nottm Forest,Notts County,0.0,2000000.0,Harry Arter
620362,2022-03-16,21/22,9251,3257,Man Utd U23,Witton Albion,0.0,,Dermot Mee
1004679,2022-03-16,21/22,51466,6950,Watford Yth.,Palace U18,,,Zach Marsh
654253,2022-03-15,21/22,9606,5242,Brighton U18,Man Utd U18,,,Toby Collyer
610581,2022-03-11,21/22,2805,8981,Wycombe,Bromley,0.0,150000.0,Ali Al-Hamadi
73517,2022-03-10,21/22,515,1032,Without Club,Reading,,700000.0,Ørjan Nyland
926135,2022-03-06,21/22,10002,6933,Derby U18,Aston Villa U18,725000.0,,Omari Kellyman
990836,2022-03-04,21/22,32630,7609,WFC Academy,Waterford FC,,,Romeo Akachukwu
739443,2022-02-28,21/22,609,31614,Cruzeiro,Ludogorets,1320000.0,400000.0,Igor Thiago
526050,2022-02-16,21/22,4523,56089,Marathón,Minnesota,0.0,200000.0,Kervin Arriaga
985806,2022-02-15,21/22,70673,45604,Orlando Academy,Orlando,,,Alex Freeman
864121,2022-02-12,21/22,37487,71863,Dreams FC,Steadfast FC,0.0,500000.0,Abdul Fatawu
747009,2022-02-11,21/22,67284,2802,Kilmarnock B,Airdrieonians,0.0,,Justin Devenny
282823,2022-02-10,21/22,148,3641,Tottenham,Degerfors,0.0,800000.0,Alfie Whiteman
747009,2022-02-10,21/22,44482,67284,Broomhill,Kilmarnock B,0.0,,Justin Devenny
576028,2022-02-09,21/22,1029,51663,Vélez Sarsfield,Atlanta,14500000.0,20000000.0,Thiago Almada
413262,2022-02-02,21/22,1050,16795,Villarreal,Granada CF,0.0,900000.0,Dani Raba
967346,2022-02-02,22/23,10826,750,FC Sochaux U19,FC Sochaux,,,Eliezer Mayenda
456292,2022-02-01,21/22,1148,8981,Brentford,Bromley,0.0,300000.0,Ellery Balcombe
512354,2022-02-01,21/22,39337,22,Derby U23,Derby,,,Malcolm Ebiowei
576024,2022-02-01,21/22,281,209,Man City,River Plate,0.0,20000000.0,Julián Alvarez
725912,2022-02-01,21/22,62,13753,Slavia Praha,MFK Vyskov,0.0,100000.0,Antonín Kinský
874080,2022-02-01,21/22,9250,358,Chelsea U23,Charlton,0.0,,Mason Burstow
940462,2022-02-01,21/22,28870,40495,Real Madrid U19,Las Palmas U19,,,Pau Ferrer
982007,2022-02-01,21/22,9900,44822,R. Sociedad U19,Real Sociedad C,,,Ekain Orobengoa
1038950,2022-02-01,21/22,16075,93745,Cádiz U19,Fund. Cádiz,,,Karl Etta Eyong
62945,2022-01-31,21/22,119,2687,M. Tel Aviv,Cádiz CF,0.0,250000.0,Luis Hernández
73517,2022-01-31,21/22,989,515,Bournemouth,Without Club,,700000.0,Ørjan Nyland
134270,2022-01-31,21/22,1237,762,Brighton,Newcastle,15000000.0,3500000.0,Dan Burn
148262,2022-01-31,21/22,762,1039,Newcastle,QPR,0.0,7000000.0,Jeff Hendrick
221311,2022-01-31,21/22,337,366,Birmingham,Real Valladolid,0.0,800000.0,Iván Sánchez
226049,2022-01-31,21/22,762,989,Newcastle,Bournemouth,0.0,10000000.0,Freddie Woodman
240692,2022-01-31,21/22,1082,13,Lille,Atlético,3000000.0,10000000.0,Reinildo Mandava
250478,2022-01-31,21/22,405,762,Aston Villa,Newcastle,0.0,17000000.0,Matt Targett
256267,2022-01-31,21/22,398,237,Lazio,RCD Mallorca,0.0,6000000.0,Vedat Muriqi
283170,2022-01-31,21/22,131,141,Barcelona,Galatasaray,0.0,3000000.0,Iñaki Peña
288255,2022-01-31,21/22,985,29,Man Utd,Everton,0.0,25000000.0,Donny van de Beek
314367,2022-01-31,21/22,2420,336,Vit. Guimarães,Sporting,7750000.0,13000000.0,Marcus Edwards
348795,2022-01-31,21/22,148,1050,Tottenham,Villarreal,0.0,22000000.0,Giovani Lo Celso
354362,2022-01-31,21/22,506,148,Juventus,Tottenham,19000000.0,25000000.0,Rodrigo Bentancur
371814,2022-01-31,21/22,31,989,Liverpool,Bournemouth,0.0,8000000.0,Nathaniel Phillips
376856,2022-01-31,21/22,1148,350,Brentford,Sheff Utd,0.0,1000000.0,Charlie Goode
420002,2022-01-31,21/22,39,873,Mainz,Crystal Palace,11000000.0,5000000.0,Jean-Philippe Mateta
431755,2022-01-31,21/22,506,148,Juventus,Tottenham,0.0,30000000.0,Dejan Kulusevski
444641,2022-01-31,21/22,543,2797,Wolves,Ebbsfleet,0.0,,Louie Moulden
481675,2022-01-31,21/22,3060,653,Atromitos,OFI Crete,,800000.0,Christos Mandas
503680,2022-01-31,21/22,31,931,Liverpool,Fulham,0.0,8000000.0,Neco Williams
504581,2022-01-31,21/22,543,164,Wolves,Blackburn,0.0,2000000.0,Ryan Giles
527350,2022-01-31,21/22,1049,1108,Valencia,Alavés,0.0,5000000.0,Manu Vallejo
536794,2022-01-31,21/22,11177,29,Fleetwood,Everton,,,Billy Crellin
537382,2022-01-31,21/22,148,1049,Tottenham,Valencia,0.0,28000000.0,Bryan Gil
567576,2022-01-31,21/22,9253,2455,Newcastle U23,Bristol Rovers,0.0,200000.0,Elliot Anderson
568559,2022-01-31,21/22,506,380,Juventus,Salernitana,0.0,3500000.0,Radu Drăgușin
576024,2022-01-31,21/22,209,281,River Plate,Man City,21400000.0,20000000.0,Julián Alvarez
610863,2022-01-31,21/22,12124,3456,Aston Villa U23,Gateshead,0.0,,Filip Marschall
626888,2022-01-31,21/22,12124,991,Aston Villa U23,MK Dons,0.0,250000.0,Kaine Kesler-Hayden
633111,2022-01-31,21/22,26132,3679,UE Costa Brava,Atl. Madrid B,,200000.0,Álex Calatrava
652979,2022-01-31,21/22,9261,1074,Everton U23,Tranmere Rovers,0.0,,Lewis Warrington
657817,2022-01-31,21/22,9844,39336,FC Porto U19,Brighton U23,0.0,,Benicio Baker-Boaitey
658115,2022-01-31,21/22,16646,14707,UP Langreo,Oviedo Vetusta,,50000.0,Abel Bretones
666547,2022-01-31,21/22,1047,11676,Como,Cagliari U19,0.0,800000.0,Zito Luvumbo
874080,2022-01-31,21/22,358,9250,Charlton,Chelsea U23,1800000.0,,Mason Burstow
945702,2022-01-31,21/22,28868,12130,Villarreal U19,Torino U19,,,Sebas Wade
953901,2022-01-31,21/22,16560,14758,Nacional U19,Racing Club,540000.0,25000.0,Santiago Mouriño
283170,2022-01-30,21/22,2464,131,Barcelona B,Barcelona,,3000000.0,Iñaki Peña
420002,2022-01-30,21/22,873,39,Crystal Palace,Mainz,0.0,5000000.0,Jean-Philippe Mateta
429790,2022-01-30,21/22,281,1095,Man City,Troyes,,800000.0,Luka Ilic
520624,2022-01-30,21/22,1041,762,Lyon,Newcastle,42100000.0,30000000.0,Bruno Guimarães
568559,2022-01-30,21/22,1038,506,Sampdoria,Juventus,0.0,3500000.0,Radu Drăgușin
631821,2022-01-30,21/22,6992,338,Chornomorets,Dynamo Kyiv,0.0,300000.0,Vladyslav Vanat
204103,2022-01-29,21/22,543,131,Wolves,Barcelona,0.0,28000000.0,Adama Traoré
608175,2022-01-29,21/22,512,603,Stoke City,Cardiff,0.0,700000.0,Alfie Doughty
614811,2022-01-29,21/22,9253,2577,Newcastle U23,Hartlepool,0.0,,Joe White
730861,2022-01-29,21/22,10958,1090,Milan U19,AZ Alkmaar,2700000.0,300000.0,Milos Kerkez
111508,2022-01-28,21/22,3709,1244,Getafe,CD Leganés,0.0,1500000.0,Allan Nyom
398131,2022-01-28,21/22,1049,11596,Valencia,AD Alcorcón,0.0,300000.0,Cristian Rivero
617074,2022-01-28,21/22,23826,1049,Leipzig,Valencia,0.0,20000000.0,Ilaix Moriba
215118,2022-01-27,21/22,11,405,Arsenal,Aston Villa,0.0,12000000.0,Calum Chambers
341278,2022-01-27,21/22,1050,12321,Villarreal,Girona,0.0,800000.0,Iván Martín
536835,2022-01-27,21/22,985,124,Man Utd,Rangers,0.0,18000000.0,Amad Diallo
648032,2022-01-27,21/22,410,1189,Udinese,St. Pat's,0.0,,James Abankwah
717952,2022-01-27,21/22,6767,44564,RM Castilla,Xerez Deportivo,0.0,50000.0,Mario de Luis
341278,2022-01-26,21/22,1108,1050,Alavés,Villarreal,0.0,800000.0,Iván Martín
559794,2022-01-26,21/22,148,289,Tottenham,Sunderland,0.0,5000000.0,Jack Clarke
648032,2022-01-26,21/22,1189,410,St. Pat's,Udinese,400000.0,,James Abankwah
710007,2022-01-26,21/22,6767,19301,RM Castilla,CD Teruel,0.0,50000.0,Fer Rodríguez
907559,2022-01-26,21/22,14583,288,Ind. Yumbo,Estudiantes LP,0.0,500000.0,Nelson Deossa
121254,2022-01-25,21/22,512,350,Stoke City,Sheff Utd,300000.0,700000.0,Adam Davies
298583,2022-01-25,21/22,26,1049,Basel,Valencia,800000.0,1800000.0,Eray Cömert
710007,2022-01-25,21/22,20844,6767,Real Avilés,RM Castilla,0.0,50000.0,Fer Rodríguez
943549,2022-01-25,21/22,34422,27774,Cork Academy,Cork City,,,Mark O'Mahony
533662,2022-01-24,21/22,405,466,Aston Villa,Preston,0.0,500000.0,Cameron Archer
560417,2022-01-24,21/22,2035,8794,Avaí FC,Novo Hamburgo,0.0,,Alemão
494237,2022-01-22,21/22,162,932,Monaco,Loko Moscow,3500000.0,3000000.0,Wilson Isidor
732117,2022-01-22,21/22,22,9250,Derby,Chelsea U23,566000.0,200000.0,Dylan Williams
447052,2022-01-21,21/22,621,16575,Athletic,SD Amorebieta,0.0,2000000.0,Peru Nolaskoain
665390,2022-01-21,21/22,405,512,Aston Villa,Stoke City,0.0,500000.0,Jaden Philogene
1013774,2022-01-21,21/22,15608,11986,Leixões U19,UD Almería B,,,Marciano Sanca
247250,2022-01-20,21/22,366,2687,Real Valladolid,Cádiz CF,0.0,3000000.0,Rubén Alcaraz
406634,2022-01-20,21/22,991,371,MK Dons,Celtic,1800000.0,450000.0,Matt O'Riley
433183,2022-01-20,21/22,9265,603,Man City U23,Cardiff,0.0,1000000.0,Tommy Doyle
503679,2022-01-20,21/22,2288,31,Swansea,Liverpool,0.0,4000000.0,Rhys Williams
620362,2022-01-20,21/22,47027,9251,Runcorn Linnets,Man Utd U23,0.0,,Dermot Mee
717952,2022-01-20,21/22,20844,6767,Real Avilés,RM Castilla,0.0,50000.0,Mario de Luis
743414,2022-01-20,21/22,6951,5679,West Brom U18,Arsenal U18,,,Lino Sousa
433183,2022-01-19,21/22,41,9265,Hamburg,Man City U23,0.0,1000000.0,Tommy Doyle
286779,2022-01-18,21/22,3,3631,1.FC Köln,América,900000.0,2500000.0,Jorge Meré
746833,2022-01-18,21/22,56870,51663,Atlanta Academy,Atlanta,,,Caleb Wiley
284884,2022-01-17,21/22,368,3709,Sevilla FC,Getafe,0.0,10000000.0,Óscar Rodríguez
640109,2022-01-17,21/22,46,3911,Inter,Stade Brestois,0.0,2500000.0,Martín Satriano
960571,2022-01-15,21/22,51888,76,Vålerenga Yth.,Vålerenga,,,Jones El-Abdellaoui
502821,2022-01-14,21/22,12,252,Roma,Genoa,0.0,4000000.0,Riccardo Calafiori
568835,2022-01-14,21/22,3368,5358,Levante,SD Huesca,0.0,1500000.0,Pablo Martínez
605426,2022-01-14,21/22,496,5200,Malmö,IFK Malmö,0.0,50000.0,Melker Ellborg
667925,2022-01-14,21/22,12124,46842,Aston Villa U23,Hereford,0.0,,Sebastian Revan
973085,2022-01-14,21/22,66477,12765,Brasseries,LOSC Lille B,,,Carlos Baleba
108725,2022-01-13,21/22,1132,762,Burnley,Newcastle,30000000.0,6000000.0,Chris Wood
126664,2022-01-13,21/22,29,405,Everton,Aston Villa,30000000.0,30000000.0,Lucas Digne
127048,2022-01-13,21/22,3176,244,BJ Guoan,Marseille,0.0,12000000.0,Cédric Bakambu
298976,2022-01-13,21/22,12,3709,Roma,Getafe,0.0,10000000.0,Borja Mayoral
398163,2022-01-13,21/22,12,3709,Roma,Getafe,0.0,10000000.0,Gonzalo Villar
566799,2022-01-13,21/22,9265,355,Man City U23,Bolton,0.0,,James Trafford
533568,2022-01-12,21/22,3938,1108,CA Talleres,Alavés,0.0,5200000.0,Nahuel Tenaglia
566799,2022-01-12,21/22,3688,9265,Accrington,Man City U23,0.0,,James Trafford
667925,2022-01-12,21/22,1034,12124,Grimsby Town,Aston Villa U23,0.0,,Sebastian Revan
687626,2022-01-12,21/22,41274,1237,Beerschot VA,Brighton,0.0,4500000.0,Moisés Caicedo
503977,2022-01-11,21/22,281,512,Man City,Stoke City,0.0,3000000.0,Taylor Harwood-Bellis
646658,2022-01-11,21/22,12124,3371,Aston Villa U23,Cheltenham,0.0,1000000.0,Aaron Ramsey
972465,2022-01-11,21/22,9762,56089,Red Storm,Minnesota,0.0,,Tani Oluwaseyi
468066,2022-01-10,21/22,865,1421,Midtjylland,Stade Reims,10000000.0,5000000.0,Jens Cajuste
503977,2022-01-10,21/22,58,281,RSC Anderlecht,Man City,0.0,3000000.0,Taylor Harwood-Bellis
626888,2022-01-09,21/22,352,12124,Swindon Town,Aston Villa U23,0.0,250000.0,Kaine Kesler-Hayden
579295,2022-01-08,21/22,496,45631,Malmö,BK Olympic,0.0,,Melker Widell
607034,2022-01-08,21/22,2038,353,Sogndal,Lillestrøm SK,0.0,400000.0,Akor Adams
95810,2022-01-07,21/22,13,762,Atlético,Newcastle,14000000.0,18000000.0,Kieran Trippier
217144,2022-01-07,21/22,237,1084,RCD Mallorca,Málaga CF,0.0,1000000.0,Aleix Febas
342046,2022-01-07,21/22,985,6195,Man Utd,Napoli,0.0,8000000.0,Axel Tuanzebe
366948,2022-01-07,21/22,33304,1023,DL Pro,Palmeiras,0.0,1800000.0,Jailson
278404,2022-01-06,21/22,2687,13222,Cádiz CF,CD Mirandés,0.0,500000.0,Martín Calderón
307519,2022-01-06,21/22,366,2687,Real Valladolid,Cádiz CF,0.0,2000000.0,Fede San Emeterio
342046,2022-01-06,21/22,405,985,Aston Villa,Man Utd,0.0,8000000.0,Axel Tuanzebe
528892,2022-01-06,21/22,9249,903,Arsenal U23,Hibernian FC,0.0,350000.0,Harry Clarke
582078,2022-01-06,21/22,4117,989,Wealdstone,Bournemouth,0.0,100000.0,Will Dennis
745716,2022-01-06,21/22,73151,9606,Rovers Academy,Brighton U18,,,Killian Cahill
911736,2022-01-06,21/22,12847,195,RBK Youth,Rosenborg BK,,,Sverre Nypan
611793,2022-01-05,21/22,11177,989,Fleetwood,Bournemouth,1200000.0,,James Hill
55742,2022-01-04,21/22,358,703,Charlton,Nottm Forest,0.0,2000000.0,Harry Arter
266795,2022-01-04,21/22,398,1108,Lazio,Alavés,0.0,2000000.0,Gonzalo Escalante
424015,2022-01-04,21/22,124,29,Rangers,Everton,14000000.0,3000000.0,Nathan Patterson
456292,2022-01-04,21/22,2963,1148,Burton Albion,Brentford,0.0,300000.0,Ellery Balcombe
499604,2022-01-04,21/22,1031,1027,Luton,Bradford,0.0,300000.0,Dion Pereira
515544,2022-01-04,21/22,3471,289,Linfield,Sunderland,240000.0,175000.0,Trai Hume
548470,2022-01-04,21/22,985,337,Man Utd,Birmingham,0.0,2000000.0,Teden Mengi
606718,2022-01-04,21/22,504,543,Grasshoppers,Wolves,0.0,1000000.0,Toti
711544,2022-01-04,21/22,6945,352,Palace U23,Swindon Town,0.0,25000.0,Jake O'Brien
834742,2022-01-04,21/22,9478,20116,Espanyol U19,Leeds United U23,,,Mateo Joseph
504581,2022-01-03,21/22,603,543,Cardiff,Wolves,0.0,2000000.0,Ryan Giles
670859,2022-01-03,21/22,3721,8824,Alfreton,Sheff Utd U21,0.0,100000.0,Antwoine Hackford
741142,2022-01-03,21/22,12574,9855,Godoy Cruz,LDU Quito,0.0,100000.0,Zaid Romero
874066,2022-01-03,21/22,7048,12806,Bradford PA,Sheff Utd U18,0.0,,Oliver Arblaster
528892,2022-01-02,21/22,2759,9249,Ross County,Arsenal U23,0.0,350000.0,Harry Clarke
398184,2022-01-01,21/22,281,131,Man City,Barcelona,55000000.0,45000000.0,Ferran Torres
404842,2022-01-01,21/22,338,29,Dynamo Kyiv,Everton,23500000.0,17000000.0,Vitaliy Mykolenko
429790,2022-01-01,21/22,317,281,FC Twente,Man City,0.0,950000.0,Luka Ilic
473169,2022-01-01,21/22,23826,610,Leipzig,Ajax,0.0,7500000.0,Brian Brobbey
490421,2022-01-01,21/22,515,11669,Without Club,Cádiz CF B,,50000.0,Momo Mbaye
502676,2022-01-01,21/22,663,1049,Dinamo Tbilisi,Valencia,3850000.0,3000000.0,Giorgi Mamardashvili
563137,2022-01-01,21/22,681,9899,Real Sociedad,Real Sociedad B,,3000000.0,Robert Navarro
566931,2022-01-01,21/22,6326,583,Paris SG U19,PSG,,1500000.0,Xavi Simons
579295,2022-01-01,21/22,7917,496,Malmö FF U19,Malmö,,,Melker Widell
581330,2022-01-01,21/22,39337,22,Derby U23,Derby,,50000.0,Eiran Cashin
583189,2022-01-01,21/22,9251,985,Man Utd U23,Man Utd,,4000000.0,Anthony Elanga
623024,2022-01-01,21/22,6182,1049,Valencia B,Valencia,,500000.0,Jesús Vázquez
628926,2022-01-01,21/22,12319,8519,Sevilla FC C,Sevilla Atl.,,100000.0,Miguel Capitas
638124,2022-01-01,21/22,65711,69523,San Ignacio,Gran Peña,,,Manu Fernández
638793,2022-01-01,21/22,626,2282,New England,Club Brugge,6430000.0,8500000.0,Tajon Buchanan
667121,2022-01-01,21/22,10789,1075,Braga B,Braga,,2000000.0,Rodrigo Gomes
670858,2022-01-01,21/22,6918,9250,Chelsea U18,Chelsea U23,,,Lewis Hall
696589,2022-01-01,21/22,12124,405,Aston Villa U23,Aston Villa,,,Tim Iroegbunam
718581,2022-01-01,21/22,12319,8519,Sevilla FC C,Sevilla Atl.,,100000.0,Lulo Dasilva
735568,2022-01-01,21/22,614,8793,Flamengo,RB Bragantino,3500000.0,3500000.0,Natan
737138,2022-01-01,21/22,515,82851,Without Club,Paracuellos,,50000.0,Facu Esnáider
741257,2022-01-01,21/22,13711,39822,Real Madrid U17,Real Madrid U18,,,Álex Jiménez
743600,2022-01-01,21/22,14724,978,Vasco U20,Vasco da Gama,,,Andrey Santos
744149,2022-01-01,21/22,6949,9258,Blackburn U18,Blackburn U23,,,Adam Wharton
796024,2022-01-01,21/22,5679,9249,Arsenal U18,Arsenal U23,,,Jack Henry-Francis
818237,2022-01-01,21/22,6933,12124,Aston Villa U18,Aston Villa U23,,,Tommi O'Reilly
866246,2022-01-01,21/22,42543,8955,IF Bromma U17,IF Bromma U19,,,Lucas Bergvall
875235,2022-01-01,21/22,9211,515,Bohemians,Without Club,,75000.0,Seán Grehan
895480,2022-01-01,22/23,6665,6688,CD Basconia,Bilbao Athletic,,,Adu Ares
906160,2022-01-01,21/22,31562,253,T. Kutaisi II,Torpedo Kutaisi,,,Saba Goglichidze
912392,2022-01-01,21/22,20750,2723,Wanderers U21,Wanderers,,50000.0,Lucas Cepeda
923831,2022-01-01,21/22,7875,12765,LOSC Lille U19,LOSC Lille B,,,Leny Yoro
927768,2022-01-01,21/22,9540,221,Santos U20,Santos,,,Lucas Pires
935232,2022-01-01,21/22,28870,15509,Real Madrid U19,Celta U19,0.0,,Aitor Mañas
979235,2022-01-01,21/22,72311,16075,Etoiles Mandé,Cádiz U19,0.0,,Moussa Diakité
983989,2022-01-01,21/22,14838,1418,Ros. Central II,Rosario Central,,,Facundo Buonanotte
985383,2022-01-01,21/22,14842,1029,Vélez II,Vélez Sarsfield,,,Valentín Gómez
1000626,2022-01-01,21/22,70218,123357,Girona FC Youth,Girona FC U18,,,Enric García
1004203,2022-01-01,21/22,59386,26468,La Guaira U20,Dep. La Guaira,,,Keiber Lamadrid
1009658,2022-01-01,21/22,15106,14835,Lanús U20,Lanús II,,,Julio Soler
1038950,2022-01-01,21/22,75,16075,Unknown,Cádiz U19,50000.0,,Karl Etta Eyong
268642,2021-12-31,21/22,6600,720,Internacional,Porto,0.0,3000000.0,Renzo Saravia
282823,2021-12-31,21/22,3641,148,Degerfors,Tottenham,0.0,800000.0,Alfie Whiteman
394694,2021-12-31,21/22,472,78435,UD Las Palmas,Charlotte,0.0,1000000.0,Sergio Ruiz
502676,2021-12-31,21/22,1049,663,Valencia,Dinamo Tbilisi,0.0,3000000.0,Giorgi Mamardashvili
735568,2021-12-31,21/22,8793,614,RB Bragantino,Flamengo,0.0,3500000.0,Natan
741142,2021-12-31,21/22,8356,12574,Villa Dálmine,Godoy Cruz,0.0,100000.0,Zaid Romero
1072898,2021-12-21,21/22,3868,8824,Hornchurch,Sheff Utd U21,,,Jili Buyabu
889435,2021-12-14,21/22,46720,9636,Tacoma Defiance,Seattle,,175000.0,Obed Vargas
582078,2021-12-11,21/22,989,4117,Bournemouth,Wealdstone,0.0,100000.0,Will Dennis
670859,2021-12-03,21/22,8824,3721,Sheff Utd U21,Alfreton,0.0,100000.0,Antwoine Hackford
620362,2021-11-26,21/22,9251,47027,Man Utd U23,Runcorn Linnets,0.0,,Dermot Mee
503990,2021-11-25,21/22,903,641,Hibernian FC,Middlesbrough,0.0,300000.0,Nathan Wood
638649,2021-11-25,21/22,41274,8824,Beerschot V.A.,Sheff Utd U21,0.0,200000.0,Femi Seriki
610581,2021-11-20,21/22,515,2805,Without Club,Wycombe,,,Ali Al-Hamadi
944551,2021-11-15,21/22,38899,1072,King's Lynn,Peterborough,,,Joe Taylor
499604,2021-11-05,21/22,972,1031,Yeovil Town,Luton,0.0,300000.0,Dion Pereira
864121,2021-10-24,21/22,71863,37487,Steadfast FC,Dreams FC,0.0,500000.0,Abdul Fatawu
667287,2021-10-22,21/22,16574,272,AIK U19,AIK,,350000.0,Yasin Ayari
874066,2021-10-22,21/22,12806,7048,Sheff Utd U18,Bradford PA,0.0,,Oliver Arblaster
462070,2021-10-21,21/22,515,2419,Without Club,River Plate,,75000.0,Nicolás Fonseca
499604,2021-10-08,21/22,1031,972,Luton,Yeovil Town,0.0,300000.0,Dion Pereira
944551,2021-10-08,21/22,8953,38899,Wroxham FC,King's Lynn,0.0,,Joe Taylor
127032,2021-10-04,21/22,515,1050,Without Club,Villarreal,,20000000.0,Serge Aurier
707359,2021-09-27,21/22,515,68188,Without Club,Guimarães U23,,,Etienne Eto'o
956920,2021-09-27,21/22,27119,875,Adelaide U21,Adelaide United,,,Nestory Irankunda
496661,2021-09-24,21/22,515,1031,Without Club,Luton,,,Elliot Thorpe
620362,2021-09-19,21/22,21498,9251,Trafford,Man Utd U23,0.0,,Dermot Mee
512354,2021-09-11,21/22,67281,39337,Rangers FC U18,Derby U23,,,Malcolm Ebiowei
67808,2021-09-03,21/22,5358,12321,SD Huesca,Girona,,1500000.0,Borja García
947431,2021-09-01,21/22,14742,8494,Mallorca U19,RCD Mallorca B ,,,David López
948273,2021-09-01,21/22,28870,6767,Real Madrid U19,RM Castilla,,,Mario Martín
1000135,2021-09-01,21/22,20201,15080,Rayo U19,Rayo B,,,Joselu Pérez
1123335,2021-09-01,21/22,34466,85849,Damm U19,Cerdanyola U19,0.0,,Hamza Bellari
55742,2021-08-31,21/22,703,358,Nottm Forest,Charlton,0.0,2000000.0,Harry Arter
70245,2021-08-31,21/22,3709,5358,Getafe,SD Huesca,0.0,1000000.0,Ignasi Miquel
74230,2021-08-31,21/22,583,336,PSG,Sporting,0.0,25000000.0,Pablo Sarabia
123551,2021-08-31,21/22,641,677,Middlesbrough,Ipswich,,1500000.0,Sam Morsy
125781,2021-08-31,21/22,131,13,Barcelona,Atlético,0.0,60000000.0,Antoine Griezmann
127032,2021-08-31,21/22,148,515,Tottenham,Without Club,,20000000.0,Serge Aurier
188077,2021-08-31,21/22,371,989,Celtic,Bournemouth,2900000.0,7000000.0,Ryan Christie
191217,2021-08-31,21/22,11,150,Arsenal,Real Betis,0.0,25000000.0,Héctor Bellerín
192009,2021-08-31,21/22,621,367,Athletic Club,Rayo Vallecano,0.0,12000000.0,Unai López
214666,2021-08-31,21/22,2288,1132,Swansea,Burnley,2900000.0,4500000.0,Connor Roberts
239949,2021-08-31,21/22,2288,989,Swansea,Bournemouth,1700000.0,2000000.0,Jamal Lowe
256429,2021-08-31,21/22,366,367,Real Valladolid,Rayo Vallecano,0.0,3000000.0,Sergi Guardiola
258475,2021-08-31,21/22,3302,367,UD Almería,Rayo Vallecano,0.0,1500000.0,Nikola Maras
268670,2021-08-31,21/22,12321,1531,Girona,Elche CF,0.0,1000000.0,Gerard Gumbau
284857,2021-08-31,21/22,3709,1237,Getafe,Brighton,18000000.0,20000000.0,Marc Cucurella
319301,2021-08-31,21/22,985,399,Man Utd,Leeds,29100000.0,18000000.0,Daniel James
340325,2021-08-31,21/22,11,234,Arsenal,Feyenoord,0.0,9000000.0,Reiss Nelson
357072,2021-08-31,21/22,273,2282,Stade Rennais,Club Brugge,4000000.0,12000000.0,Faitout Maouassa
357162,2021-08-31,21/22,294,3709,Benfica,Getafe,0.0,10000000.0,Florentino
362108,2021-08-31,21/22,202,1082,FC Groningen,Lille,6000000.0,1800000.0,Gabriel Gudmundsson
365108,2021-08-31,21/22,417,26,Nice,Basel,0.0,4000000.0,Dan Ndoye
378293,2021-08-31,21/22,281,714,Man City,Espanyol,0.0,18000000.0,Yangel Herrera
392771,2021-08-31,21/22,631,607,Chelsea,Venezia,0.0,15000000.0,Ethan Ampadu
406040,2021-08-31,21/22,23826,1003,Leipzig,Leicester,0.0,11000000.0,Ademola Lookman
429014,2021-08-31,21/22,543,350,Wolves,Sheff Utd,0.0,7000000.0,Morgan Gibbs-White
433183,2021-08-31,21/22,9265,41,Man City U23,Hamburg,0.0,1000000.0,Tommy Doyle
444208,2021-08-31,21/22,180,2288,Southampton,Swansea,2000000.0,3000000.0,Michael Obafemi
483348,2021-08-31,21/22,641,703,Middlesbrough,Nott'm Forest,0.0,2000000.0,Djed Spence
503679,2021-08-31,21/22,31,2288,Liverpool,Swansea,0.0,5000000.0,Rhys Williams
503990,2021-08-31,21/22,641,903,Middlesbrough,Hibernian FC,0.0,300000.0,Nathan Wood
505673,2021-08-31,21/22,13,648,Atlético,CD Tenerife,0.0,3000000.0,Víctor Mollejo
505674,2021-08-31,21/22,13,13222,Atlético,CD Mirandés,0.0,2300000.0,Sergio Camello
557459,2021-08-31,21/22,724,82,FC Volendam,Wolfsburg,8500000.0,1300000.0,Micky van de Ven
568559,2021-08-31,21/22,506,1038,Juventus,Sampdoria,0.0,3000000.0,Radu Drăgușin
569384,2021-08-31,21/22,46,3911,Inter,Stade Brestois,0.0,5000000.0,Lucien Agoumé
573775,2021-08-31,21/22,3709,1049,Getafe,Valencia,0.0,5000000.0,Hugo Duro
578539,2021-08-31,21/22,27,533,Bayern Munich,Hoffenheim,0.0,7500000.0,Chris Richards
581640,2021-08-31,21/22,2464,8733,Barcelona B,Celta Vigo B,0.0,100000.0,Coke Carrillo
595809,2021-08-31,21/22,7378,410,Portimonense,Udinese,0.0,5000000.0,Beto
617018,2021-08-31,21/22,16104,23297,Copenhagen U19,HB Köge,0.0,100000.0,Marko Stamenić
617074,2021-08-31,21/22,131,23826,Barcelona,Leipzig,16600000.0,25000000.0,Ilaix Moriba
640428,2021-08-31,21/22,273,418,Stade Rennais,Real Madrid,31000000.0,55000000.0,Eduardo Camavinga
670558,2021-08-31,21/22,6930,24226,Man City U18,Wolves U21,410000.0,,Harvey Griffiths
687626,2021-08-31,21/22,1237,41274,Brighton,Beerschot VA,0.0,5000000.0,Moisés Caicedo
717957,2021-08-31,21/22,367,4542,Rayo Vallecano,CyD Leonesa,0.0,,Jorge Moreno
724520,2021-08-31,21/22,7971,2464,Hércules CF,Barcelona B,2000000.0,100000.0,Abde Ezzalzouli
892932,2021-08-31,21/22,81705,5650,CD Choco U19,Pontevedra CF,0.0,,Miguel Román
929899,2021-08-31,21/22,82851,33306,Paracuellos,G. Segoviana,0.0,,Rahim Alhassane
85383,2021-08-30,21/22,1049,2687,Valencia,Cádiz CF,,1500000.0,Rubén Sobrino
170472,2021-08-30,21/22,16795,1049,Granada CF,Valencia,2500000.0,3500000.0,Dimitri Foulquier
412045,2021-08-30,21/22,714,12321,Espanyol,Girona,0.0,800000.0,Pol Lozano
445939,2021-08-30,21/22,82,79,Wolfsburg,Stuttgart,0.0,2000000.0,Omar Marmoush
454576,2021-08-30,21/22,234,38,Feyenoord,F. Düsseldorf,0.0,2500000.0,Róbert Boženík
461617,2021-08-30,21/22,13,13222,Atlético,CD Mirandés,0.0,1800000.0,Rodrigo Riquelme
494880,2021-08-30,21/22,1050,3709,Villarreal,Getafe,0.0,6000000.0,Jorge Cuenca
505673,2021-08-30,21/22,237,13,RCD Mallorca,Atlético,0.0,3000000.0,Víctor Mollejo
538006,2021-08-30,21/22,1010,2865,Watford,Betis Deportivo,0.0,200000.0,Kwasi Sibo
729814,2021-08-30,21/22,347,2715,FC Metz,RFC Seraing,0.0,1200000.0,Georges Mikautadze
27493,2021-08-29,21/22,1244,2448,CD Leganés,Sporting Gijón,0.0,100000.0,Iván Cuéllar
292246,2021-08-29,21/22,23826,543,Leipzig,Wolves,0.0,11000000.0,Hee-chan Hwang
369267,2021-08-29,21/22,475,232,Sint-Truiden,Spartak Moscow,2500000.0,850000.0,Maximiliano Caufriez
576314,2021-08-29,21/22,1237,164,Brighton,Blackburn,0.0,2200000.0,Jan Paul van Hecke
207014,2021-08-28,21/22,1010,873,Watford,Crystal Palace,7000000.0,7000000.0,Will Hughes
280730,2021-08-28,21/22,418,430,Real Madrid,Fiorentina,0.0,10000000.0,Álvaro Odriozola
568693,2021-08-28,21/22,148,347,Tottenham,FC Metz,0.0,10000000.0,Pape Matar Sarr
610622,2021-08-28,21/22,50186,16122,SD Eibar B,Arenas Club,0.0,100000.0,Urko Izeta
620362,2021-08-28,21/22,9251,21498,Man Utd U23,Trafford,0.0,,Dermot Mee
747009,2021-08-28,21/22,67284,44482,Kilmarnock B,Broomhill,0.0,,Justin Devenny
258885,2021-08-27,21/22,350,703,Sheff Utd,Nottm Forest,0.0,3000000.0,Max Lowe
568693,2021-08-27,21/22,347,148,FC Metz,Tottenham,16900000.0,10000000.0,Pape Matar Sarr
590690,2021-08-27,21/22,366,897,Real Valladolid,Dep. La Coruña,0.0,400000.0,Víctor García
821522,2021-08-27,21/22,6699,9164,Exeter City,Tiverton,0.0,,Alfie Pond
532776,2021-08-26,21/22,415,15,Toulouse,Leverkusen,7500000.0,6000000.0,Amine Adli
238407,2021-08-25,21/22,23826,681,Leipzig,Real Sociedad,0.0,16000000.0,Alexander Sørloth
481084,2021-08-25,21/22,366,1049,Real Valladolid,Valencia,8500000.0,3500000.0,Marcos André
517894,2021-08-25,21/22,44,13,Hertha BSC,Atlético,35000000.0,30000000.0,Matheus Cunha
607780,2021-08-25,21/22,367,16486,Rayo Vallecano,CF Fuenlabrada,0.0,600000.0,Miguel Ángel Morro
747996,2021-08-24,21/22,6066,54704,Dundalk FC,Brentford B,,50000.0,Val Adedokun
142031,2021-08-23,21/22,33,1531,FC Schalke 04,Elche CF,0.0,4500000.0,Omar Mascarell
153238,2021-08-23,21/22,3176,472,BJ Guoan,UD Las Palmas,0.0,2200000.0,Jonathan Viera
480883,2021-08-23,21/22,7078,1108,Valladolid Prom,Alavés,0.0,500000.0,Miguel de la Fuente
503743,2021-08-23,21/22,9265,989,Man City U23,Bournemouth,0.0,1300000.0,Morgan Rogers
507700,2021-08-23,21/22,985,1123,Man Utd,Norwich,0.0,10000000.0,Brandon Williams
612496,2021-08-23,21/22,13,3329,Atlético,Famalicão,0.0,9000000.0,Marcos Paulo
243879,2021-08-22,21/22,1290,3329,Grenoble,Famalicão,1500000.0,700000.0,Charles Pickel
505219,2021-08-22,21/22,985,703,Man Utd,Nott'm Forest,0.0,4000000.0,James Garner
143559,2021-08-21,21/22,33,430,FC Schalke 04,Fiorentina,500000.0,5000000.0,Matija Nastasić
593412,2021-08-21,21/22,38006,26132,Girona FC B,UE Costa Brava,0.0,50000.0,Ilyas Chaira
819590,2021-08-21,21/22,1531,52397,Elche CF,Unionistas CF,0.0,,José Salinas
14044,2021-08-20,21/22,984,29,West Brom,Everton,0.0,250000.0,Andy Lonergan
316264,2021-08-20,21/22,418,11,Real Madrid,Arsenal,35000000.0,40000000.0,Martin Ødegaard
361254,2021-08-20,21/22,543,368,Wolves,Sevilla FC,16000000.0,12000000.0,Rafa Mir
427568,2021-08-20,21/22,350,11,Sheff Utd,Arsenal,28000000.0,12000000.0,Aaron Ramsdale
484988,2021-08-20,21/22,1421,415,Stade Reims,Toulouse,500000.0,400000.0,Logan Costa
527972,2021-08-20,21/22,1531,11259,Elche CF,CD Alcoyano,0.0,100000.0,Mourad El Ghezouani
583510,2021-08-20,21/22,3709,1536,Getafe,Burgos CF,0.0,150000.0,Miguel Rubio
735571,2021-08-20,21/22,614,931,Flamengo,Fulham,8000000.0,3000000.0,Rodrigo Muniz
127181,2021-08-19,21/22,162,13,Monaco,Atlético,0.0,10000000.0,Benjamin Lecomte
355861,2021-08-19,21/22,989,1050,Bournemouth,Villarreal,23500000.0,15000000.0,Arnaut Danjuma
548111,2021-08-19,21/22,1050,12321,Villarreal,Girona,0.0,2500000.0,Álex Baena
221899,2021-08-18,21/22,6450,221,WH Yangtze,Santos,0.0,2000000.0,Léo Baptistão
73517,2021-08-17,21/22,1123,989,Norwich,Bournemouth,0.0,1000000.0,Ørjan Nyland
285323,2021-08-17,21/22,60,273,Freiburg,Stade Rennais,14000000.0,15000000.0,Baptiste Santamaria
331726,2021-08-17,21/22,631,12,Chelsea,Roma,41000000.0,38000000.0,Tammy Abraham
569876,2021-08-17,21/22,6767,8519,RM Castilla,Sevilla Atl.,0.0,100000.0,Xavi Sintes
618809,2021-08-17,21/22,13,331,Atlético,CA Osasuna,0.0,8000000.0,Manu Sánchez
944124,2021-08-17,21/22,82851,6182,Paracuellos,Valencia B,0.0,,Lass Sangaré
335225,2021-08-16,21/22,1050,714,Villarreal,Espanyol,0.0,5000000.0,Manu Morlanes
659813,2021-08-16,21/22,3938,15,CA Talleres,Leverkusen,6350000.0,8000000.0,Piero Hincapié
711544,2021-08-16,21/22,27774,6945,Cork City,Palace U23,,25000.0,Jake O'Brien
854689,2021-08-14,21/22,1098,39336,Stockport,Brighton U23,,,Jack Hinchy
237617,2021-08-13,21/22,11000,13241,CD Lugo,UD Ibiza,0.0,500000.0,Cristian Herrera
340329,2021-08-13,21/22,11,762,Arsenal,Newcastle,29400000.0,16000000.0,Joe Willock
921345,2021-08-13,21/22,19853,81337,H. Tel Aviv U19,PSV U18,,,Tay Abed
557057,2021-08-12,21/22,3368,13222,Levante,CD Mirandés,0.0,200000.0,Roger Brugué
638649,2021-08-12,21/22,8824,41274,Sheff Utd U21,Beerschot V.A.,0.0,200000.0,Femi Seriki
652331,2021-08-12,20/21,6767,11245,RM Castilla,UD Sanse,0.0,100000.0,Javi Rueda
1054922,2021-08-12,21/22,75,16075,Unknown,Cádiz U19,50000.0,,Nico Njalla
282823,2021-08-11,21/22,148,3641,Tottenham,Degerfors,0.0,1000000.0,Alfie Whiteman
297194,2021-08-11,21/22,940,1244,Celta de Vigo,CD Leganés,0.0,2500000.0,Iván Villar
405398,2021-08-11,21/22,418,237,Real Madrid,RCD Mallorca,0.0,15000000.0,Takefusa Kubo
504849,2021-08-11,21/22,1237,3948,Brighton,Union SG,0.0,1800000.0,Kaoru Mitoma
548188,2021-08-11,21/22,3679,9899,Atl. Madrileño,Real Sociedad B,0.0,2500000.0,Germán Valera
568006,2021-08-11,21/22,9254,289,Tottenham U23,Sunderland,,,Dennis Cirkin
764859,2021-08-11,21/22,42077,1059,Hammarby IF U17,Hammarby,,,Williot Swedberg
250426,2021-08-10,21/22,164,180,Blackburn,Southampton,17700000.0,18000000.0,Adam Armstrong
289272,2021-08-10,21/22,681,367,Real Sociedad,Rayo Vallecano,0.0,2000000.0,Martín Merquelanz
388165,2021-08-10,21/22,1158,1148,FC Lorient,Brentford,10000000.0,10000000.0,Yoane Wissa
495625,2021-08-10,21/22,418,2687,Real Madrid,Cádiz CF,0.0,400000.0,Víctor Chust
504849,2021-08-10,21/22,9598,1237,Kawasaki Front.,Brighton,3000000.0,1800000.0,Kaoru Mitoma
506189,2021-08-10,21/22,677,2288,Ipswich,Swansea,1700000.0,900000.0,Flynn Downes
567504,2021-08-10,21/22,68780,1414,Benfica U23,Amora FC,,,Guilherme Fernandes
571743,2021-08-10,21/22,9250,180,Chelsea U23,Southampton,0.0,3000000.0,Armando Broja
764859,2021-08-10,21/22,17938,42077,Hammarby TFF,Hammarby IF U17,0.0,,Williot Swedberg
476701,2021-08-09,21/22,3329,336,Famalicão,Sporting,24500000.0,5000000.0,Manuel Ugarte
484389,2021-08-09,21/22,9253,1071,Newcastle U23,Wigan,0.0,,Kell Watts
620164,2021-08-09,21/22,11972,13222,Villarreal CF B,CD Mirandés,0.0,2000000.0,Haissem Hassan
262939,2021-08-08,21/22,12321,1531,Girona,Elche CF,1200000.0,2000000.0,Johan Mojica
342046,2021-08-08,21/22,985,405,Man Utd,Aston Villa,0.0,8000000.0,Axel Tuanzebe
1130318,2021-08-07,21/22,124895,124613,Aritma Yth.,Dukla Yth.,,,Djordjije Medenica
263236,2021-08-06,21/22,167,826,Augsburg,Lens,8000000.0,5000000.0,Kevin Danso
355915,2021-08-06,21/22,506,800,Juventus,Atalanta,17000000.0,35000000.0,Cristian Romero
355915,2021-08-06,21/22,800,148,Atalanta,Tottenham,0.0,35000000.0,Cristian Romero
524285,2021-08-06,21/22,44,18,Hertha BSC,Mönchengladbach,2000000.0,5000000.0,Luca Netz
203460,2021-08-05,21/22,405,281,Aston Villa,Man City,117500000.0,65000000.0,Jack Grealish
485706,2021-08-05,21/22,41,1082,Hamburg,Lille,13570000.0,3000000.0,Amadou Onana
124884,2021-08-04,21/22,1090,3911,AZ Alkmaar,Stade Brestois,1000000.0,5000000.0,Marco Bizot
134294,2021-08-04,21/22,180,405,Southampton,Aston Villa,29400000.0,22000000.0,Danny Ings
260841,2021-08-04,21/22,1003,466,Leicester,Preston,0.0,1200000.0,Daniel Iversen
355915,2021-08-04,21/22,800,506,Atalanta,Juventus,0.0,35000000.0,Cristian Romero
387626,2021-08-04,21/22,15,405,Leverkusen,Aston Villa,32000000.0,35000000.0,Leon Bailey
527966,2021-08-04,21/22,1050,5358,Villarreal,SD Huesca,0.0,300000.0,Andrei Rațiu
420808,2021-08-03,21/22,1003,1020,Leicester,Portsmouth,0.0,800000.0,George Hirst
435648,2021-08-03,21/22,27,58,Bayern Munich,RSC Anderlecht,0.0,8000000.0,Joshua Zirkzee
916014,2021-08-03,21/22,72363,16022,CD Casabermeja,Antequera CF,0.0,,Isra Domínguez
199369,2021-08-02,21/22,5358,3709,SD Huesca,Getafe,0.0,3500000.0,Sandro Ramírez
203516,2021-08-02,21/22,1531,472,Elche CF,UD Las Palmas,0.0,800000.0,Nuke Mfulu
429915,2021-08-02,21/22,2282,968,Club Brugge,KVC Westerlo,0.0,600000.0,Maxim De Cuyper
503981,2021-08-02,21/22,9250,180,Chelsea U23,Southampton,26200000.0,,Tino Livramento
528892,2021-08-02,21/22,9249,2759,Arsenal U23,Ross County,0.0,,Harry Clarke
626888,2021-08-02,21/22,12124,352,Aston Villa U23,Swindon Town,0.0,250000.0,Kaine Kesler-Hayden
428016,2021-08-01,21/22,9254,148,Tottenham U23,Tottenham,,250000.0,Brandon Austin
668313,2021-08-01,21/22,44822,72911,Real Sociedad C,Beti Kozkor,0.0,,Aitor Fraga
721660,2021-08-01,21/22,44822,45046,Real Sociedad C,Pasaia KE,0.0,,Mikel Rodriguez
741228,2021-08-01,21/22,34422,27774,Cork Academy,Cork City,,,Joe O'Brien-Whitmarsh
944551,2021-08-01,21/22,38899,8953,King's Lynn,Wroxham FC,0.0,,Joe Taylor
972465,2021-08-01,21/22,74069,9762,Manhattan,Red Storm,0.0,,Tani Oluwaseyi
1056655,2021-08-01,21/22,8494,21261,RCD Mallorca B ,Granollers,0.0,,Rubén Quintanilla
344069,2021-07-31,21/22,65,39,Greuther Fürth,Mainz,4500000.0,2500000.0,Anton Stach
428016,2021-07-31,21/22,45604,9254,Orlando,Tottenham U23,0.0,250000.0,Brandon Austin
448628,2021-07-31,21/22,5358,940,SD Huesca,Celta de Vigo,4000000.0,6000000.0,Javi Galán
654412,2021-07-31,21/22,12278,738,Le Havre U19,Le Havre AC,,150000.0,Abdoullah Ba
335721,2021-07-30,21/22,1237,11,Brighton,Arsenal,58500000.0,28000000.0,Ben White
441170,2021-07-30,21/22,336,114,Sporting,Besiktas,0.0,7500000.0,Valentin Rosier
443222,2021-07-30,21/22,331,1435,CA Osasuna,Go Ahead Eagles,0.0,600000.0,Marc Cardona
485585,2021-07-30,21/22,9250,990,Chelsea U23,Coventry,0.0,,Ian Maatsen
488362,2021-07-30,21/22,9250,873,Chelsea U23,Crystal Palace,0.0,15000000.0,Conor Gallagher
913955,2021-07-30,21/22,11614,68062,UD Las Palmas C,UD Tamaraceite,0.0,,Yadam Santana
120629,2021-07-29,21/22,583,379,PSG,West Ham,0.0,17000000.0,Alphonse Areola
696589,2021-07-29,21/22,29990,12124,West Brom U23,Aston Villa U23,,,Tim Iroegbunam
706797,2021-07-29,21/22,16996,11669,Verona U19,Cádiz CF B,0.0,50000.0,Victor Aznar
116648,2021-07-28,21/22,931,631,Fulham,Chelsea,0.0,2500000.0,Marcus Bettinelli
260827,2021-07-28,21/22,1041,873,Lyon,Crystal Palace,17500000.0,22000000.0,Joachim Andersen
293388,2021-07-28,21/22,7078,13222,Valladolid Prom,CD Mirandés,0.0,300000.0,Oriol Rey
341713,2021-07-28,21/22,3679,3709,Atl. Madrileño,Getafe,0.0,300000.0,Diego Conde
343273,2021-07-28,21/22,367,2497,Rayo Vallecano,Real Oviedo,0.0,300000.0,Joni Montiel
525578,2021-07-28,21/22,16486,367,CF Fuenlabrada,Rayo Vallecano,1000000.0,800000.0,Pathé Ciss
560483,2021-07-28,21/22,16486,367,CF Fuenlabrada,Rayo Vallecano,1300000.0,1300000.0,Randy Nteka
725912,2021-07-28,21/22,450,62,Dukla Prague,Slavia Praha,160000.0,100000.0,Antonín Kinský
843595,2021-07-28,21/22,50780,6930,Southampton Aca,Man City U18,1800000.0,,Max Alleyne
278404,2021-07-27,21/22,6767,2687,RM Castilla,Cádiz CF,0.0,300000.0,Martín Calderón
326416,2021-07-27,21/22,1531,2497,Elche CF,Real Oviedo,0.0,1500000.0,Dani Calvo
349503,2021-07-27,21/22,349,677,Barnsley,Ipswich,875000.0,1000000.0,Conor Chaplin
385848,2021-07-27,21/22,124,677,Rangers,Ipswich,875000.0,500000.0,George Edmundson
596446,2021-07-27,21/22,399,989,Leeds,Bournemouth,0.0,800000.0,Leif Davis
616631,2021-07-27,21/22,800,380,Atalanta,Salernitana,0.0,2000000.0,Matteo Ruggeri
666547,2021-07-27,21/22,11676,1047,Cagliari U19,Como,0.0,1000000.0,Zito Luvumbo
667925,2021-07-27,21/22,12124,1034,Aston Villa U23,Grimsby Town,0.0,,Sebastian Revan
249513,2021-07-26,21/22,989,681,Bournemouth,Real Sociedad,500000.0,4500000.0,Diego Rico
275218,2021-07-26,21/22,209,1775,River Plate,San Lorenzo,0.0,550000.0,Augusto Batalla
344830,2021-07-26,21/22,985,337,Man Utd,Birmingham,0.0,4000000.0,Tahith Chong
537382,2021-07-26,21/22,368,148,Sevilla FC,Tottenham,25000000.0,30000000.0,Bryan Gil
275218,2021-07-25,20/21,11470,209,O'Higgins,River Plate,0.0,550000.0,Augusto Batalla
195488,2021-07-24,21/22,148,931,Tottenham,Fulham,0.0,3000000.0,Paulo Gazzaniga
279455,2021-07-24,21/22,31,931,Liverpool,Fulham,14000000.0,17000000.0,Harry Wilson
412042,2021-07-24,21/22,10773,7971,RCD Espanyol B,Hércules CF,0.0,150000.0,Adri López
401173,2021-07-23,21/22,16,985,Dortmund,Man Utd,85000000.0,100000000.0,Jadon Sancho
587002,2021-07-23,21/22,9250,1148,Chelsea U23,Brentford,1500000.0,,Myles Peart-Harris
611075,2021-07-23,21/22,10773,10718,RCD Espanyol B,FC Andorra,0.0,200000.0,Iván Gil
631821,2021-07-23,21/22,338,6992,Dynamo Kyiv,Chornomorets,0.0,100000.0,Vladyslav Vanat
710007,2021-07-23,21/22,6767,20844,RM Castilla,Real Avilés,0.0,,Fer Rodríguez
823486,2021-07-23,21/22,13484,8505,Gozzano,Fiorentina U19,,125000.0,Michael Kayode
984593,2021-07-23,21/22,52928,6933,West Brom Yth.,Aston Villa U18,0.0,,Triston Rowe
127108,2021-07-22,21/22,762,1108,Newcastle,Alavés,,4500000.0,Florian Lejeune
741236,2021-07-22,21/22,3884,54704,AFC Wimbledon,Brentford B,500000.0,,Matthew Cox
258987,2021-07-21,21/22,2698,371,Rubin Kazan,Celtic,5000000.0,3000000.0,Carl Starfelt
328658,2021-07-21,21/22,371,1148,Celtic,Brentford,15700000.0,7000000.0,Kristoffer Ajer
572265,2021-07-21,21/22,458,4172,Palermo,Pisa,2650000.0,300000.0,Lorenzo Lucca
14555,2021-07-20,21/22,22,281,Derby,Man City,0.0,300000.0,Scott Carson
33873,2021-07-20,21/22,989,29,Bournemouth,Everton,0.0,1200000.0,Asmir Begovic
45494,2021-07-20,21/22,873,1132,Crystal Palace,Burnley,0.0,1000000.0,Wayne Hennessey
295313,2021-07-20,21/22,31,89,Liverpool,Union Berlin,8550000.0,5000000.0,Taiwo Awoniyi
330659,2021-07-20,21/22,12,417,Roma,Nice,0.0,14000000.0,Justin Kluivert
545647,2021-07-20,21/22,940,13222,Celta de Vigo,CD Mirandés,0.0,1000000.0,Sergio Carreira
889435,2021-07-20,21/22,9636,46720,Seattle,Tacoma Defiance,0.0,,Obed Vargas
237125,2021-07-19,21/22,698,11282,Bristol City,Alanyaspor,0.0,2500000.0,Famara Diédhiou
314678,2021-07-19,21/22,418,5,Real Madrid,AC Milan,0.0,15000000.0,Brahim Díaz
395234,2021-07-19,21/22,995,1420,FC Nantes,Angers SCO,0.0,500000.0,Batista Mendy
638588,2021-07-19,21/22,367,11972,Rayo Vallecano,Villarreal CF B,0.0,400000.0,Martín Pascual
927768,2021-07-19,21/22,14876,9540,Corinthians U20,Santos U20,0.0,,Lucas Pires
392757,2021-07-18,21/22,631,873,Chelsea,Crystal Palace,23340000.0,10000000.0,Marc Guéhi
889435,2021-07-18,21/22,46720,9636,Tacoma Defiance,Seattle,0.0,,Obed Vargas
286415,2021-07-17,21/22,12,244,Roma,Marseille,0.0,10000000.0,Pau López
717952,2021-07-17,21/22,6767,20844,RM Castilla,Real Avilés,0.0,,Mario de Luis
314288,2021-07-16,21/22,281,82,Man City,Wolfsburg,8000000.0,12000000.0,Lukas Nmecha
338629,2021-07-16,21/22,3,82,1.FC Köln,Wolfsburg,14100000.0,12000000.0,Sebastiaan Bornauw
340205,2021-07-16,21/22,11422,16575,CE Sabadell ,SD Amorebieta,0.0,400000.0,Gorka Guruzeta
412829,2021-07-16,21/22,21676,1158,Andrézieux,FC Lorient,0.0,,Léo Pétrot
488935,2021-07-16,21/22,25873,1101,Grótta,Elfsborg,,50000.0,Hákon Valdimarsson
249994,2021-07-15,21/22,683,543,Olympiacos,Wolves,8000000.0,7500000.0,José Sá
314378,2021-07-15,21/22,39341,1031,Leicester U21,Luton,,150000.0,Admiral Muskwe
495666,2021-07-15,21/22,11,244,Arsenal,Marseille,0.0,18000000.0,William Saliba
555500,2021-07-15,21/22,8516,24420,Osasuna B,UD Logroñés,0.0,250000.0,Jorge Herrando
556385,2021-07-15,21/22,276,410,Hellas Verona,Udinese,0.0,1000000.0,Destiny Udogie
581640,2021-07-15,21/22,2470,2464,Barça U19,Barcelona B,,,Coke Carrillo
628366,2021-07-15,21/22,209,1070,River Plate,Colon,0.0,500000.0,Lucas Beltrán
646353,2021-07-15,21/22,39336,899,Brighton U23,Walsall,0.0,,Carl Rushworth
908621,2021-07-15,21/22,77691,82851,Aravaca U19,Paracuellos,0.0,,Nabil Aberdin
85295,2021-07-14,21/22,3302,367,UD Almería,Rayo Vallecano,0.0,1000000.0,Iván Balliu
315858,2021-07-14,21/22,5,583,AC Milan,PSG,0.0,60000000.0,Gianluigi Donnarumma
593482,2021-07-14,21/22,26871,1420,US Avranches,Angers SCO,70000.0,350000.0,Azzedine Ounahi
890290,2021-07-14,21/22,25260,49567,Málaga CF Youth,Juventus U17,470000.0,,Dean Huijsen
341264,2021-07-13,21/22,6767,367,RM Castilla,Rayo Vallecano,2000000.0,3000000.0,Fran García
504581,2021-07-13,21/22,543,603,Wolves,Cardiff,0.0,1300000.0,Ryan Giles
520651,2021-07-13,21/22,39336,986,Brighton U23,Cambridge Utd.,0.0,150000.0,Jensen Weir
605528,2021-07-13,21/22,2470,3705,Barça U19,Algeciras CF,0.0,,Pol Tristán
745851,2021-07-13,21/22,50683,12806,Arsenal Youth,Sheff Utd U18,0.0,,Sydie Peck
861410,2021-07-13,21/22,41854,36,Fenerbahce U19,Fenerbahçe,,100000.0,Arda Güler
942738,2021-07-13,21/22,98609,66822,Cukaricki U16,Partizan U17,0.0,,Milan Aleksic
128969,2021-07-12,21/22,1237,681,Brighton,Real Sociedad,0.0,6000000.0,Mathew Ryan
196722,2021-07-12,21/22,289,873,Sunderland,Crystal Palace,0.0,300000.0,Remi Matthews
276111,2021-07-12,21/22,940,2497,Celta de Vigo,Real Oviedo,0.0,1200000.0,David Costas
353032,2021-07-12,21/22,44,1049,Hertha BSC,Valencia,0.0,4500000.0,Omar Alderete
461833,2021-07-12,21/22,800,2239,Atalanta BC,Cremonese,0.0,1000000.0,Caleb Okoli
625882,2021-07-12,21/22,6767,47421,RM Castilla,CF Talavera,0.0,50000.0,Javi Domínguez
284854,2021-07-10,21/22,131,3709,Barcelona,Getafe,5000000.0,15000000.0,Carles Aleñá
341278,2021-07-10,21/22,1050,1108,Villarreal,Alavés,0.0,800000.0,Iván Martín
286047,2021-07-09,21/22,1390,749,Cagliari,FC Empoli,0.0,2000000.0,Guglielmo Vicario
325443,2021-07-09,21/22,1237,990,Brighton,Coventry,1200000.0,1000000.0,Viktor Gyökeres
536030,2021-07-09,21/22,9251,3302,Man Utd U23,UD Almería,0.0,900000.0,Arnau Puigmal
537763,2021-07-09,21/22,6767,47421,RM Castilla,CF Talavera,0.0,100000.0,Jordi Martín
578391,2021-07-09,21/22,1420,543,Angers SCO,Wolves,11100000.0,18000000.0,Rayan Aït-Nouri
25557,2021-07-08,21/22,418,583,Real Madrid,Paris SG,0.0,10000000.0,Sergio Ramos
144128,2021-07-08,21/22,3277,940,U. Católica,Celta de Vigo,0.0,1000000.0,Matías Dituro
397033,2021-07-08,21/22,19,5,Brescia,AC Milan,14280000.0,27000000.0,Sandro Tonali
741229,2021-07-08,21/22,87553,9043,Celtic Youth,Celtic B,,,Rocco Vata
861981,2021-07-08,21/22,16541,2619,Defensor SC U19,Defensor SC,,,Alan Matturro
65318,2021-07-07,21/22,1050,237,Villarreal,RCD Mallorca,0.0,2000000.0,Jaume Costa
203043,2021-07-07,21/22,1533,1531,SD Eibar,Elche CF,0.0,1200000.0,Pedro Bigas
215810,2021-07-07,21/22,3716,34888,Newport County,Salford,0.0,200000.0,Tom King
251876,2021-07-07,21/22,79,237,Stuttgart,RCD Mallorca,0.0,3500000.0,Pablo Maffeo
335225,2021-07-07,21/22,3302,1050,UD Almería,Villarreal,4000000.0,5000000.0,Manu Morlanes
381963,2021-07-07,21/22,403,1184,Willem II,Genk,3500000.0,2800000.0,Mike Tresor
467623,2021-07-07,21/22,15136,968,Guimarães B,KVC Westerlo,0.0,800000.0,Lyle Foster
374139,2021-07-06,21/22,131,399,Barcelona,Leeds,15000000.0,8000000.0,Junior Firpo
875929,2021-07-06,21/22,33383,12124,Fleetwood U18,Aston Villa U23,,,Josh Feeney
67082,2021-07-05,21/22,13,3709,Atlético Madrid,Getafe,0.0,4000000.0,Vitolo
341110,2021-07-05,21/22,294,940,Benfica,Celta de Vigo,5000000.0,5000000.0,Franco Cervi
905997,2021-07-05,21/22,37058,2855,Porriño FC,SD Compostela,0.0,,Pablo Durán
906025,2021-07-05,21/22,20277,38006,Girona U19,Girona FC B,,,Ricard Artero
94308,2021-07-04,21/22,1533,368,SD Eibar,Sevilla FC,0.0,8000000.0,Marko Dmitrovic
357628,2021-07-04,21/22,1532,8733,Albacete,Celta Vigo B,250000.0,250000.0,Alfon González
585700,2021-07-04,21/22,5649,2865,Atl. Malagueño,Betis Deportivo,0.0,100000.0,Juan Cruz
123536,2021-07-03,21/22,350,990,Sheff Utd,Coventry,0.0,400000.0,Simon Moore
232964,2021-07-03,21/22,1148,989,Brentford,Bournemouth,0.0,2800000.0,Emiliano Marcondes
34130,2021-07-02,21/22,405,985,Aston Villa,Man Utd,0.0,1000000.0,Tom Heaton
198008,2021-07-02,21/22,24,23826,Frankfurt,Leipzig,23000000.0,45000000.0,André Silva
242359,2021-07-02,21/22,410,800,Udinese,Atalanta,20500000.0,20000000.0,Juan Musso
344605,2021-07-02,21/22,1082,1003,LOSC Lille,Leicester,20000000.0,28000000.0,Boubakary Soumaré
358032,2021-07-02,21/22,235,202,RKC Waalwijk,FC Groningen,200000.0,700000.0,Cyril Ngonge
369962,2021-07-02,21/22,383,2288,PSV,Swansea,1170000.0,750000.0,Joël Piroe
568005,2021-07-02,21/22,8889,1237,Benfica U19,Brighton,580000.0,,Jeremy Sarmiento
617081,2021-07-02,21/22,2470,6182,Barça U19,Valencia B,0.0,,Diego López
1041934,2021-07-02,21/22,28870,11655,Real Madrid U19,Albacete U19,0.0,,Jeremy Jorge
14086,2021-07-01,21/22,46,405,Inter,Aston Villa,0.0,1000000.0,Ashley Young
46413,2021-07-01,21/22,237,331,RCD Mallorca,CA Osasuna,8000000.0,9000000.0,Ante Budimir
59016,2021-07-01,21/22,27,418,Bayern Munich,Real Madrid,0.0,55000000.0,David Alaba
93936,2021-07-01,21/22,1533,331,SD Eibar,CA Osasuna,0.0,2800000.0,Kike García
95795,2021-07-01,21/22,34888,677,Salford,Ipswich,,,Václav Hladký
121477,2021-07-01,21/22,1010,379,Watford,West Ham,2300000.0,3000000.0,Craig Dawson
129674,2021-07-01,21/22,16,6574,Dortmund,Sassuolo,3500000.0,5000000.0,Jeremy Toljan
135492,2021-07-01,21/22,40,150,G. Bordeaux,Real Betis,0.0,6500000.0,Youssouf Sabaly
155025,2021-07-01,21/22,2423,720,Santa Clara,Porto,2200000.0,2000000.0,Fábio Cardoso
201574,2021-07-01,21/22,180,1123,Southampton,Norwich,5850000.0,3000000.0,Angus Gunn
204072,2021-07-01,21/22,978,1041,Vasco da Gama,Olympique Lyon,0.0,950000.0,Henrique Silva
245744,2021-07-01,21/22,669,80,Partizan,VfL Bochum,0.0,3000000.0,Takuma Asano
251892,2021-07-01,21/22,368,648,Sevilla FC,CD Tenerife,0.0,1000000.0,Juan Soriano
261503,2021-07-01,21/22,2502,3631,Castellón,América,2000000.0,1000000.0,Álvaro Fidalgo
264220,2021-07-01,21/22,3008,1031,Hull City,Luton,0.0,1500000.0,Reece Burke
282421,2021-07-01,21/22,1108,1533,Alavés,SD Eibar,0.0,700000.0,Javi Muñoz
305274,2021-07-01,21/22,2805,1031,Wycombe,Luton,,600000.0,Fred Onyedinma
321247,2021-07-01,21/22,1123,405,Norwich,Aston Villa,38400000.0,35000000.0,Emiliano Buendía
334222,2021-07-01,21/22,416,1531,Torino,Elche CF,3000000.0,3500000.0,Lucas Boyé
335225,2021-07-01,21/22,1050,3302,Villarreal,UD Almería,3000000.0,5000000.0,Manu Morlanes
336367,2021-07-01,21/22,1039,641,QPR,Middlesbrough,0.0,500000.0,Joe Lumley
337917,2021-07-01,21/22,28870,6767,Real Madrid U19,RM Castilla,,,Théo Zidane
339820,2021-07-01,21/22,3709,237,Getafe,RCD Mallorca,3000000.0,4000000.0,Amath Ndiaye
346314,2021-07-01,21/22,9250,631,Chelsea U23,Chelsea,,3500000.0,Trevoh Chalobah
357119,2021-07-01,21/22,23826,31,Leipzig,Liverpool,40000000.0,35000000.0,Ibrahima Konaté
366930,2021-07-01,21/22,16,58,Dortmund,RSC Anderlecht,3500000.0,2500000.0,Sergio Gómez
371371,2021-07-01,21/22,276,12,Hellas Verona,Roma,26500000.0,25000000.0,Marash Kumbulla
380350,2021-07-01,21/22,2722,430,SPAL,Fiorentina,7650000.0,5000000.0,Igor Julio
388125,2021-07-01,21/22,447,130,Hajduk Split,Parma,2000000.0,1200000.0,Stanko Juric
390688,2021-07-01,21/22,8510,3709,Getafe CF B,Getafe,,250000.0,Juan Iglesias
395122,2021-07-01,21/22,475,4941,Sint-Truiden,León,800000.0,1500000.0,Santiago Colombatto
404418,2021-07-01,21/22,430,197,Fiorentina,Sparta Prague,2500000.0,2700000.0,Dávid Hancko
433818,2021-07-01,21/22,352,991,Swindon Town,MK Dons,0.0,,Scott Twine
444641,2021-07-01,21/22,9265,543,Man City U23,Wolves,0.0,,Louie Moulden
452483,2021-07-01,21/22,409,122,Salzburg,Sturm Graz,400000.0,1000000.0,David Affengruber
456292,2021-07-01,21/22,1148,2963,Brentford,Burton Albion,0.0,300000.0,Ellery Balcombe
466794,2021-07-01,21/22,281,131,Man City,Barcelona,0.0,20000000.0,Eric García
466805,2021-07-01,21/22,2464,131,Barcelona B,Barcelona,,500000.0,Nico González
466807,2021-07-01,21/22,16492,10718,UD Melilla,FC Andorra,0.0,100000.0,Adrià Altimira
469050,2021-07-01,21/22,512,1132,Stoke City,Burnley,14000000.0,8000000.0,Nathan Collins
471474,2021-07-01,21/22,8516,331,Osasuna B,CA Osasuna,,1200000.0,Javi Martínez
473050,2021-07-01,21/22,245,60,SC Freiburg II,Freiburg,,450000.0,Kevin Schade
473169,2021-07-01,21/22,8817,23826,Ajax U21,Leipzig,0.0,7500000.0,Brian Brobbey
474701,2021-07-01,21/22,20116,399,Leeds United U23,Leeds,,1500000.0,Crysencio Summerville
475188,2021-07-01,21/22,39341,1003,Leicester U23,Leicester,,2000000.0,Kiernan Dewsbury-Hall
475959,2021-07-01,21/22,419,23826,Dinamo Zagreb,Leipzig,36800000.0,19000000.0,Josko Gvardiol
480763,2021-07-01,21/22,148,1050,Tottenham,Villarreal,15000000.0,12000000.0,Juan Foyth
486031,2021-07-01,21/22,79,430,Stuttgart,Fiorentina,27370000.0,22000000.0,Nico González
488626,2021-07-01,21/22,6688,331,Bilbao Athletic,CA Osasuna,0.0,300000.0,Jesús Areso
489359,2021-07-01,21/22,9598,38,Kawasaki Front.,F. Düsseldorf,0.0,1700000.0,Ao Tanaka
490421,2021-07-01,21/22,11669,515,Cádiz CF B,Without Club,,50000.0,Momo Mbaye
495625,2021-07-01,21/22,6767,418,RM Castilla,Real Madrid,,400000.0,Víctor Chust
496661,2021-07-01,21/22,9254,515,Tottenham U23,Without Club,,,Elliot Thorpe
502676,2021-07-01,21/22,663,1049,Dinamo Tbilisi,Valencia,0.0,800000.0,Giorgi Mamardashvili
503686,2021-07-01,21/22,9249,1028,Arsenal U23,Millwall,0.0,,Dan Ballard
503769,2021-07-01,21/22,9249,11,Arsenal U23,Arsenal,,,Arthur Okonkwo
503977,2021-07-01,21/22,281,58,Man City,RSC Anderlecht,0.0,3000000.0,Taylor Harwood-Bellis
504855,2021-07-01,21/22,2964,1034,Scunthorpe Utd.,Grimsby Town,0.0,,John McAtee
505548,2021-07-01,21/22,39337,22,Derby U23,Derby,,150000.0,Louie Watson
505674,2021-07-01,21/22,3679,13,Atl. Madrileño,Atlético,,2300000.0,Sergio Camello
506470,2021-07-01,21/22,9261,1181,Everton U23,Blackpool,0.0,900000.0,Josh Bowler
515544,2021-07-01,20/21,84044,3471,Linfield Reser.,Linfield,,,Trai Hume
520840,2021-07-01,21/22,11972,4032,Villarreal CF B,Ponferradina,0.0,250000.0,José Copete
528888,2021-07-01,21/22,9262,931,Fulham U21,Fulham,,150000.0,Tyrese Francois
532541,2021-07-01,21/22,24226,543,Wolves U23,Wolves,,,Luke Cundle
533086,2021-07-01,21/22,9955,9267,West Ham U18,West Ham U21,,,Amadou Diallo
533662,2021-07-01,21/22,12124,405,Aston Villa U23,Aston Villa,,,Cameron Archer
540536,2021-07-01,21/22,18693,4030,SD Ejea,Calahorra,0.0,50000.0,Carlos Vicente
541621,2021-07-01,21/22,11972,2865,Villarreal CF B,Betis Deportivo,0.0,100000.0,Marc Vidal
545647,2021-07-01,21/22,8733,940,Celta Vigo B,Celta de Vigo,,1000000.0,Sergio Carreira
547039,2021-07-01,21/22,29793,603,Cardiff U21,Cardiff,,50000.0,Isaak Davies
547248,2021-07-01,21/22,12853,11972,FC Villarreal C,Villarreal CF B,,50000.0,Iker Álvarez
548729,2021-07-01,21/22,5499,527,StadeLO,Lausanne-Sport,2500000.0,600000.0,Zeki Amdouni
557057,2021-07-01,21/22,5648,3368,Gimnàstic,Levante,0.0,200000.0,Roger Brugué
559263,2021-07-01,21/22,9262,931,Fulham U23,Fulham,,250000.0,Fábio Carvalho
561613,2021-07-01,21/22,10773,714,RCD Espanyol B,Espanyol,,150000.0,Joan García
563137,2021-07-01,21/22,9899,681,Real Sociedad B,Real Sociedad,,3000000.0,Robert Navarro
564529,2021-07-01,21/22,16104,190,Copenhagen U19,Copenhagen,,1000000.0,Victor Kristiansen
565822,2021-07-01,21/22,9252,31,Liverpool U23,Liverpool,,15000000.0,Harvey Elliott
566799,2021-07-01,21/22,9265,3688,Man City U23,Accrington,0.0,,James Trafford
566832,2021-07-01,21/22,6918,9250,Chelsea U18,Chelsea U23,,,Josh Brooking
567597,2021-07-01,21/22,9606,39336,Brighton U18,Brighton U23,,,Odeluga Offiah
568177,2021-07-01,21/22,9265,281,Man City U23,Man City,,500000.0,Cole Palmer
569663,2021-07-01,21/22,8815,206,Bröndby IF U19,Bröndby IF,,200000.0,Mathias Kvistgaarden
569866,2021-07-01,21/22,681,9899,Real Sociedad,Real Sociedad B,,8000000.0,Roberto López
570469,2021-07-01,21/22,6922,9252,Liverpool U18,Liverpool U23,,,Mateusz Musialowski
581675,2021-07-01,21/22,6918,9250,Chelsea U18,Chelsea U23,,,Harvey Vale
582078,2021-07-01,21/22,38967,989,Bournemouth U23,Bournemouth,,100000.0,Will Dennis
583510,2021-07-01,21/22,8510,3709,Getafe CF B,Getafe,,150000.0,Miguel Rubio
586834,2021-07-01,21/22,6950,6945,Palace U18,Palace U21,,,Jesurun Rak-Sakyi
586982,2021-07-01,21/22,9955,9267,West Ham U18,West Ham U21,,,Levi Laing
587018,2021-07-01,21/22,5679,9249,Arsenal U18,Arsenal U23,,,Hubert Graczyk
591957,2021-07-01,21/22,44202,65711,Alavés U19,San Ignacio,,50000.0,Victor Parada
599231,2021-07-01,21/22,10773,2464,RCD Espanyol B,Barcelona B,0.0,150000.0,Ferran Jutglà
605184,2021-07-01,21/22,131,417,Barcelona,Nice,16500000.0,12000000.0,Jean-Clair Todibo
606576,2021-07-01,21/22,6326,583,Paris SG U19,Paris SG,,250000.0,Denis Franchi
607226,2021-07-01,21/22,8154,273,Rennes B,Stade Rennais,,,Loum Tchaouna
609556,2021-07-01,21/22,12806,8824,Sheff Utd U18,Sheffield U23,,,William Osula
610581,2021-07-01,21/22,33616,515,Swansea U23,Without Club,,,Ali Al-Hamadi
610863,2021-07-01,21/22,6933,12124,Aston Villa U18,Aston Villa U23,,,Filip Marschall
612496,2021-07-01,21/22,2462,13,Fluminense,Atlético,0.0,9000000.0,Marcos Paulo
612517,2021-07-01,21/22,6918,9250,Chelsea U18,Chelsea U23,,,Bashir Humphreys
612749,2021-07-01,21/22,6920,9261,Everton U18,Everton U23,,,Isaac Price
614258,2021-07-01,21/22,9250,1110,Chelsea U23,Huddersfield,0.0,,Levi Colwill
614811,2021-07-01,21/22,6943,9253,Newcastle U18,Newcastle U23,,,Joe White
617059,2021-07-01,21/22,12798,11516,Levante U19,Atl. Levante,,200000.0,Pablo Campos
617074,2021-07-01,21/22,2464,131,Barcelona B,Barcelona,,25000000.0,Ilaix Moriba
618495,2021-07-01,21/22,6922,9252,Liverpool U18,Liverpool U23,,,James Norris
618805,2021-07-01,21/22,31506,17676,Atl. Madrid U19,AD Alcorcón B,0.0,,Iker Bachiller
618813,2021-07-01,21/22,31506,3679,Atl. Madrid U19,Atl. Madrileño,,,Carlos Martín
620322,2021-07-01,21/22,12764,1041,Olymp. Lyon B,Lyon,,500000.0,Malo Gusto
620362,2021-07-01,21/22,5242,9251,Man Utd U18,Man Utd U23,,,Dermot Mee
623570,2021-07-01,21/22,8824,350,Sheffield U23,Sheff Utd,,200000.0,Iliman Ndiaye
624942,2021-07-01,21/22,12816,398,Lazio U19,Lazio,,800000.0,Raúl Moro
626291,2021-07-01,21/22,6943,9253,Newcastle U18,Newcastle U23,,,Lucas De Bolle
627248,2021-07-01,21/22,6920,9261,Everton U18,Everton U23,,,Lewis Dobbin
628366,2021-07-01,21/22,14837,209,River Plate II,River Plate,,500000.0,Lucas Beltrán
630995,2021-07-01,21/22,2865,150,Betis Deportivo,Real Betis,,1500000.0,Rodri Sánchez
631693,2021-07-01,21/22,65711,8880,San Ignacio,Alavés B,,,Jesús Owono
631821,2021-07-01,21/22,21218,338,Dynamo Kyiv II,Dynamo Kyiv,,100000.0,Vladyslav Vanat
632913,2021-07-01,21/22,14742,8494,Mallorca U19,RCD Mallorca B ,,,Pere García
633111,2021-07-01,21/22,25235,26132,UE Sants,UE Costa Brava,0.0,,Álex Calatrava
633652,2021-07-01,21/22,6199,370,Aberdeen FC B,Aberdeen FC,,200000.0,Calvin Ramsay
634105,2021-07-01,21/22,50186,6182,CD Vitoria,Valencia B,0.0,,Alberto Marí
634431,2021-07-01,21/22,44822,9899,Real Sociedad C,Real Sociedad B,,300000.0,Beñat Turrientes
636686,2021-07-01,21/22,39813,2470,Barça U18,Barça U19,,,Arnau Rafús
636703,2021-07-01,21/22,39813,2470,Barça U18,Barça U19,,,Fermín López
640109,2021-07-01,21/22,5380,46,Inter U19,Inter,,1000000.0,Martín Satriano
645686,2021-07-01,21/22,6933,12124,Aston Villa U18,Aston Villa U23,,200000.0,Lamare Bogarde
646710,2021-07-01,21/22,6933,12124,Aston Villa U18,Aston Villa U23,,150000.0,Sil Swinkels
646735,2021-07-01,21/22,21609,31506,Atl.Madleño U18,Atl. Madrid U19,,,Aitor Gismera
646738,2021-07-01,21/22,6930,9265,Man City U18,Man City U23,,,Juan Larios
646740,2021-07-01,21/22,2470,131,Barça U19,Barcelona,,,Gavi
646824,2021-07-01,21/22,13711,28870,Real Madrid U17,Real Madrid U19,,,Manuel Ángel
646991,2021-07-01,21/22,11154,467,NEC U21,NEC Nijmegen,,,Robin Roefs
648032,2021-07-01,21/22,15436,1189,Pat's Academy,St. Pat's,,,James Abankwah
648195,2021-07-01,21/22,14837,209,River Plate II,River Plate,,5000000.0,Enzo Fernández
649033,2021-07-01,21/22,11204,1421,Stade Reims B,Stade Reims,,800000.0,Dion Lopy
649452,2021-07-01,21/22,281,1095,Man City,Troyes,0.0,3000000.0,Issa Kaboré
652331,2021-07-01,21/22,28870,6767,Real Madrid U19,RM Castilla,,,Javi Rueda
652635,2021-07-01,21/22,6920,9261,Everton U18,Everton U23,,,Luke Butterfield
652797,2021-07-01,21/22,6930,9265,Man City U18,Man City U23,,,Micah Hamilton
652979,2021-07-01,21/22,6920,9261,Everton U18,Everton U23,,,Lewis Warrington
655986,2021-07-01,21/22,6920,9261,Everton U18,Everton U23,,,Reece Welch
655990,2021-07-01,21/22,6922,9252,Liverpool U18,Liverpool U23,,,Tom Hill
657430,2021-07-01,21/22,1075,3302,Braga,UD Almería,5250000.0,5000000.0,Samú Costa
657817,2021-07-01,21/22,47962,9844,FC Porto U17,FC Porto U19,,,Benicio Baker-Boaitey
661207,2021-07-01,21/22,6930,9265,Man City U18,Man City U23,,,Oscar Bobb
662261,2021-07-01,21/22,28870,6767,Real Madrid U19,RM Castilla,,,Rafa Marín
665390,2021-07-01,21/22,12124,405,Aston Villa U23,Aston Villa,,500000.0,Jaden Philogene
667121,2021-07-01,21/22,68077,10789,Braga U23,Braga B,,2000000.0,Rodrigo Gomes
667508,2021-07-01,21/22,50672,14389,Man Utd Youth,Leicester U18,,,Chris Popov
667517,2021-07-01,21/22,6938,337,Birmingham U18,Birmingham,,,Jordan James
668177,2021-07-01,21/22,31506,3679,Atl. Madrid U19,Atl. Madrileño,,,Javi Serrano
668210,2021-07-01,21/22,39822,28870,Real Madrid U18,Real Madrid U19,,,Ferran Ruiz
668212,2021-07-01,21/22,10200,6182,Valencia U19,Valencia B,,,Rubén Iranzo
668276,2021-07-01,21/22,26621,23826,RB Leipzig U19,Leipzig,,400000.0,Hugo Novoa
668313,2021-07-01,21/22,9900,44822,R. Sociedad U19,Real Sociedad C,,,Aitor Fraga
669366,2021-07-01,21/22,6920,9261,Everton U18,Everton U23,,,Tom Cannon
670717,2021-07-01,21/22,48365,10949,Sporting U17,Sporting B,,,Dário Essugo
670840,2021-07-01,21/22,6950,6945,Palace U18,Palace U23,,,Joe Whitworth
670859,2021-07-01,21/22,12806,8824,Sheff Utd U18,Sheff Utd U21,,100000.0,Antwoine Hackford
673492,2021-07-01,21/22,10330,294,Benfica B,Benfica,,2000000.0,Morato
678406,2021-07-01,21/22,11610,472,Las Palmas Atl.,UD Las Palmas,,100000.0,Sergi Cardona
683571,2021-07-01,21/22,5084,1416,Valmiera,Amiens SC,0.0,800000.0,Tolu Arokodare
683620,2021-07-01,21/22,50220,234,Feyenoord U18,Feyenoord,,,Antoni Milambo
692070,2021-07-01,21/22,7647,105,Darmstadt U19,Darmstadt 98,,,Clemens Riedel
693066,2021-07-01,21/22,9955,9267,West Ham U18,West Ham U21,,,Kamarai Swyer
696181,2021-07-01,21/22,6928,9254,Spurs U18,Tottenham U23,,,Romaine Mundle
696506,2021-07-01,21/22,68188,2420,Guimarães U23,Vit. Guimarães,,,Gui Guedes
696589,2021-07-01,21/22,6951,29990,West Brom U18,West Brom U23,,,Tim Iroegbunam
696764,2021-07-01,21/22,6898,33614,Norwich U18,Norwich City U23,,,Abu Kamara
698164,2021-07-01,21/22,9955,9267,West Ham U18,West Ham U23,,,Freddie Potts
701021,2021-07-01,21/22,41080,9606,Linfield U18,Brighton U18,,,Ruairi McConville
701057,2021-07-01,21/22,50678,6930,Man City Youth,Man City U18,,,Rico Lewis
702662,2021-07-01,21/22,31506,3679,Atl. Madrid U19,Atl. Madrileño,,,Adrián Verde
703626,2021-07-01,21/22,9606,39336,Brighton U18,Brighton U23,,,Cameron Peupion
705395,2021-07-01,21/22,70373,16196,Cornellà U19,UE Cornellà,,,Gerard Martín
706947,2021-07-01,21/22,6928,9254,Spurs U18,Tottenham U23,,,Yago Santiago
707230,2021-07-01,21/22,7875,12765,LOSC Lille U19,LOSC Lille B,,,Ugo Raghouber
707359,2021-07-01,21/22,20927,515,Oviedo U19,Without Club,,,Etienne Eto'o
709187,2021-07-01,21/22,6688,621,Bilbao Athletic,Athletic Club,,1500000.0,Nico Williams
709215,2021-07-01,21/22,6665,6688,CD Basconia,Bilbao Athletic,,,Mikel Goti
709380,2021-07-01,21/22,12853,11972,FC Villarreal C,Villarreal CF B,,,Álex Forés
709726,2021-07-01,21/22,11204,1421,Stade Reims B,Stade Reims,,600000.0,Hugo Ekitiké
709955,2021-07-01,21/22,39813,2470,Barça U18,Barça U19,,,Ander Astralaga
709966,2021-07-01,21/22,39813,2470,Barça U18,Barça U19,,,Aleix Garrido
710007,2021-07-01,21/22,28870,6767,Real Madrid U19,RM Castilla,,,Fer Rodríguez
710484,2021-07-01,21/22,11674,7078,Valladolid U19,Valladolid Prom,,,Mario Maroto
710671,2021-07-01,21/22,28861,8516,Osasuna U19,Osasuna B,,,Adama Boiro
710677,2021-07-01,21/22,28861,8516,Osasuna U19,Osasuna B,,,Iker Muñoz
711380,2021-07-01,21/22,9900,44822,R. Sociedad U19,Real Sociedad C,,,Jon Balda
711382,2021-07-01,21/22,44822,9899,Real Sociedad C,Real Sociedad B,,100000.0,Jon Karrikaburu
711999,2021-07-01,21/22,8154,273,Rennes B,Stade Rennais,,300000.0,Lesley Ugochukwu
712181,2021-07-01,21/22,50678,6933,Man City Youth,Aston Villa U18,0.0,,James Wright
715683,2021-07-01,21/22,21121,1244,Leganés U19,CD Leganés,,,Naim García
716276,2021-07-01,21/22,8172,543,Atl. Nacional,Wolves,5200000.0,1700000.0,Yerson Mosquera
717952,2021-07-01,21/22,28870,6767,Real Madrid U19,RM Castilla,,,Mario de Luis
717957,2021-07-01,21/22,15080,367,Rayo B,Rayo Vallecano,,,Jorge Moreno
718029,2021-07-01,21/22,65711,8880,San Ignacio,Alavés B,,,Unai Ropero
718581,2021-07-01,21/22,28867,12319,Sevilla FC U19,Sevilla FC C,,50000.0,Lulo Dasilva
719999,2021-07-01,21/22,70298,50595,Lugo U19,Lugo Polvorín,,,Andrés Castrín
720518,2021-07-01,21/22,12318,1084,Málaga U19,Málaga CF,,,Roberto Fernández
721660,2021-07-01,21/22,9900,44822,R. Sociedad U19,Real Sociedad C,,,Mikel Rodriguez
724529,2021-07-01,21/22,6950,6945,Palace U18,Palace U21,,,Tayo Adaramola
732117,2021-07-01,21/22,10002,22,Derby U18,Derby,,50000.0,Dylan Williams
732119,2021-07-01,21/22,6922,9252,Liverpool U18,Liverpool U23,,,Kaide Gordon
733576,2021-07-01,21/22,40495,472,Las Palmas U19,UD Las Palmas,,100000.0,Alberto Moleiro
737138,2021-07-01,21/22,13702,515,R. Majadahonda,Without Club,,50000.0,Facu Esnáider
741238,2021-07-01,21/22,5679,9249,Arsenal U18,Arsenal U23,,,Omari Hutchinson
741251,2021-07-01,21/22,16200,70397,Valencia CF You,Valencia U18,,,Vicent Abril
741253,2021-07-01,21/22,70320,14734,Atléti Youth,Atl. Madrid U17,,,Javier Boñar
741257,2021-07-01,21/22,70321,13711,R.Madrid Yth.,Real Madrid U17,,,Álex Jiménez
741289,2021-07-01,21/22,13711,39822,Real Madrid U17,Real Madrid U18,,,Youssef Enríquez
743384,2021-07-01,21/22,25003,66530,Club Brugge Yth,Club Brugge U18,,,Chemsdine Talbi
743413,2021-07-01,21/22,50678,6930,Man City Youth,Man City U18,,,Nico O'Reilly
743498,2021-07-01,21/22,54295,6326,Paris SG U17,Paris SG U19,,,Wilson Odobert
745181,2021-07-01,21/22,9669,9668,Monaco U19,Monaco B,,,Soungoutou Magassa
745689,2021-07-01,21/22,50678,6930,Man City Youth,Man City U18,,,Luca Barrington
746739,2021-07-01,21/22,12806,8824,Sheff Utd U18,Sheff Utd U21,,,Andre Brooks
747009,2021-07-01,21/22,67283,67284,Kilmarnock U18,Kilmarnock B,,,Justin Devenny
747153,2021-07-01,21/22,50672,5242,Man Utd Youth,Man Utd U18,,,Dan Gore
747197,2021-07-01,21/22,13711,39822,Real Madrid U17,Real Madrid U18,,,Bruno Iribarne
747951,2021-07-01,21/22,6930,9265,Man City U18,Man City U23,,,Shea Charles
749978,2021-07-01,21/22,40495,11614,Las Palmas U19,UD Las Palmas C,,,Ale Gorrin
765467,2021-07-01,21/22,46137,20299,Volendam U17,Volendam U21,,,Jozhua Vertrouwd
766552,2021-07-01,21/22,81502,28867,Sevilla FC U18,Sevilla FC U19,,,Alberto Flores
766583,2021-07-01,21/22,28867,8519,Sevilla FC U19,Sevilla Atl.,,,Kike Salas
767229,2021-07-01,20/21,81502,28867,Sevilla FC U18,Sevilla FC U19,,,Diego Hormigo
767255,2021-07-01,21/22,28867,12319,Sevilla FC U19,Sevilla FC C,,,Matías Árbol
775605,2021-07-01,21/22,21609,31506,Atl.Madleño U18,Atl. Madrid U19,,,Pablo Barrios
777308,2021-07-01,21/22,50677,6918,Chelsea Youth,Chelsea U18,,,Zain Silcott-Duberry
796298,2021-07-01,21/22,50906,6922,Liverpool Youth,Liverpool U18,,,Calum Scanlon
796299,2021-07-01,21/22,50677,6918,Chelsea Youth,Chelsea U18,,,Billy Gee
796302,2021-07-01,21/22,50769,6920,Everton Youth,Everton U18,,,Owen Barker
796303,2021-07-01,21/22,50677,6918,Chelsea Youth,Chelsea U18,,,Leo Castledine
801734,2021-07-01,21/22,7874,273,Rennes U19,Stade Rennais,,,Mathys Tel
811779,2021-07-01,21/22,5242,9251,Man Utd U18,Man Utd U23,,,Alejandro Garnacho
814811,2021-07-01,21/22,6950,6945,Palace U18,Palace U21,,,Jack Wells-Morrison
817612,2021-07-01,21/22,6942,9262,Fulham U18,Fulham U21,,,Luke Harris
819590,2021-07-01,21/22,12317,1531,Elche Ilicitano,Elche CF,,,José Salinas
820374,2021-07-01,21/22,50672,5242,Man Utd Youth,Man Utd U18,,,Kobbie Mainoo
821522,2021-07-01,21/22,18258,6699,Exeter U18,Exeter City,,,Alfie Pond
823231,2021-07-01,21/22,16662,1158,Lorient B,FC Lorient,,,Dango Ouattara
825024,2021-07-01,21/22,50677,6918,Chelsea Youth,Chelsea U18,,,Ronnie Stutter
829299,2021-07-01,21/22,21068,5370,Karlsruhe U17,Karlsruhe U19,,,Max Weiß
834463,2021-07-01,21/22,14321,39813,Barça U16,Barça U18,,,Iker Córdoba
834483,2021-07-01,21/22,28860,6665,Bilbao U19,CD Basconia,,,Álex Padilla
834485,2021-07-01,21/22,28860,6665,Bilbao U19,CD Basconia,,,Unai Egiluz
834491,2021-07-01,21/22,28860,6665,Bilbao U19,CD Basconia,,,Alejandro Rego
834744,2021-07-01,21/22,9478,10773,Espanyol U19,RCD Espanyol B,,,Antoniu Roca
834752,2021-07-01,21/22,28860,6665,Bilbao U19,CD Basconia,,,Unai Gómez
842341,2021-07-01,21/22,6572,969,Montpellier B,Montpellier,,,Maxime Estève
844516,2021-07-01,21/22,14831,189,Boca Juniors II,Boca Juniors,,100000.0,Luis Vázquez
844637,2021-07-01,21/22,12798,11516,Levante U19,Atl. Levante,,,Marc Pubill
845289,2021-07-01,21/22,50906,6922,Liverpool Youth,Liverpool U18,,,James McConnell
845321,2021-07-01,21/22,52975,9955,West Ham Yth.,West Ham U18,,,Kaelan Casey
845723,2021-07-01,21/22,50677,6933,Chelsea Youth,Aston Villa U18,0.0,,Finley Munroe
845809,2021-07-01,21/22,52975,9955,West Ham Yth.,West Ham U18,,,Lewis Orford
848509,2021-07-01,21/22,43618,172,Charleroi U21,R Charleroi SC,,,Jackson Tchatchoua
848753,2021-07-01,21/22,32791,51645,Ajax Youth ,Ajax U17,,,Tommy Setford
854930,2021-07-01,21/22,72118,6697,PNE Academy,Preston U19,,,Jacob Slater
855256,2021-07-01,21/22,14650,698,Bristol U18,Bristol City,,50000.0,Alex Scott
855890,2021-07-01,21/22,50769,6920,Everton Youth,Everton U18,,,Jenson Metcalfe
856479,2021-07-01,21/22,50769,6920,Everton Youth,Everton U18,,,Roman Dixon
857792,2021-07-01,21/22,50677,6918,Chelsea Youth,Chelsea U18,,,Ted Curd
859951,2021-07-01,21/22,53243,6949,Blackburn Acad.,Blackburn U18,,,Ashley Phillips
860062,2021-07-01,21/22,34466,21609,Damm U19,Atl.Madleño U18,0.0,,Abde Raihani
863741,2021-07-01,21/22,54097,12801,Wolves Yth.,Wolves U18,,,Nathan Fraser
864799,2021-07-01,21/22,50906,6922,Liverpool Youth,Liverpool U18,,,Stefan Bajcetic
865993,2021-07-01,21/22,53100,6950,C. Palace Yth.,Palace U18,,,David Ozoh
866655,2021-07-01,21/22,50780,6893,Southampton Aca,Southampton U18,,,Tyler Dibling
867688,2021-07-01,21/22,54168,9606,Brighton Yth.,Brighton U18,,,Jack Hinshelwood
867700,2021-07-01,21/22,54168,9606,Brighton Yth.,Brighton U18,,,Josh Duffus
868920,2021-07-01,21/22,50677,6918,Chelsea Youth,Chelsea U18,,,Richard Olise
871837,2021-07-01,21/22,50683,5679,Arsenal Youth,Arsenal U18,,,Bradley Ibrahim
874080,2021-07-01,21/22,6932,358,Charlton U18,Charlton,,,Mason Burstow
874902,2021-07-01,21/22,53183,6933,A. Villa Yth.,Aston Villa U18,,,Travis Patterson
876631,2021-07-01,21/22,33906,11199,Strasbourg U17,Strasbourg U19,,,Habib Diarra
878150,2021-07-01,21/22,50683,5679,Arsenal Youth,Arsenal U18,,,Amario Cozier-Duberry
878151,2021-07-01,21/22,50683,5679,Arsenal Youth,Arsenal U18,,,Josh Robinson
878160,2021-07-01,21/22,50683,5679,Arsenal Youth,Arsenal U18,,,Reuell Walters
880245,2021-07-01,21/22,10283,67909,Sporting U19,Sporting CP U23,,,Mateus Fernandes
882172,2021-07-01,21/22,51433,6928,Tottenham Yth.,Spurs U18,,,Rio Kyerematen
882772,2021-07-01,21/22,16075,11669,Cádiz U19,Cádiz CF B,,,Álvaro Bastida
887433,2021-07-01,21/22,53183,6933,A. Villa Yth.,Aston Villa U18,,,Kadan Young
890817,2021-07-01,21/22,75,31506,Unknown,Atl. Madrid U19,0.0,,Dimitrios Stamatakis
891091,2021-07-01,21/22,18447,8510,AD Torrejón,Getafe CF B,0.0,,Diego López
891923,2021-07-01,21/22,20277,38006,Girona U19,Girona FC B,,,Dawda Camara
892421,2021-07-01,21/22,25625,14742,RCD Mallorca Yo,Mallorca U19,,,Alex Quevedo
895326,2021-07-01,21/22,123357,38006,Girona FC U18,Girona FC B,,,Joel Roca
895331,2021-07-01,21/22,14743,40422,Real Betis Yth.,Betis U19,,,Dani Pérez
895333,2021-07-01,21/22,14746,11674,Valladolid Yth.,Valladolid U19,,,Koke Iglesias
895458,2021-07-01,21/22,16592,11615,Guijuelo U19,CD Guijuelo,,,Adrián Pica
895480,2021-07-01,21/22,31601,6665,Santutxu,CD Basconia,0.0,,Adu Ares
897402,2021-07-01,21/22,12786,21063,HSV Yth.,Hamburg U17,,,Farid Alfa-Ruprecht
897481,2021-07-01,21/22,29107,21062,St. Pauli Yth.,St. Pauli U17,,,Eric da Silva Moreira
900195,2021-07-01,21/22,42746,14807,Desportivo U20,Palmeiras U20,125000.0,,Kevin
903611,2021-07-01,21/22,21811,9855,LDU Quito B,LDU Quito,,100000.0,Nilson Angulo
904802,2021-07-01,21/22,32791,51645,Ajax Youth ,Ajax U17,,,Jorrel Hato
906214,2021-07-01,21/22,50677,6918,Chelsea Youth,Chelsea U18,,,Sam Rak-Sakyi
907219,2021-07-01,21/22,51433,6928,Tottenham Yth.,Spurs U18,,,Axel Piesold
907813,2021-07-01,21/22,9900,44822,R. Sociedad U19,Real Sociedad C,,,Pablo Marín
908798,2021-07-01,21/22,50678,6930,Man City Youth,Man City U18,,,Matthew Whittingham
910905,2021-07-01,21/22,106295,7813,Olymp. Lyon U17,Olymp. Lyon U19,,,Mamadou Sarr
911424,2021-07-01,21/22,50672,5242,Man Utd Youth,Man Utd U18,,,Tyler Fredricson
913214,2021-07-01,21/22,39962,32942,RB Leipzig Yth.,RB Leipzig U17,,,Noel Atom
913955,2021-07-01,21/22,40495,11614,Las Palmas U19,UD Las Palmas C,,,Yadam Santana
922563,2021-07-01,21/22,52975,9955,West Ham Yth.,West Ham U18,,,Oliver Scarles
922693,2021-07-01,21/22,84125,10161,Leeds Youth,Leeds U18,,,Archie Gray
922698,2021-07-01,21/22,50769,6920,Everton Youth,Everton U18,,,Ishé Samuels-Smith
922769,2021-07-01,21/22,55899,6943,Newcastle Yth.,Newcastle U18,,,Lewis Miley
923831,2021-07-01,21/22,59856,7875,LOSC Lille Yth.,LOSC Lille U19,,,Leny Yoro
923915,2021-07-01,21/22,102734,20277,Sant Just Yth.,Girona U19,0.0,,Antal Yaakobishvili
926763,2021-07-01,21/22,11674,7078,Valladolid U19,Valladolid Prom,,,Chuki
926850,2021-07-01,21/22,13711,28870,Real Madrid U17,Real Madrid U19,,,Diego Piñeiro
926952,2021-07-01,21/22,52882,14355,FCN Youth,Nordsjaell. U19,,,Patrick Dorgu
929899,2021-07-01,21/22,70299,82851,Majad. U19,Paracuellos,,,Rahim Alhassane
930096,2021-07-01,21/22,16075,11669,Cádiz U19,Cádiz CF B,,,Nando Almodóvar
930415,2021-07-01,21/22,14734,3679,Atl. Madrid U17,Atl. Madrileño,,,Antonio Gomis
932349,2021-07-01,21/22,20201,15080,Rayo U19,Rayo B,,,Diego Méndez
933017,2021-07-01,21/22,53108,12799,Nottingham Yth.,Nottingham U18,,,Zach Abbott
933908,2021-07-01,21/22,70827,40422,Calavera U19,Betis U19,,,Ángel Ortiz
935230,2021-07-01,21/22,13711,39822,Real Madrid U17,Real Madrid U18,,,Gonzalo García
935231,2021-07-01,21/22,34466,28870,Damm U19,Real Madrid U19,,,Víctor Muñoz
935232,2021-07-01,21/22,39822,28870,Real Madrid U18,Real Madrid U19,,,Aitor Mañas
935245,2021-07-01,21/22,39822,28870,Real Madrid U18,Real Madrid U19,,,Raúl Asencio
935281,2021-07-01,21/22,13711,39822,Real Madrid U17,Real Madrid U18,,,David Jiménez
935300,2021-07-01,21/22,29198,28870,Trival Valderas,Real Madrid U19,,,Piri
935342,2021-07-01,21/22,102209,81502,Sevilla FC U16,Sevilla FC U18,,,Alberto Collado
935457,2021-07-01,21/22,21609,31506,Atl.Madleño U18,Atl. Madrid U19,,,Salim El Jebari
937941,2021-07-01,21/22,16194,10825,SC Toulon U19,FC Sochaux B,0.0,,Thierno Barry
937955,2021-07-01,21/22,70295,14321,Barça Youth,Barça U16,,,Héctor Fort
937956,2021-07-01,21/22,70295,14321,Barça Youth,Barça U16,,,Pau Prim
937958,2021-07-01,21/22,70295,14321,Barça Youth,Barça U16,,,Lamine Yamal
938144,2021-07-01,21/22,70295,14321,Barça Youth,Barça U16,,,Diego Kochen
938145,2021-07-01,21/22,70295,14321,Barça Youth,Barça U16,,,Áron Yaakobishvili
938146,2021-07-01,21/22,70295,14321,Barça Youth,Barça U16,,,Adam Aznou
938158,2021-07-01,21/22,70295,14321,Barça Youth,Barça U16,,,Marc Guiu
938729,2021-07-01,21/22,40169,28860,Bermeo FT,Bilbao U19,,,Mikel Jauregizar
939374,2021-07-01,21/22,40419,15509,Celta Vigo Yth.,Celta U19,,,Yoel Lago
939445,2021-07-01,21/22,25264,12798,Levante UD Yout,Levante U19,,,Álex Primo
939615,2021-07-01,21/22,50780,14648,Southampton Aca,Bournemouth U18,0.0,,Max Kinsey
940462,2021-07-01,21/22,39822,28870,Real Madrid U18,Real Madrid U19,,,Pau Ferrer
941080,2021-07-01,21/22,70473,28868,Roda U19,Villarreal U19,,,Jon García
941867,2021-07-01,21/22,70397,10200,Valencia U18,Valencia U19,,,Mario Dominguez
941883,2021-07-01,21/22,70397,10200,Valencia U18,Valencia U19,,,Martín Tejón
945500,2021-07-01,21/22,70320,14734,Atlético Yth.,Atl. Madrid U17,,,Rayane Belaid
945702,2021-07-01,21/22,70473,28868,Roda U19,Villarreal U19,,,Sebas Wade
945709,2021-07-01,21/22,14740,70473,Villarreal Yth.,Roda U19,,,Dani Requena
945767,2021-07-01,21/22,70320,21609,Atlético Yth.,Atl.Madleño U18,,,Hugo Solozábal
946276,2021-07-01,21/22,58956,9478,Espanyol U18,Espanyol U19,,,Adrián Salguero
947411,2021-07-01,21/22,58235,12797,Sunderland Yth.,Sunderland U18,,,Chris Rigg
947431,2021-07-01,21/22,70377,14742,San Franc. U19,Mallorca U19,,,David López
947432,2021-07-01,21/22,25625,14742,RCD Mallorca Yo,Mallorca U19,,,Marcos Fernández
948253,2021-07-01,21/22,14716,13711,Albacete Balompi,Real Madrid U17,,,Rubén Montero
948254,2021-07-01,21/22,80125,13711,Nueva Boadilla,Real Madrid U17,0.0,,Marco de las Sías
948273,2021-07-01,21/22,13711,28870,Real Madrid U17,Real Madrid U19,,,Mario Martín
948275,2021-07-01,21/22,13711,6767,Real Madrid U17,RM Castilla,,,Álvaro Rodríguez
949116,2021-07-01,21/22,44199,21121,Leganés Youth,Leganés U19,,,Ro Abajas
949489,2021-07-01,21/22,77529,17676,CA Pinto U19,AD Alcorcón B,,,Abdoulaye Keita
954125,2021-07-01,21/22,52928,50677,West Brom Yth.,Chelsea Youth,0.0,,Kiano Dyer
961297,2021-07-01,21/22,21349,44205,Elche CF Youth,Elche U19,,,Rodrigo Mendoza
961944,2021-07-01,21/22,14743,40422,Real Betis Yth.,Betis U19,,,Ginés Sorroche
964190,2021-07-01,21/22,14967,9900,Real Sociedad Y,R. Sociedad U19,,,Luken Beitia
967340,2021-07-01,21/22,50672,12806,Man Utd Youth,Sheff Utd U18,0.0,,Owen Hampson
973314,2021-07-01,21/22,14734,21609,Atl. Madrid U17,Atl.Madleño U18,,,Sergio Mestre
973690,2021-07-01,21/22,56043,56499,CP El Ejido U19,Berja CF,,,Luca Lohr
974251,2021-07-01,21/22,25264,12798,Levante UD Yout,Levante U19,,,Lass Kourouma
982007,2021-07-01,21/22,14967,9900,Real Sociedad Y,R. Sociedad U19,,,Ekain Orobengoa
986298,2021-07-01,21/22,83012,107822,ACBB Youth,VAFC U17,0.0,,Joachim Kayi Sanda
989112,2021-07-01,21/22,71599,98606,Red Star U15,Red Star U16,,,Veljko Milosavljevic
998101,2021-07-01,21/22,29108,62507,Ferencváros Yth,Ferencváros U17,,,Alex Tóth
1000136,2021-07-01,21/22,28866,8510,Getafe U19,Getafe CF B,,,Gorka Rivera
1000630,2021-07-01,21/22,51592,25264,Patacona CF You,Levante UD Yout,,,Pablo López
1006411,2021-07-01,21/22,83011,107748,AS Bondy Yth.,Toulouse FC U17,0.0,,Jaydee Canvot
1018938,2021-07-01,21/22,14967,99608,Real Sociedad Y,Beasain U19,0.0,,Jon Martín
1019408,2021-07-01,21/22,54334,21354,Extremadura B,Badajoz U19,0.0,,Iñaki González
1025582,2021-07-01,21/22,96788,70218,Caracas Youth,Girona FC Youth,0.0,,Juan Arango
1034853,2021-07-01,21/22,106292,20290,Mantois 78 U17,Paris FC U19,,,Nobel Mendy
1036451,2021-07-01,21/22,63628,40495,Las Palmas U18,Las Palmas U19,,,Álvaro Killane
1041934,2021-07-01,21/22,39822,28870,Real Madrid U18,Real Madrid U19,,,Jeremy Jorge
1054909,2021-07-01,21/22,14743,70827,Real Betis Yth.,Calavera U19,,,Pablo Busto
1054931,2021-07-01,21/22,91634,65711,EF Huesca U19,San Ignacio,,,Selu Diallo
1054934,2021-07-01,21/22,76607,65711,CD Ariznabarra,San Ignacio,,,Maroan Sannadi
1055860,2021-07-01,21/22,13314,28861,CA Osasuna Yout,Osasuna U19,,,Iñaki Rupérez
1056655,2021-07-01,21/22,14742,8494,Mallorca U19,RCD Mallorca B ,,,Rubén Quintanilla
1056971,2021-07-01,21/22,14733,107198,Bilbao Youth,Bilbao U18,,,Aingeru Olabarrieta
1061277,2021-07-01,21/22,14743,70827,Real Betis Yth.,Calavera U19,,,Germán García
1061650,2021-07-01,21/22,31924,20277,F. Marcet,Girona U19,0.0,,Lucas García
1061660,2021-07-01,21/22,17419,123357,Gimnàstic de Ta,Girona FC U18,0.0,,Selvi Clua
1062525,2021-07-01,21/22,34466,76495,Damm U19,SD Eibar C,,,Álex Serradell
1063329,2021-07-01,21/22,77511,12798,Torre L. U19,Levante U19,,,Andrés García
1063990,2021-07-01,21/22,75,10873,Unknown,Bordeaux U19,,,Grégoire Swiderski
1064103,2021-07-01,21/22,39647,39452,Granada Yth.,Granada CF U19,,,Sergio Rodelas
1064402,2021-07-01,21/22,75,44202,Unknown,Alavés U19,,,Ander Sánchez
1064403,2021-07-01,21/22,44098,8881,Hércules Alican,Alavés Youth,,,Álvaro García
1076815,2021-07-01,21/22,40419,15509,Celta Vigo Yth.,Celta U19,,,Javi Rodríguez
1086619,2021-07-01,21/22,19919,68620,Padova Youth,Padova U17,,,Giovanni Leoni
1123335,2021-07-01,21/22,123357,34466,Girona FC U18,Damm U19,0.0,,Hamza Bellari
1124136,2021-07-01,21/22,99279,61498,Montecarlo U19,CD Cuarte,,,Ángel Pérez
1129175,2021-07-01,21/22,34466,25235,Damm U19,UE Sants,0.0,,Raúl Martínez
1146029,2021-07-01,21/22,63628,40495,Las Palmas U18,Las Palmas U19,,,Juanma Herzog
1179588,2021-07-01,21/22,25625,70377,RCD Mallorca Yo,San Franc. U19,,,Yuzún Ley
1202361,2021-07-01,21/22,53301,53183,Bristol R. Yth.,A. Villa Yth.,,,Bradley Burrowes
1237073,2021-07-01,21/22,85878,83617,San José Youth,San José U19,,,Lander Emery
1331450,2021-07-01,21/22,14740,63969,Villarreal Yth.,CD Roda Youth,,,Hugo López
46413,2021-06-30,20/21,331,237,CA Osasuna,RCD Mallorca,0.0,9000000.0,Ante Budimir
70245,2021-06-30,20/21,1244,3709,CD Leganés,Getafe,0.0,1000000.0,Ignasi Miquel
85383,2021-06-30,20/21,2687,1049,Cádiz CF,Valencia,0.0,1500000.0,Rubén Sobrino
85864,2021-06-30,20/21,89,31,Union Berlin,Liverpool,0.0,2000000.0,Loris Karius
120629,2021-06-30,20/21,931,583,Fulham,PSG,0.0,17000000.0,Alphonse Areola
127108,2021-06-30,20/21,1108,762,Alavés,Newcastle,0.0,4500000.0,Florian Lejeune
128969,2021-06-30,20/21,11,1237,Arsenal,Brighton,0.0,6000000.0,Mathew Ryan
129674,2021-06-30,20/21,6574,16,Sassuolo,Dortmund,0.0,5000000.0,Jeremy Toljan
195488,2021-06-30,20/21,1531,148,Elche CF,Tottenham,0.0,3000000.0,Paulo Gazzaniga
236490,2021-06-30,20/21,931,416,Fulham,Torino,0.0,6000000.0,Ola Aina
251876,2021-06-30,20/21,5358,79,SD Huesca,Stuttgart,0.0,3500000.0,Pablo Maffeo
251892,2021-06-30,20/21,1084,368,Málaga CF,Sevilla FC,0.0,1000000.0,Juan Soriano
251896,2021-06-30,20/21,16795,418,Granada CF,Real Madrid,0.0,5000000.0,Jesús Vallejo
260827,2021-06-30,20/21,931,1041,Fulham,Lyon,0.0,22000000.0,Joachim Andersen
261503,2021-06-30,20/21,3631,2502,América,Castellón,0.0,1000000.0,Álvaro Fidalgo
262939,2021-06-30,20/21,1531,12321,Elche CF,Girona,0.0,2000000.0,Johan Mojica
263236,2021-06-30,20/21,38,167,F. Düsseldorf,Augsburg,0.0,5000000.0,Kevin Danso
278404,2021-06-30,20/21,2995,6767,Paços Ferreira,RM Castilla,0.0,300000.0,Martín Calderón
282421,2021-06-30,20/21,13222,1108,CD Mirandés,Alavés,0.0,700000.0,Javi Muñoz
284854,2021-06-30,20/21,3709,131,Getafe,Barcelona,0.0,15000000.0,Carles Aleñá
293281,2021-06-30,20/21,58,533,RSC Anderlecht,Hoffenheim,0.0,5500000.0,Jacob Bruun Larsen
295313,2021-06-30,20/21,89,31,Union Berlin,Liverpool,0.0,5000000.0,Taiwo Awoniyi
314288,2021-06-30,20/21,58,281,RSC Anderlecht,Man City,0.0,12000000.0,Lukas Nmecha
314678,2021-06-30,20/21,5,418,AC Milan,Real Madrid,0.0,15000000.0,Brahim Díaz
316264,2021-06-30,20/21,11,418,Arsenal,Real Madrid,0.0,40000000.0,Martin Ødegaard
319745,2021-06-30,20/21,11,418,Arsenal,Real Madrid,0.0,27000000.0,Dani Ceballos
322702,2021-06-30,20/21,1269,1096,PEC Zwolle,Royal Antwerp,0.0,1000000.0,Benson Manuel
327126,2021-06-30,20/21,2784,366,APOEL Nicosia,Real Valladolid,0.0,1200000.0,Anuar
328480,2021-06-30,20/21,2420,3368,Vit. Guimarães,Levante,0.0,2500000.0,Pepelu
330659,2021-06-30,20/21,23826,12,Leipzig,Roma,0.0,14000000.0,Justin Kluivert
334222,2021-06-30,20/21,1531,416,Elche CF,Torino,0.0,3500000.0,Lucas Boyé
335225,2021-06-30,20/21,3302,1050,UD Almería,Villarreal,0.0,5000000.0,Manu Morlanes
339820,2021-06-30,20/21,237,3709,RCD Mallorca,Getafe,0.0,4000000.0,Amath Ndiaye
341264,2021-06-30,20/21,367,6767,Rayo Vallecano,RM Castilla,0.0,3000000.0,Fran García
341278,2021-06-30,20/21,13222,1050,CD Mirandés,Villarreal,0.0,800000.0,Iván Martín
341713,2021-06-30,20/21,1244,3679,CD Leganés,Atl. Madrileño,0.0,300000.0,Diego Conde
344830,2021-06-30,20/21,2282,985,Club Brugge,Man Utd,0.0,4000000.0,Tahith Chong
346314,2021-06-30,20/21,1158,9250,FC Lorient,Chelsea U23,0.0,3500000.0,Trevoh Chalobah
357147,2021-06-30,20/21,5,985,AC Milan,Man Utd,0.0,10000000.0,Diogo Dalot
357162,2021-06-30,20/21,162,294,Monaco,Benfica,0.0,10000000.0,Florentino
357628,2021-06-30,20/21,8733,1532,Celta Vigo B,Albacete,0.0,250000.0,Alfon González
361254,2021-06-30,20/21,5358,543,SD Huesca,Wolves,0.0,12000000.0,Rafa Mir
366930,2021-06-30,20/21,5358,16,SD Huesca,Dortmund,0.0,2500000.0,Sergio Gómez
371371,2021-06-30,20/21,12,276,Roma,Hellas Verona,0.0,25000000.0,Marash Kumbulla
371851,2021-06-30,20/21,42,2410,Hannover 96,CSKA Moscow,0.0,2500000.0,Jaka Bijol
378293,2021-06-30,20/21,16795,281,Granada CF,Man City,0.0,18000000.0,Yangel Herrera
380350,2021-06-30,20/21,430,2722,Fiorentina,SPAL,0.0,5000000.0,Igor Julio
392770,2021-06-30,20/21,2503,1082,Boavista,Lille,0.0,6000000.0,Angel Gomes
392775,2021-06-30,20/21,533,148,Hoffenheim,Tottenham,0.0,18000000.0,Ryan Sessegnon
395122,2021-06-30,20/21,4941,475,León,Sint-Truiden,0.0,1500000.0,Santiago Colombatto
397033,2021-06-30,20/21,5,19,AC Milan,Brescia,0.0,27000000.0,Sandro Tonali
401624,2021-06-30,20/21,2497,150,Real Oviedo,Real Betis,0.0,1200000.0,Edgar González
404418,2021-06-30,20/21,197,430,Sparta Prague,Fiorentina,0.0,2700000.0,Dávid Hancko
405398,2021-06-30,20/21,3709,418,Getafe,Real Madrid,0.0,15000000.0,Takefusa Kubo
406040,2021-06-30,20/21,931,23826,Fulham,Leipzig,0.0,11000000.0,Ademola Lookman
412042,2021-06-30,20/21,7971,10773,Hércules CF,RCD Espanyol B,0.0,150000.0,Adri López
435648,2021-06-30,20/21,130,27,Parma,Bayern Munich,0.0,8000000.0,Joshua Zirkzee
441170,2021-06-30,20/21,114,336,Besiktas,Sporting,0.0,7500000.0,Valentin Rosier
443222,2021-06-30,20/21,237,331,RCD Mallorca,CA Osasuna,0.0,600000.0,Marc Cardona
445939,2021-06-30,20/21,35,82,St. Pauli,Wolfsburg,0.0,2000000.0,Omar Marmoush
459463,2021-06-30,20/21,3709,1010,Getafe,Watford,0.0,9000000.0,Cucho Hernández
461617,2021-06-30,20/21,989,13,Bournemouth,Atlético,0.0,1800000.0,Rodrigo Riquelme
461833,2021-06-30,20/21,2722,800,SPAL,Atalanta BC,0.0,1000000.0,Caleb Okoli
466801,2021-06-30,20/21,21261,11422,Granollers,CE Sabadell ,0.0,,Sergi Altimira
480763,2021-06-30,20/21,1050,148,Villarreal,Tottenham,0.0,12000000.0,Juan Foyth
480883,2021-06-30,20/21,1244,7078,CD Leganés,Valladolid Prom,0.0,500000.0,Miguel de la Fuente
484988,2021-06-30,20/21,1164,1421,Le Mans FC,Stade Reims,0.0,400000.0,Logan Costa
494237,2021-06-30,20/21,61431,162,Bastia-Borgo,Monaco,0.0,1500000.0,Wilson Isidor
494880,2021-06-30,20/21,3302,1050,UD Almería,Villarreal,0.0,6000000.0,Jorge Cuenca
495666,2021-06-30,20/21,417,11,Nice,Arsenal,0.0,18000000.0,William Saliba
500689,2021-06-30,20/21,527,417,Lausanne-Sport,Nice,0.0,2000000.0,Evann Guessand
502676,2021-06-30,20/21,6365,663,FC Locomotive,Dinamo Tbilisi,0.0,800000.0,Giorgi Mamardashvili
524000,2021-06-30,20/21,13222,621,CD Mirandés,Athletic Club,0.0,1500000.0,Dani Vivian
527972,2021-06-30,20/21,11259,1531,CD Alcoyano,Elche CF,0.0,100000.0,Mourad El Ghezouani
537382,2021-06-30,20/21,1533,368,SD Eibar,Sevilla FC,0.0,30000000.0,Bryan Gil
537763,2021-06-30,20/21,8510,6767,Getafe CF B,RM Castilla,0.0,100000.0,Jordi Martín
538006,2021-06-30,20/21,13241,1010,UD Ibiza,Watford,0.0,200000.0,Kwasi Sibo
548188,2021-06-30,20/21,648,3679,CD Tenerife,Atl. Madrileño,0.0,2500000.0,Germán Valera
568835,2021-06-30,20/21,13222,3368,CD Mirandés,Levante,0.0,600000.0,Pablo Martínez
569384,2021-06-30,20/21,3522,46,Spezia Calcio,Inter,0.0,5000000.0,Lucien Agoumé
571743,2021-06-30,20/21,499,9250,Vitesse,Chelsea U23,0.0,3000000.0,Armando Broja
573775,2021-06-30,20/21,6767,3709,RM Castilla,Getafe,0.0,5000000.0,Hugo Duro
576314,2021-06-30,20/21,306,1237,Heerenveen,Brighton,0.0,2200000.0,Jan Paul van Hecke
577869,2021-06-30,20/21,52397,8733,Unionistas CF,Celta Vigo B,0.0,50000.0,Ruly García
578391,2021-06-30,20/21,543,1420,Wolves,Angers SCO,0.0,18000000.0,Rayan Aït-Nouri
578539,2021-06-30,20/21,533,27,Hoffenheim,Bayern Munich,0.0,7500000.0,Chris Richards
583510,2021-06-30,20/21,7078,8510,Valladolid Prom,Getafe CF B,0.0,150000.0,Miguel Rubio
590690,2021-06-30,20/21,11422,366,CE Sabadell ,Real Valladolid,0.0,400000.0,Víctor García
593412,2021-06-30,20/21,13241,38006,UD Ibiza,Girona FC B,0.0,50000.0,Ilyas Chaira
605184,2021-06-30,20/21,417,131,Nice,Barcelona,0.0,12000000.0,Jean-Clair Todibo
605528,2021-06-30,20/21,21246,2470,Sabadell U19,Barça U19,0.0,,Pol Tristán
618809,2021-06-30,20/21,331,13,CA Osasuna,Atlético,0.0,8000000.0,Manu Sánchez
620696,2021-06-30,20/21,3679,8494,Atl. Madrileño,RCD Mallorca B ,0.0,150000.0,Ibrahim Diabate
625882,2021-06-30,20/21,47421,6767,CF Talavera,RM Castilla,0.0,50000.0,Javi Domínguez
627442,2021-06-30,20/21,37024,409,FC Liefering,Salzburg,0.0,5000000.0,Benjamin Sesko
634117,2021-06-30,20/21,40175,8516,UD Mutilvera,Osasuna B,0.0,200000.0,Pablo Valencia
648195,2021-06-30,20/21,2402,14837,Defensa,River Plate II,0.0,5000000.0,Enzo Fernández
649452,2021-06-30,20/21,354,281,KV Mechelen,Man City,0.0,3000000.0,Issa Kaboré
657430,2021-06-30,20/21,3302,1075,UD Almería,Braga,0.0,5000000.0,Samú Costa
683571,2021-06-30,20/21,3,5084,1.FC Köln,Valmiera,0.0,800000.0,Tolu Arokodare
689637,2021-06-30,20/21,21246,2470,Sabadell U19,Barça U19,0.0,,Chadi Riad
707276,2021-06-30,20/21,16775,6182,Alzira,Valencia B,0.0,50000.0,Miki Bosch
708072,2021-06-30,20/21,22276,11008,SPAL U19,Juventus U19,0.0,,Nicolò Savona
709726,2021-06-30,20/21,443,11204,Vejle BK,Stade Reims B,0.0,600000.0,Hugo Ekitiké
711394,2021-06-30,20/21,25483,9899,Covadonga,Real Sociedad B,0.0,200000.0,Javi Martón
729814,2021-06-30,20/21,2715,347,RFC Seraing,FC Metz,0.0,1200000.0,Georges Mikautadze
737138,2021-06-30,20/21,20921,13702,Navalcarnero,R. Majadahonda,0.0,50000.0,Facu Esnáider
798114,2021-06-30,20/21,14708,330,São Paulo U20,Atlético-MG,50000.0,800000.0,Calebe
900195,2021-06-30,20/21,14807,42746,Palmeiras U20,Desportivo U20,0.0,,Kevin
989112,2021-06-30,20/21,98647,71599,Graficar U15,Red Star U15,0.0,,Veljko Milosavljevic
1041934,2021-06-30,20/21,53397,39822,Castellón U19,Real Madrid U18,0.0,,Jeremy Jorge
798114,2021-06-29,20/21,15037,14708,Atlético-MG U20,São Paulo U20,0.0,800000.0,Calebe
14555,2021-05-31,20/21,281,22,Man City,Derby,0.0,500000.0,Scott Carson
116648,2021-05-31,20/21,641,931,Middlesbrough,Fulham,0.0,2500000.0,Marcus Bettinelli
121477,2021-05-31,20/21,379,1010,West Ham,Watford,0.0,5000000.0,Craig Dawson
131978,2021-05-31,20/21,405,631,Aston Villa,Chelsea,0.0,20000000.0,Ross Barkley
141660,2021-05-31,20/21,379,985,West Ham,Man Utd,0.0,22000000.0,Jesse Lingard
201574,2021-05-31,20/21,512,180,Stoke City,Southampton,0.0,3000000.0,Angus Gunn
226049,2021-05-31,20/21,2288,762,Swansea,Newcastle,0.0,9000000.0,Freddie Woodman
260841,2021-05-31,20/21,466,1003,Preston,Leicester,0.0,1200000.0,Daniel Iversen
279455,2021-05-31,20/21,603,31,Cardiff,Liverpool,0.0,17000000.0,Harry Wilson
314378,2021-05-31,20/21,2805,39341,Wycombe,Leicester U21,0.0,150000.0,Admiral Muskwe
325443,2021-05-31,20/21,990,1237,Coventry,Brighton,0.0,800000.0,Viktor Gyökeres
340329,2021-05-31,20/21,762,11,Newcastle,Arsenal,0.0,16000000.0,Joe Willock
385848,2021-05-31,20/21,22,124,Derby,Rangers,0.0,500000.0,George Edmundson
392757,2021-05-31,20/21,2288,631,Swansea,Chelsea,0.0,6000000.0,Marc Guéhi
392771,2021-05-31,20/21,350,631,Sheff Utd,Chelsea,0.0,15000000.0,Ethan Ampadu
406638,2021-05-31,20/21,1123,148,Norwich,Tottenham,0.0,8000000.0,Oliver Skipp
420808,2021-05-31,20/21,1194,1003,Rotherham,Leicester,0.0,800000.0,George Hirst
456292,2021-05-31,20/21,2454,1148,Doncaster,Brentford,0.0,300000.0,Ellery Balcombe
470607,2021-05-31,20/21,1198,703,Lincoln City,Nott'm Forest,0.0,,Brennan Johnson
475188,2021-05-31,20/21,1031,39341,Luton,Leicester U23,0.0,2000000.0,Kiernan Dewsbury-Hall
484389,2021-05-31,20/21,2262,9253,Plymouth,Newcastle U23,0.0,,Kell Watts
485585,2021-05-31,20/21,358,9250,Charlton,Chelsea U23,0.0,,Ian Maatsen
488362,2021-05-31,20/21,984,9250,West Brom,Chelsea U23,0.0,12000000.0,Conor Gallagher
503686,2021-05-31,20/21,1181,9249,Blackpool,Arsenal U23,0.0,,Dan Ballard
503733,2021-05-31,20/21,466,29,Preston,Everton,0.0,5000000.0,Anthony Gordon
503743,2021-05-31,20/21,1198,9265,Lincoln City,Man City U23,0.0,1300000.0,Morgan Rogers
503977,2021-05-31,20/21,164,281,Blackburn,Man City,0.0,3000000.0,Taylor Harwood-Bellis
503990,2021-05-31,20/21,1042,641,Crewe Alexandra,Middlesbrough,0.0,300000.0,Nathan Wood
504581,2021-05-31,20/21,1194,543,Rotherham,Wolves,0.0,1300000.0,Ryan Giles
505219,2021-05-31,20/21,703,985,Nott'm Forest,Man Utd,0.0,4000000.0,James Garner
515544,2021-05-31,20/21,15244,84044,Ballymena Utd,Linfield Reser.,0.0,,Trai Hume
528892,2021-05-31,20/21,1078,9249,Oldham Athletic,Arsenal U23,0.0,,Harry Clarke
533662,2021-05-31,20/21,12335,12124,Solihull Moors,Aston Villa U23,0.0,,Cameron Archer
536794,2021-05-31,20/21,355,11177,Bolton,Fleetwood,0.0,,Billy Crellin
543164,2021-05-31,20/21,512,350,Stoke City,Sheff Utd,0.0,1500000.0,Rhys Norrington-Davies
559794,2021-05-31,20/21,512,148,Stoke City,Tottenham,0.0,5000000.0,Jack Clarke
565822,2021-05-31,20/21,164,9252,Blackburn,Liverpool U23,0.0,15000000.0,Harvey Elliott
661053,2021-05-31,20/21,164,29,Blackburn,Everton,0.0,3000000.0,Jarrad Branthwaite
711544,2021-05-31,20/21,6945,27774,Palace U23,Cork City,0.0,,Jake O'Brien
560417,2021-05-17,20/21,10117,2035,Juventus-SC,Avaí FC,0.0,,Alemão
889435,2021-05-07,20/21,52151,46720,Seattle Academy,Tacoma Defiance,,,Obed Vargas
972465,2021-05-01,20/21,9762,74069,Red Storm,Manhattan,0.0,,Tani Oluwaseyi
548470,2021-04-19,20/21,22,985,Derby,Man Utd,0.0,1500000.0,Teden Mengi
826224,2021-04-01,20/21,38006,12321,Girona FC B,Girona,,,Arnau Martínez
898352,2021-04-01,20/21,16541,2619,Defensor SC U19,Defensor SC,,,Sebastián Boselli
735568,2021-03-26,20/21,614,8793,Flamengo,RB Bragantino,0.0,1000000.0,Natan
419648,2021-03-03,20/21,6621,496,Cukaricki,Malmö,1000000.0,1700000.0,Veljko Birmancevic
729264,2021-03-01,20/21,14708,585,São Paulo U20,São Paulo,,,Welington
743589,2021-03-01,20/21,9540,221,Santos U20,Santos,,,Kaiky
747996,2021-03-01,20/21,22825,6066,Dundalk U19,Dundalk FC,,,Val Adedokun
800176,2021-03-01,20/21,14702,2462,Fluminense U20,Fluminense,,250000.0,André
900601,2021-03-01,20/21,67403,42394,Galway Academy,Galway United,,,Alex Murphy
741142,2021-02-26,20/21,12574,8356,Godoy Cruz,Villa Dálmine,0.0,50000.0,Zaid Romero
560417,2021-02-22,20/21,2035,10117,Avaí FC,Juventus-SC,0.0,,Alemão
620362,2021-02-22,20/21,6942,5242,Fulham U18,Man Utd U18,0.0,,Dermot Mee
735570,2021-02-19,19/20,15002,614,Flamengo U20,Flamengo,,500000.0,João Gomes
357658,2021-02-11,20/21,352,989,Swindon Town,Bournemouth,0.0,500000.0,Mark Travers
732119,2021-02-06,20/21,10002,6922,Derby U18,Liverpool U18,3400000.0,,Kaide Gordon
711544,2021-02-03,20/21,27774,6945,Cork City,Palace U23,0.0,,Jake O'Brien
73517,2021-02-01,20/21,515,1123,Without Club,Norwich,,1200000.0,Ørjan Nyland
195488,2021-02-01,20/21,148,1531,Tottenham,Elche CF,0.0,4000000.0,Paulo Gazzaniga
261503,2021-02-01,20/21,2502,3631,Castellón,América,0.0,400000.0,Álvaro Fidalgo
319900,2021-02-01,20/21,899,1031,Walsall,Luton,,,Elijah Adebayo
340329,2021-02-01,20/21,11,762,Arsenal,Newcastle,0.0,16000000.0,Joe Willock
385848,2021-02-01,20/21,124,22,Rangers,Derby,0.0,500000.0,George Edmundson
435648,2021-02-01,20/21,27,130,Bayern Munich,Parma,0.0,9000000.0,Joshua Zirkzee
467623,2021-02-01,20/21,2420,15136,Vit. Guimarães,Guimarães B,,1200000.0,Lyle Foster
503733,2021-02-01,20/21,29,466,Everton,Preston,0.0,5000000.0,Anthony Gordon
503977,2021-02-01,20/21,281,164,Man City,Blackburn,0.0,2300000.0,Taylor Harwood-Bellis
503990,2021-02-01,20/21,641,1042,Middlesbrough,Crewe Alexandra,0.0,300000.0,Nathan Wood
505673,2021-02-01,20/21,13,237,Atlético,RCD Mallorca,0.0,3500000.0,Víctor Mollejo
538977,2021-02-01,20/21,273,533,Stade Rennais,Hoffenheim,750000.0,1500000.0,Georginio Rutter
541231,2021-02-01,20/21,31,466,Liverpool,Preston,0.0,1800000.0,Sepp van den Berg
548188,2021-02-01,20/21,3679,648,Atl. Madrileño,CD Tenerife,0.0,1800000.0,Germán Valera
548470,2021-02-01,20/21,985,22,Man Utd,Derby,0.0,1000000.0,Teden Mengi
578539,2021-02-01,20/21,27,533,Bayern Munich,Hoffenheim,0.0,5000000.0,Chris Richards
587520,2021-02-01,20/21,11032,447,Hajduk U19,Hajduk Split,,,Stipe Biuk
605184,2021-02-01,20/21,131,417,Barcelona,Nice,0.0,12000000.0,Jean-Clair Todibo
614700,2021-02-01,20/21,42394,24214,Galway United,Burnley U21,,,Dara Costelloe
620696,2021-02-01,20/21,8494,3679,RCD Mallorca B ,Atl. Madrileño,0.0,150000.0,Ibrahim Diabate
660438,2021-02-01,20/21,52880,16104,FCK Youth,Copenhagen U19,,,Orri Óskarsson
661427,2021-02-01,20/21,35018,1100,Brann II,SK Brann,,200000.0,David Møller Wolfe
687626,2021-02-01,20/21,19309,1237,Independiente,Brighton,28200000.0,5000000.0,Moisés Caicedo
730861,2021-02-01,20/21,6055,10958,ETO FC,Milan U19,200000.0,200000.0,Milos Kerkez
785353,2021-02-01,20/21,40175,8516,UD Mutilvera,Osasuna B,0.0,200000.0,Pablo Ibáñez
792331,2021-02-01,20/21,52880,16104,FCK Youth,Copenhagen U19,,,Roony Bardghji
796298,2021-02-01,20/21,53004,50906,Birmingham Aca.,Liverpool Youth,550000.0,,Calum Scanlon
875235,2021-02-01,20/21,22468,9211,Bohs U19,Bohemians,,,Seán Grehan
85383,2021-01-31,20/21,1049,2687,Valencia,Cádiz CF,0.0,1500000.0,Rubén Sobrino
344830,2021-01-31,20/21,985,2282,Man Utd,Club Brugge,0.0,6300000.0,Tahith Chong
447995,2021-01-31,20/21,2759,289,Ross County,Sunderland,338000.0,500000.0,Ross Stewart
505673,2021-01-31,20/21,3709,13,Getafe,Atlético,0.0,3500000.0,Víctor Mollejo
586982,2021-01-31,20/21,5679,9955,Arsenal U18,West Ham U18,,,Levi Laing
605184,2021-01-31,20/21,294,131,Benfica,Barcelona,0.0,12000000.0,Jean-Clair Todibo
344830,2021-01-30,20/21,86,985,Werder Bremen,Man Utd,0.0,6300000.0,Tahith Chong
505219,2021-01-30,20/21,985,703,Man Utd,Nott'm Forest,0.0,3500000.0,James Garner
141660,2021-01-29,20/21,985,379,Man Utd,West Ham,0.0,10000000.0,Jesse Lingard
505046,2021-01-29,20/21,9252,54704,Liverpool U23,Brentford B,,,Ben Winterbottom
505219,2021-01-29,20/21,1010,985,Watford,Man Utd,0.0,3500000.0,James Garner
527966,2021-01-29,20/21,11972,1050,Villarreal CF B,Villarreal,,300000.0,Andrei Rațiu
535927,2021-01-29,20/21,1189,988,St. Pat's,Oxford United,,,Luke McNally
709726,2021-01-29,20/21,11204,443,Stade Reims B,Vejle BK,0.0,400000.0,Hugo Ekitiké
339501,2021-01-28,20/21,826,601,Lens,KV Kortrijk,,600000.0,Aleksandar Radovanovic
527966,2021-01-28,20/21,1268,11972,ADO Den Haag,Villarreal CF B,0.0,300000.0,Andrei Rațiu
316264,2021-01-27,20/21,418,11,Real Madrid,Arsenal,0.0,40000000.0,Martin Ødegaard
484547,2021-01-27,20/21,371,15,Celtic,Leverkusen,11000000.0,4000000.0,Jeremie Frimpong
20005,2021-01-26,20/21,800,368,Atalanta BC,Sevilla FC,6400000.0,15000000.0,Papu Gómez
322702,2021-01-26,20/21,1096,1269,Royal Antwerp,PEC Zwolle,0.0,1400000.0,Benson Manuel
504581,2021-01-26,20/21,543,1194,Wolves,Rotherham,0.0,1300000.0,Ryan Giles
34322,2021-01-25,20/21,11,683,Arsenal,Olympiacos,0.0,4000000.0,Sokratis Papastathopoulos
504581,2021-01-25,20/21,990,543,Coventry,Wolves,0.0,1300000.0,Ryan Giles
911736,2021-01-25,20/21,57165,12847,Nardo Youth,RBK Youth,,,Sverre Nypan
216464,2021-01-24,20/21,368,681,Sevilla FC,Real Sociedad,10000000.0,9000000.0,Carlos Fernández
406634,2021-01-24,20/21,515,991,Without Club,MK Dons,,450000.0,Matt O'Riley
293281,2021-01-23,20/21,533,58,Hoffenheim,RSC Anderlecht,0.0,8000000.0,Jacob Bruun Larsen
128969,2021-01-22,20/21,1237,11,Brighton,Arsenal,0.0,8000000.0,Mathew Ryan
428016,2021-01-22,20/21,9254,45604,Tottenham U23,Orlando,0.0,250000.0,Brandon Austin
608175,2021-01-22,20/21,358,512,Charlton,Stoke City,,,Alfie Doughty
420002,2021-01-21,20/21,39,873,Mainz,Crystal Palace,0.0,15000000.0,Jean-Philippe Mateta
537763,2021-01-18,20/21,6767,8510,RM Castilla,Getafe CF B,0.0,100000.0,Jordi Martín
262939,2021-01-15,20/21,12321,1531,Girona,Elche CF,0.0,2500000.0,Johan Mojica
325443,2021-01-15,20/21,1237,990,Brighton,Coventry,0.0,1000000.0,Viktor Gyökeres
380744,2021-01-15,20/21,1058,2761,Odd,Haugesund,,100000.0,Egil Selvik
262939,2021-01-14,20/21,800,12321,Atalanta,Girona,0.0,2500000.0,Johan Mojica
325443,2021-01-14,20/21,2288,1237,Swansea,Brighton,0.0,1000000.0,Viktor Gyökeres
559794,2021-01-14,20/21,148,512,Tottenham,Stoke City,0.0,5400000.0,Jack Clarke
661053,2021-01-14,20/21,29,164,Everton,Blackburn,0.0,2000000.0,Jarrad Branthwaite
475416,2021-01-13,20/21,3867,1110,Boreham Wood,Huddersfield,,,Sorba Thomas
861410,2021-01-13,20/21,43426,41854,Fenerbahce U16,Fenerbahce U19,,,Arda Güler
406556,2021-01-12,20/21,3537,39336,Crawley Town,Brighton U23,0.0,,Tom McGill
543164,2021-01-12,20/21,350,512,Sheff Utd,Stoke City,0.0,500000.0,Rhys Norrington-Davies
543164,2021-01-11,20/21,1031,350,Luton,Sheff Utd,0.0,500000.0,Rhys Norrington-Davies
618809,2021-01-11,20/21,13,331,Atlético,CA Osasuna,0.0,6000000.0,Manu Sánchez
874538,2021-01-11,20/21,9605,54704,Leatherhead FC,Brentford B,,,Ryan Trevitt
14044,2021-01-09,20/21,512,984,Stoke City,West Brom,0.0,250000.0,Andy Lonergan
537860,2021-01-09,20/21,8963,660,Shakhtar II,Shakhtar D.,,200000.0,Mykhaylo Mudryk
707276,2021-01-09,20/21,6182,16775,Valencia B,Alzira,0.0,50000.0,Miki Bosch
392179,2021-01-08,20/21,1059,1044,Hammarby,Djurgården,70000.0,600000.0,Hjalmar Ekdal
395122,2021-01-08,20/21,475,4941,Sint-Truiden,León,0.0,900000.0,Santiago Colombatto
405398,2021-01-08,20/21,418,3709,Real Madrid,Getafe,0.0,20000000.0,Takefusa Kubo
537860,2021-01-08,20/21,16239,8963,Desna,Shakhtar II,0.0,200000.0,Mykhaylo Mudryk
764859,2021-01-08,20/21,42077,17938,Hammarby IF U17,Hammarby TFF,0.0,,Williot Swedberg
260841,2021-01-07,20/21,1003,466,Leicester,Preston,0.0,600000.0,Daniel Iversen
405398,2021-01-07,20/21,1050,418,Villarreal,Real Madrid,0.0,20000000.0,Takefusa Kubo
707276,2021-01-07,20/21,41403,6182,SD Tarazona,Valencia B,0.0,50000.0,Miki Bosch
246963,2021-01-06,20/21,1123,349,Norwich,Barnsley FC,,150000.0,Carlton Morris
260841,2021-01-06,20/21,2727,1003,OH Leuven,Leicester,0.0,600000.0,Daniel Iversen
284854,2021-01-06,20/21,131,3709,Barcelona,Getafe,0.0,15000000.0,Carles Aleñá
357658,2021-01-06,20/21,989,352,Bournemouth,Swindon Town,0.0,500000.0,Mark Travers
429014,2021-01-06,20/21,2288,543,Swansea,Wolves,0.0,6000000.0,Morgan Gibbs-White
456292,2021-01-06,20/21,1148,2454,Brentford,Doncaster,0.0,300000.0,Ellery Balcombe
525438,2021-01-06,20/21,952,455,UTA Arad,FC Rapid 1923,0.0,150000.0,Horațiu Moldovan
246963,2021-01-05,20/21,991,1123,MK Dons,Norwich,0.0,150000.0,Carlton Morris
314378,2021-01-05,20/21,39341,2805,Leicester U21,Wycombe,0.0,100000.0,Admiral Muskwe
433818,2021-01-05,20/21,3716,352,Newport County,Swindon Town,0.0,,Scott Twine
444641,2021-01-05,20/21,11407,9265,Gloucester,Man City U23,0.0,,Louie Moulden
445939,2021-01-05,20/21,82,35,Wolfsburg,St. Pauli,0.0,400000.0,Omar Marmoush
63494,2021-01-04,20/21,1010,1050,Watford,Villarreal,2000000.0,4000000.0,Étienne Capoue
476701,2021-01-04,20/21,3829,3329,CA Fénix,Famalicão,9100000.0,3000000.0,Manuel Ugarte
495666,2021-01-04,20/21,11,417,Arsenal,Nice,0.0,17000000.0,William Saliba
501743,2021-01-04,20/21,943,5026,Yokohama FC,Lommel SK,2210000.0,625000.0,Koki Saito
503743,2021-01-04,20/21,9265,1198,Man City U23,Lincoln City,0.0,1300000.0,Morgan Rogers
620362,2021-01-04,20/21,5242,6942,Man Utd U18,Fulham U18,0.0,,Dermot Mee
731466,2021-01-04,20/21,2963,9250,Burton Albion,Chelsea U23,0.0,,Teddy Sharman-Lowe
745452,2021-01-04,20/21,44771,6942,Cornellà Youth,Fulham U18,,,Devan Tanton
469669,2021-01-02,20/21,10789,618,Braga B,Saint-Étienne,1000000.0,2500000.0,Yvan Neyou
536835,2021-01-02,20/21,800,985,Atalanta,Man Utd,21300000.0,15000000.0,Amad Diallo
393323,2021-01-01,20/21,25467,409,Philadelphia,Salzburg,12700000.0,10000000.0,Brenden Aaronson
397676,2021-01-01,20/21,11516,3368,Atl. Levante,Levante,,300000.0,Dani Cárdenas
451276,2021-01-01,20/21,409,23826,Salzburg,Leipzig,36000000.0,25000000.0,Dominik Szoboszlai
452483,2021-01-01,20/21,37024,409,FC Liefering,Salzburg,,600000.0,David Affengruber
469669,2021-01-01,20/21,618,10789,Saint-Étienne,Braga B,0.0,2500000.0,Yvan Neyou
503977,2021-01-01,20/21,9265,281,Man City U23,Man City,,2300000.0,Taylor Harwood-Bellis
540536,2021-01-01,20/21,5648,18693,Gimnàstic,SD Ejea,0.0,50000.0,Carlos Vicente
549027,2021-01-01,20/21,68780,10330,Benfica U23,Benfica B,,,Martim Neto
550995,2021-01-01,20/21,12801,24226,Wolves U18,Wolves U21,,,Owen Hesketh
555143,2021-01-01,20/21,54443,121,Dynamo 2 ,Dynamo Moscow,,500000.0,Arsen Zakharyan
568559,2021-01-01,20/21,41101,506,Juventus U23,Juventus,,,Radu Drăgușin
580809,2021-01-01,20/21,9606,39336,Brighton U18,Brighton U23,,,Ed Turns
581326,2021-01-01,20/21,23075,5411,FC Honka II,FC Honka,,,Ville Koski
605426,2021-01-01,20/21,7917,496,Malmö FF U19,Malmö,,,Melker Ellborg
628451,2021-01-01,20/21,6930,9265,Man City U18,Man City U23,,,Roméo Lavia
636688,2021-01-01,20/21,2470,2464,Barça U19,Barcelona B,,200000.0,Alejandro Balde
659331,2021-01-01,20/21,6950,6945,Palace U18,Palace U21,,,John-Kymani Gordon
725912,2021-01-01,20/21,37464,450,Dukla Prague B,Dukla Prague,,50000.0,Antonín Kinský
727089,2021-01-01,20/21,66529,30857,Anderlecht U18,Anderlecht U21,,,Noah Sadiki
735571,2021-01-01,20/21,15002,614,Flamengo U20,Flamengo,,,Rodrigo Muniz
741236,2021-01-01,20/21,25136,3884,Wimbledon U18,AFC Wimbledon,,,Matthew Cox
742201,2021-01-01,20/21,31506,3679,Atl. Madrid U19,Atl. Madrileño,,,Giuliano Simeone
801989,2021-01-01,20/21,15628,947,B.93 U19,B.93,,,Tammer Bany
826224,2021-01-01,20/21,20277,38006,Girona U19,Girona FC B,,,Arnau Martínez
857830,2021-01-01,20/21,20589,9961,Dep. Cali U20,Deportivo Cali,,,Daniel Luna
860062,2021-01-01,20/21,45258,34466,CF Damm Youth,Damm U19,,,Abde Raihani
860078,2021-01-01,20/21,53100,6950,C. Palace Yth.,Palace U18,,,Kaden Rodney
864799,2021-01-01,20/21,40419,50906,Celta Vigo Yth.,Liverpool Youth,250000.0,,Stefan Bajcetic
866246,2021-01-01,20/21,102525,42543,Bromma Jgd.,IF Bromma U17,,,Lucas Bergvall
903611,2021-01-01,20/21,21812,21811,LDU Quito U20,LDU Quito B,,,Nilson Angulo
907559,2021-01-01,20/21,24470,14583,Yumbo U20,Ind. Yumbo,,,Nelson Deossa
908234,2021-01-01,20/21,123357,20277,Girona FC U18,Girona U19,,,Oriol Comas
909758,2021-01-01,20/21,15100,16179,Argentinos U20,Argentinos II,,,Federico Redondo
926763,2021-01-01,20/21,14746,11674,Valladolid Yth.,Valladolid U19,,,Chuki
946269,2021-01-01,20/21,45258,34466,CF Damm Youth,Damm U19,,,Alex Almansa
947460,2021-01-01,20/21,25625,14742,RCD Mallorca Yo,Mallorca U19,,,Pau Mascaró
956920,2021-01-01,20/21,108774,27119,Raiders Acad.,Adelaide U21,,,Nestory Irankunda
1004709,2021-01-01,20/21,74890,53183,Peterb. Youth,A. Villa Yth.,120000.0,,Sam Proctor
1041934,2021-01-01,20/21,39822,53397,Real Madrid U18,Castellón U19,0.0,,Jeremy Jorge
1127730,2021-01-01,20/21,121719,15113,Vélez JV,Vélez U20,,,Thiago Fernández
1305792,2021-01-01,20/21,70826,6647,V. Cultural U19,Chanticleers,0.0,,Álvaro García Pascual
661427,2020-12-31,20/21,14761,35018,Åsane,Brann II,0.0,200000.0,David Møller Wolfe
903611,2020-12-31,20/21,86637,21812,Atlético Kin,LDU Quito U20,0.0,,Nilson Angulo
336367,2020-12-25,20/21,2454,1039,Doncaster,QPR,0.0,600000.0,Joe Lumley
14044,2020-12-02,20/21,515,512,Without Club,Stoke City,,250000.0,Andy Lonergan
742770,2020-12-01,20/21,27119,875,Adelaide U21,Adelaide United,,150000.0,Mohamed Touré
392179,2020-11-30,20/21,7945,1059,Sirius,Hammarby,0.0,400000.0,Hjalmar Ekdal
746833,2020-11-30,20/21,64328,56870,ATL UTD 2,Atlanta Academy,0.0,,Caleb Wiley
764859,2020-11-30,20/21,6012,42077,IK Frej Täby,Hammarby IF U17,0.0,,Williot Swedberg
608832,2020-11-23,20/21,13683,4795,Ingolstadt U19,FC Ingolstadt,,,Merlin Röhl
336367,2020-11-20,20/21,1039,2454,QPR,Doncaster,0.0,600000.0,Joe Lumley
735571,2020-11-20,20/21,776,15002,Coritiba FC,Flamengo U20,0.0,,Rodrigo Muniz
336367,2020-11-06,20/21,2814,1039,Gillingham,QPR,0.0,600000.0,Joe Lumley
499604,2020-11-03,20/21,515,1031,Without Club,Luton,,400000.0,Dion Pereira
331505,2020-11-01,20/21,2464,131,Barcelona B,Barcelona,,200000.0,Óscar Mingueza
712107,2020-11-01,20/21,75337,3329,Famalicão U23,Famalicão,,100000.0,Luiz Júnior
783396,2020-11-01,20/21,38006,12321,Girona FC B,Girona,,,Ramón Terrats
336367,2020-10-30,20/21,1039,2814,QPR,Gillingham,0.0,600000.0,Joe Lumley
878160,2020-10-19,20/21,515,50683,Without Club,Arsenal Youth,,,Reuell Walters
67063,2020-10-18,20/21,1010,1237,Watford,Brighton,0.0,5500000.0,Danny Welbeck
201574,2020-10-16,20/21,180,512,Southampton,Stoke City,0.0,4000000.0,Angus Gunn
262300,2020-10-16,20/21,1039,2288,QPR,Swansea,278000.0,2400000.0,Ryan Manning
279455,2020-10-16,20/21,31,603,Liverpool,Cardiff,0.0,16000000.0,Harry Wilson
297212,2020-10-16,20/21,2288,148,Swansea,Tottenham,12100000.0,7000000.0,Joe Rodon
475188,2020-10-16,20/21,39341,1031,Leicester U23,Luton,0.0,,Kiernan Dewsbury-Hall
528892,2020-10-16,20/21,9249,1078,Arsenal U23,Oldham Athletic,0.0,,Harry Clarke
565822,2020-10-16,20/21,9252,164,Liverpool U23,Blackburn,0.0,4000000.0,Harvey Elliott
505548,2020-10-15,20/21,9267,39337,West Ham U21,Derby U23,0.0,,Louie Watson
85177,2020-10-14,20/21,31,873,Liverpool,Crystal Palace,0.0,8000000.0,Nathaniel Clyne
485585,2020-10-13,20/21,9250,358,Chelsea U23,Charlton,0.0,,Ian Maatsen
735571,2020-10-13,20/21,15002,776,Flamengo U20,Coritiba FC,0.0,,Rodrigo Muniz
121477,2020-10-12,20/21,1010,379,Watford,West Ham,0.0,4800000.0,Craig Dawson
466807,2020-10-06,20/21,11194,16492,NK Lokomotiva,UD Melilla,0.0,,Adrià Altimira
737138,2020-10-06,20/21,13702,20921,R. Majadahonda,Navalcarnero,0.0,,Facu Esnáider
46413,2020-10-05,20/21,237,331,RCD Mallorca,CA Osasuna,0.0,15000000.0,Ante Budimir
61253,2020-10-05,20/21,6195,430,SSC Napoli,Fiorentina,0.0,7500000.0,José Callejón
62945,2020-10-05,20/21,1084,119,Málaga CF,M. Tel Aviv,0.0,1000000.0,Luis Hernández
73517,2020-10-05,20/21,405,515,Aston Villa,Without Club,,1200000.0,Ørjan Nyland
199369,2020-10-05,20/21,29,5358,Everton,SD Huesca,0.0,3200000.0,Sandro Ramírez
230784,2020-10-05,20/21,13,11,Atlético,Arsenal,50000000.0,40000000.0,Thomas Partey
242606,2020-10-05,20/21,379,58,West Ham,RSC Anderlecht,500000.0,1200000.0,Josh Cullen
258878,2020-10-05,20/21,9265,931,Man City U23,Fulham,1650000.0,2800000.0,Tosin Adarabioyo
260827,2020-10-05,20/21,1041,931,Lyon,Fulham,0.0,16000000.0,Joachim Andersen
330659,2020-10-05,20/21,12,23826,Roma,Leipzig,0.0,20000000.0,Justin Kluivert
337715,2020-10-05,20/21,669,3302,Partizan,UD Almería,9000000.0,6000000.0,Umar Sadiq
339820,2020-10-05,20/21,3709,237,Getafe,RCD Mallorca,0.0,2400000.0,Amath Ndiaye
341092,2020-10-05,20/21,430,506,Fiorentina,Juventus,0.0,48000000.0,Federico Chiesa
353032,2020-10-05,20/21,26,44,Basel,Hertha BSC,4000000.0,3000000.0,Omar Alderete
392775,2020-10-05,20/21,148,533,Tottenham,Hoffenheim,0.0,25000000.0,Ryan Sessegnon
411295,2020-10-05,20/21,273,399,Stade Rennais,Leeds,18600000.0,16000000.0,Raphinha
429790,2020-10-05,20/21,281,317,Man City,FC Twente,0.0,1200000.0,Luka Ilic
443222,2020-10-05,20/21,331,237,CA Osasuna,RCD Mallorca,0.0,1200000.0,Marc Cardona
480267,2020-10-05,20/21,2464,131,Barcelona B,Barcelona,,10000000.0,Ronald Araujo
486049,2020-10-05,20/21,58,273,RSC Anderlecht,Stade Rennais,26000000.0,9000000.0,Jérémy Doku
503686,2020-10-05,20/21,9249,1181,Arsenal U23,Blackpool,0.0,,Dan Ballard
505673,2020-10-05,20/21,13,3709,Atlético,Getafe,0.0,4000000.0,Víctor Mollejo
527972,2020-10-05,20/21,1531,11259,Elche CF,CD Alcoyano,0.0,,Mourad El Ghezouani
537382,2020-10-05,20/21,368,1533,Sevilla FC,SD Eibar,0.0,9000000.0,Bryan Gil
540536,2020-10-05,20/21,8384,5648,Dep. Aragón,Gimnàstic,0.0,,Carlos Vicente
577869,2020-10-05,20/21,8733,52397,Celta Vigo B,Unionistas CF,0.0,,Ruly García
605184,2020-10-05,20/21,131,294,Barcelona,Benfica,0.0,14000000.0,Jean-Clair Todibo
649033,2020-10-05,20/21,63376,11204,Oslo FA Dakar ,Stade Reims B,500000.0,150000.0,Dion Lopy
780630,2020-10-05,20/21,10826,5242,FC Sochaux U19,Man Utd U18,4000000.0,,Willy Kambwala
302371,2020-10-04,20/21,3329,720,Famalicão,Porto,3200000.0,7000000.0,Toni Martínez
336869,2020-10-04,20/21,714,27,Espanyol,Bayern Munich,9000000.0,16000000.0,Marc Roca
357147,2020-10-04,20/21,985,5,Man Utd,AC Milan,0.0,12000000.0,Diogo Dalot
480763,2020-10-04,20/21,148,1050,Tottenham,Villarreal,0.0,13500000.0,Juan Foyth
578391,2020-10-04,20/21,1420,543,Angers SCO,Wolves,0.0,20000000.0,Rayan Aït-Nouri
270171,2020-10-03,20/21,80,1148,VfL Bochum,Brentford,600000.0,675000.0,Vitaly Janelt
298976,2020-10-02,20/21,418,12,Real Madrid,Roma,0.0,10000000.0,Borja Mayoral
325443,2020-10-02,20/21,1237,2288,Brighton,Swansea,0.0,1000000.0,Viktor Gyökeres
338425,2020-10-02,20/21,416,621,Torino,Athletic Club,11130000.0,6000000.0,Álex Berenguer
406560,2020-10-02,20/21,9252,350,Liverpool U23,Sheff Utd,26000000.0,5400000.0,Rhian Brewster
423443,2020-10-02,20/21,1049,3302,Valencia,UD Almería,0.0,5000000.0,Álex Centelles
432164,2020-10-02,20/21,776,60529,Coritiba FC,Shabab Al-Ahli,2000000.0,950000.0,Igor Jesus
441170,2020-10-02,20/21,336,114,Sporting,Besiktas,0.0,4000000.0,Valentin Rosier
475411,2020-10-02,20/21,618,1003,Saint-Étienne,Leicester,35000000.0,10000000.0,Wesley Fofana
533662,2020-10-02,20/21,12124,12335,Aston Villa U23,Solihull Moors,0.0,,Cameron Archer
568835,2020-10-02,20/21,3368,13222,Levante,CD Mirandés,0.0,250000.0,Pablo Martínez
620164,2020-10-02,20/21,1175,11972,LB Châteauroux,Villarreal CF B,2000000.0,1000000.0,Haissem Hassan
811779,2020-10-02,20/21,70320,5242,Atlético Yth.,Man Utd U18,465000.0,,Alejandro Garnacho
461617,2020-10-01,20/21,13,989,Atlético,Bournemouth,0.0,2300000.0,Rodrigo Riquelme
480883,2020-10-01,20/21,7078,1244,Valladolid Prom,CD Leganés,0.0,350000.0,Miguel de la Fuente
491616,2020-10-01,20/21,221,2503,Santos,Boavista,500000.0,300000.0,Jackson Porozo
652330,2020-10-01,20/21,28870,6767,Real Madrid U19,RM Castilla,,,Álvaro Carrillo
707276,2020-10-01,20/21,6182,41403,Valencia B,SD Tarazona,0.0,,Miki Bosch
710004,2020-10-01,20/21,28870,6767,Real Madrid U19,RM Castilla,,,Peter Federico
874080,2020-10-01,20/21,18424,6932,Welling U18,Charlton U18,,,Mason Burstow
131978,2020-09-30,20/21,631,405,Chelsea,Aston Villa,0.0,21500000.0,Ross Barkley
406040,2020-09-30,20/21,23826,931,Leipzig,Fulham,0.0,10000000.0,Ademola Lookman
500689,2020-09-30,20/21,417,527,Nice,Lausanne-Sport,0.0,,Evann Guessand
258004,2020-09-29,20/21,294,281,Benfica,Man City,71600000.0,35000000.0,Rúben Dias
85864,2020-09-28,20/21,31,89,Liverpool,Union Berlin,0.0,3200000.0,Loris Karius
251892,2020-09-28,20/21,368,1084,Sevilla FC,Málaga CF,0.0,1600000.0,Juan Soriano
375885,2020-09-28,20/21,415,383,Toulouse,PSV,7000000.0,9500000.0,Ibrahim Sangaré
678406,2020-09-26,20/21,29791,11610,Pobla de Mafumet CF,Las Palmas Atl.,0.0,,Sergi Cardona
357162,2020-09-25,20/21,294,162,Benfica,Monaco,0.0,18000000.0,Florentino
461833,2020-09-25,20/21,800,2722,Atalanta BC,SPAL,0.0,800000.0,Caleb Okoli
470607,2020-09-25,20/21,703,1198,Nott'm Forest,Lincoln City,0.0,,Brennan Johnson
246291,2020-09-24,20/21,681,399,Real Sociedad,Leeds,20000000.0,20000000.0,Diego Llorente
255495,2020-09-24,20/21,11596,1536,AD Alcorcón,Burgos CF,0.0,325000.0,Unai Elgezabal
569384,2020-09-24,20/21,46,3522,Inter,Spezia Calcio,0.0,3500000.0,Lucien Agoumé
591949,2020-09-24,20/21,43,1025,Heart of Midl.,Bologna,1700000.0,600000.0,Aaron Hickey
605528,2020-09-23,20/21,2470,21246,Barça U19,Sabadell U19,0.0,,Pol Tristán
666547,2020-09-23,20/21,14503,11676,1º de Agosto,Cagliari U19,880000.0,,Zito Luvumbo
55742,2020-09-22,20/21,989,703,Bournemouth,Nottm Forest,5500000.0,3500000.0,Harry Arter
238407,2020-09-22,20/21,873,23826,Crystal Palace,Leipzig,20000000.0,20000000.0,Alexander Sørloth
262939,2020-09-22,20/21,12321,800,Girona,Atalanta,0.0,1600000.0,Johan Mojica
494880,2020-09-22,20/21,1050,3302,Villarreal,UD Almería,0.0,2300000.0,Jorge Cuenca
238407,2020-09-21,20/21,449,873,Trabzonspor,Crystal Palace,0.0,20000000.0,Alexander Sørloth
334222,2020-09-21,20/21,416,1531,Torino,Elche CF,0.0,900000.0,Lucas Boyé
494880,2020-09-21,20/21,2464,1050,Barcelona B,Villarreal,3840000.0,2300000.0,Jorge Cuenca
720038,2020-09-21,20/21,28869,630,Racing U19,Racing,,,Pablo Torre
131996,2020-09-19,20/21,1041,405,Lyon,Aston Villa,18400000.0,9500000.0,Bertrand Traoré
282421,2020-09-19,20/21,1108,13222,Alavés,CD Mirandés,0.0,325000.0,Javi Muñoz
295313,2020-09-19,20/21,31,89,Liverpool,Union Berlin,0.0,3200000.0,Taiwo Awoniyi
444641,2020-09-19,20/21,9265,11407,Man City U23,Gloucester,0.0,,Louie Moulden
60444,2020-09-18,20/21,27,31,Bayern Munich,Liverpool,22000000.0,48000000.0,Thiago Alcántara
366948,2020-09-18,20/21,36,33304,Fenerbahce,DL Pro,4500000.0,3000000.0,Jailson
371851,2020-09-18,20/21,2410,42,CSKA Moscow,Hannover 96,0.0,2500000.0,Jaka Bijol
420243,2020-09-18,20/21,8817,610,Ajax U21,Ajax,,2000000.0,Jurriën Timber
505219,2020-09-18,20/21,985,1010,Man Utd,Watford,0.0,2700000.0,James Garner
576314,2020-09-18,20/21,1237,306,Brighton,Heerenveen,0.0,1800000.0,Jan Paul van Hecke
683571,2020-09-18,20/21,5084,3,Valmiera,1.FC Köln,0.0,225000.0,Tolu Arokodare
285323,2020-09-17,20/21,1420,60,Angers SCO,Freiburg,10000000.0,7000000.0,Baptiste Santamaria
371371,2020-09-17,20/21,276,12,Hellas Verona,Roma,0.0,25000000.0,Marash Kumbulla
488362,2020-09-17,20/21,9250,984,Chelsea U23,West Brom,0.0,5400000.0,Conor Gallagher
670882,2020-09-17,20/21,50678,1464,Man City Youth,B. Dortmund U19,0.0,,Jamie Gittens
70245,2020-09-16,20/21,3709,1244,Getafe,CD Leganés,0.0,1200000.0,Ignasi Miquel
111873,2020-09-16,20/21,11,405,Arsenal,Aston Villa,17400000.0,8000000.0,Emiliano Martínez
339816,2020-09-16,20/21,1084,1531,Málaga CF,Elche CF,500000.0,400000.0,Tete Morente
420808,2020-09-16,20/21,1003,1194,Leicester,Rotherham,0.0,450000.0,George Hirst
474701,2020-09-16,20/21,2862,20116,Feyenoord U19,Leeds United U23,6000000.0,1500000.0,Crysencio Summerville
67808,2020-09-15,20/21,12321,5358,Girona,SD Huesca,1500000.0,3200000.0,Borja García
256267,2020-09-15,20/21,36,398,Fenerbahçe,Lazio,21000000.0,12000000.0,Vedat Muriqi
424042,2020-09-15,20/21,14831,410,Boca Juniors II,Udinese,0.0,2000000.0,Nahuel Molina
568693,2020-09-15,20/21,30031,347,Génération Foot,FC Metz,,,Pape Matar Sarr
625882,2020-09-14,20/21,6767,47421,RM Castilla,CF Talavera,0.0,,Javi Domínguez
341263,2020-09-12,20/21,6767,11972,RM Castilla,Villarreal CF B,0.0,250000.0,Adrián Dela
123551,2020-09-11,20/21,1071,641,Wigan,Middlesbrough,,1200000.0,Sam Morsy
127108,2020-09-11,20/21,762,1108,Newcastle,Alavés,0.0,4800000.0,Florian Lejeune
236490,2020-09-11,20/21,416,931,Torino,Fulham,0.0,7000000.0,Ola Aina
369267,2020-09-11,20/21,28643,475,Waasland-Beveren,Sint-Truiden,1000000.0,550000.0,Maximiliano Caufriez
515544,2020-09-11,20/21,84044,15244,Linfield Reser.,Ballymena Utd,0.0,,Trai Hume
657430,2020-09-11,20/21,1075,3302,Braga,UD Almería,0.0,,Samú Costa
811778,2020-09-11,20/21,13711,9251,Real Madrid U17,Man Utd U23,0.0,,Álvaro Carreras
116648,2020-09-10,20/21,931,641,Fulham,Middlesbrough,0.0,1600000.0,Marcus Bettinelli
198008,2020-09-10,20/21,5,24,AC Milan,Frankfurt,3000000.0,24000000.0,André Silva
206746,2020-09-10,20/21,1041,931,Lyon,Fulham,3200000.0,5500000.0,Kenny Tete
333361,2020-09-10,20/21,2464,3302,Barcelona B,UD Almería,0.0,1800000.0,Chumi
423440,2020-09-10,20/21,9899,681,Real Sociedad B,Real Sociedad,,250000.0,Martín Zubimendi
569866,2020-09-10,20/21,9899,681,Real Sociedad B,Real Sociedad,,900000.0,Roberto López
576314,2020-09-10,20/21,132,1237,NAC Breda,Brighton,2000000.0,1800000.0,Jan Paul van Hecke
120629,2020-09-09,20/21,583,931,PSG,Fulham,0.0,13000000.0,Alphonse Areola
198008,2020-09-09,20/21,24,5,Frankfurt,AC Milan,0.0,24000000.0,André Silva
324358,2020-09-09,20/21,1148,405,Brentford,Aston Villa,34000000.0,12000000.0,Ollie Watkins
397033,2020-09-09,20/21,19,5,Brescia,AC Milan,0.0,32000000.0,Sandro Tonali
429983,2020-09-09,20/21,10217,202,Sarpsborg 08,FC Groningen,1100000.0,300000.0,Jørgen Strand Larsen
469958,2020-09-09,20/21,349,512,Barnsley FC,Stoke City,2200000.0,900000.0,Jacob Brown
709955,2020-09-09,20/21,14321,39813,Barça U16,Barça U18,,,Ander Astralaga
711337,2020-09-09,20/21,3234,720,Tombense,Porto,12050000.0,7500000.0,Evanilson
711394,2020-09-09,20/21,9899,25483,Real Sociedad B,Covadonga,0.0,,Javi Martón
251876,2020-09-08,20/21,79,5358,Stuttgart,SD Huesca,0.0,2400000.0,Pablo Maffeo
328480,2020-09-08,20/21,3368,2420,Levante,Vit. Guimarães,0.0,1500000.0,Pepelu
551182,2020-09-08,20/21,8733,11000,Celta Vigo B,CD Lugo,0.0,50000.0,Fran Vieites
593412,2020-09-08,20/21,38006,13241,Girona FC B,UD Ibiza,0.0,,Ilyas Chaira
711337,2020-09-08,20/21,2462,3234,Fluminense,Tombense,0.0,4000000.0,Evanilson
123682,2020-09-07,20/21,989,762,Bournemouth,Newcastle,22250000.0,20000000.0,Callum Wilson
258885,2020-09-07,20/21,22,350,Derby,Sheff Utd,3850000.0,1600000.0,Max Lowe
327126,2020-09-07,20/21,366,2784,Real Valladolid,APOEL Nicosia,0.0,1200000.0,Anuar
335225,2020-09-07,20/21,1050,3302,Villarreal,UD Almería,0.0,1800000.0,Manu Morlanes
392771,2020-09-07,20/21,631,350,Chelsea,Sheff Utd,0.0,9000000.0,Ethan Ampadu
465717,2020-09-07,20/21,22,350,Derby,Sheff Utd,3850000.0,6300000.0,Jayden Bogle
731466,2020-09-06,20/21,9250,2963,Chelsea U23,Burton Albion,0.0,,Teddy Sharman-Lowe
355915,2020-09-05,20/21,506,800,Juventus,Atalanta,0.0,14000000.0,Cristian Romero
412042,2020-09-05,20/21,10773,7971,RCD Espanyol B,Hércules CF,0.0,200000.0,Adri López
731466,2020-09-05,20/21,22645,9250,Burton U18,Chelsea U23,,,Teddy Sharman-Lowe
309400,2020-09-04,20/21,15,631,Leverkusen,Chelsea,100000000.0,81000000.0,Kai Havertz
314678,2020-09-04,20/21,418,5,Real Madrid,AC Milan,0.0,13500000.0,Brahim Díaz
342048,2020-09-04,20/21,379,984,West Ham,West Brom,13500000.0,4500000.0,Grady Diangana
606718,2020-09-04,20/21,543,504,Wolves,Grasshoppers,0.0,,Toti
262226,2020-09-03,20/21,800,1003,Atalanta,Leicester,20900000.0,18000000.0,Timothy Castagne
394694,2020-09-03,20/21,78435,472,Charlotte,UD Las Palmas,0.0,325000.0,Sergio Ruiz
401624,2020-09-03,20/21,150,2497,Real Betis,Real Oviedo,0.0,800000.0,Edgar González
425334,2020-09-03,20/21,703,405,Nott'm Forest,Aston Villa,15750000.0,4800000.0,Matty Cash
433818,2020-09-03,20/21,352,3716,Swindon Town,Newport County,0.0,,Scott Twine
543164,2020-09-03,20/21,350,1031,Sheff Utd,Luton,0.0,,Rhys Norrington-Davies
660438,2020-09-03,20/21,25873,52880,Grótta,FCK Youth,,,Orri Óskarsson
288255,2020-09-02,20/21,610,985,Ajax,Man Utd,39000000.0,44000000.0,Donny van de Beek
406556,2020-09-02,20/21,39336,3537,Brighton U23,Crawley Town,0.0,,Tom McGill
606718,2020-09-02,20/21,1465,543,Estoril,Wolves,789000.0,,Toti
657817,2020-09-02,20/21,52975,47962,West Ham Yth.,FC Porto U17,,,Benicio Baker-Boaitey
40433,2020-09-01,20/21,985,46,Man Utd,Inter,0.0,16000000.0,Alexis Sánchez
86784,2020-09-01,20/21,5,416,AC Milan,Torino,1950000.0,3500000.0,Ricardo Rodríguez
207742,2020-09-01,20/21,358,1031,Charlton,Luton,,800000.0,Tom Lockyer
266795,2020-09-01,20/21,1533,398,SD Eibar,Lazio,0.0,3200000.0,Gonzalo Escalante
324223,2020-09-01,20/21,405,1031,Aston Villa,Luton,,1200000.0,James Bree
340205,2020-09-01,20/21,6688,11422,Bilbao Athletic,CE Sabadell ,0.0,300000.0,Gorka Guruzeta
341264,2020-09-01,20/21,6767,367,RM Castilla,Rayo Vallecano,0.0,250000.0,Fran García
358032,2020-09-01,20/21,2282,235,Club Brugge,RKC Waalwijk,0.0,725000.0,Cyril Ngonge
435338,2020-09-01,20/21,1082,11,Lille,Arsenal,26000000.0,20000000.0,Gabriel
461833,2020-09-01,20/21,11998,800,Atalanta U19,Atalanta BC,,800000.0,Caleb Okoli
502821,2020-09-01,20/21,11997,12,Roma U19,Roma,,,Riccardo Calafiori
533354,2020-09-01,20/21,15944,1070,CA Colón II,Colon,,50000.0,Facundo Garcés
536835,2020-09-01,20/21,11998,800,Atalanta U19,Atalanta,,,Amad Diallo
540941,2020-09-01,20/21,2778,1038,Nordsjaelland,Sampdoria,6750000.0,6500000.0,Mikkel Damsgaard
556385,2020-09-01,20/21,16996,276,Verona U19,Hellas Verona,,,Destiny Udogie
568559,2020-09-01,20/21,11008,41101,Juventus U19,Juventus U23,,,Radu Drăgușin
585323,2020-09-01,20/21,12853,11972,FC Villarreal C,Villarreal CF B,,,Filip Jørgensen
616631,2020-09-01,20/21,11998,800,Atalanta U19,Atalanta,,,Matteo Ruggeri
617018,2020-09-01,20/21,3474,16104,Western Suburbs,Copenhagen U19,,75000.0,Marko Stamenić
645686,2020-09-01,20/21,51654,6933,Feyenoord U17,Aston Villa U18,600000.0,,Lamare Bogarde
658269,2020-09-01,20/21,171,13222,Real Murcia,CD Mirandés,130000.0,100000.0,Víctor Meseguer
730861,2020-09-01,20/21,62652,6055,Győr U17,ETO FC,,,Milos Kerkez
983989,2020-09-01,19/20,15109,14838,Ro. Central U20,Ros. Central II,,,Facundo Buonanotte
33873,2020-08-31,19/20,5,989,AC Milan,Bournemouth,0.0,2000000.0,Asmir Begovic
40433,2020-08-31,19/20,46,985,Inter,Man Utd,0.0,16000000.0,Alexis Sánchez
286047,2020-08-31,19/20,839,1390,Perugia,Cagliari,0.0,1000000.0,Guglielmo Vicario
287579,2020-08-31,19/20,276,430,Hellas Verona,Fiorentina,0.0,20000000.0,Sofyan Amrabat
303657,2020-08-31,19/20,130,46,Parma,Inter,0.0,8000000.0,Ionuț Radu
355915,2020-08-31,19/20,252,506,Genoa,Juventus,0.0,14000000.0,Cristian Romero
431755,2020-08-31,19/20,130,506,Parma,Juventus,0.0,40000000.0,Dejan Kulusevski
735568,2020-08-31,20/21,15002,614,Flamengo U20,Flamengo,,,Natan
40423,2020-08-30,20/21,281,150,Man City,Real Betis,0.0,1200000.0,Claudio Bravo
169497,2020-08-30,20/21,1531,331,Elche CF,CA Osasuna,3000000.0,475000.0,Juan Cruz
171679,2020-08-30,20/21,543,148,Wolves,Tottenham,16800000.0,16000000.0,Matt Doherty
226973,2020-08-30,20/21,180,931,Southampton,Fulham,6500000.0,2400000.0,Harrison Reed
284884,2020-08-29,20/21,418,368,Real Madrid,Sevilla FC,13500000.0,15000000.0,Óscar Rodríguez
337284,2020-08-28,20/21,31,1032,Liverpool,Reading,3900000.0,3200000.0,Ovie Ejaria
341713,2020-08-28,20/21,3679,1244,Atl. Madrileño,CD Leganés,0.0,200000.0,Diego Conde
479999,2020-08-28,20/21,1039,873,QPR,Crystal Palace,17800000.0,9000000.0,Eberechi Eze
500067,2020-08-28,20/21,306,2410,Heerenveen,CSKA Moscow,11500000.0,5500000.0,Chidera Ejuke
537762,2020-08-28,20/21,28870,6767,Real Madrid U19,RM Castilla,,,Sergio Arribas
569876,2020-08-28,20/21,28870,6767,Real Madrid U19,RM Castilla,,,Xavi Sintes
623524,2020-08-28,20/21,28870,6767,Real Madrid U19,RM Castilla,,,Carlos Dotor
221311,2020-08-27,20/21,1531,337,Elche CF,Birmingham,0.0,650000.0,Iván Sánchez
239949,2020-08-27,20/21,1071,2288,Wigan,Swansea,890000.0,1400000.0,Jamal Lowe
411537,2020-08-27,20/21,1269,385,PEC Zwolle,Fortuna Sittard,200000.0,800000.0,Zian Flemming
466807,2020-08-27,20/21,2470,11194,Barça U19,NK Lokomotiva,0.0,,Adrià Altimira
534379,2020-08-27,20/21,8519,472,Sevilla Atl.,UD Las Palmas,0.0,200000.0,Pejiño
573775,2020-08-27,20/21,3709,6767,Getafe,RM Castilla,0.0,1800000.0,Hugo Duro
77757,2020-08-26,20/21,157,164,KAA Gent,Blackburn,500000.0,2400000.0,Thomas Kaminski
392757,2020-08-26,20/21,631,2288,Chelsea,Swansea,0.0,2700000.0,Marc Guéhi
494237,2020-08-26,20/21,162,61431,Monaco,Bastia-Borgo,0.0,150000.0,Wilson Isidor
565093,2020-08-26,20/21,7462,58,NAC Breda U19,RSC Anderlecht,2300000.0,25000.0,Bart Verbruggen
261503,2020-08-25,20/21,6767,2502,RM Castilla,Castellón,0.0,300000.0,Álvaro Fidalgo
429014,2020-08-25,20/21,543,2288,Wolves,Swansea,0.0,7200000.0,Morgan Gibbs-White
434224,2020-08-25,20/21,750,82,FC Sochaux,Wolfsburg,5000000.0,1000000.0,Maxence Lacroix
70245,2020-08-24,19/20,12321,3709,Girona,Getafe,0.0,1200000.0,Ignasi Miquel
148262,2020-08-24,20/21,1132,762,Burnley,Newcastle,0.0,9000000.0,Jeff Hendrick
251876,2020-08-24,19/20,12321,79,Girona,Stuttgart,0.0,2400000.0,Pablo Maffeo
280730,2020-08-24,19/20,27,418,Bayern Munich,Real Madrid,0.0,16000000.0,Álvaro Odriozola
484389,2020-08-24,20/21,9253,2262,Newcastle U23,Plymouth,0.0,,Kell Watts
518644,2020-08-24,20/21,9251,3302,Man Utd U23,UD Almería,0.0,450000.0,Largie Ramazani
95795,2020-08-22,20/21,465,34888,St. Mirren,Salford,0.0,,Václav Hladký
258475,2020-08-22,20/21,3325,3302,Chaves,UD Almería,1300000.0,1200000.0,Nikola Maras
559330,2020-08-22,20/21,515,9249,Without Club,Arsenal U23,,,Salah Oulad
648195,2020-08-22,20/21,14837,2402,River Plate II,Defensa,0.0,,Enzo Fernández
196722,2020-08-21,20/21,355,289,Bolton,Sunderland,0.0,300000.0,Remi Matthews
357628,2020-08-21,20/21,1532,8733,Albacete,Celta Vigo B,0.0,150000.0,Alfon González
571743,2020-08-21,20/21,9250,499,Chelsea U23,Vitesse,0.0,1000000.0,Armando Broja
314288,2020-08-20,20/21,281,58,Man City,RSC Anderlecht,0.0,3600000.0,Lukas Nmecha
349701,2020-08-20,20/21,1071,931,Wigan,Fulham,2100000.0,3500000.0,Antonee Robinson
632896,2020-08-20,20/21,28871,142,Zaragoza U19,Real Zaragoza,,,Alejandro Francés
659813,2020-08-20,20/21,19309,3938,Independiente,CA Talleres,3550000.0,600000.0,Piero Hincapié
376856,2020-08-19,20/21,1302,1148,Northampton,Brentford,1100000.0,100000.0,Charlie Goode
427568,2020-08-19,20/21,989,350,Bournemouth,Sheff Utd,20500000.0,12500000.0,Aaron Ramsdale
583510,2020-08-19,20/21,8510,7078,Getafe CF B,Valladolid Prom,0.0,100000.0,Miguel Rubio
596122,2020-08-19,20/21,38456,142,UE Olot,Real Zaragoza,0.0,250000.0,Pep Chavarría
608382,2020-08-19,20/21,6767,8880,RM Castilla,Alavés B,0.0,,Adrián Rodríguez
718034,2020-08-19,20/21,65711,8880,San Ignacio,Alavés B,,,Abde Rebbach
251896,2020-08-18,20/21,418,16795,Real Madrid,Granada CF,0.0,6000000.0,Jesús Vallejo
263236,2020-08-18,20/21,167,38,Augsburg,F. Düsseldorf,0.0,6300000.0,Kevin Danso
346314,2020-08-18,20/21,9250,1158,Chelsea U23,FC Lorient,0.0,2700000.0,Trevoh Chalobah
581781,2020-08-18,20/21,2969,472,Dijon,UD Las Palmas,0.0,4000000.0,Enzo Loiodice
703626,2020-08-18,20/21,19820,9606,Sydney FC II,Brighton U18,185000.0,,Cameron Peupion
707359,2020-08-18,20/21,21164,20927,Baleares U19,Oviedo U19,0.0,,Etienne Eto'o
258475,2020-08-17,19/20,3302,3325,UD Almería,Chaves,0.0,1200000.0,Nikola Maras
276111,2020-08-17,19/20,3302,940,UD Almería,Celta de Vigo,0.0,1600000.0,David Costas
278404,2020-08-17,20/21,6767,2995,RM Castilla,Paços Ferreira,0.0,100000.0,Martín Calderón
298197,2020-08-17,19/20,3302,1108,UD Almería,Alavés,0.0,1200000.0,Antonio Sivera
406638,2020-08-17,20/21,148,1123,Tottenham,Norwich,0.0,7200000.0,Oliver Skipp
408471,2020-08-17,19/20,142,714,Real Zaragoza,Espanyol,0.0,900000.0,Javi Puado
708072,2020-08-17,20/21,49567,22276,Juventus U17,SPAL U19,0.0,,Nicolò Savona
989112,2020-08-17,20/21,71599,98647,Red Star U15,Graficar U15,0.0,,Veljko Milosavljevic
226049,2020-08-16,20/21,762,2288,Newcastle,Swansea,0.0,3200000.0,Freddie Woodman
344830,2020-08-16,20/21,985,86,Man Utd,Werder Bremen,0.0,6300000.0,Tahith Chong
555074,2020-08-16,20/21,15535,6933,Lubin U19,Aston Villa U18,0.0,50000.0,Oliwier Zych
451801,2020-08-15,20/21,2778,2420,Nordsjaelland,Vit. Guimarães,575000.0,700000.0,Abdul Mumin
553875,2020-08-15,20/21,281,336,Man City,Sporting,0.0,9000000.0,Pedro Porro
341278,2020-08-14,20/21,1050,13222,Villarreal,CD Mirandés,0.0,300000.0,Iván Martín
459463,2020-08-14,20/21,1010,3709,Watford,Getafe,0.0,6700000.0,Cucho Hernández
467623,2020-08-13,20/21,162,2420,Monaco,Vit. Guimarães,1200000.0,1300000.0,Lyle Foster
59561,2020-08-12,20/21,1049,1050,Valencia,Villarreal,2250000.0,20000000.0,Dani Parejo
251106,2020-08-12,20/21,1050,3709,Villarreal,Getafe,9000000.0,8000000.0,Enes Ünal
524000,2020-08-12,20/21,621,13222,Athletic Club,CD Mirandés,0.0,200000.0,Dani Vivian
538006,2020-08-12,20/21,1010,13241,Watford,UD Ibiza,0.0,200000.0,Kwasi Sibo
120629,2020-08-11,19/20,418,583,Real Madrid,PSG,0.0,13000000.0,Alphonse Areola
260841,2020-08-11,20/21,1003,2727,Leicester,OH Leuven,0.0,400000.0,Daniel Iversen
341051,2020-08-11,20/21,148,180,Tottenham,Southampton,13300000.0,8000000.0,Kyle Walker-Peters
531404,2020-08-11,20/21,142,10718,Real Zaragoza,FC Andorra,0.0,,Marc Aguado
392770,2020-08-10,20/21,1082,2503,Lille,Boavista,0.0,3600000.0,Angel Gomes
405398,2020-08-10,20/21,418,1050,Real Madrid,Villarreal,0.0,30000000.0,Takefusa Kubo
525438,2020-08-10,20/21,34750,952,Ripensia,UTA Arad,0.0,75000.0,Horațiu Moldovan
660735,2020-08-10,20/21,15879,1775,San Lorenzo II,San Lorenzo,,50000.0,Federico Gattoni
732165,2020-08-10,20/21,15898,1072,Barnet U18,Peterborough,,,Ronnie Edwards
392770,2020-08-09,20/21,985,1082,Man Utd,Lille,0.0,3600000.0,Angel Gomes
386047,2020-08-07,20/21,1421,162,Stade Reims,Monaco,13000000.0,13500000.0,Axel Disasi
709347,2020-08-07,20/21,70301,69015,Extremadura U19,Salamanca CF B,0.0,,Antonio Alemán
537860,2020-08-06,20/21,8963,16239,Shakhtar II,Desna,0.0,200000.0,Mykhaylo Mudryk
590690,2020-08-06,20/21,366,11422,Real Valladolid,CE Sabadell ,0.0,250000.0,Víctor García
55742,2020-08-05,19/20,931,989,Fulham,Bournemouth,0.0,3500000.0,Harry Arter
177476,2020-08-05,20/21,989,281,Bournemouth,Man City,45300000.0,28000000.0,Nathan Aké
184129,2020-08-05,20/21,3688,1031,Accrington,Luton,0.0,100000.0,Jordan Clark
226973,2020-08-05,19/20,931,180,Fulham,Southampton,0.0,2400000.0,Harrison Reed
562742,2020-08-05,20/21,18669,8494,Penya Deportiva,RCD Mallorca B ,0.0,100000.0,Leo Román
18644,2020-08-04,20/21,5432,2687,Al-Nasr,Cádiz CF,0.0,1600000.0,Álvaro Negredo
170472,2020-08-04,20/21,1010,16795,Watford,Granada CF,2000000.0,2000000.0,Dimitri Foulquier
213670,2020-08-04,20/21,24,331,Frankfurt,CA Osasuna,2000000.0,2400000.0,Lucas Torró
281755,2020-08-04,20/21,3709,2687,Getafe,Cádiz CF,2000000.0,950000.0,Iván Alejo
281989,2020-08-04,20/21,648,16795,CD Tenerife,Granada CF,5000000.0,1000000.0,Luis Milla
398184,2020-08-04,20/21,1049,281,Valencia,Man City,33500000.0,45000000.0,Ferran Torres
455181,2020-08-04,20/21,418,3368,Real Madrid,Levante,6000000.0,2000000.0,Jorge de Frutos
527966,2020-08-04,20/21,11972,1268,Villarreal CF B,ADO Den Haag,0.0,300000.0,Andrei Rațiu
568158,2020-08-04,20/21,8880,1108,Alavés B,Alavés,,250000.0,Javi López
571020,2020-08-04,20/21,6688,621,Bilbao Athletic,Athletic Club,,2300000.0,Oihan Sancet
593482,2020-08-04,20/21,7968,26871,R. Strasbourg B,US Avranches,0.0,,Azzedine Ounahi
15799,2020-08-03,20/21,1050,656,Villarreal,Al-Sadd,0.0,2500000.0,Santi Cazorla
536794,2020-08-03,20/21,11177,355,Fleetwood,Bolton,0.0,,Billy Crellin
646710,2020-08-03,20/21,45691,6933,Vitesse U17,Aston Villa U18,,,Sil Swinkels
657430,2020-08-03,20/21,68077,1075,Braga U23,Braga,,,Samú Costa
743591,2020-08-03,20/21,15037,330,Atlético-MG U20,Atlético-MG,,,Savinho
14044,2020-08-01,20/21,31,515,Liverpool,Without Club,,250000.0,Andy Lonergan
258919,2020-08-01,20/21,9251,985,Man Utd U23,Man Utd,,20000000.0,Dean Henderson
341278,2020-08-01,20/21,11972,1050,Villarreal CF B,Villarreal,,300000.0,Iván Martín
365108,2020-08-01,19/20,527,417,Lausanne-Sport,Nice,0.0,1300000.0,Dan Ndoye
392765,2020-08-01,20/21,9249,11,Arsenal U23,Arsenal,,2700000.0,Emile Smith Rowe
398131,2020-08-01,20/21,6182,1049,Valencia B,Valencia,,250000.0,Cristian Rivero
469064,2020-08-01,20/21,38967,989,Bournemouth U21,Bournemouth,,150000.0,Gavin Kilkenny
502722,2020-08-01,20/21,37024,409,FC Liefering,Salzburg,,700000.0,Luka Sucic
503987,2020-08-01,20/21,9715,383,PSV U21,PSV,,4500000.0,Noni Madueke
524000,2020-08-01,20/21,6688,621,Bilbao Athletic,Athletic Club,,200000.0,Dani Vivian
531404,2020-08-01,20/21,8384,142,Dep. Aragón,Real Zaragoza,,,Marc Aguado
541555,2020-08-01,20/21,9258,1532,Blackburn U23,Albacete,0.0,,Enzo Boyomo
546712,2020-08-01,20/21,8815,206,Bröndby IF U19,Bröndby IF,,1500000.0,Anis Ben Slimane
548111,2020-08-01,20/21,11972,1050,Villarreal CF B,Villarreal,,200000.0,Álex Baena
557147,2020-08-01,20/21,12331,2448,Sporting B,Sporting Gijón,,200000.0,José Gragera
568157,2020-08-01,20/21,12853,1050,FC Villarreal C,Villarreal,,,Yéremy Pino
570469,2020-08-01,20/21,28801,6922,UKS SMS U19,Liverpool U18,,,Mateusz Musialowski
573775,2020-08-01,20/21,8510,3709,Getafe CF B,Getafe,,1800000.0,Hugo Duro
590690,2020-08-01,20/21,7078,366,Valladolid Prom,Real Valladolid,,250000.0,Víctor García
591916,2020-08-01,20/21,6665,6688,CD Basconia,Bilbao Athletic,,,Aitor Paredes
591957,2020-08-01,20/21,11263,44202,AKA Salzb. U18,Alavés U19,0.0,,Victor Parada
607780,2020-08-01,20/21,15080,367,Rayo B,Rayo Vallecano,,,Miguel Ángel Morro
610083,2020-08-01,20/21,6688,621,Bilbao Athletic,Athletic Club,,1800000.0,Unai Vencedor
614603,2020-08-01,20/21,12801,24226,Wolves U18,Wolves U23,,,Chem Campbell
623526,2020-08-01,20/21,28870,6767,Real Madrid U19,RM Castilla,,,Toni Fuidias
625882,2020-08-01,20/21,28870,6767,Real Madrid U19,RM Castilla,,,Javi Domínguez
634105,2020-08-01,20/21,21269,50186,Eibar U19,CD Vitoria,,,Alberto Marí
634117,2020-08-01,20/21,8516,40175,Osasuna B,UD Mutilvera,0.0,,Pablo Valencia
638588,2020-08-01,20/21,15080,367,Rayo B,Rayo Vallecano,,,Martín Pascual
658115,2020-08-01,20/21,78694,16646,UP Langreo B,UP Langreo,,50000.0,Abel Bretones
684210,2020-08-01,20/21,38967,989,Bournemouth U23,Bournemouth,,,Jaidon Anthony
709215,2020-08-01,20/21,28860,6665,Bilbao U19,CD Basconia,,,Mikel Goti
709380,2020-08-01,20/21,28868,12853,Villarreal U19,FC Villarreal C,,,Álex Forés
710679,2020-08-01,20/21,28861,8516,Osasuna U19,Osasuna B,,,Iker Benito
711625,2020-08-01,20/21,28867,8519,Sevilla FC U19,Sevilla Atl.,,,José Ángel Carmona
717411,2020-08-01,20/21,75354,60551,SK Dnipro-1 II,SC Dnipro-1,,,Yegor Yarmolyuk
718029,2020-08-01,20/21,44202,65711,Alavés U19,San Ignacio,,,Unai Ropero
718581,2020-08-01,20/21,40422,28867,Betis U19,Sevilla FC U19,,,Lulo Dasilva
737138,2020-08-01,20/21,70299,13702,Majad. U19,R. Majadahonda,,,Facu Esnáider
764859,2020-08-01,20/21,42077,6012,Hammarby IF U17,IK Frej Täby,0.0,,Williot Swedberg
801989,2020-08-01,20/21,68471,15628,B.93 Youth,B.93 U19,,,Tammer Bany
852727,2020-08-01,20/21,15080,17686,Rayo B,CD Leganés B,0.0,,Diego García
903611,2020-08-01,20/21,21812,86637,LDU Quito U20,Atlético Kin,0.0,,Nilson Angulo
1000630,2020-08-01,20/21,25264,51592,Levante UD Yout,Patacona CF You,,,Pablo López
199527,2020-07-31,19/20,1035,762,Sheff Wed,Newcastle,0.0,3500000.0,Jacob Murphy
226049,2020-07-31,19/20,2288,762,Swansea,Newcastle,0.0,3200000.0,Freddie Woodman
242606,2020-07-31,19/20,358,379,Charlton,West Ham,0.0,1200000.0,Josh Cullen
257455,2020-07-31,19/20,1075,336,Braga,Sporting,0.0,4800000.0,João Palhinha
258919,2020-07-31,20/21,350,9251,Sheff Utd,Man Utd U23,0.0,20000000.0,Dean Henderson
279455,2020-07-31,19/20,989,31,Bournemouth,Liverpool,0.0,17500000.0,Harry Wilson
314288,2020-07-31,19/20,641,281,Middlesbrough,Man City,0.0,3600000.0,Lukas Nmecha
327126,2020-07-31,19/20,265,366,Panathinaikos,Real Valladolid,0.0,1200000.0,Anuar
335721,2020-07-31,19/20,399,1237,Leeds,Brighton,0.0,5500000.0,Ben White
337284,2020-07-31,19/20,1032,31,Reading,Liverpool,0.0,3200000.0,Ovie Ejaria
341051,2020-07-31,19/20,180,148,Southampton,Tottenham,0.0,8000000.0,Kyle Walker-Peters
342048,2020-07-31,19/20,984,379,West Brom,West Ham,0.0,4500000.0,Grady Diangana
346314,2020-07-31,19/20,1110,9250,Huddersfield,Chelsea U23,0.0,2700000.0,Trevoh Chalobah
361093,2020-07-31,20/21,8817,1082,Ajax U21,Lille,8000000.0,1300000.0,Sven Botman
392757,2020-07-31,19/20,2288,631,Swansea,Chelsea,0.0,2700000.0,Marc Guéhi
392765,2020-07-31,20/21,1110,9249,Huddersfield,Arsenal U23,0.0,2700000.0,Emile Smith Rowe
406560,2020-07-31,19/20,2288,9252,Swansea,Liverpool U23,0.0,5400000.0,Rhian Brewster
423443,2020-07-31,19/20,3329,1049,Famalicão,Valencia,0.0,4500000.0,Álex Centelles
428016,2020-07-31,19/20,1063,9254,Viborg FF,Tottenham U23,0.0,250000.0,Brandon Austin
468539,2020-07-31,19/20,10763,119,B TLV Bat Yam,M. Tel Aviv,0.0,150000.0,Daniel Peretz
488362,2020-07-31,19/20,2288,9250,Swansea,Chelsea U23,0.0,5400000.0,Conor Gallagher
506470,2020-07-31,20/21,3008,9261,Hull City,Everton U23,0.0,900000.0,Josh Bowler
543499,2020-07-31,20/21,2778,610,Nordsjaelland,Ajax,9000000.0,9000000.0,Mohammed Kudus
559794,2020-07-31,19/20,1039,148,QPR,Tottenham,0.0,5400000.0,Jack Clarke
625014,2020-07-31,20/21,6665,6688,CD Basconia,Bilbao Athletic,,,Julen Agirrezabala
625047,2020-07-31,20/21,6665,6688,CD Basconia,Bilbao Athletic,,,Beñat Prados
626953,2020-07-31,20/21,6665,6688,CD Basconia,Bilbao Athletic,,,Álvaro Núñez
636119,2020-07-31,20/21,10980,630,Rayo Cantabria,Racing,,,Marco Camus
654412,2020-07-31,20/21,67605,12278,Le Havre U17,Le Havre U19,,,Abdoullah Ba
683840,2020-07-31,19/20,472,131,UD Las Palmas,Barcelona,0.0,7200000.0,Pedri
649452,2020-07-30,20/21,281,354,Man City,KV Mechelen,0.0,1300000.0,Issa Kaboré
111195,2020-07-29,20/21,610,1237,Ajax,Brighton,1000000.0,8000000.0,Joël Veltman
649452,2020-07-29,20/21,354,281,KV Mechelen,Man City,4500000.0,1300000.0,Issa Kaboré
314241,2020-07-28,20/21,3054,1032,Shrewsbury,Reading,0.0,100000.0,Josh Laurent
43530,2020-07-27,20/21,31,1237,Liverpool,Brighton,0.0,9500000.0,Adam Lallana
61697,2020-07-27,20/21,124,350,Rangers,Sheff Utd,0.0,400000.0,Wes Foderingham
283628,2020-07-27,20/21,62,379,Slavia Praha,West Ham,16200000.0,12000000.0,Tomáš Souček
328480,2020-07-27,19/20,7179,3368,Tondela,Levante,0.0,900000.0,Pepelu
507254,2020-07-27,20/21,984,873,West Brom,Crystal Palace,0.0,4000000.0,Nathan Ferguson
520651,2020-07-27,20/21,1071,39336,Wigan,Brighton U23,550000.0,150000.0,Jensen Weir
520840,2020-07-27,19/20,18669,11972,Penya Deportiva,Villarreal CF B,0.0,200000.0,José Copete
538006,2020-07-27,19/20,13241,1010,UD Ibiza,Watford,0.0,200000.0,Kwasi Sibo
542586,2020-07-27,20/21,1158,399,FC Lorient,Leeds,6500000.0,4500000.0,Illan Meslier
583510,2020-07-27,19/20,7078,8510,Valladolid Prom,Getafe CF B,0.0,100000.0,Miguel Rubio
283628,2020-07-26,19/20,379,62,West Ham,Slavia Praha,0.0,12000000.0,Tomáš Souček
246963,2020-07-24,20/21,1123,991,Norwich,MK Dons,0.0,150000.0,Carlton Morris
258878,2020-07-24,19/20,164,9265,Blackburn,Man City U23,0.0,2800000.0,Tosin Adarabioyo
719720,2020-07-24,20/21,16157,12331,Sporting U19,Sporting B,,,David Argüelles
783396,2020-07-24,20/21,12697,38006,Sant Andreu,Girona FC B,0.0,,Ramón Terrats
324223,2020-07-23,19/20,1031,405,Luton,Aston Villa,0.0,1200000.0,James Bree
542586,2020-07-23,20/21,399,1158,Leeds,FC Lorient,0.0,4500000.0,Illan Meslier
581678,2020-07-23,20/21,337,16,Birmingham,Dortmund,30150000.0,11000000.0,Jude Bellingham
638124,2020-07-23,20/21,44202,65711,Alavés U19,San Ignacio,,,Manu Fernández
525578,2020-07-22,20/21,976,16486,União Madeira,CF Fuenlabrada,,325000.0,Pathé Ciss
559979,2020-07-22,20/21,5649,8880,Atl. Malagueño,Alavés B,0.0,150000.0,Abdel Abqar
844516,2020-07-22,20/21,86651,14831,Patronato II,Boca Juniors II,330000.0,,Luis Vázquez
111961,2020-07-21,20/21,5,368,AC Milan,Sevilla FC,21700000.0,17500000.0,Suso
126751,2020-07-21,19/20,472,237,UD Las Palmas,RCD Mallorca,0.0,1600000.0,Iñigo Ruiz de Galarreta
281755,2020-07-21,19/20,2687,3709,Cádiz CF,Getafe,0.0,950000.0,Iván Alejo
282421,2020-07-21,19/20,648,1108,CD Tenerife,Alavés,0.0,325000.0,Javi Muñoz
289257,2020-07-21,19/20,13222,681,CD Mirandés,Real Sociedad,0.0,325000.0,Jon Guridi
289272,2020-07-21,19/20,13222,681,CD Mirandés,Real Sociedad,0.0,800000.0,Martín Merquelanz
401624,2020-07-21,20/21,2865,150,Betis Deportivo,Real Betis,,800000.0,Edgar González
404839,2020-07-21,19/20,2497,418,Real Oviedo,Real Madrid,0.0,2700000.0,Andriy Lunin
413262,2020-07-21,19/20,5358,1050,SD Huesca,Villarreal,0.0,1600000.0,Dani Raba
434990,2020-07-21,19/20,2296,9899,CD Numancia,Real Sociedad B,0.0,450000.0,Álex Sola
447052,2020-07-21,19/20,897,621,Dep. La Coruña,Athletic,0.0,3600000.0,Peru Nolaskoain
455181,2020-07-21,19/20,367,418,Rayo Vallecano,Real Madrid,0.0,2000000.0,Jorge de Frutos
504581,2020-07-21,20/21,543,990,Wolves,Coventry,0.0,,Ryan Giles
505673,2020-07-21,19/20,897,13,Dep. La Coruña,Atlético,0.0,4000000.0,Víctor Mollejo
513031,2020-07-21,19/20,13222,237,CD Mirandés,RCD Mallorca,0.0,475000.0,Antonio Sánchez
525578,2020-07-21,19/20,16486,976,CF Fuenlabrada,União Madeira,0.0,325000.0,Pathé Ciss
608382,2020-07-21,19/20,1532,6767,Albacete,RM Castilla,0.0,,Adrián Rodríguez
64598,2020-07-20,19/20,714,12321,Espanyol,Girona,0.0,4800000.0,Bernardo Espinosa
65318,2020-07-20,19/20,1049,1050,Valencia,Villarreal,0.0,3200000.0,Jaume Costa
111961,2020-07-20,19/20,368,5,Sevilla FC,AC Milan,0.0,17500000.0,Suso
170472,2020-07-20,19/20,16795,1010,Granada CF,Watford,0.0,2000000.0,Dimitri Foulquier
199369,2020-07-20,19/20,366,29,Real Valladolid,Everton,0.0,3200000.0,Sandro Ramírez
216464,2020-07-20,19/20,16795,368,Granada CF,Sevilla FC,0.0,3200000.0,Carlos Fernández
251106,2020-07-20,19/20,366,1050,Real Valladolid,Villarreal,0.0,4000000.0,Enes Ünal
251892,2020-07-20,19/20,1244,368,CD Leganés,Sevilla FC,0.0,1600000.0,Juan Soriano
251896,2020-07-20,19/20,16795,418,Granada CF,Real Madrid,0.0,6000000.0,Jesús Vallejo
284854,2020-07-20,19/20,150,131,Real Betis,Barcelona,0.0,18000000.0,Carles Aleñá
284884,2020-07-20,19/20,1244,418,CD Leganés,Real Madrid,0.0,11000000.0,Óscar Rodríguez
298976,2020-07-20,19/20,3368,418,Levante,Real Madrid,0.0,3200000.0,Borja Mayoral
316264,2020-07-20,20/21,681,418,Real Sociedad,Real Madrid,0.0,45000000.0,Martin Ødegaard
320271,2020-07-20,19/20,331,1049,CA Osasuna,Valencia,0.0,1600000.0,Toni Lato
356197,2020-07-20,19/20,150,1050,Real Betis,Villarreal,0.0,9500000.0,Alfonso Pedraza
364603,2020-07-20,19/20,331,1244,CA Osasuna,CD Leganés,0.0,2000000.0,José Manuel Arnáiz
378139,2020-07-20,19/20,1244,150,CD Leganés,Real Betis,0.0,950000.0,Aitor Ruibal
394694,2020-07-20,20/21,630,78435,Racing,Charlotte,750000.0,325000.0,Sergio Ruiz
405398,2020-07-20,20/21,237,418,RCD Mallorca,Real Madrid,0.0,13500000.0,Takefusa Kubo
459463,2020-07-20,19/20,237,1010,RCD Mallorca,Watford,0.0,6700000.0,Cucho Hernández
537382,2020-07-20,19/20,1244,368,CD Leganés,Sevilla FC,0.0,9000000.0,Bryan Gil
553875,2020-07-20,19/20,366,281,Real Valladolid,Man City,0.0,9000000.0,Pedro Porro
568835,2020-07-17,20/21,11516,3368,Atl. Levante,Levante,,250000.0,Pablo Martínez
721660,2020-07-17,20/21,52348,9900,Antiguoko U19,R. Sociedad U19,0.0,,Mikel Rodriguez
415912,2020-07-16,20/21,11,79,Arsenal,Stuttgart,0.0,2400000.0,Konstantinos Mavropanos
292246,2020-07-15,20/21,409,23826,Salzburg,Leipzig,12000000.0,10000000.0,Hee-chan Hwang
524285,2020-07-15,20/21,2827,44,Hertha BSC U19,Hertha BSC,,,Luca Netz
661427,2020-07-13,20/21,35018,14761,Brann II,Åsane,0.0,,David Møller Wolfe
415912,2020-07-12,19/20,4,11,1.FC Nuremberg,Arsenal,0.0,2400000.0,Konstantinos Mavropanos
484988,2020-07-10,20/21,1421,1164,Stade Reims,Le Mans FC,0.0,,Logan Costa
625651,2020-07-10,20/21,44822,9899,Real Sociedad C,Real Sociedad B,,,Urko González de Zárate
746833,2020-07-10,20/21,56870,64328,Atlanta Academy,ATL UTD 2,0.0,,Caleb Wiley
469669,2020-07-09,20/21,10789,618,Braga B,Saint-Étienne,0.0,150000.0,Yvan Neyou
792331,2020-07-08,20/21,40593,52880,Malmö FF U17,FCK Youth,0.0,,Roony Bardghji
298091,2020-07-07,19/20,11177,512,Fleetwood,Stoke City,0.0,200000.0,Harry Souttar
142389,2020-07-03,20/21,987,762,Motherwell FC,Newcastle,0.0,400000.0,Mark Gillespie
322985,2020-07-03,20/21,1269,990,PEC Zwolle,Coventry,4500000.0,800000.0,Gustavo Hamer
466801,2020-07-02,20/21,11422,21261,CE Sabadell ,Granollers,0.0,,Sergi Altimira
689637,2020-07-02,20/21,2470,21246,Barça U19,Sabadell U19,0.0,,Chadi Riad
729814,2020-07-02,20/21,347,2715,FC Metz,RFC Seraing,0.0,,Georges Mikautadze
146310,2020-07-01,20/21,475,79,Sint-Truiden,Stuttgart,1700000.0,1600000.0,Wataru Endo
260841,2020-07-01,20/21,39341,1003,Leicester U23,Leicester,,400000.0,Daniel Iversen
284857,2020-07-01,20/21,131,3709,Barcelona,Getafe,11800000.0,18000000.0,Marc Cucurella
340328,2020-07-01,20/21,41101,969,Juventus U23,Montpellier,6300000.0,3600000.0,Stephy Mavididi
340376,2020-07-01,20/21,2464,1075,Barcelona B,Braga,8000000.0,4500000.0,Abel Ruiz
344069,2020-07-01,20/21,143,65,Wolfsburg II,Greuther Fürth,0.0,125000.0,Anton Stach
348795,2020-07-01,20/21,150,148,Real Betis,Tottenham,32000000.0,40000000.0,Giovani Lo Celso
357658,2020-07-01,20/21,38967,989,Bournemouth U23,Bournemouth,,250000.0,Mark Travers
369962,2020-07-01,20/21,9715,383,PSV U21,PSV,,725000.0,Joël Piroe
381963,2020-07-01,20/21,467,403,NEC Nijmegen,Willem II,500000.0,3600000.0,Mike Tresor
403151,2020-07-01,20/21,39336,1237,Brighton U23,Brighton,,,Robert Sánchez
406634,2020-07-01,20/21,931,515,Fulham,Without Club,,450000.0,Matt O'Riley
412045,2020-07-01,20/21,10773,714,RCD Espanyol B,Espanyol,,1300000.0,Pol Lozano
415381,2020-07-01,20/21,18026,798,FC Twente U21,Excelsior,0.0,25000.0,Mats Wieffer
424015,2020-07-01,20/21,12573,124,Rangers B,Rangers,,,Nathan Patterson
433188,2020-07-01,20/21,9252,31,Liverpool U23,Liverpool,,1800000.0,Curtis Jones
435648,2020-07-01,20/21,28,27,FC Bayern II,Bayern Munich,,6300000.0,Joshua Zirkzee
445939,2020-07-01,20/21,143,82,Wolfsburg II,Wolfsburg,,125000.0,Omar Marmoush
455661,2020-07-01,20/21,2491,86,W. Bremen U19,Werder Bremen,,325000.0,Nick Woltemade
461617,2020-07-01,20/21,3679,13,Atl. Madrileño,Atlético,,2300000.0,Rodrigo Riquelme
461883,2020-07-01,20/21,39341,124,Leicester U23,Rangers,0.0,,Calvin Bassey
466783,2020-07-01,20/21,2470,2464,Barça U19,Barcelona B,,,Arnau Tenas
466801,2020-07-01,20/21,21246,11422,Sabadell U19,CE Sabadell ,,,Sergi Altimira
466805,2020-07-01,20/21,2470,2464,Barça U19,Barcelona B,,,Nico González
468002,2020-07-01,20/21,9267,379,West Ham U23,West Ham,,,Ben Johnson
484988,2020-07-01,20/21,11204,1421,Stade Reims B,Stade Reims,,,Logan Costa
485706,2020-07-01,20/21,8925,41,Hoffenheim U19,Hamburg,0.0,,Amadou Onana
485963,2020-07-01,20/21,738,244,Le Havre AC,Marseille,0.0,1600000.0,Pape Gueye
490606,2020-07-01,20/21,6918,9250,Chelsea U18,Chelsea U23,,,Lucas Bergström
493003,2020-07-01,20/21,8172,1184,Atl. Nacional,Genk,4500000.0,1400000.0,Daniel Muñoz
500689,2020-07-01,20/21,8158,417,OGC Nice B,Nice,,,Evann Guessand
503679,2020-07-01,20/21,9252,31,Liverpool U23,Liverpool,,,Rhys Williams
503749,2020-07-01,20/21,12124,405,Aston Villa U23,Aston Villa,,,Jacob Ramsey
503769,2020-07-01,20/21,5679,9249,Arsenal U18,Arsenal U23,,,Arthur Okonkwo
503883,2020-07-01,20/21,43560,2282,Club NXT,Club Brugge,,,Senne Lammens
503981,2020-07-01,20/21,6918,9250,Chelsea U18,Chelsea U23,,,Tino Livramento
505046,2020-07-01,20/21,6922,9252,Liverpool U18,Liverpool U23,,,Ben Winterbottom
505194,2020-07-01,20/21,39341,1003,Leicester U23,Leicester,,,Luke Thomas
505219,2020-07-01,20/21,9251,985,Man Utd U23,Man Utd,,2700000.0,James Garner
514285,2020-07-01,20/21,2862,24366,Feyenoord U19,Feyenoord U21,,,Quilindschy Hartman
521964,2020-07-01,20/21,1463,33,Schalke 04 U19,FC Schalke 04,,,Malick Thiaw
527972,2020-07-01,20/21,12317,1531,Elche Ilicitano,Elche CF,,,Mourad El Ghezouani
532541,2020-07-01,20/21,12801,24226,Wolves U18,Wolves U23,,,Luke Cundle
538977,2020-07-01,20/21,8154,273,Rennes B,Stade Rennais,,150000.0,Georginio Rutter
538996,2020-07-01,20/21,583,27,PSG,Bayern Munich,0.0,11000000.0,Tanguy Nianzou
540664,2020-07-01,20/21,10872,40,G. Bordeaux B,G. Bordeaux,,,Dilane Bakwa
541555,2020-07-01,20/21,6949,9258,Blackburn U18,Blackburn U23,,,Enzo Boyomo
541621,2020-07-01,20/21,12853,11972,FC Villarreal C,Villarreal CF B,,,Marc Vidal
547039,2020-07-01,20/21,14460,29793,Cardiff U18,Cardiff U21,,,Isaak Davies
548188,2020-07-01,20/21,31506,3679,Atl. Madrid U19,Atl. Madrileño,,1800000.0,Germán Valera
548470,2020-07-01,20/21,9251,985,Man Utd U23,Man Utd,,,Teden Mengi
549027,2020-07-01,20/21,8889,68780,Benfica U19,Benfica U23,,,Martim Neto
551001,2020-07-01,20/21,6922,9252,Liverpool U18,Liverpool U23,,,Owen Beck
555143,2020-07-01,20/21,14282,54443,Dynamo U17,Dynamo 2 ,,100000.0,Arsen Zakharyan
559130,2020-07-01,20/21,9955,9267,West Ham U18,West Ham U23,,,Harrison Ashby
559263,2020-07-01,20/21,6942,9262,Fulham U18,Fulham U23,,,Fábio Carvalho
561452,2020-07-01,20/21,9955,9267,West Ham U18,West Ham U21,,,Dan Chesters
561613,2020-07-01,20/21,9478,10773,Espanyol U19,RCD Espanyol B,,50000.0,Joan García
566799,2020-07-01,20/21,6930,9265,Man City U18,Man City U23,,,James Trafford
567504,2020-07-01,20/21,8889,68780,Benfica U19,Benfica U23,,,Guilherme Fernandes
567576,2020-07-01,20/21,6943,9253,Newcastle U18,Newcastle U23,,,Elliot Anderson
568006,2020-07-01,20/21,6928,9254,Spurs U18,Tottenham U23,,,Dennis Cirkin
568177,2020-07-01,20/21,6930,9265,Man City U18,Man City U23,,,Cole Palmer
571743,2020-07-01,20/21,6918,9250,Chelsea U18,Chelsea U23,,,Armando Broja
578419,2020-07-01,20/21,17428,3631,Juventud,América,1730000.0,3000000.0,Federico Viñas
578539,2020-07-01,20/21,28,27,FC Bayern II,Bayern Munich,,1800000.0,Chris Richards
581330,2020-07-01,20/21,10002,39337,Derby U18,Derby U23,,,Eiran Cashin
581640,2020-07-01,20/21,39813,2470,Barça U18,Barça U19,,,Coke Carrillo
581675,2020-07-01,20/21,50677,6918,Chelsea Youth,Chelsea U18,,,Harvey Vale
583189,2020-07-01,20/21,5242,9251,Man Utd U18,Man Utd U23,,,Anthony Elanga
583199,2020-07-01,20/21,6930,9265,Man City U18,Man City U23,,,James McAtee
583952,2020-07-01,20/21,50683,5679,Arsenal Youth,Arsenal U18,,,James Sweet
585323,2020-07-01,20/21,28868,12853,Villarreal U19,FC Villarreal C,,,Filip Jørgensen
586736,2020-07-01,20/21,5679,9249,Arsenal U18,Arsenal U23,,,Joel López
587002,2020-07-01,20/21,6918,9250,Chelsea U18,Chelsea U23,,,Myles Peart-Harris
593412,2020-07-01,20/21,20277,38006,Girona U19,Girona FC B,,,Ilyas Chaira
598577,2020-07-01,20/21,4713,15,Leverkusen U19,Leverkusen,,,Florian Wirtz
602105,2020-07-01,20/21,585,610,São Paulo,Ajax,15750000.0,18000000.0,Antony
603696,2020-07-01,20/21,11610,8568,Las Palmas Atl.,AD Ceuta ,,100000.0,Alberto Reina
606718,2020-07-01,20/21,68403,1465,Estoril U23,Estoril,,,Toti
607224,2020-07-01,20/21,5242,9251,Man Utd U18,Man Utd U23,,,Hannibal
607226,2020-07-01,20/21,107721,8154,Rennes U17,Rennes B,,,Loum Tchaouna
610581,2020-07-01,20/21,14626,33616,Swansea U18,Swansea U23,,,Ali Al-Hamadi
610849,2020-07-01,20/21,6930,9265,Man City U18,Man City U23,,,Liam Delap
612749,2020-07-01,20/21,50769,6920,Everton Youth,Everton U18,,,Isaac Price
614258,2020-07-01,20/21,6918,9250,Chelsea U18,Chelsea U23,,,Levi Colwill
614988,2020-07-01,20/21,70320,31506,Atlético Yth.,Atl. Madrid U19,,,Ilias Kostis
617059,2020-07-01,20/21,39813,12798,Barça U18,Levante U19,0.0,,Pablo Campos
617060,2020-07-01,20/21,2470,2464,Barça U19,Barcelona B,,,Mika Mármol
617074,2020-07-01,20/21,2470,2464,Barça U19,Barcelona B,,450000.0,Ilaix Moriba
617081,2020-07-01,20/21,39813,2470,Barça U18,Barça U19,,,Diego López
618801,2020-07-01,20/21,21609,31506,Atl.Madleño U18,Atl. Madrid U19,,,Alejandro Iturbe
618805,2020-07-01,20/21,21609,31506,Atl.Madleño U18,Atl. Madrid U19,,,Iker Bachiller
618809,2020-07-01,20/21,3679,13,Atl. Madrileño,Atlético,,2700000.0,Manu Sánchez
618813,2020-07-01,20/21,21609,31506,Atl.Madleño U18,Atl. Madrid U19,,,Carlos Martín
620322,2020-07-01,20/21,7813,12764,Olymp. Lyon U19,Olymp. Lyon B,,,Malo Gusto
622988,2020-07-01,20/21,10200,6182,Valencia U19,Valencia B,,,Fran Pérez
623024,2020-07-01,20/21,10200,6182,Valencia U19,Valencia B,,,Jesús Vázquez
623025,2020-07-01,20/21,20201,15080,Rayo U19,Rayo B,,,Sergio Gimeno
623521,2020-07-01,20/21,28870,6767,Real Madrid U19,RM Castilla,,100000.0,Juanmi Latasa
624258,2020-07-01,20/21,6922,9252,Liverpool U18,Liverpool U23,,,Conor Bradley
625655,2020-07-01,20/21,9900,44822,R. Sociedad U19,Real Sociedad C,,,Jon Magunazelaia
625657,2020-07-01,20/21,9900,44822,R. Sociedad U19,Real Sociedad C,,,Unai Marrero
626888,2020-07-01,20/21,6933,12124,Aston Villa U18,Aston Villa U23,,,Kaine Kesler-Hayden
627290,2020-07-01,20/21,12853,12317,FC Villarreal C,Elche Ilicitano,0.0,,John Donald
627626,2020-07-01,20/21,5380,260,Inter U19,FC Zürich,0.0,,Wilfried Gnonto
628451,2020-07-01,20/21,66529,6930,Anderlecht U18,Man City U18,,,Roméo Lavia
628487,2020-07-01,20/21,9478,10773,Espanyol U19,RCD Espanyol B,,,Ángel Fortuño
628498,2020-07-01,20/21,9478,10773,Espanyol U19,RCD Espanyol B,,,Jofre Carreras
628886,2020-07-01,20/21,28867,8519,Sevilla FC U19,Sevilla Atl.,,,Iván Romero
628926,2020-07-01,20/21,28867,12319,Sevilla FC U19,Sevilla FC C,,,Miguel Capitas
632498,2020-07-01,20/21,14742,8494,Mallorca U19,RCD Mallorca B ,,,Miguelito
633111,2020-07-01,20/21,61119,25235,CF Parets,UE Sants,0.0,,Álex Calatrava
634117,2020-07-01,20/21,28861,8516,Osasuna U19,Osasuna B,,,Pablo Valencia
634431,2020-07-01,20/21,9900,44822,R. Sociedad U19,Real Sociedad C,,,Beñat Turrientes
635344,2020-07-01,20/21,28868,12853,Villarreal U19,FC Villarreal C,,,Abraham del Moral
636093,2020-07-01,20/21,15509,8733,Celta U19,Celta Vigo B,,,Carlos Domínguez
636695,2020-07-01,20/21,39813,2470,Barça U18,Barça U19,,,Marc Casadó
636697,2020-07-01,20/21,39813,2470,Barça U18,Barça U19,,,Arnau Solà
638649,2020-07-01,20/21,12806,8824,Sheff Utd U18,Sheff Utd U21,,,Femi Seriki
639733,2020-07-01,20/21,2470,2464,Barça U19,Barcelona B,,,Peque Fernández
646333,2020-07-01,20/21,14648,38967,Bournemouth U18,Bournemouth U21,,,Ben Greenwood
646353,2020-07-01,20/21,9606,39336,Brighton U18,Brighton U23,,,Carl Rushworth
646658,2020-07-01,20/21,6933,12124,Aston Villa U18,Aston Villa U23,,,Aaron Ramsey
646735,2020-07-01,20/21,70320,21609,Atlético Yth.,Atl.Madleño U18,,,Aitor Gismera
646738,2020-07-01,20/21,39813,6930,Barça U18,Man City U18,,,Juan Larios
646740,2020-07-01,20/21,14321,2470,Barça U16,Barça U19,,,Gavi
646741,2020-07-01,20/21,40419,15509,Celta Vigo Yout,Celta U19,,,César Fernández
646743,2020-07-01,20/21,16200,10200,Valencia CF You,Valencia U19,,,Javi Navarro
646750,2020-07-01,20/21,70397,10200,Valencia U18,Valencia U19,,,Cristhian Mosquera
646824,2020-07-01,20/21,70321,13711,R.Madrid Yth.,Real Madrid U17,,,Manuel Ángel
646991,2020-07-01,20/21,43843,11154,NEC U17,NEC U21,,,Robin Roefs
647435,2020-07-01,20/21,6697,164,Preston U19,Blackburn,0.0,,Tyrhys Dolan
652330,2020-07-01,20/21,39822,28870,Real Madrid U18,Real Madrid U19,,,Álvaro Carrillo
652331,2020-07-01,20/21,39822,28870,Real Madrid U18,Real Madrid U19,,,Javi Rueda
652635,2020-07-01,20/21,50769,6920,Everton Youth,Everton U18,,,Luke Butterfield
652797,2020-07-01,20/21,50678,6930,Man City Youth,Man City U18,,,Micah Hamilton
654253,2020-07-01,20/21,54168,9606,Brighton Yth.,Brighton U18,,,Toby Collyer
654539,2020-07-01,20/21,8154,273,Rennes B,Stade Rennais,,,Adrien Truffert
655136,2020-07-01,20/21,14648,38967,Bournemouth U18,Bournemouth U21,,,Cameron Plain
655815,2020-07-01,20/21,53100,6950,C. Palace Yth.,Palace U18,,,Jadan Raymond
662261,2020-07-01,20/21,39822,28870,Real Madrid U18,Real Madrid U19,,,Rafa Marín
663225,2020-07-01,20/21,6920,9261,Everton U18,Everton U23,,,Tyler Onyango
665390,2020-07-01,20/21,6933,12124,Aston Villa U18,Aston Villa U23,,,Jaden Philogene
667121,2020-07-01,20/21,48758,68077,Braga U17,Braga U23,,,Rodrigo Gomes
667517,2020-07-01,20/21,53004,6938,Birmingham Aca.,Birmingham U18,,,Jordan James
667925,2020-07-01,20/21,6933,12124,Aston Villa U18,Aston Villa U23,,,Sebastian Revan
668177,2020-07-01,20/21,21609,31506,Atl.Madleño U18,Atl. Madrid U19,,,Javi Serrano
668183,2020-07-01,20/21,28860,6688,Bilbao U19,Bilbao Athletic,,,Nico Serrano
668184,2020-07-01,20/21,70827,40422,Calavera U19,Betis U19,,,Quique Fernández
668210,2020-07-01,20/21,13711,39822,Real Madrid U17,Real Madrid U18,,,Ferran Ruiz
668212,2020-07-01,20/21,70397,10200,Valencia U18,Valencia U19,,,Rubén Iranzo
668276,2020-07-01,20/21,32942,26621,RB Leipzig U17,RB Leipzig U19,,,Hugo Novoa
669511,2020-07-01,20/21,70473,12853,Roda U19,FC Villarreal C,,,Jorge Pascual
670558,2020-07-01,20/21,50678,6930,Man City Youth,Man City U18,,,Harvey Griffiths
670840,2020-07-01,20/21,53100,6950,C. Palace Yth.,Palace U18,,,Joe Whitworth
670843,2020-07-01,20/21,50906,6922,Liverpool Youth,Liverpool U18,,,Isaac Mabaya
670848,2020-07-01,20/21,52975,9955,West Ham Yth.,West Ham U18,,,Divin Mubama
670850,2020-07-01,20/21,53101,6898,Norwich Yth.,Norwich U18,,,Alex Matos
670858,2020-07-01,20/21,50677,6918,Chelsea Youth,Chelsea U18,,,Lewis Hall
670861,2020-07-01,20/21,50906,6922,Liverpool Youth,Liverpool U18,,,Luke Chambers
670878,2020-07-01,20/21,52975,9955,West Ham Yth.,West Ham U18,,,Jacob Knightbridge
680806,2020-07-01,20/21,6930,9265,Man City U18,Man City U23,,,Samuel Edozie
681615,2020-07-01,20/21,15665,6918,HJK U19,Chelsea U18,,,Jimi Tauriainen
683620,2020-07-01,20/21,51654,50220,Feyenoord U17,Feyenoord U18,,,Antoni Milambo
687609,2020-07-01,20/21,12319,8519,Sevilla FC C,Sevilla Atl.,,,Isaac Romero
689637,2020-07-01,20/21,39813,2470,Barça U18,Barça U19,,,Chadi Riad
692070,2020-07-01,20/21,22589,7647,Darmstadt U17,Darmstadt U19,,,Clemens Riedel
693095,2020-07-01,20/21,19715,3008,Hull City U23,Hull City,,,Jacob Greaves
696346,2020-07-01,20/21,6942,9262,Fulham U18,Fulham U23,,450000.0,Jay Stansfield
698151,2020-07-01,20/21,55899,6943,Newcastle Yth.,Newcastle U18,,,Michael Ndiweni
698164,2020-07-01,20/21,52975,9955,West Ham Yth.,West Ham U18,,,Freddie Potts
698678,2020-07-01,20/21,12801,24226,Wolves U18,Wolves U23,,,Hugo Bueno
699771,2020-07-01,20/21,10200,6182,Valencia U19,Valencia B,,,Pedro Alemañ
702662,2020-07-01,20/21,21609,31506,Atl.Madleño U18,Atl. Madrid U19,,,Adrián Verde
705813,2020-07-01,20/21,9478,10773,Espanyol U19,RCD Espanyol B,,,Rubén Sánchez
706138,2020-07-01,20/21,14742,8494,Mallorca U19,RCD Mallorca B ,,,Javi Llabrés
706815,2020-07-01,20/21,50906,6922,Liverpool Youth,Liverpool U18,,,Harvey Davies
706822,2020-07-01,20/21,51433,6928,Tottenham Yth.,Spurs U18,,,Roshaun Mathurin
707276,2020-07-01,20/21,10200,6182,Valencia U19,Valencia B,,,Miki Bosch
707279,2020-07-01,20/21,10200,6182,Valencia U19,Valencia B,,,Hugo González
709187,2020-07-01,20/21,28860,6688,Bilbao U19,Bilbao Athletic,,,Nico Williams
709372,2020-07-01,20/21,28868,12853,Villarreal U19,FC Villarreal C,,,Carlos Romero
709966,2020-07-01,20/21,14321,39813,Barça U16,Barça U18,,,Aleix Garrido
709969,2020-07-01,20/21,14321,2470,Barça U16,Barça U19,,,Ilias Akhomach
709971,2020-07-01,20/21,14321,39813,Barça U16,Barça U18,,,Xavi Moreno
710004,2020-07-01,20/21,39822,28870,Real Madrid U18,Real Madrid U19,,,Peter Federico
710007,2020-07-01,20/21,39822,28870,Real Madrid U18,Real Madrid U19,,,Fer Rodríguez
710671,2020-07-01,20/21,13314,28861,CA Osasuna Yout,Osasuna U19,,,Adama Boiro
711367,2020-07-01,20/21,9900,44822,R. Sociedad U19,Real Sociedad C,,,Egoitz Arana
711374,2020-07-01,20/21,9900,44822,R. Sociedad U19,Real Sociedad C,,,Jon Gorrotxategi
711377,2020-07-01,20/21,9900,44822,R. Sociedad U19,Real Sociedad C,,,Alberto Dadie
711380,2020-07-01,20/21,14967,9900,Real Sociedad Y,R. Sociedad U19,,,Jon Balda
711382,2020-07-01,20/21,9900,44822,R. Sociedad U19,Real Sociedad C,,,Jon Karrikaburu
711394,2020-07-01,20/21,44822,9899,Real Sociedad C,Real Sociedad B,,,Javi Martón
711999,2020-07-01,20/21,7874,8154,Rennes U19,Rennes B,,,Lesley Ugochukwu
712115,2020-07-01,20/21,55899,6943,Newcastle Yth.,Newcastle U18,,,James Huntley
713649,2020-07-01,20/21,39452,21550,Granada CF U19,Recre Granada,,,Miguel Ángel Brau
714458,2020-07-01,20/21,55415,39341,Leicester Yth.,Leicester U23,,,Ben Nelson
717952,2020-07-01,20/21,20201,28870,Rayo U19,Real Madrid U19,0.0,,Mario de Luis
718177,2020-07-01,20/21,12798,11516,Levante U19,Atl. Levante,,,Joseda Álvarez
718178,2020-07-01,20/21,12798,11516,Levante U19,Atl. Levante,,,Miguel Peña
718250,2020-07-01,20/21,15009,1088,Rochdale U18,Rochdale,,,Ethan Brierley
718581,2020-07-01,20/21,70827,40422,Calavera U19,Betis U19,,,Lulo Dasilva
719999,2020-07-01,20/21,16637,70298,CD Lugo Youth,Lugo U19,,,Andrés Castrín
720518,2020-07-01,20/21,70825,12318,San Félix U19,Málaga U19,,,Roberto Fernández
724041,2020-07-01,20/21,25005,30857,Anderlecht Yth.,Anderlecht U21,,,Enock Agyei
724529,2020-07-01,20/21,53100,6950,C. Palace Yth.,Palace U18,,,Tayo Adaramola
724530,2020-07-01,20/21,3930,9606,Bray Wanderers,Brighton U18,0.0,,Leigh Kavanagh
725912,2020-07-01,20/21,78512,37464,Dukla Prag U17,Dukla Prague B,,,Antonín Kinský
727089,2020-07-01,20/21,25005,66529,Anderlecht Yth.,Anderlecht U18,,,Noah Sadiki
729814,2020-07-01,20/21,8179,347,FC Metz B,FC Metz,,,Georges Mikautadze
730893,2020-07-01,20/21,6945,873,Palace U23,Crystal Palace,,,Tyrick Mitchell
732117,2020-07-01,20/21,62413,10002,Derby Youth,Derby U18,,,Dylan Williams
732119,2020-07-01,20/21,62413,10002,Derby Youth,Derby U18,,,Kaide Gordon
732120,2020-07-01,20/21,50780,6893,Southampton Aca,Southampton U18,,,Eddie Beach
734425,2020-07-01,20/21,32580,6942,Fulham Youth,Fulham U18,,,Michael Olakigbe
738269,2020-07-01,20/21,51433,6928,Tottenham Yth.,Spurs U18,,,Dante Cassanova
741238,2020-07-01,20/21,50683,5679,Arsenal Youth,Arsenal U18,,,Omari Hutchinson
741289,2020-07-01,20/21,70321,13711,R.Madrid Yth.,Real Madrid U17,,,Youssef Enríquez
743414,2020-07-01,20/21,52928,6951,West Brom Yth.,West Brom U18,,,Lino Sousa
743498,2020-07-01,20/21,82891,54295,PSG Youth,Paris SG U17,,,Wilson Odobert
743553,2020-07-01,20/21,44446,87553,Thistle WYA,Celtic Youth,0.0,,Evan Easton
744149,2020-07-01,20/21,53243,6949,Blackburn Acad.,Blackburn U18,,,Adam Wharton
745181,2020-07-01,20/21,45617,9669,Monaco Youth,Monaco U19,,,Soungoutou Magassa
745846,2020-07-01,20/21,50683,5679,Arsenal Youth,Arsenal U18,,,Mauro Bandeira
747197,2020-07-01,20/21,70321,13711,R.Madrid Yth.,Real Madrid U17,,,Bruno Iribarne
747951,2020-07-01,20/21,50678,6930,Man City Youth,Man City U18,,,Shea Charles
751666,2020-07-01,20/21,54097,12801,Wolves Yth.,Wolves U18,,,Ty Barnett
756591,2020-07-01,20/21,83012,9606,ACBB Youth,Brighton U18,,,Samy Chouchane
765467,2020-07-01,20/21,52797,46137,Hollandia Yth.,Volendam U17,0.0,,Jozhua Vertrouwd
766552,2020-07-01,20/21,81503,81502,Sevilla U17,Sevilla FC U18,,,Alberto Flores
766583,2020-07-01,20/21,81502,28867,Sevilla FC U18,Sevilla FC U19,,,Kike Salas
766723,2020-07-01,20/21,102209,28867,Sevilla FC U16,Sevilla FC U19,,,Manu Bueno
767229,2020-07-01,20/21,81503,81502,Sevilla U17,Sevilla FC U18,,,Diego Hormigo
767255,2020-07-01,20/21,81502,28867,Sevilla FC U18,Sevilla FC U19,,,Matías Árbol
775605,2020-07-01,20/21,14734,21609,Atl. Madrid U17,Atl.Madleño U18,,,Pablo Barrios
785967,2020-07-01,20/21,38006,12321,Girona FC B,Girona,,,Ibrahima Kébé
787154,2020-07-01,20/21,20277,38006,Girona U19,Girona FC B,,,Eric Monjonell
790992,2020-07-01,20/21,50677,6918,Chelsea Youth,Chelsea U18,,,Alfie Gilchrist
794816,2020-07-01,20/21,50672,5242,Man Utd Youth,Man Utd U18,,,Rhys Bennett
796024,2020-07-01,20/21,50683,5679,Arsenal Youth,Arsenal U18,,,Jack Henry-Francis
797679,2020-07-01,20/21,32580,12801,Fulham Youth,Wolves U18,,,Aaron Keto-Diyawa
801472,2020-07-01,20/21,54168,9606,Brighton Yth.,Brighton U18,,,Zak Sturge
801474,2020-07-01,20/21,51466,9606,Watford Yth.,Brighton U18,0.0,,Ben Jackson
801734,2020-07-01,20/21,108803,7874,Montrouge U17,Rennes U19,0.0,,Mathys Tel
802230,2020-07-01,20/21,52906,14619,Luton Academy,Luton U18,,,Aidan Francis-Clarke
805714,2020-07-01,20/21,48365,67909,Sporting U17,Sporting CP U23,,,Renato Veiga
813142,2020-07-01,20/21,54097,12801,Wolves Yth.,Wolves U18,,,Temple Ojinnaka
816124,2020-07-01,20/21,82891,54295,PSG Youth,Paris SG U17,,,Noha Lemina
817611,2020-07-01,20/21,32580,6942,Fulham Youth,Fulham U18,,,Matt Dibley-Dias
817665,2020-07-01,20/21,58400,75337,Famalicão S17,Famalicão U23,,,Pablo
818237,2020-07-01,20/21,53183,6933,A. Villa Yth.,Aston Villa U18,,,Tommi O'Reilly
821820,2020-07-01,20/21,71779,73583,Calahorra U19,CD Calahorra B,,,Pablo Sáenz
822331,2020-07-01,20/21,58956,10773,Espanyol U18,RCD Espanyol B,,,Omar El Hilali
823231,2020-07-01,20/21,87091,16662,SC Majestic,Lorient B,,,Dango Ouattara
823486,2020-07-01,20/21,5232,13484,Juventus Youth,Gozzano,,,Michael Kayode
826224,2020-07-01,20/21,123357,20277,Girona FC U18,Girona U19,,,Arnau Martínez
829299,2020-07-01,20/21,18065,21068,Karlsruhe Yth.,Karlsruhe U17,,,Max Weiß
833340,2020-07-01,20/21,39647,39452,Granada Yth.,Granada CF U19,,,Mario González
833884,2020-07-01,20/21,40497,39452,Cabecense,Granada CF U19,,,Rafa Romero
834463,2020-07-01,20/21,70295,14321,Barça Youth,Barça U16,,,Iker Córdoba
834483,2020-07-01,20/21,107198,28860,Bilbao U18,Bilbao U19,,,Álex Padilla
834485,2020-07-01,20/21,107198,28860,Bilbao U18,Bilbao U19,,,Unai Egiluz
834487,2020-07-01,20/21,107198,28860,Bilbao U18,Bilbao U19,,,Hugo Rincón
834487,2020-07-01,21/22,28860,6665,Bilbao U19,CD Basconia,,,Hugo Rincón
834491,2020-07-01,20/21,107198,28860,Bilbao U18,Bilbao U19,,,Alejandro Rego
834737,2020-07-01,20/21,58956,9478,Espanyol U18,Espanyol U19,,,Adri Miranda
834742,2020-07-01,20/21,58956,9478,Espanyol U18,Espanyol U19,,,Mateo Joseph
834744,2020-07-01,20/21,58956,9478,Espanyol U18,Espanyol U19,,,Antoniu Roca
834752,2020-07-01,20/21,107198,28860,Bilbao U18,Bilbao U19,,,Unai Gómez
834764,2020-07-01,20/21,70397,10200,Valencia U18,Valencia U19,,,Javi Guerra
842341,2020-07-01,20/21,10852,6572,Montpellier U19,Montpellier B,,,Maxime Estève
844637,2020-07-01,20/21,70378,12798,G. Manresa U19,Levante U19,0.0,,Marc Pubill
854721,2020-07-01,20/21,83582,14648,Bournemouth Jgd,Bournemouth U18,,,Ben Winterburn
880245,2020-07-01,20/21,48365,10283,Sporting U17,Sporting U19,,,Mateus Fernandes
882710,2020-07-01,20/21,59027,59026,UCAM Murcia U19,UCAM Murcia B,,,Ramón Martínez
882772,2020-07-01,20/21,64536,16075,Balón de Cádiz ,Cádiz U19,,,Álvaro Bastida
891091,2020-07-01,20/21,12604,18447,Own Youth,AD Torrejón,,,Diego López
891923,2020-07-01,20/21,123357,20277,Girona FC U18,Girona U19,,,Dawda Camara
892929,2020-07-01,20/21,40419,15509,Celta Vigo Yth.,Celta U19,,,Hugo Álvarez
892932,2020-07-01,20/21,62047,81705,Bouzas U19,CD Choco U19,0.0,,Miguel Román
895326,2020-07-01,20/21,70218,123357,Girona FC Youth,Girona FC U18,,,Joel Roca
895480,2020-07-01,20/21,70393,31601,Santutxu U19,Santutxu,,,Adu Ares
905997,2020-07-01,20/21,75,37058,Unknown,Porriño FC,,,Pablo Durán
906025,2020-07-01,20/21,123357,20277,Girona FC U18,Girona U19,,,Ricard Artero
907813,2020-07-01,20/21,14967,9900,Real Sociedad Y,R. Sociedad U19,,,Pablo Marín
908234,2020-07-01,20/21,70218,123357,Girona FC Youth,Girona FC U18,,,Oriol Comas
910905,2020-07-01,20/21,69570,106295,Ol. Lyon Yth.,Olymp. Lyon U17,,,Mamadou Sarr
916014,2020-07-01,20/21,21346,72363,Antequera U19,CD Casabermeja,,,Isra Domínguez
926849,2020-07-01,20/21,72081,21609,Sanluqueño U19,Atl.Madleño U18,,,Adrián Niño
926850,2020-07-01,20/21,70321,13711,R.Madrid Yth.,Real Madrid U17,,,Diego Piñeiro
930096,2020-07-01,20/21,64536,16075,Balón de Cádiz ,Cádiz U19,,,Nando Almodóvar
930415,2020-07-01,20/21,14734,21609,Atl. Madrid U17,Atl.Madleño U18,,,Antonio Gomis
933908,2020-07-01,20/21,14743,70827,Real Betis Yth.,Calavera U19,,,Ángel Ortiz
935230,2020-07-01,20/21,70321,13711,R.Madrid Yth.,Real Madrid U17,,,Gonzalo García
935231,2020-07-01,20/21,45258,34466,CF Damm Youth,Damm U19,,,Víctor Muñoz
935232,2020-07-01,20/21,13711,39822,Real Madrid U17,Real Madrid U18,,,Aitor Mañas
935245,2020-07-01,20/21,13711,39822,Real Madrid U17,Real Madrid U18,,,Raúl Asencio
935281,2020-07-01,20/21,70321,13711,R.Madrid Yth.,Real Madrid U17,,,David Jiménez
935342,2020-07-01,20/21,64536,102209,Balón de Cádiz ,Sevilla FC U16,,,Alberto Collado
935457,2020-07-01,20/21,70320,21609,Atléti Youth,Atl.Madleño U18,,,Salim El Jebari
937945,2020-07-01,20/21,14741,14967,Racing Yth.,Real Sociedad Y,,,Dani Díaz
940462,2020-07-01,20/21,53397,39822,Castellón U19,Real Madrid U18,,,Pau Ferrer
941080,2020-07-01,20/21,14740,70473,Villarreal Yth.,Roda U19,,,Jon García
941867,2020-07-01,20/21,16200,70397,Valencia CF You,Valencia U18,,,Mario Dominguez
941883,2020-07-01,20/21,16200,70397,Valencia CF You,Valencia U18,,,Martín Tejón
942738,2020-07-01,20/21,98595,98609,Cukaricki Youth,Cukaricki U16,,,Milan Aleksic
944124,2020-07-01,20/21,65062,82851,Williamsville,Paracuellos,0.0,,Lass Sangaré
945702,2020-07-01,20/21,14740,70473,Villarreal Yth.,Roda U19,,,Sebas Wade
945760,2020-07-01,20/21,70320,21609,Atléti Youth,Atl.Madleño U18,,,Carlos Ballestero
947431,2020-07-01,20/21,25625,70377,RCD Mallorca Yo,San Franc. U19,,,David López
948254,2020-07-01,20/21,16620,80125,CF Fuenlabrada ,Nueva Boadilla,0.0,,Marco de las Sías
948273,2020-07-01,20/21,70321,13711,R.Madrid Yth.,Real Madrid U17,,,Mario Martín
948275,2020-07-01,20/21,70218,13711,Girona FC Youth,Real Madrid U17,,,Álvaro Rodríguez
961944,2020-07-01,20/21,81539,14743,Lorca CFB Juv A,Real Betis Yth.,0.0,,Ginés Sorroche
961948,2020-07-01,20/21,14743,40422,Real Betis Yth.,Betis U19,,,Marcos Fernández
971774,2020-07-01,20/21,25260,40422,Málaga CF Youth,Betis U19,,,Xavi Pleguezuelo
973314,2020-07-01,20/21,70320,14734,Atléti Youth,Atl. Madrid U17,,,Sergio Mestre
974251,2020-07-01,20/21,45258,25264,CF Damm Youth,Levante UD Yout,0.0,,Lass Kourouma
982848,2020-07-01,20/21,21349,16200,Elche CF Youth,Valencia CF You,,,Raúl Jiménez
985806,2020-07-01,20/21,61067,70673,Weston Academy,Orlando Academy,0.0,,Alex Freeman
1000135,2020-07-01,20/21,40421,20201,Rayo Vallecano ,Rayo U19,,,Joselu Pérez
1000136,2020-07-01,20/21,44199,28866,Leganés Youth,Getafe U19,0.0,,Gorka Rivera
1038512,2020-07-01,20/21,13314,28861,CA Osasuna Yout,Osasuna U19,,,Asier Osambela
1041934,2020-07-01,20/21,13711,39822,Real Madrid U17,Real Madrid U18,,,Jeremy Jorge
1054934,2020-07-01,20/21,1534,76607,Aurrera,CD Ariznabarra,,,Maroan Sannadi
1056655,2020-07-01,20/21,45258,14742,CF Damm Youth,Mallorca U19,,,Rubén Quintanilla
1061336,2020-07-01,20/21,63969,14740,CD Roda Youth,Villarreal Yth.,,,Pau Navarro
1061660,2020-07-01,20/21,70302,17419,Fund.Reus Youth,Gimnàstic de Ta,0.0,,Selvi Clua
1061665,2020-07-01,20/21,70218,123357,Girona FC Youth,Girona FC U18,,,Jastin Garcia
1063329,2020-07-01,20/21,83617,77511,San José U19,Torre L. U19,,,Andrés García
1063340,2020-07-01,20/21,70295,45258,Barça Youth,CF Damm Youth,0.0,,Kareem Tunde
1063553,2020-07-01,20/21,63969,14740,CD Roda Youth,Villarreal Yth.,,,Pau Cabanes
1108203,2020-07-01,20/21,102722,45258,Mercantil Yth.,CF Damm Youth,,,Min-su Kim
1123335,2020-07-01,20/21,102722,123357,Mercantil Yth.,Girona FC U18,0.0,,Hamza Bellari
1129175,2020-07-01,20/21,45258,34466,CF Damm Youth,Damm U19,,,Raúl Martínez
1216529,2020-07-01,20/21,21268,58957,St. Andreu You.,St. Andreu U19,,,Guillem Trilla
1255616,2020-07-01,20/21,70321,14738,R.Madrid Yth.,Getafe CF Youth,,,Alberto Risco
86784,2020-06-30,19/20,383,5,PSV,AC Milan,0.0,5500000.0,Ricardo Rodríguez
146310,2020-06-30,19/20,79,475,Stuttgart,Sint-Truiden,0.0,1600000.0,Wataru Endo
263236,2020-06-30,19/20,180,167,Southampton,Augsburg,0.0,6300000.0,Kevin Danso
284857,2020-06-30,19/20,3709,131,Getafe,Barcelona,0.0,18000000.0,Marc Cucurella
295313,2020-06-30,19/20,39,31,Mainz,Liverpool,0.0,3200000.0,Taiwo Awoniyi
325443,2020-06-30,19/20,35,1237,St. Pauli,Brighton,0.0,800000.0,Viktor Gyökeres
334222,2020-06-30,19/20,1032,416,Reading,Torino,0.0,950000.0,Lucas Boyé
340328,2020-06-30,19/20,2969,41101,Dijon,Juventus U23,0.0,3600000.0,Stephy Mavididi
340376,2020-06-30,19/20,1075,2464,Braga,Barcelona B,0.0,4500000.0,Abel Ruiz
343463,2020-06-30,19/20,3508,114,Zulte Waregem,Besiktas,0.0,3200000.0,Cyle Larin
348795,2020-06-30,19/20,148,150,Tottenham,Real Betis,0.0,40000000.0,Giovani Lo Celso
357628,2020-06-30,19/20,8510,1532,Getafe CF B,Albacete,0.0,150000.0,Alfon González
358032,2020-06-30,19/20,9715,2282,PSV U21,Club Brugge,0.0,725000.0,Cyril Ngonge
361093,2020-06-30,19/20,306,8817,Heerenveen,Ajax U21,0.0,1300000.0,Sven Botman
369962,2020-06-30,19/20,468,9715,Sparta R.,PSV U21,0.0,725000.0,Joël Piroe
371814,2020-06-30,19/20,79,31,VfB Stuttgart,Liverpool,0.0,800000.0,Nathaniel Phillips
381963,2020-06-30,19/20,403,467,Willem II,NEC Nijmegen,0.0,3600000.0,Mike Tresor
392771,2020-06-30,19/20,23826,631,Leipzig,Chelsea,0.0,9000000.0,Ethan Ampadu
394236,2020-06-30,19/20,1283,434,FC Emmen,FC Luzern,0.0,525000.0,Filip Ugrinic
403898,2020-06-30,19/20,41,18,Hamburg,Mönchengladbach,0.0,2300000.0,Jordan Beyer
411537,2020-06-30,19/20,467,1269,NEC Nijmegen,PEC Zwolle,0.0,800000.0,Zian Flemming
429790,2020-06-30,19/20,132,281,NAC Breda,Man City,0.0,1200000.0,Luka Ilic
460939,2020-06-30,19/20,235,1090,RKC Waalwijk,AZ Alkmaar,0.0,625000.0,Tijjani Reijnders
467623,2020-06-30,19/20,520,162,Cercle Brugge,Monaco,0.0,1300000.0,Lyle Foster
481084,2020-06-30,19/20,13222,366,CD Mirandés,Real Valladolid,0.0,650000.0,Marcos André
487969,2020-06-30,19/20,7042,995,US Boulogne,FC Nantes,0.0,300000.0,Randal Kolo Muani
494237,2020-06-30,19/20,1080,162,Stade Lavallois,Monaco,0.0,150000.0,Wilson Isidor
495666,2020-06-30,19/20,618,11,Saint-Étienne,Arsenal,0.0,22500000.0,William Saliba
577869,2020-06-30,19/20,40977,8733,Astorga,Celta Vigo B,0.0,,Ruly García
578419,2020-06-30,19/20,3631,17428,América,Juventud,0.0,3000000.0,Federico Viñas
581781,2020-06-30,19/20,24226,2969,Wolves U23,Dijon,0.0,4000000.0,Enzo Loiodice
605184,2020-06-30,19/20,33,131,FC Schalke 04,Barcelona,0.0,9000000.0,Jean-Clair Todibo
620696,2020-06-30,19/20,8519,8494,Sevilla Atl.,RCD Mallorca B ,0.0,150000.0,Ibrahim Diabate
693095,2020-06-30,19/20,3371,19715,Cheltenham,Hull City U23,0.0,,Jacob Greaves
823486,2020-06-30,19/20,53785,5232,Gozzano Youth,Juventus Youth,0.0,,Michael Kayode
798114,2020-06-01,19/20,14708,15037,São Paulo U20,Atlético-MG U20,0.0,,Calebe
52570,2020-05-31,19/20,371,180,Celtic,Southampton,0.0,6500000.0,Fraser Forster
246963,2020-05-31,19/20,991,1123,MK Dons,Norwich,0.0,150000.0,Carlton Morris
260841,2020-05-31,19/20,1194,39341,Rotherham,Leicester U23,0.0,400000.0,Daniel Iversen
314378,2020-05-31,19/20,352,39341,Swindon Town,Leicester U21,0.0,100000.0,Admiral Muskwe
403151,2020-05-31,19/20,1088,39336,Rochdale,Brighton U23,0.0,,Robert Sánchez
406556,2020-05-31,19/20,3537,39336,Crawley Town,Brighton U23,0.0,,Tom McGill
433818,2020-05-31,19/20,21652,352,Chippenham,Swindon Town,0.0,,Scott Twine
475188,2020-05-31,19/20,1181,39341,Blackpool,Leicester U23,0.0,,Kiernan Dewsbury-Hall
484389,2020-05-31,19/20,3820,9253,Mansfield Town,Newcastle U23,0.0,,Kell Watts
503749,2020-05-31,19/20,2454,12124,Doncaster,Aston Villa U23,0.0,,Jacob Ramsey
504581,2020-05-31,19/20,990,543,Coventry,Wolves,0.0,,Ryan Giles
543164,2020-05-31,19/20,1088,350,Rochdale,Sheff Utd,0.0,,Rhys Norrington-Davies
583255,2020-05-31,19/20,289,698,Sunderland,Bristol City,0.0,450000.0,Antoine Semenyo
623570,2020-05-31,19/20,4282,8824,Hyde United,Sheffield U23,0.0,,Iliman Ndiaye
646353,2020-05-31,19/20,8123,9606,Worthing,Brighton U18,0.0,,Carl Rushworth
647435,2020-05-31,19/20,22800,6697,Clitheroe,Preston U19,0.0,,Tyrhys Dolan
684210,2020-05-31,19/20,3822,38967,Weymouth FC,Bournemouth U23,0.0,,Jaidon Anthony
474701,2020-05-05,19/20,1268,2862,ADO Den Haag,Feyenoord U19,0.0,900000.0,Crysencio Summerville
85864,2020-05-04,19/20,114,31,Besiktas,Liverpool,0.0,3200000.0,Loris Karius
601883,2020-05-01,19/20,67909,336,Sporting CP U23,Sporting,,,Matheus Nunes
617018,2020-03-31,19/20,18385,3474,Team Wellington,Western Suburbs,0.0,75000.0,Marko Stamenić
646333,2020-03-27,19/20,34773,14648,Wimborne,Bournemouth U18,0.0,,Ben Greenwood
796303,2020-03-11,19/20,67853,50677,Wimbledon Yth.,Chelsea Youth,,,Leo Castledine
646333,2020-03-07,19/20,14648,34773,Bournemouth U18,Wimborne,0.0,,Ben Greenwood
392179,2020-03-03,19/20,1059,7945,Hammarby,Sirius,0.0,125000.0,Hjalmar Ekdal
268642,2020-02-28,19/20,720,6600,Porto,Internacional,0.0,4000000.0,Renzo Saravia
647435,2020-02-28,19/20,6697,22800,Preston U19,Clitheroe,0.0,,Tyrhys Dolan
559330,2020-02-21,19/20,2862,515,Feyenoord U19,Without Club,,,Salah Oulad
512354,2020-02-20,19/20,50683,67281,Arsenal Youth,Rangers FC U18,0.0,,Malcolm Ebiowei
583510,2020-02-14,19/20,8510,7078,Getafe CF B,Valladolid Prom,0.0,100000.0,Miguel Rubio
504849,2020-02-01,19/20,10711,9598,Tsukuba Univ.,Kawasaki Front.,0.0,50000.0,Kaoru Mitoma
1108203,2020-02-01,19/20,117444,102722,G. Gwangju ES,Mercantil Yth.,0.0,,Min-su Kim
282421,2020-01-31,19/20,1108,648,Alavés,CD Tenerife,0.0,400000.0,Javi Muñoz
287579,2020-01-31,19/20,276,430,Hellas Verona,Fiorentina,19500000.0,10000000.0,Sofyan Amrabat
287579,2020-01-31,19/20,430,276,Fiorentina,Hellas Verona,0.0,10000000.0,Sofyan Amrabat
293281,2020-01-31,19/20,16,533,Dortmund,Hoffenheim,9000000.0,12000000.0,Jacob Bruun Larsen
314875,2020-01-31,19/20,3008,379,Hull City,West Ham,21300000.0,10000000.0,Jarrod Bowen
340376,2020-01-31,19/20,2464,1075,Barcelona B,Braga,0.0,3000000.0,Abel Ruiz
346890,2020-01-31,19/20,26,409,Basel,Salzburg,11200000.0,8000000.0,Noah Okafor
380350,2020-01-31,19/20,2722,430,SPAL,Fiorentina,0.0,3000000.0,Igor Julio
433818,2020-01-31,19/20,352,21652,Swindon Town,Chippenham,0.0,,Scott Twine
462070,2020-01-31,19/20,6692,515,Novara,Without Club,,75000.0,Nicolás Fonseca
503749,2020-01-31,19/20,12124,2454,Aston Villa U23,Doncaster,0.0,,Jacob Ramsey
504581,2020-01-31,19/20,543,990,Wolves,Coventry,0.0,,Ryan Giles
504849,2020-01-31,19/20,9598,10711,Kawasaki Front.,Tsukuba Univ.,0.0,50000.0,Kaoru Mitoma
517894,2020-01-31,19/20,23826,44,Leipzig,Hertha BSC,18000000.0,13000000.0,Matheus Cunha
533916,2020-01-31,19/20,988,1148,Oxford United,Brentford,2250000.0,,Shandon Baptiste
534033,2020-01-31,19/20,189,1237,Boca Juniors,Brighton,0.0,12500000.0,Alexis Mac Allister
537382,2020-01-31,19/20,368,1244,Sevilla FC,CD Leganés,0.0,10000000.0,Bryan Gil
572265,2020-01-31,19/20,12130,458,Torino U19,Palermo,,125000.0,Lorenzo Lucca
583255,2020-01-31,19/20,698,289,Bristol City,Sunderland,0.0,500000.0,Antoine Semenyo
583510,2020-01-31,19/20,16486,8510,CF Fuenlabrada,Getafe CF B,0.0,100000.0,Miguel Rubio
598577,2020-01-31,19/20,21048,4713,1.FC Köln U17,Leverkusen U19,200000.0,,Florian Wirtz
640109,2020-01-31,19/20,866,5380,Nacional,Inter U19,2400000.0,,Martín Satriano
684210,2020-01-31,19/20,38967,3822,Bournemouth U23,Weymouth FC,0.0,,Jaidon Anthony
86784,2020-01-30,19/20,5,383,AC Milan,PSV,0.0,10000000.0,Ricardo Rodríguez
303657,2020-01-30,19/20,46,130,Inter,Parma,0.0,15000000.0,Ionuț Radu
333014,2020-01-30,19/20,1184,350,Genk,Sheff Utd,25000000.0,22000000.0,Sander Berge
337715,2020-01-30,19/20,12,669,Roma,Partizan,2000000.0,2500000.0,Umar Sadiq
364603,2020-01-30,19/20,1244,331,CD Leganés,CA Osasuna,0.0,2500000.0,José Manuel Arnáiz
398163,2020-01-30,19/20,1531,12,Elche CF,Roma,5000000.0,700000.0,Gonzalo Villar
520624,2020-01-30,19/20,679,1041,Athletico-PR,Lyon,20000000.0,20000000.0,Bruno Guimarães
111961,2020-01-29,19/20,5,368,AC Milan,Sevilla FC,0.0,30000000.0,Suso
240306,2020-01-29,19/20,336,985,Sporting,Man Utd,65000000.0,60000000.0,Bruno Fernandes
283628,2020-01-29,19/20,62,379,Slavia Praha,West Ham,0.0,10000000.0,Tomáš Souček
303657,2020-01-29,19/20,252,46,Genoa,Inter,0.0,15000000.0,Ionuț Radu
337715,2020-01-29,19/20,669,12,Partizan,Roma,0.0,2500000.0,Umar Sadiq
339816,2020-01-29,19/20,11000,1084,CD Lugo,Málaga CF,0.0,500000.0,Tete Morente
341051,2020-01-29,19/20,148,180,Tottenham,Southampton,0.0,10000000.0,Kyle Walker-Peters
413112,2020-01-29,19/20,40,162,G. Bordeaux,Monaco,18000000.0,14000000.0,Aurélien Tchouaméni
581781,2020-01-29,19/20,2969,24226,Dijon,Wolves U23,0.0,4500000.0,Enzo Loiodice
287579,2020-01-28,19/20,2282,276,Club Brugge,Hellas Verona,3650000.0,10000000.0,Sofyan Amrabat
314378,2020-01-28,19/20,39341,352,Leicester U21,Swindon Town,0.0,100000.0,Admiral Muskwe
365108,2020-01-28,19/20,417,527,Nice,Lausanne-Sport,0.0,1000000.0,Dan Ndoye
484389,2020-01-28,19/20,9253,3820,Newcastle U23,Mansfield Town,0.0,,Kell Watts
287579,2020-01-27,19/20,276,2282,Hellas Verona,Club Brugge,0.0,10000000.0,Sofyan Amrabat
365108,2020-01-27,19/20,527,417,Lausanne-Sport,Nice,,1000000.0,Dan Ndoye
428016,2020-01-27,19/20,9254,1063,Tottenham U23,Viborg FF,0.0,,Brandon Austin
454576,2020-01-27,19/20,1443,234,MSK Zilina,Feyenoord,4000000.0,1000000.0,Róbert Boženík
475188,2020-01-27,19/20,39341,1181,Leicester U23,Blackpool,0.0,,Kiernan Dewsbury-Hall
251896,2020-01-25,19/20,418,16795,Real Madrid,Granada CF,0.0,10000000.0,Jesús Vallejo
276111,2020-01-25,19/20,940,3302,Celta de Vigo,UD Almería,0.0,2000000.0,David Costas
293385,2020-01-25,19/20,419,23826,Dinamo Zagreb,Leipzig,34200000.0,35000000.0,Dani Olmo
186186,2020-01-24,19/20,603,931,Cardiff,Fulham,8900000.0,10000000.0,Bobby De Cordova-Reid
251896,2020-01-24,19/20,543,418,Wolves,Real Madrid,0.0,10000000.0,Jesús Vallejo
406556,2020-01-24,19/20,39336,3537,Brighton U23,Crawley Town,0.0,,Tom McGill
623570,2020-01-24,19/20,8824,4282,Sheffield U23,Hyde United,0.0,,Iliman Ndiaye
186186,2020-01-23,19/20,931,603,Fulham,Cardiff,0.0,10000000.0,Bobby De Cordova-Reid
288318,2020-01-23,19/20,367,714,Rayo Vallecano,Espanyol,10000000.0,4000000.0,Adrián Embarba
362086,2020-01-23,19/20,4032,367,Ponferradina,Rayo Vallecano,600000.0,700000.0,Isi Palazón
280730,2020-01-22,19/20,418,27,Real Madrid,Bayern Munich,0.0,20000000.0,Álvaro Odriozola
503686,2020-01-22,19/20,352,9249,Swindon Town,Arsenal U23,0.0,,Dan Ballard
128909,2020-01-21,19/20,703,350,Nottm Forest,Sheff Utd,,2500000.0,Jack Robinson
102423,2020-01-20,19/20,3709,714,Getafe,Espanyol,9000000.0,10000000.0,Leandro Cabrera
456292,2020-01-20,19/20,1063,1148,Viborg FF,Brentford,0.0,200000.0,Ellery Balcombe
14086,2020-01-17,19/20,985,46,Man Utd,Inter,1700000.0,4000000.0,Ashley Young
455181,2020-01-17,19/20,418,367,Real Madrid,Rayo Vallecano,0.0,2500000.0,Jorge de Frutos
504581,2020-01-17,19/20,3054,543,Shrewsbury,Wolves,0.0,,Ryan Giles
455181,2020-01-16,19/20,366,418,Real Valladolid,Real Madrid,0.0,2500000.0,Jorge de Frutos
470596,2020-01-16,19/20,9254,54704,Tottenham U23,Brentford B,,,Paris Maghoma
525438,2020-01-16,19/20,54585,34750,Sepsi OSK,Ripensia,0.0,50000.0,Horațiu Moldovan
559794,2020-01-16,19/20,148,1039,Tottenham,QPR,0.0,6000000.0,Jack Clarke
51321,2020-01-15,19/20,641,379,Middlesbrough,West Ham,4700000.0,4500000.0,Darren Randolph
404839,2020-01-15,19/20,418,2497,Real Madrid,Real Oviedo,0.0,3000000.0,Andriy Lunin
488362,2020-01-15,19/20,9250,2288,Chelsea U23,Swansea,0.0,2000000.0,Conor Gallagher
605184,2020-01-15,19/20,131,33,Barcelona,FC Schalke 04,0.0,10000000.0,Jean-Clair Todibo
342385,2020-01-14,19/20,3631,150,América,Real Betis,4000000.0,10000000.0,Guido Rodríguez
361254,2020-01-14,19/20,543,5358,Wolves,SD Huesca,0.0,3000000.0,Rafa Mir
403898,2020-01-14,19/20,18,41,Mönchengladbach,Hamburg,0.0,2500000.0,Jordan Beyer
404839,2020-01-14,19/20,366,418,Real Valladolid,Real Madrid,0.0,3000000.0,Andriy Lunin
488362,2020-01-14,19/20,358,9250,Charlton,Chelsea U23,0.0,2000000.0,Conor Gallagher
33873,2020-01-13,19/20,989,5,Bournemouth,AC Milan,0.0,5000000.0,Asmir Begovic
298197,2020-01-13,19/20,1108,3302,Alavés,UD Almería,0.0,1500000.0,Antonio Sivera
327126,2020-01-13,19/20,366,265,Real Valladolid,Panathinaikos,0.0,1500000.0,Anuar
361254,2020-01-13,19/20,703,543,Nott'm Forest,Wolves,0.0,3000000.0,Rafa Mir
371814,2020-01-13,19/20,31,79,Liverpool,VfB Stuttgart,0.0,800000.0,Nathaniel Phillips
415912,2020-01-13,19/20,11,4,Arsenal,1.FC Nuremberg,0.0,3000000.0,Konstantinos Mavropanos
661053,2020-01-13,19/20,1220,29,Carlisle United,Everton,1100000.0,,Jarrad Branthwaite
711337,2020-01-13,19/20,3234,2462,Tombense,Fluminense,0.0,50000.0,Evanilson
741142,2020-01-12,19/20,19445,12574,Godoy Cruz II,Godoy Cruz,,,Zaid Romero
275218,2020-01-10,19/20,209,11470,River Plate,O'Higgins,0.0,1200000.0,Augusto Batalla
392757,2020-01-10,19/20,631,2288,Chelsea,Swansea,0.0,1500000.0,Marc Guéhi
392765,2020-01-10,19/20,9249,1110,Arsenal U23,Huddersfield,0.0,3000000.0,Emile Smith Rowe
499604,2020-01-10,19/20,51663,515,Atlanta,Without Club,,450000.0,Dion Pereira
711337,2020-01-10,19/20,2462,3234,Fluminense,Tombense,,50000.0,Evanilson
162038,2020-01-09,19/20,294,714,Benfica,Espanyol,22500000.0,15000000.0,Raúl de Tomás
246963,2020-01-08,19/20,1123,991,Norwich,MK Dons,0.0,150000.0,Carlton Morris
497291,2020-01-08,19/20,1029,1025,Vélez Sarsfield,Bologna,0.0,17500000.0,Nicolás Domínguez
246963,2020-01-07,19/20,1194,1123,Rotherham,Norwich,0.0,150000.0,Carlton Morris
406560,2020-01-07,19/20,9252,2288,Liverpool U23,Swansea,0.0,4000000.0,Rhian Brewster
458178,2020-01-07,19/20,2804,1072,Barnet,Peterborough,570000.0,,Jack Taylor
861410,2020-01-06,19/20,43423,43426,Fenerbahce Yth.,Fenerbahce U16,,,Arda Güler
314288,2020-01-03,19/20,281,641,Man City,Middlesbrough,0.0,4000000.0,Lukas Nmecha
170472,2020-01-02,19/20,1010,16795,Watford,Granada CF,0.0,2500000.0,Dimitri Foulquier
243591,2020-01-02,19/20,7020,1150,CD Everton,Leyton Orient,0.0,250000.0,Lawrence Vigouroux
314288,2020-01-02,19/20,82,281,Wolfsburg,Man City,0.0,4000000.0,Lukas Nmecha
320271,2020-01-02,19/20,1049,331,Valencia,CA Osasuna,0.0,2000000.0,Toni Lato
340324,2020-01-02,19/20,399,11,Leeds,Arsenal,0.0,8000000.0,Eddie Nketiah
431755,2020-01-02,19/20,506,130,Juventus,Parma,0.0,25000000.0,Dejan Kulusevski
431755,2020-01-02,19/20,800,506,Atalanta,Juventus,39000000.0,25000000.0,Dejan Kulusevski
460939,2020-01-02,19/20,1090,235,AZ Alkmaar,RKC Waalwijk,0.0,700000.0,Tijjani Reijnders
73782,2020-01-01,19/20,16795,2352,Granada CF,CD América,0.0,1000000.0,Adrián Ramos
284854,2020-01-01,19/20,131,150,Barcelona,Real Betis,0.0,20000000.0,Carles Aleñá
320271,2020-01-01,19/20,383,1049,PSV,Valencia,0.0,2000000.0,Toni Lato
346478,2020-01-01,19/20,9254,148,Tottenham U23,Tottenham,,800000.0,Japhet Tanganga
392757,2020-01-01,19/20,9250,631,Chelsea U23,Chelsea,,1500000.0,Marc Guéhi
410708,2020-01-01,19/20,20116,399,Leeds United U23,Leeds,,,Pascal Struijk
418560,2020-01-01,19/20,409,16,Salzburg,Dortmund,20000000.0,45000000.0,Erling Haaland
429915,2020-01-01,19/20,43560,2282,FC Brügge U21,Club Brugge,,,Maxim De Cuyper
431755,2020-01-01,19/20,130,800,Parma,Atalanta,0.0,25000000.0,Dejan Kulusevski
432914,2020-01-01,19/20,14701,221,Santos B,Santos,,50000.0,John Victor
483348,2020-01-01,19/20,9256,641,Boro U23,Middlesbrough,,,Djed Spence
491616,2020-01-01,19/20,9540,221,Santos U20,Santos,,300000.0,Jackson Porozo
498237,2020-01-01,19/20,10789,1075,Braga B,Braga,,750000.0,David Carmo
502676,2020-01-01,19/20,663,6365,Dinamo Tbilisi,FC Locomotive,0.0,250000.0,Giorgi Mamardashvili
503679,2020-01-01,19/20,1195,9252,Kidderminster,Liverpool U23,0.0,,Rhys Williams
503680,2020-01-01,19/20,9252,31,Liverpool U23,Liverpool,,,Neco Williams
503733,2020-01-01,19/20,9261,29,Everton U23,Everton,,1500000.0,Anthony Gordon
535927,2020-01-01,19/20,15436,1189,St. Pat's U19,St. Pat's,,,Luke McNally
559794,2020-01-01,19/20,399,148,Leeds,Tottenham,0.0,6000000.0,Jack Clarke
560417,2020-01-01,19/20,4250,2035,Metropolitano,Avaí FC,0.0,,Alemão
561702,2020-01-01,19/20,44822,9899,Real Sociedad C,Real Sociedad B,,,Gaizka Ayesa
579295,2020-01-01,19/20,40593,7917,Malmö FF U17,Malmö FF U19,,,Melker Widell
595809,2020-01-01,19/20,67731,7378,Portimonense 23,Portimonense,,,Beto
605426,2020-01-01,19/20,40593,7917,Malmö FF U17,Malmö FF U19,,,Melker Ellborg
607223,2020-01-01,19/20,12764,1041,Olymp. Lyon B,Lyon,,8000000.0,Rayan Cherki
626724,2020-01-01,19/20,2462,1010,Fluminense,Watford,11500000.0,20000000.0,João Pedro
627626,2020-01-01,19/20,75868,5380,Inter U18,Inter U19,,,Wilfried Gnonto
640109,2020-01-01,19/20,16560,866,Nacional U19,Nacional,,,Martín Satriano
646710,2020-01-01,19/20,32805,45691,Vitesse Youth ,Vitesse U17,,,Sil Swinkels
659813,2020-01-01,19/20,39950,19309,Independiente B,Independiente,,100000.0,Piero Hincapié
661145,2020-01-01,19/20,59386,26468,La Guaira U20,Dep. La Guaira,,50000.0,Jon Aramburu
667287,2020-01-01,19/20,42331,16574,AIK U17,AIK U19,,,Yasin Ayari
683620,2020-01-01,19/20,32798,51654,Feyenoord Youth,Feyenoord U17,,,Antoni Milambo
687626,2020-01-01,19/20,39950,19309,Independiente B,Independiente,,50000.0,Moisés Caicedo
689505,2020-01-01,19/20,15083,6600,Inter U20,Internacional,,,Johnny Cardoso
711999,2020-01-01,19/20,99634,7874,Rennes Jugend,Rennes U19,,,Lesley Ugochukwu
716276,2020-01-01,19/20,24463,8172,Nacional U20,Atl. Nacional,,,Yerson Mosquera
724530,2020-01-01,19/20,15257,3930,Bray Academy,Bray Wanderers,,,Leigh Kavanagh
739443,2020-01-01,20/21,16658,609,Cruzeiro U20,Cruzeiro,,,Igor Thiago
743951,2020-01-01,19/20,27778,2419,River Plate U19,River Plate,,,Thiago Borbas
748319,2020-01-01,19/20,14857,1444,Racing Club II,Racing Club,,,Carlos Alcaraz
855256,2020-01-01,19/20,46453,14650,FC Guernsey,Bristol U18,,,Alex Scott
900195,2020-01-01,19/20,42746,14807,Desportivo U20,Palmeiras U20,0.0,,Kevin
903611,2020-01-01,19/20,25953,21812,CSNA U20,LDU Quito U20,,,Nilson Angulo
943560,2020-01-01,19/20,32265,34422,Ringmahon,Cork Academy,0.0,,Franco Umeh
33873,2019-12-31,19/20,10625,989,Qarabağ,Bournemouth,0.0,5000000.0,Asmir Begovic
153238,2019-12-31,19/20,472,3176,UD Las Palmas,BJ Guoan,0.0,6000000.0,Jonathan Viera
232964,2019-12-31,19/20,865,1148,FC Midtjylland,Brentford,0.0,1700000.0,Emiliano Marcondes
275218,2019-12-31,19/20,20514,209,La Calera,River Plate,0.0,1200000.0,Augusto Batalla
371814,2019-12-31,19/20,79,31,VfB Stuttgart,Liverpool,0.0,800000.0,Nathaniel Phillips
424042,2019-12-31,19/20,1418,14831,Rosario Central,Boca Juniors II,0.0,2500000.0,Nahuel Molina
502676,2019-12-31,19/20,1799,663,Rustavi,Dinamo Tbilisi,0.0,250000.0,Giorgi Mamardashvili
484389,2019-12-30,19/20,3684,9253,Stevenage,Newcastle U23,0.0,,Kell Watts
709347,2019-12-03,19/20,70473,70301,Roda U19,Extremadura U19,,,Antonio Alemán
375382,2019-12-01,19/20,15136,2420,Guimarães B,Vit. Guimarães,,300000.0,André Almeida
560417,2019-12-01,19/20,56221,4250,Fluminense-SC,Metropolitano,0.0,,Alemão
392179,2019-11-30,19/20,6012,1059,IK Frej Täby,Hammarby,0.0,125000.0,Hjalmar Ekdal
499604,2019-11-30,19/20,64328,51663,ATL UTD 2,Atlanta,0.0,450000.0,Dion Pereira
535927,2019-11-30,19/20,4277,15436,Drogheda United,St. Pat's U19,0.0,,Luke McNally
408471,2019-11-16,19/20,714,142,Espanyol,Real Zaragoza,0.0,1000000.0,Javi Puado
724520,2019-11-11,19/20,15066,7971,Hércules CF B,Hércules CF,,,Abde Ezzalzouli
608175,2019-11-07,19/20,8981,358,Bromley,Charlton,0.0,,Alfie Doughty
1078163,2019-11-05,19/20,52975,50683,West Ham Yth.,Arsenal Youth,0.0,,Ayden Heaven
707359,2019-11-01,19/20,25625,21164,RCD Mallorca Yo,Baleares U19,0.0,,Etienne Eto'o
617018,2019-10-02,19/20,3474,18385,Western Suburbs,Team Wellington,0.0,,Marko Stamenić
536794,2019-09-27,19/20,13286,11177,Chorley,Fleetwood,0.0,,Billy Crellin
638649,2019-09-24,19/20,16277,12806,Bury FC U18,Sheff Utd U18,,,Femi Seriki
478573,2019-09-12,19/20,8817,610,Ajax U21,Ajax,,5000000.0,Ryan Gravenberch
742201,2019-09-11,19/20,15108,31506,River Plate U20,Atl. Madrid U19,0.0,,Giuliano Simeone
608175,2019-09-07,19/20,358,8981,Charlton,Bromley,0.0,,Alfie Doughty
560417,2019-09-06,19/20,4250,56221,Metropolitano,Fluminense-SC,0.0,,Alemão
624258,2019-09-03,19/20,41143,6922,Dungannon U18,Liverpool U18,60000.0,,Conor Bradley
683840,2019-09-03,19/20,131,472,Barcelona,UD Las Palmas,0.0,,Pedri
33873,2019-09-02,19/20,989,10625,Bournemouth,Qarabağ,0.0,7000000.0,Asmir Begovic
120629,2019-09-02,19/20,583,418,PSG,Real Madrid,0.0,17500000.0,Alphonse Areola
126751,2019-09-02,19/20,237,472,RCD Mallorca,UD Las Palmas,0.0,2000000.0,Iñigo Ruiz de Galarreta
153238,2019-09-02,19/20,3176,472,BJ Guoan,UD Las Palmas,0.0,9000000.0,Jonathan Viera
198008,2019-09-02,19/20,5,24,AC Milan,Frankfurt,0.0,22000000.0,André Silva
232964,2019-09-02,19/20,1148,865,Brentford,FC Midtjylland,0.0,1500000.0,Emiliano Marcondes
314367,2019-09-02,19/20,9254,2420,Tottenham U23,Vit. Guimarães,150000.0,1250000.0,Marcus Edwards
322702,2019-09-02,19/20,1184,1096,KRC Genk,Royal Antwerp,3000000.0,4000000.0,Benson Manuel
367466,2019-09-02,19/20,336,1049,Sporting,Valencia,12000000.0,400000.0,Thierry Correia
381963,2019-09-02,19/20,467,403,NEC Nijmegen,Willem II,0.0,350000.0,Mike Tresor
411295,2019-09-02,19/20,336,273,Sporting,Stade Rennais,21000000.0,8000000.0,Raphinha
411537,2019-09-02,19/20,1269,467,PEC Zwolle,NEC Nijmegen,0.0,750000.0,Zian Flemming
456292,2019-09-02,19/20,1148,1063,Brentford,Viborg FF,0.0,50000.0,Ellery Balcombe
469781,2019-09-02,19/20,1775,234,San Lorenzo,Feyenoord,7000000.0,7000000.0,Marcos Senesi
484547,2019-09-02,19/20,9265,371,Man City U23,Celtic,380000.0,,Jeremie Frimpong
494237,2019-09-02,19/20,162,1080,Monaco,Stade Lavallois,0.0,150000.0,Wilson Isidor
505673,2019-09-02,19/20,13,897,Atlético,Dep. La Coruña,0.0,2500000.0,Víctor Mollejo
525578,2019-09-02,19/20,976,16486,União Madeira,CF Fuenlabrada,0.0,450000.0,Pathé Ciss
563137,2019-09-02,19/20,9669,9899,Monaco U19,Real Sociedad B,6000000.0,,Robert Navarro
620696,2019-09-02,19/20,8494,8519,RCD Mallorca B ,Sevilla Atl.,0.0,,Ibrahim Diabate
673492,2019-09-02,19/20,585,10330,São Paulo,Benfica B,7600000.0,50000.0,Morato
683840,2019-09-02,19/20,472,131,UD Las Palmas,Barcelona,23000000.0,,Pedri
126751,2019-09-01,19/20,472,237,UD Las Palmas,RCD Mallorca,,2000000.0,Iñigo Ruiz de Galarreta
358032,2019-09-01,19/20,2282,9715,Club Brugge,PSV U21,0.0,700000.0,Cyril Ngonge
395122,2019-08-31,19/20,1390,475,Cagliari,Sint-Truiden,810000.0,1400000.0,Santiago Colombatto
497291,2019-08-31,19/20,1025,1029,Bologna,Vélez Sarsfield,0.0,12500000.0,Nicolás Domínguez
281755,2019-08-30,19/20,3709,2687,Getafe,Cádiz CF,0.0,1200000.0,Iván Alejo
467623,2019-08-30,19/20,162,520,Monaco,Cercle Brugge,0.0,1000000.0,Lyle Foster
474701,2019-08-30,19/20,2862,1268,Feyenoord U19,ADO Den Haag,0.0,350000.0,Crysencio Summerville
481084,2019-08-30,19/20,366,13222,Real Valladolid,CD Mirandés,0.0,400000.0,Marcos André
497291,2019-08-30,19/20,1029,1025,Vélez Sarsfield,Bologna,10980000.0,12500000.0,Nicolás Domínguez
513031,2019-08-30,19/20,237,13222,RCD Mallorca,CD Mirandés,0.0,250000.0,Antonio Sánchez
40433,2019-08-29,19/20,985,46,Man Utd,Inter,0.0,35000000.0,Alexis Sánchez
340328,2019-08-29,19/20,41101,2969,Juventus U23,Dijon,0.0,550000.0,Stephy Mavididi
357628,2019-08-29,19/20,1532,8510,Albacete,Getafe CF B,0.0,200000.0,Alfon González
392591,2019-08-29,19/20,1148,1194,Brentford,Rotherham,,150000.0,Chiedozie Ogbene
481084,2019-08-29,19/20,7078,366,Valladolid Prom,Real Valladolid,,400000.0,Marcos André
578419,2019-08-29,19/20,17428,3631,Juventud,América,0.0,150000.0,Federico Viñas
649452,2019-08-28,19/20,48935,354,Rahimo FC,KV Mechelen,,,Issa Kaboré
639733,2019-08-27,19/20,70373,2470,Cornellà U19,Barça U19,,,Peque Fernández
459463,2019-08-26,19/20,1010,237,Watford,RCD Mallorca,0.0,10000000.0,Cucho Hernández
503987,2019-08-26,19/20,4575,9715,PSV U19,PSV U21,,,Noni Madueke
577869,2019-08-23,19/20,8733,40977,Celta Vigo B,Astorga,0.0,,Ruly García
52570,2019-08-22,19/20,180,371,Southampton,Celtic,0.0,8000000.0,Fraser Forster
287579,2019-08-22,19/20,2282,276,Club Brugge,Hellas Verona,0.0,3000000.0,Sofyan Amrabat
369962,2019-08-22,19/20,9715,468,PSV U21,Sparta R.,0.0,1000000.0,Joël Piroe
405398,2019-08-22,19/20,418,237,Real Madrid,RCD Mallorca,0.0,2000000.0,Takefusa Kubo
487969,2019-08-22,19/20,995,7042,FC Nantes,US Boulogne,0.0,300000.0,Randal Kolo Muani
193098,2019-08-21,19/20,367,150,Rayo Vallecano,Real Betis,9700000.0,12000000.0,Álex Moreno
438001,2019-08-19,19/20,2464,12321,Barcelona B,Girona,0.0,250000.0,Santiago Bueno
655136,2019-08-18,19/20,34773,14648,Wimborne,Bournemouth U18,0.0,,Cameron Plain
484389,2019-08-16,19/20,9253,3684,Newcastle U23,Stevenage,0.0,,Kell Watts
536794,2019-08-16,19/20,11177,13286,Fleetwood,Chorley,0.0,,Billy Crellin
448844,2019-08-15,19/20,21550,16795,Recre Granada,Granada CF,,200000.0,Carlos Neva
216464,2019-08-14,19/20,368,16795,Sevilla FC,Granada CF,0.0,2000000.0,Carlos Fernández
258475,2019-08-14,19/20,3325,3302,Chaves,UD Almería,0.0,1500000.0,Nikola Maras
268670,2019-08-14,19/20,1244,12321,CD Leganés,Girona,500000.0,2500000.0,Gerard Gumbau
278359,2019-08-14,19/20,714,150,Espanyol,Real Betis,28000000.0,28000000.0,Borja Iglesias
434990,2019-08-14,19/20,9899,2296,Real Sociedad B,CD Numancia,0.0,200000.0,Álex Sola
65318,2019-08-13,19/20,1050,1049,Villarreal,Valencia,0.0,4000000.0,Jaume Costa
70245,2019-08-13,19/20,3709,12321,Getafe,Girona,0.0,2000000.0,Ignasi Miquel
146310,2019-08-13,19/20,475,79,Sint-Truiden,Stuttgart,0.0,2000000.0,Wataru Endo
404839,2019-08-13,19/20,418,366,Real Madrid,Real Valladolid,0.0,7500000.0,Andriy Lunin
490421,2019-08-13,19/20,37993,11669,Watford U23,Cádiz CF B,0.0,50000.0,Momo Mbaye
14044,2019-08-12,19/20,641,31,Middlesbrough,Liverpool,0.0,250000.0,Andy Lonergan
85295,2019-08-12,19/20,347,3302,FC Metz,UD Almería,0.0,1000000.0,Iván Balliu
366930,2019-08-12,19/20,16,5358,Dortmund,SD Huesca,0.0,3000000.0,Sergio Gómez
553875,2019-08-12,19/20,281,366,Man City,Real Valladolid,0.0,10000000.0,Pedro Porro
607224,2019-08-11,19/20,107690,5242,AS Monaco U17,Man Utd U18,10000000.0,,Hannibal
357884,2019-08-09,19/20,366,714,Real Valladolid,Espanyol,8000000.0,10000000.0,Fernando Calero
447052,2019-08-09,19/20,621,897,Athletic,Dep. La Coruña,0.0,5000000.0,Peru Nolaskoain
14555,2019-08-08,19/20,22,281,Derby,Man City,0.0,2000000.0,Scott Carson
181687,2019-08-08,19/20,1039,1035,QPR,Sheff Wed,1100000.0,5000000.0,Massimo Luongo
184528,2019-08-08,19/20,1416,762,Amiens SC,Newcastle,5400000.0,2500000.0,Emil Krafth
186186,2019-08-08,19/20,603,931,Cardiff,Fulham,0.0,10000000.0,Bobby De Cordova-Reid
199527,2019-08-08,19/20,762,1035,Newcastle,Sheff Wed,0.0,6000000.0,Jacob Murphy
226973,2019-08-08,19/20,180,931,Southampton,Fulham,0.0,2000000.0,Harrison Reed
242631,2019-08-08,19/20,11,29,Arsenal,Everton,30400000.0,25000000.0,Alex Iwobi
263236,2019-08-08,19/20,167,180,Augsburg,Southampton,0.0,8000000.0,Kevin Danso
295313,2019-08-08,19/20,31,39,Liverpool,Mainz,0.0,4500000.0,Taiwo Awoniyi
324223,2019-08-08,19/20,405,1031,Aston Villa,Luton,0.0,1000000.0,James Bree
337284,2019-08-08,19/20,31,1032,Liverpool,Reading,0.0,900000.0,Ovie Ejaria
340324,2019-08-08,19/20,11,399,Arsenal,Leeds,0.0,8000000.0,Eddie Nketiah
342048,2019-08-08,19/20,379,984,West Ham,West Brom,0.0,5000000.0,Grady Diangana
346314,2019-08-08,19/20,9250,1110,Chelsea U23,Huddersfield,0.0,3000000.0,Trevoh Chalobah
348795,2019-08-08,19/20,150,148,Real Betis,Tottenham,0.0,50000000.0,Giovani Lo Celso
392775,2019-08-08,19/20,931,148,Fulham,Tottenham,27000000.0,35000000.0,Ryan Sessegnon
410225,2019-08-08,19/20,273,1010,Stade Rennais,Watford,30000000.0,30000000.0,Ismaïla Sarr
542586,2019-08-08,19/20,1158,399,FC Lorient,Leeds,0.0,5000000.0,Illan Meslier
553875,2019-08-08,19/20,12321,281,Girona,Man City,12000000.0,10000000.0,Pedro Porro
693095,2019-08-08,19/20,19715,3371,Hull City U23,Cheltenham,0.0,,Jacob Greaves
67063,2019-08-07,19/20,11,1010,Arsenal,Watford,0.0,12000000.0,Danny Welbeck
182712,2019-08-07,19/20,506,281,Juventus,Man City,65000000.0,55000000.0,João Cancelo
242606,2019-08-07,19/20,379,358,West Ham,Charlton,0.0,1000000.0,Josh Cullen
371814,2019-08-07,19/20,31,79,Liverpool,VfB Stuttgart,0.0,1000000.0,Nathaniel Phillips
391005,2019-08-07,19/20,190,1148,Copenhagen,Brentford,60000.0,250000.0,Mads Roerslev
55742,2019-08-06,19/20,989,931,Bournemouth,Fulham,0.0,7000000.0,Harry Arter
279455,2019-08-06,19/20,31,989,Liverpool,Bournemouth,0.0,12000000.0,Harry Wilson
338629,2019-08-06,19/20,58,3,RSC Anderlecht,1.FC Köln,8250000.0,4000000.0,Sebastiaan Bornauw
71271,2019-08-05,19/20,379,31,West Ham,Liverpool,0.0,3500000.0,Adrián San Miguel
177907,2019-08-05,19/20,1003,985,Leicester,Man Utd,87000000.0,50000000.0,Harry Maguire
217115,2019-08-05,19/20,1148,1237,Brentford,Brighton,15560000.0,12000000.0,Neal Maupay
413039,2019-08-05,19/20,1095,1148,Troyes,Brentford,6500000.0,3500000.0,Bryan Mbeumo
413262,2019-08-05,19/20,1050,5358,Villarreal,SD Huesca,0.0,2000000.0,Dani Raba
238407,2019-08-04,19/20,873,449,Crystal Palace,Trabzonspor,0.0,6000000.0,Alexander Sørloth
374139,2019-08-04,19/20,150,131,Real Betis,Barcelona,20000000.0,25000000.0,Junior Firpo
212847,2019-08-03,19/20,698,1237,Bristol City,Brighton,22220000.0,9000000.0,Adam Webster
314288,2019-08-03,19/20,281,82,Man City,Wolfsburg,0.0,1000000.0,Lukas Nmecha
404418,2019-08-03,19/20,430,197,Fiorentina,Sparta Prague,0.0,2500000.0,Dávid Hancko
245744,2019-08-02,19/20,11,669,Arsenal,Partizan,1000000.0,1500000.0,Takuma Asano
298477,2019-08-02,19/20,2288,350,Swansea,Sheff Utd,19100000.0,8000000.0,Oli McBurnie
334222,2019-08-02,19/20,416,1032,Torino,Reading,0.0,1500000.0,Lucas Boyé
487465,2019-08-02,19/20,398,543,Lazio,Wolves,17900000.0,2500000.0,Pedro Neto
488362,2019-08-02,19/20,9250,358,Chelsea U23,Charlton,0.0,,Conor Gallagher
34130,2019-08-01,19/20,1132,405,Burnley,Aston Villa,8800000.0,3000000.0,Tom Heaton
226049,2019-08-01,19/20,762,2288,Newcastle,Swansea,0.0,500000.0,Freddie Woodman
239949,2019-08-01,19/20,1020,1071,Portsmouth,Wigan,2700000.0,75000.0,Jamal Lowe
324882,2019-08-01,19/20,2282,405,Club Brugge,Aston Villa,12000000.0,6500000.0,Marvelous Nakamba
343052,2019-08-01,19/20,1082,11,Lille,Arsenal,80000000.0,65000000.0,Nicolas Pépé
355861,2019-08-01,19/20,2282,989,Club Brugge,Bournemouth,16460000.0,12000000.0,Arnaut Danjuma
468539,2019-08-01,19/20,119,10763,M. Tel Aviv,B TLV Bat Yam,0.0,,Daniel Peretz
503743,2019-08-01,19/20,6951,9265,West Brom U18,Man City U23,4400000.0,,Morgan Rogers
538006,2019-08-01,19/20,1010,13241,Watford,UD Ibiza,0.0,200000.0,Kwasi Sibo
591949,2019-08-01,19/20,67276,43,Hearts FC U18,Heart of Midl.,,,Aaron Hickey
624942,2019-08-01,19/20,39813,12816,Barça U18,Lazio U19,6000000.0,,Raúl Moro
658269,2019-08-01,19/20,11646,171,Murcia Imperial,Real Murcia,,,Víctor Meseguer
661427,2019-08-01,19/20,73380,35018,Bergen Nord,Brann II,,,David Møller Wolfe
696346,2019-08-01,19/20,18258,6942,Exeter U18,Fulham U18,,,Jay Stansfield
972465,2019-08-01,19/20,28705,9762,New York Pancyp,Red Storm,0.0,,Tani Oluwaseyi
1108471,2019-08-01,19/20,45617,50677,Monaco Youth,Chelsea Youth,0.0,,Landon Emenalo
243591,2019-07-31,19/20,352,7020,Swindon Town,CD Everton,0.0,250000.0,Lawrence Vigouroux
258878,2019-07-31,19/20,9265,164,Man City U23,Blackburn,0.0,3500000.0,Tosin Adarabioyo
503679,2019-07-31,19/20,9252,1195,Liverpool U23,Kidderminster,0.0,,Rhys Williams
636119,2019-07-31,19/20,28869,10980,Racing U19,Rayo Cantabria,,,Marco Camus
126665,2019-07-30,19/20,29,583,Everton,PSG,30000000.0,25000000.0,Idrissa Gueye
305274,2019-07-30,19/20,1028,2805,Millwall,Wycombe,,500000.0,Fred Onyedinma
361254,2019-07-30,19/20,543,703,Wolves,Nott'm Forest,0.0,3000000.0,Rafa Mir
730861,2019-07-30,19/20,83461,62652,Hódmez. Jgd,Győr U17,0.0,,Milos Kerkez
298976,2019-07-29,19/20,418,3368,Real Madrid,Levante,0.0,4000000.0,Borja Mayoral
565822,2019-07-28,19/20,6942,9252,Fulham U18,Liverpool U23,1700000.0,,Harvey Elliott
251896,2019-07-27,19/20,418,543,Real Madrid,Wolves,0.0,10000000.0,Jesús Vallejo
361093,2019-07-27,19/20,8817,306,Ajax U21,Heerenveen,0.0,300000.0,Sven Botman
218087,2019-07-26,19/20,703,350,Nottm Forest,Sheff Utd,3900000.0,3000000.0,Ben Osborn
243760,2019-07-26,19/20,142,648,Real Zaragoza,CD Tenerife,0.0,500000.0,Álex Muñoz
258919,2019-07-26,19/20,9251,350,Man Utd U23,Sheff Utd,0.0,2500000.0,Dean Henderson
328480,2019-07-26,19/20,3368,7179,Levante,Tondela,0.0,300000.0,Pepelu
378293,2019-07-26,19/20,281,16795,Man City,Granada CF,0.0,2000000.0,Yangel Herrera
495666,2019-07-26,19/20,11,618,Arsenal,Saint-Étienne,0.0,12000000.0,William Saliba
590690,2019-07-26,19/20,11603,7078,Depor Fabril,Valladolid Prom,0.0,250000.0,Víctor García
108354,2019-07-25,19/20,2288,873,Swansea,Crystal Palace,2800000.0,8000000.0,Jordan Ayew
286047,2019-07-25,19/20,1390,839,Cagliari,Perugia,0.0,800000.0,Guglielmo Vicario
319745,2019-07-25,19/20,418,11,Real Madrid,Arsenal,0.0,30000000.0,Dani Ceballos
325443,2019-07-25,19/20,1237,35,Brighton,St. Pauli,0.0,500000.0,Viktor Gyökeres
406040,2019-07-25,19/20,29,23826,Everton,Leipzig,18000000.0,20000000.0,Ademola Lookman
447661,2019-07-25,19/20,281,405,Man City,Aston Villa,16800000.0,2500000.0,Douglas Luiz
495666,2019-07-25,19/20,618,11,Saint-Étienne,Arsenal,30000000.0,12000000.0,William Saliba
583510,2019-07-25,19/20,8510,16486,Getafe CF B,CF Fuenlabrada,0.0,,Miguel Rubio
689637,2019-07-25,19/20,25625,39813,RCD Mallorca Yo,Barça U18,0.0,,Chadi Riad
111508,2019-07-24,19/20,984,3709,West Brom,Getafe,3000000.0,3000000.0,Allan Nyom
403151,2019-07-24,19/20,39336,1088,Brighton U23,Rochdale,0.0,,Robert Sánchez
74294,2019-07-23,19/20,10948,368,GZ Evergrande,Sevilla FC,0.0,6500000.0,Nemanja Gudelj
203496,2019-07-23,19/20,1041,150,Olympique Lyon,Real Betis,19750000.0,60000000.0,Nabil Fekir
333241,2019-07-23,19/20,533,762,Hoffenheim,Newcastle,43500000.0,35000000.0,Joelinton
412829,2019-07-23,19/20,8515,21676,Saint-Étienne B,Andrézieux,0.0,,Léo Pétrot
481084,2019-07-23,19/20,15064,7078,Guaratinguetá,Valladolid Prom,500000.0,400000.0,Marcos André
520840,2019-07-23,19/20,11972,18669,Villarreal CF B,Penya Deportiva,0.0,50000.0,José Copete
566931,2019-07-23,19/20,14321,6326,Barça U16,Paris SG U19,0.0,,Xavi Simons
606576,2019-07-23,19/20,52211,6326,Prata Falchi,Paris SG U19,0.0,,Denis Franchi
95641,2019-07-22,19/20,150,331,Real Betis,CA Osasuna,1000000.0,2000000.0,Darko Brasanac
260841,2019-07-22,19/20,39341,1194,Leicester U23,Rotherham,0.0,500000.0,Daniel Iversen
302371,2019-07-22,19/20,9267,3329,West Ham U23,Famalicão,0.0,1200000.0,Toni Martínez
392771,2019-07-22,19/20,631,23826,Chelsea,Leipzig,0.0,10000000.0,Ethan Ampadu
511021,2019-07-22,19/20,11615,1532,CD Guijuelo,Albacete,180000.0,250000.0,Manu Fuster
526050,2019-07-22,19/20,11090,4523,Platense FC,Marathón,,,Kervin Arriaga
392179,2019-07-20,19/20,1059,6012,Hammarby,IK Frej Täby,0.0,125000.0,Hjalmar Ekdal
567504,2019-07-20,19/20,15173,8889,Belenenses U19,Benfica U19,,,Guilherme Fernandes
289257,2019-07-19,19/20,681,13222,Real Sociedad,CD Mirandés,0.0,250000.0,Jon Guridi
289272,2019-07-19,19/20,681,13222,Real Sociedad,CD Mirandés,0.0,400000.0,Martín Merquelanz
349503,2019-07-19,19/20,990,349,Coventry,Barnsley,,200000.0,Conor Chaplin
392179,2019-07-19,19/20,6012,1059,IK Frej Täby,Hammarby,,125000.0,Hjalmar Ekdal
175449,2019-07-18,19/20,2448,1050,Sporting Gijón,Villarreal,1300000.0,5000000.0,Moi Gómez
284857,2019-07-18,19/20,131,3709,Barcelona,Getafe,0.0,10000000.0,Marc Cucurella
288323,2019-07-18,19/20,2963,1020,Burton Albion,Portsmouth,,100000.0,Marcus Harness
293388,2019-07-18,19/20,20116,7078,Leeds United U23,Valladolid Prom,0.0,300000.0,Oriol Rey
298091,2019-07-18,19/20,512,11177,Stoke City,Fleetwood,0.0,200000.0,Harry Souttar
326031,2019-07-18,19/20,610,506,Ajax,Juventus,85500000.0,75000000.0,Matthijs de Ligt
390688,2019-07-18,19/20,24420,8510,UD Logroñés,Getafe CF B,100000.0,300000.0,Juan Iglesias
431755,2019-07-18,19/20,800,130,Atalanta,Parma,0.0,1000000.0,Dejan Kulusevski
506470,2019-07-18,19/20,9261,3008,Everton U23,Hull City,0.0,,Josh Bowler
655136,2019-07-18,19/20,14648,34773,Bournemouth U18,Wimborne,0.0,,Cameron Plain
95810,2019-07-17,19/20,148,13,Tottenham,Atlético,22000000.0,35000000.0,Kieran Trippier
286047,2019-07-17,19/20,607,1390,Venezia,Cagliari,2000000.0,800000.0,Guglielmo Vicario
318508,2019-07-17,19/20,417,383,Nice,PSV,2000000.0,3000000.0,Olivier Boscagli
527972,2019-07-17,19/20,4054,12317,Orihuela CF,Elche Ilicitano,0.0,,Mourad El Ghezouani
236953,2019-07-16,19/20,379,1123,West Ham,Norwich,830000.0,3500000.0,Sam Byram
284857,2019-07-16,19/20,1533,131,SD Eibar,Barcelona,4000000.0,10000000.0,Marc Cucurella
356197,2019-07-16,19/20,1050,150,Villarreal,Real Betis,0.0,22000000.0,Alfonso Pedraza
81999,2019-07-15,19/20,762,1108,Newcastle,Alavés,2240000.0,4000000.0,Joselu
127181,2019-07-15,19/20,969,162,Montpellier,Monaco,13500000.0,17000000.0,Benjamin Lecomte
349701,2019-07-15,19/20,9261,1071,Everton U23,Wigan,2200000.0,1000000.0,Antonee Robinson
500067,2019-07-15,19/20,76,306,Vålerenga,Heerenveen,2000000.0,400000.0,Chidera Ejuke
125781,2019-07-14,19/20,13,131,Atlético,Barcelona,120000000.0,130000000.0,Antoine Griezmann
257376,2019-07-14,19/20,336,16795,Sporting,Granada CF,3490000.0,2500000.0,Domingos Duarte
396894,2019-07-14,19/20,940,1049,Celta de Vigo,Valencia,14500000.0,40000000.0,Maxi Gómez
608382,2019-07-14,19/20,6767,1532,RM Castilla,Albacete,0.0,,Adrián Rodríguez
303657,2019-07-13,19/20,46,252,Inter,Genoa,0.0,15000000.0,Ionuț Radu
355915,2019-07-13,19/20,506,252,Juventus,Genoa,0.0,15000000.0,Cristian Romero
506248,2019-07-13,19/20,897,1533,Dep. La Coruña,SD Eibar,4000000.0,4000000.0,Edu Expósito
217144,2019-07-12,19/20,6767,237,RM Castilla,RCD Mallorca,0.0,4000000.0,Aleix Febas
237499,2019-07-12,19/20,6112,237,Piast Gliwice,RCD Mallorca,0.0,900000.0,Aleksandar Sedlar
258987,2019-07-12,19/20,801,2698,IFK Göteborg,Rubin Kazan,1500000.0,800000.0,Carl Starfelt
260827,2019-07-12,19/20,1038,1041,Sampdoria,Lyon,24000000.0,25000000.0,Joachim Andersen
303657,2019-07-12,19/20,252,46,Genoa,Inter,11500000.0,15000000.0,Ionuț Radu
355915,2019-07-12,19/20,252,506,Genoa,Juventus,31500000.0,15000000.0,Cristian Romero
661207,2019-07-12,19/20,51888,6930,Vålerenga Yth.,Man City U18,,,Oscar Bobb
129674,2019-07-11,19/20,16,6574,Dortmund,Sassuolo,0.0,3000000.0,Jeremy Toljan
255495,2019-07-11,19/20,1533,11596,SD Eibar,AD Alcorcón,0.0,400000.0,Unai Elgezabal
358250,2019-07-11,19/20,1184,940,Genk,Celta de Vigo,8000000.0,4000000.0,Joseph Aidoo
413403,2019-07-11,19/20,1148,405,Brentford,Aston Villa,13300000.0,3500000.0,Ezri Konsa
286415,2019-07-10,19/20,150,12,Real Betis,Roma,23500000.0,20000000.0,Pau López
319859,2019-07-10,19/20,940,1148,Celta de Vigo,Brentford,3800000.0,2500000.0,Mathias Jensen
336077,2019-07-10,19/20,868,36,Ankaragücü,Fenerbahçe,1500000.0,600000.0,Altay Bayındır
53360,2019-07-09,19/20,984,1132,West Brom,Burnley,10000000.0,10000000.0,Jay Rodríguez
466807,2019-07-09,19/20,39813,2470,Barça U18,Barça U19,,,Adrià Altimira
129374,2019-07-08,19/20,2867,7077,Recr. Huelva,FC Cartagena,0.0,300000.0,Marc Martínez
249565,2019-07-08,19/20,162,1003,Monaco,Leicester,45000000.0,38000000.0,Youri Tielemans
253677,2019-07-08,19/20,989,405,Bournemouth,Aston Villa,22300000.0,5000000.0,Tyrone Mings
504855,2019-07-08,19/20,3054,2964,Shrewsbury,Scunthorpe Utd.,0.0,,John McAtee
256267,2019-07-07,19/20,126,36,C. Rizespor,Fenerbahçe,5600000.0,2500000.0,Vedat Muriqi
607223,2019-07-07,19/20,7813,12764,Olymp. Lyon U19,Olymp. Lyon B,,,Rayan Cherki
64598,2019-07-06,19/20,12321,714,Girona,Espanyol,0.0,6000000.0,Bernardo Espinosa
262749,2019-07-06,19/20,164,1148,Blackburn,Brentford,3350000.0,1500000.0,David Raya
251892,2019-07-05,19/20,368,1244,Sevilla FC,CD Leganés,0.0,2500000.0,Juan Soriano
316264,2019-07-05,19/20,418,681,Real Madrid,Real Sociedad,0.0,15000000.0,Martin Ødegaard
320271,2019-07-05,19/20,1049,383,Valencia,PSV,0.0,5000000.0,Toni Lato
343463,2019-07-05,19/20,114,3508,Besiktas,Zulte Waregem,0.0,1250000.0,Cyle Larin
420808,2019-07-05,19/20,2727,1003,OH Leuven,Leicester,,500000.0,George Hirst
568835,2019-07-05,19/20,11596,11516,AD Alcorcón,Atl. Levante,0.0,250000.0,Pablo Martínez
569384,2019-07-05,19/20,750,46,FC Sochaux,Inter,4500000.0,3500000.0,Lucien Agoumé
610238,2019-07-05,19/20,18687,8519,Atl. Baleares,Sevilla Atl.,150000.0,100000.0,Pedro Ortiz
238868,2019-07-04,19/20,1533,1050,SD Eibar,Villarreal,8000000.0,10000000.0,Rubén Peña
246968,2019-07-04,19/20,762,1003,Newcastle,Leicester,33400000.0,20000000.0,Ayoze Pérez
357565,2019-07-04,19/20,13,281,Atlético,Man City,70000000.0,80000000.0,Rodri
378139,2019-07-04,19/20,150,1244,Real Betis,CD Leganés,0.0,1500000.0,Aitor Ruibal
162038,2019-07-03,19/20,418,294,Real Madrid,Benfica,20000000.0,20000000.0,Raúl de Tomás
162056,2019-07-03,19/20,5358,3368,SD Huesca,Levante,3600000.0,4000000.0,Gonzalo Melero
376856,2019-07-03,19/20,2964,1302,Scunthorpe Utd.,Northampton,,100000.0,Charlie Goode
394236,2019-07-03,19/20,434,1283,FC Luzern,FC Emmen,0.0,750000.0,Filip Ugrinic
411975,2019-07-03,19/20,40,368,G. Bordeaux,Sevilla FC,35000000.0,15000000.0,Jules Koundé
503686,2019-07-03,19/20,9249,352,Arsenal U23,Swindon Town,0.0,,Dan Ballard
559794,2019-07-03,19/20,148,399,Tottenham,Leeds,0.0,6000000.0,Jack Clarke
646353,2019-07-03,19/20,9606,8123,Brighton U18,Worthing,0.0,,Carl Rushworth
74230,2019-07-02,19/20,368,583,Sevilla FC,PSG,18000000.0,40000000.0,Pablo Sarabia
199369,2019-07-02,19/20,29,366,Everton,Real Valladolid,0.0,4000000.0,Sandro Ramírez
243879,2019-07-02,19/20,504,1290,Grasshoppers,Grenoble,400000.0,750000.0,Charles Pickel
337715,2019-07-02,19/20,12,669,Roma,Partizan,0.0,1400000.0,Umar Sadiq
423443,2019-07-02,19/20,1049,3329,Valencia,Famalicão,0.0,1000000.0,Álex Centelles
442248,2019-07-02,19/20,349,1148,Barnsley,Brentford,3350000.0,500000.0,Ethan Pinnock
450050,2019-07-02,19/20,826,667,Lens,R. Strasbourg,2000000.0,1500000.0,Jean-Ricner Bellegarde
455181,2019-07-02,19/20,418,366,Real Madrid,Real Valladolid,0.0,5000000.0,Jorge de Frutos
543164,2019-07-02,19/20,350,1088,Sheff Utd,Rochdale,0.0,,Rhys Norrington-Davies
559794,2019-07-02,19/20,399,148,Leeds,Tottenham,11000000.0,6000000.0,Jack Clarke
627442,2019-07-02,19/20,409,37024,Salzburg,FC Liefering,0.0,,Benjamin Sesko
655488,2019-07-02,19/20,4773,11,Ituano,Arsenal,7100000.0,,Gabriel Martinelli
46413,2019-07-01,19/20,4083,237,Crotone,RCD Mallorca,2200000.0,1400000.0,Ante Budimir
51471,2019-07-01,19/20,418,631,Real Madrid,Chelsea,45000000.0,35000000.0,Mateo Kovacic
99353,2019-07-01,19/20,12321,681,Girona,Real Sociedad,10000000.0,10000000.0,Portu
120705,2019-07-01,19/20,11000,12321,CD Lugo,Girona,0.0,500000.0,Juan Carlos
121254,2019-07-01,19/20,349,512,Barnsley FC,Stoke City,0.0,500000.0,Adam Davies
121477,2019-07-01,19/20,984,1010,West Brom,Watford,6000000.0,6000000.0,Craig Dawson
126737,2019-07-01,19/20,681,150,Real Sociedad,Real Betis,8000000.0,8000000.0,Juanmi
134294,2019-07-01,19/20,31,180,Liverpool,Southampton,25100000.0,15000000.0,Danny Ings
136401,2019-07-01,19/20,1148,698,Brentford,Bristol City,2200000.0,1500000.0,Daniel Bentley
144028,2019-07-01,19/20,1184,1237,Genk,Brighton,15560000.0,16000000.0,Leandro Trossard
148367,2019-07-01,19/20,430,1148,Fiorentina,Brentford,3500000.0,2000000.0,Christian Nørgaard
156501,2019-07-01,19/20,720,13,FC Porto,Atlético Madrid,20000000.0,20000000.0,Felipe
165007,2019-07-01,19/20,131,940,Barcelona,Celta de Vigo,12900000.0,12000000.0,Denis Suárez
167721,2019-07-01,19/20,1775,331,San Lorenzo,CA Osasuna,2700000.0,5000000.0,Chimy Ávila
168157,2019-07-01,19/20,58,543,RSC Anderlecht,Wolves,13800000.0,18000000.0,Leander Dendoncker
184528,2019-07-01,19/20,1025,1416,Bologna,Amiens SC,2000000.0,2500000.0,Emil Krafth
203043,2019-07-01,19/20,472,1533,UD Las Palmas,SD Eibar,3000000.0,3000000.0,Pedro Bigas
203516,2019-07-01,19/20,1154,1531,Red Star FC,Elche CF,0.0,400000.0,Nuke Mfulu
206040,2019-07-01,19/20,294,543,Benfica,Wolves,38000000.0,35000000.0,Raúl Jiménez
207742,2019-07-01,19/20,2455,358,Bristol Rovers,Charlton,0.0,250000.0,Tom Lockyer
212723,2019-07-01,19/20,452,24,Young Boys,Frankfurt,14000000.0,9000000.0,Djibril Sow
212862,2019-07-01,19/20,621,681,Athletic Club,Real Sociedad,0.0,1500000.0,Álex Remiro
213260,2019-07-01,19/20,3368,331,Levante,CA Osasuna,3500000.0,3500000.0,Rubén García
215810,2019-07-01,19/20,1028,3716,Millwall,Newport County,0.0,100000.0,Tom King
225593,2019-07-01,19/20,1533,1531,SD Eibar,Elche CF,0.0,700000.0,Pere Milla
233124,2019-07-01,19/20,543,405,Wolves,Aston Villa,3400000.0,1000000.0,Kortney Hause
236490,2019-07-01,19/20,631,416,Chelsea,Torino,9800000.0,10000000.0,Ola Aina
240692,2019-07-01,19/20,2457,1082,B SAD,Lille,3000000.0,600000.0,Reinildo Mandava
246963,2019-07-01,19/20,1123,1194,Norwich,Rotherham,0.0,150000.0,Carlton Morris
249994,2019-07-01,19/20,720,683,Porto,Olympiacos,2500000.0,2500000.0,José Sá
250478,2019-07-01,19/20,180,405,Southampton,Aston Villa,15500000.0,7000000.0,Matt Targett
251876,2019-07-01,19/20,79,12321,Stuttgart,Girona,0.0,4500000.0,Pablo Maffeo
251897,2019-07-01,19/20,6688,621,Bilbao Athletic,Athletic,,2000000.0,Asier Villalibre
252667,2019-07-01,19/20,5648,2687,Gimnàstic,Cádiz CF,250000.0,800000.0,Fali
254037,2019-07-01,19/20,13702,2687,R. Majadahonda,Cádiz CF,0.0,700000.0,Iza Carcelén
263727,2019-07-01,19/20,1533,368,SD Eibar,Sevilla FC,14000000.0,12000000.0,Joan Jordán
268642,2019-07-01,19/20,1444,720,Racing Club,Porto,5500000.0,5000000.0,Renzo Saravia
277384,2019-07-01,19/20,862,237,Chievo Verona,RCD Mallorca,1500000.0,1500000.0,Martin Valjent
278837,2019-07-01,19/20,3302,1108,UD Almería,Alavés,2000000.0,1500000.0,Luis Rioja
282411,2019-07-01,19/20,418,13,Real Madrid,Atlético,30000000.0,20000000.0,Marcos Llorente
282823,2019-07-01,19/20,9254,148,Tottenham U23,Tottenham,,,Alfie Whiteman
284857,2019-07-01,19/20,131,1533,Barcelona,SD Eibar,2000000.0,10000000.0,Marc Cucurella
291417,2019-07-01,19/20,1041,418,Lyon,Real Madrid,48000000.0,30000000.0,Ferland Mendy
297194,2019-07-01,19/20,8733,940,Celta Vigo B,Celta de Vigo,,300000.0,Iván Villar
297257,2019-07-01,19/20,9043,371,Celtic B,Celtic,,100000.0,Mikey Johnston
303657,2019-07-01,19/20,46,252,Inter,Genoa,8000000.0,15000000.0,Ionuț Radu
314288,2019-07-01,19/20,9265,281,Man City U23,Man City,,1000000.0,Lukas Nmecha
319301,2019-07-01,19/20,2288,985,Swansea,Man Utd,17800000.0,12000000.0,Daniel James
319900,2019-07-01,19/20,9262,899,Fulham U21,Walsall,0.0,,Elijah Adebayo
326330,2019-07-01,19/20,610,131,Ajax,Barcelona,86000000.0,85000000.0,Frenkie de Jong
326416,2019-07-01,19/20,2296,1531,CD Numancia,Elche CF,0.0,800000.0,Dani Calvo
328480,2019-07-01,19/20,11516,3368,Atl. Levante,Levante,,300000.0,Pepelu
335721,2019-07-01,19/20,1237,399,Brighton,Leeds,0.0,,Ben White
337917,2019-07-01,19/20,39822,28870,Real Madrid U18,Real Madrid U19,,,Théo Zidane
339816,2019-07-01,19/20,5648,11000,Gimnàstic,CD Lugo,,500000.0,Tete Morente
340325,2019-07-01,19/20,9249,11,Arsenal U23,Arsenal,,17000000.0,Reiss Nelson
340329,2019-07-01,19/20,9249,11,Arsenal U23,Arsenal,,,Joe Willock
340918,2019-07-01,19/20,9252,31,Liverpool U23,Liverpool,,,Caoimhín Kelleher
344830,2019-07-01,19/20,9251,985,Man Utd U23,Man Utd,,,Tahith Chong
345886,2019-07-01,19/20,434,167,FC Luzern,Augsburg,4000000.0,4000000.0,Rubén Vargas
345911,2019-07-01,19/20,5225,197,Zbrojovka Brno,Sparta Prague,310000.0,300000.0,Ladislav Krejčí
346483,2019-07-01,19/20,9250,631,Chelsea U23,Chelsea,,12000000.0,Mason Mount
348795,2019-07-01,19/20,583,150,PSG,Real Betis,22000000.0,50000000.0,Giovani Lo Celso
349066,2019-07-01,19/20,16,681,Dortmund,Real Sociedad,15000000.0,8000000.0,Alexander Isak
349884,2019-07-01,19/20,14707,2497,Oviedo Vetusta,Real Oviedo,,250000.0,Lucas Ahijado
351809,2019-07-01,19/20,9899,681,Real Sociedad B,Real Sociedad,,4000000.0,Robin Le Normand
353032,2019-07-01,19/20,2063,26,Huracán,Basel,1700000.0,900000.0,Omar Alderete
357885,2019-07-01,19/20,1050,379,Villarreal,West Ham,28000000.0,25000000.0,Pablo Fornals
358032,2019-07-01,19/20,43560,2282,FC Brügge U21,Club Brugge,,700000.0,Cyril Ngonge
362108,2019-07-01,19/20,1011,202,Halmstads BK,FC Groningen,,300000.0,Gabriel Gudmundsson
363057,2019-07-01,19/20,12331,2448,Sporting B,Sporting Gijón,,300000.0,Pedro Díaz
367466,2019-07-01,19/20,67909,336,Sporting CP U23,Sporting,,400000.0,Thierry Correia
371814,2019-07-01,19/20,9252,31,Liverpool U23,Liverpool,,,Nathaniel Phillips
377219,2019-07-01,19/20,29228,3057,Mouscron,Standard Liège,1500000.0,1500000.0,Selim Amallah
378139,2019-07-01,19/20,2865,150,Betis Deportivo,Real Betis,,1500000.0,Aitor Ruibal
380350,2019-07-01,19/20,409,2722,Salzburg,SPAL,3000000.0,1500000.0,Igor Julio
381753,2019-07-01,19/20,2491,86,W. Bremen U19,Werder Bremen,,,Ilia Gruev
385848,2019-07-01,19/20,1078,124,Oldham Athletic,Rangers,785000.0,50000.0,George Edmundson
388513,2019-07-01,19/20,2470,16,Barça U19,Dortmund,0.0,300000.0,Mateu Morey
392770,2019-07-01,19/20,9251,985,Man Utd U23,Man Utd,,,Angel Gomes
395234,2019-07-01,19/20,10850,995,FC Nantes B,FC Nantes,,,Batista Mendy
400536,2019-07-01,19/20,8815,206,Bröndby IF U19,Bröndby IF,,75000.0,Mads Hermansen
401320,2019-07-01,19/20,29990,984,West Brom U23,West Brom,,,Dara O'Shea
401530,2019-07-01,19/20,720,418,Porto,Real Madrid,50000000.0,50000000.0,Éder Militão
405398,2019-07-01,19/20,6631,418,FC Tokyo,Real Madrid,0.0,2000000.0,Takefusa Kubo
406634,2019-07-01,19/20,9262,931,Fulham U23,Fulham,,,Matt O'Riley
407021,2019-07-01,19/20,2414,349,AC Horsens,Barnsley FC,1000000.0,350000.0,Mads Andersen
412363,2019-07-01,19/20,221,418,Santos,Real Madrid,45000000.0,40000000.0,Rodrygo
413220,2019-07-01,19/20,1031,1003,Luton,Leicester,6700000.0,,James Justin
417913,2019-07-01,19/20,11610,472,Las Palmas Atl.,UD Las Palmas,,100000.0,Álvaro Valles
419648,2019-07-01,19/20,669,6621,Partizan,Cukaricki,0.0,450000.0,Veljko Birmancevic
423443,2019-07-01,19/20,6182,1049,Valencia B,Valencia,,1000000.0,Álex Centelles
424015,2019-07-01,19/20,67281,12573,Rangers FC U18,Rangers B,,,Nathan Patterson
433177,2019-07-01,19/20,9249,11,Arsenal U23,Arsenal,,,Bukayo Saka
434223,2019-07-01,19/20,33614,1123,Norwich City U23,Norwich,,,Adam Idah
441170,2019-07-01,19/20,2969,336,Dijon,Sporting,5000000.0,8000000.0,Valentin Rosier
443222,2019-07-01,19/20,131,331,Barcelona,CA Osasuna,2500000.0,1500000.0,Marc Cardona
444641,2019-07-01,19/20,6930,9265,Man City U18,Man City U23,,,Louie Moulden
447052,2019-07-01,19/20,6688,621,Bilbao Athletic,Athletic,,5000000.0,Peru Nolaskoain
452483,2019-07-01,19/20,11263,37024,AKA Salzb. U18,FC Liefering,,,David Affengruber
455181,2019-07-01,19/20,6767,418,RM Castilla,Real Madrid,,5000000.0,Jorge de Frutos
455661,2019-07-01,19/20,21079,2491,W. Bremen U17,W. Bremen U19,,,Nick Woltemade
461617,2019-07-01,19/20,31506,3679,Atl. Madrid U19,Atl. Madrileño,,,Rodrigo Riquelme
465967,2019-07-01,19/20,9899,681,Real Sociedad B,Real Sociedad,,2500000.0,Ander Guevara
466794,2019-07-01,19/20,9265,281,Man City U23,Man City,,,Eric García
466801,2019-07-01,19/20,39813,21246,Barça U18,Sabadell U19,0.0,,Sergi Altimira
468198,2019-07-01,19/20,358,124,Charlton,Rangers,0.0,200000.0,Joe Aribo
468539,2019-07-01,19/20,19856,119,M. Tel Aviv U19,M. Tel Aviv,,,Daniel Peretz
469050,2019-07-01,19/20,24219,512,Stoke City U23,Stoke City,,,Nathan Collins
470596,2019-07-01,19/20,6928,9254,Spurs U18,Tottenham U23,,,Paris Maghoma
470607,2019-07-01,19/20,12799,703,Nottingham U18,Nott'm Forest,,,Brennan Johnson
472423,2019-07-01,19/20,9250,631,Chelsea U23,Chelsea,,7000000.0,Reece James
473050,2019-07-01,19/20,4042,245,SC Freiburg U19,SC Freiburg II,,,Kevin Schade
473169,2019-07-01,19/20,2824,8817,Ajax U19,Ajax U21,,1000000.0,Brian Brobbey
475411,2019-07-01,19/20,8515,618,Saint-Étienne B,Saint-Étienne,,,Wesley Fofana
475959,2019-07-01,19/20,9641,419,Din. Zagreb U19,Dinamo Zagreb,,,Josko Gvardiol
477758,2019-07-01,19/20,873,985,Crystal Palace,Man Utd,55000000.0,35000000.0,Aaron Wan-Bissaka
480762,2019-07-01,19/20,2402,610,Defensa,Ajax,7000000.0,6000000.0,Lisandro Martínez
485585,2019-07-01,19/20,6918,9250,Chelsea U18,Chelsea U23,,,Ian Maatsen
486049,2019-07-01,19/20,30857,58,Anderlecht U21,RSC Anderlecht,,2000000.0,Jérémy Doku
487465,2019-07-01,19/20,1075,398,Braga,Lazio,11000000.0,2500000.0,Pedro Neto
493003,2019-07-01,19/20,20590,8172,Rionegro Águila,Atl. Nacional,,950000.0,Daniel Muñoz
494237,2019-07-01,19/20,9668,162,Monaco B,Monaco,,150000.0,Wilson Isidor
495621,2019-07-01,19/20,28870,6767,Real Madrid U19,RM Castilla,,,Antonio Blanco
495625,2019-07-01,19/20,28870,6767,Real Madrid U19,RM Castilla,,,Víctor Chust
496661,2019-07-01,19/20,6928,9254,Spurs U18,Tottenham U23,,,Elliot Thorpe
501418,2019-07-01,19/20,10773,714,RCD Espanyol B,Espanyol,,10000000.0,Adrià Pedrosa
502722,2019-07-01,19/20,11263,37024,AKA Salzb. U18,FC Liefering,,,Luka Sucic
503679,2019-07-01,19/20,6922,9252,Liverpool U18,Liverpool U23,,,Rhys Williams
503680,2019-07-01,19/20,6922,9252,Liverpool U18,Liverpool U23,,,Neco Williams
503977,2019-07-01,19/20,6930,9265,Man City U18,Man City U23,,,Taylor Harwood-Bellis
503981,2019-07-01,19/20,50677,6918,Chelsea Youth,Chelsea U18,,,Tino Livramento
503990,2019-07-01,19/20,9256,641,Boro U23,Middlesbrough,,,Nathan Wood
504581,2019-07-01,19/20,543,3054,Wolves,Shrewsbury,0.0,,Ryan Giles
505194,2019-07-01,19/20,14389,39341,Leicester U18,Leicester U23,,,Luke Thomas
505219,2019-07-01,19/20,5242,9251,Man Utd U18,Man Utd U23,,,James Garner
505548,2019-07-01,19/20,9955,9267,West Ham U18,West Ham U21,,,Louie Watson
507254,2019-07-01,19/20,29990,984,West Brom U21,West Brom,,,Nathan Ferguson
507700,2019-07-01,19/20,5242,985,Man Utd U18,Man Utd,,,Brandon Williams
510396,2019-07-01,19/20,11610,472,Las Palmas Atl.,UD Las Palmas,,250000.0,Álex Suárez
515544,2019-07-01,19/20,41080,84044,Linfield U18,Linfield Reser.,,,Trai Hume
517753,2019-07-01,19/20,13702,367,R. Majadahonda,Rayo Vallecano,0.0,800000.0,Óscar Valentín
517842,2019-07-01,19/20,9899,681,Real Sociedad B,Real Sociedad,,7500000.0,Aihen Muñoz
518644,2019-07-01,19/20,5242,9251,Man Utd U18,Man Utd U23,,,Largie Ramazani
520651,2019-07-01,19/20,12808,1071,Wigan U18,Wigan,,,Jensen Weir
520840,2019-07-01,19/20,12853,11972,FC Villarreal C,Villarreal CF B,,50000.0,José Copete
524285,2019-07-01,19/20,21066,2827,Hertha BSC U17,Hertha BSC U19,,,Luca Netz
525438,2019-07-01,19/20,34750,54585,Ripensia,Sepsi OSK,0.0,150000.0,Horațiu Moldovan
527350,2019-07-01,19/20,2687,1049,Cádiz CF,Valencia,5500000.0,5000000.0,Manu Vallejo
528892,2019-07-01,19/20,5679,9249,Arsenal U18,Arsenal U23,,,Harry Clarke
531062,2019-07-01,19/20,11610,472,Las Palmas Atl.,UD Las Palmas,,200000.0,Fabio González
531404,2019-07-01,19/20,28871,8384,Zaragoza U19,Dep. Aragón,,,Marc Aguado
532776,2019-07-01,19/20,9371,415,Toulouse B,Toulouse,,,Amine Adli
533086,2019-07-01,19/20,52975,9955,West Ham Yth.,West Ham U18,,,Amadou Diallo
533662,2019-07-01,19/20,6933,12124,Aston Villa U18,Aston Villa U23,,,Cameron Archer
534033,2019-07-01,19/20,1237,189,Brighton,Boca Juniors,0.0,5000000.0,Alexis Mac Allister
536030,2019-07-01,19/20,5242,9251,Man Utd U18,Man Utd U23,,,Arnau Puigmal
537762,2019-07-01,19/20,39822,28870,Real Madrid U18,Real Madrid U19,,,Sergio Arribas
537763,2019-07-01,19/20,28870,6767,Real Madrid U19,RM Castilla,,,Jordi Martín
538996,2019-07-01,19/20,6326,583,Paris SG U19,PSG,,,Tanguy Nianzou
540664,2019-07-01,19/20,10873,10872,Bordeaux U19,G. Bordeaux B,,,Dilane Bakwa
541231,2019-07-01,19/20,1269,31,PEC Zwolle,Liverpool,1900000.0,2000000.0,Sepp van den Berg
543164,2019-07-01,19/20,8824,350,Sheff Utd U21,Sheff Utd,,,Rhys Norrington-Davies
545647,2019-07-01,19/20,15509,8733,Celta U19,Celta Vigo B,,,Sergio Carreira
546712,2019-07-01,19/20,362,8815,Akademisk BK,Bröndby IF U19,0.0,25000.0,Anis Ben Slimane
547248,2019-07-01,19/20,70473,12853,Roda U19,FC Villarreal C,,,Iker Álvarez
548111,2019-07-01,19/20,28868,11972,Villarreal U19,Villarreal CF B,,,Álex Baena
548188,2019-07-01,19/20,70320,31506,Atlético Yth.,Atl. Madrid U19,,,Germán Valera
548470,2019-07-01,19/20,5242,9251,Man Utd U18,Man Utd U23,,,Teden Mengi
548729,2019-07-01,19/20,1292,5499,Etoile Carouge,StadeLO,0.0,,Zeki Amdouni
549027,2019-07-01,19/20,45618,8889,Benfica U17,Benfica U19,,,Martim Neto
550995,2019-07-01,19/20,50678,12801,Man City Youth,Wolves U18,,,Owen Hesketh
551001,2019-07-01,19/20,50906,6922,Liverpool Youth,Liverpool U18,,,Owen Beck
552425,2019-07-01,19/20,8516,331,Osasuna B,CA Osasuna,,50000.0,Jon Moncayola
556385,2019-07-01,19/20,49755,16996,Hellas U17,Verona U19,,,Destiny Udogie
557057,2019-07-01,19/20,29791,5648,Pobla de Mafumet CF,Gimnàstic,,,Roger Brugué
557459,2019-07-01,19/20,15586,724,Volendam U19,FC Volendam,,,Micky van de Ven
559330,2019-07-01,19/20,51654,2862,Feyenoord U17,Feyenoord U19,,,Salah Oulad
560694,2019-07-01,19/20,130650,1110,Huddersf. U23,Huddersfield,,,Lewis O'Brien
561702,2019-07-01,19/20,9900,44822,R. Sociedad U19,Real Sociedad C,,,Gaizka Ayesa
564529,2019-07-01,19/20,52880,16104,FCK Youth,Copenhagen U19,,,Victor Kristiansen
565093,2019-07-01,19/20,56768,7462,NAC Breda U17,NAC Breda U19,,,Bart Verbruggen
566574,2019-07-01,19/20,11610,472,Las Palmas Atl.,UD Las Palmas,,250000.0,Kirian Rodríguez
566799,2019-07-01,19/20,50678,6930,Man City Youth,Man City U18,,,James Trafford
566832,2019-07-01,19/20,50677,6918,Chelsea Youth,Chelsea U18,,,Josh Brooking
567597,2019-07-01,19/20,54168,9606,Brighton Yth.,Brighton U18,,,Odeluga Offiah
568005,2019-07-01,19/20,45618,8889,Benfica U17,Benfica U19,,,Jeremy Sarmiento
568157,2019-07-01,19/20,70473,12853,Roda U19,FC Villarreal C,,,Yéremy Pino
568158,2019-07-01,19/20,44202,8880,Alavés U19,Alavés B,,,Javi López
568559,2019-07-01,19/20,49567,11008,Juventus U17,Juventus U19,,,Radu Drăgușin
569663,2019-07-01,19/20,19982,8815,Bröndby IF U17,Bröndby IF U19,,,Mathias Kvistgaarden
569876,2019-07-01,19/20,14742,28870,Mallorca U19,Real Madrid U19,500000.0,,Xavi Sintes
576314,2019-07-01,19/20,7462,132,NAC Breda U19,NAC Breda,,,Jan Paul van Hecke
577869,2019-07-01,19/20,15509,8733,Celta U19,Celta Vigo B,,,Ruly García
578539,2019-07-01,19/20,1462,28,FC Bayern U19,FC Bayern II,,50000.0,Chris Richards
580560,2019-07-01,19/20,9900,9899,R. Sociedad U19,Real Sociedad B,,,Jon Pacheco
580809,2019-07-01,19/20,54168,9606,Brighton Yth.,Brighton U18,,,Ed Turns
581678,2019-07-01,19/20,6938,337,Birmingham U18,Birmingham,,,Jude Bellingham
582078,2019-07-01,19/20,14648,38967,Bournemouth U18,Bournemouth U23,,,Will Dennis
583199,2019-07-01,19/20,50678,6930,Man City Youth,Man City U18,,,James McAtee
585323,2019-07-01,19/20,14740,28868,Villarreal Yth.,Villarreal U19,,,Filip Jørgensen
586834,2019-07-01,19/20,50677,6950,Chelsea Youth,Palace U18,0.0,,Jesurun Rak-Sakyi
586982,2019-07-01,19/20,50683,5679,Arsenal Youth,Arsenal U18,,,Levi Laing
587002,2019-07-01,19/20,50677,6918,Chelsea Youth,Chelsea U18,,,Myles Peart-Harris
587018,2019-07-01,19/20,50683,5679,Arsenal Youth,Arsenal U18,,,Hubert Graczyk
587520,2019-07-01,19/20,36344,11032,Hajduk U17,Hajduk U19,,,Stipe Biuk
595809,2019-07-01,19/20,34591,67731,CO Montijo,Portimonense 23,0.0,,Beto
603940,2019-07-01,19/20,28870,6767,Real Madrid U19,RM Castilla,,,Marvin Park
605426,2019-07-01,19/20,23603,40593,IFK Berga,Malmö FF U17,,,Melker Ellborg
607780,2019-07-01,19/20,20201,15080,Rayo U19,Rayo B,,,Miguel Ángel Morro
608175,2019-07-01,19/20,9260,358,Charlton U21,Charlton,,,Alfie Doughty
608382,2019-07-01,19/20,28870,6767,Real Madrid U19,RM Castilla,,,Adrián Rodríguez
608832,2019-07-01,19/20,38224,13683,Ingolstadt U17,Ingolstadt U19,,,Merlin Röhl
610849,2019-07-01,19/20,62413,6930,Derby Youth,Man City U18,1300000.0,,Liam Delap
610863,2019-07-01,19/20,53183,6933,A. Villa Yth.,Aston Villa U18,,,Filip Marschall
611075,2019-07-01,19/20,9478,10773,Espanyol U19,RCD Espanyol B,,,Iván Gil
611793,2019-07-01,19/20,33383,11177,Fleetwood U18,Fleetwood,,,James Hill
612517,2019-07-01,19/20,11994,6918,Reading U18,Chelsea U18,,,Bashir Humphreys
614258,2019-07-01,19/20,50677,6918,Chelsea Youth,Chelsea U18,,,Levi Colwill
614603,2019-07-01,19/20,54097,12801,Wolves Yth.,Wolves U18,,,Chem Campbell
614811,2019-07-01,19/20,55899,6943,Newcastle Yth.,Newcastle U18,,,Joe White
614988,2019-07-01,19/20,49588,70320,APOEL U19,Atlético Yth.,100000.0,,Ilias Kostis
615302,2019-07-01,19/20,50306,448,Vojvodina U19,Vojvodina,,100000.0,Mirko Topić
616369,2019-07-01,19/20,9899,681,Real Sociedad B,Real Sociedad,,10000000.0,Ander Barrenetxea
616631,2019-07-01,19/20,49568,11998,Atalanta U17,Atalanta U19,,,Matteo Ruggeri
617060,2019-07-01,19/20,39813,2470,Barça U18,Barça U19,,,Mika Mármol
618495,2019-07-01,19/20,50906,6922,Liverpool Youth,Liverpool U18,,,James Norris
618801,2019-07-01,19/20,70320,21609,Atlético Yth.,Atl.Madleño U18,,,Alejandro Iturbe
618805,2019-07-01,19/20,14734,21609,Atl. Madrid U17,Atl.Madleño U18,,,Iker Bachiller
618809,2019-07-01,19/20,31506,3679,Atl. Madrid U19,Atl. Madrileño,,,Manu Sánchez
618813,2019-07-01,19/20,14734,21609,Atl. Madrid U17,Atl.Madleño U18,,,Carlos Martín
620164,2019-07-01,19/20,12761,1175,Châteauroux B,LB Châteauroux,,500000.0,Haissem Hassan
620322,2019-07-01,19/20,106295,7813,Olymp. Lyon U17,Olymp. Lyon U19,,,Malo Gusto
620362,2019-07-01,19/20,50672,5242,Man Utd Youth,Man Utd U18,,,Dermot Mee
623025,2019-07-01,19/20,10200,20201,Valencia U19,Rayo U19,,,Sergio Gimeno
623521,2019-07-01,19/20,39822,28870,Real Madrid U18,Real Madrid U19,,,Juanmi Latasa
623524,2019-07-01,19/20,39822,28870,Real Madrid U18,Real Madrid U19,,,Carlos Dotor
623526,2019-07-01,19/20,39822,28870,Real Madrid U18,Real Madrid U19,,,Toni Fuidias
623570,2019-07-01,19/20,43750,8824,Boreham W. U19,Sheffield U23,0.0,,Iliman Ndiaye
625014,2019-07-01,19/20,28860,6665,Bilbao U19,CD Basconia,,,Julen Agirrezabala
625047,2019-07-01,19/20,28860,6665,Bilbao U19,CD Basconia,,,Beñat Prados
625651,2019-07-01,19/20,9900,44822,R. Sociedad U19,Real Sociedad C,,,Urko González de Zárate
625660,2019-07-01,19/20,44822,9899,Real Sociedad C,Real Sociedad B,,,Jon Ander Olasagasti
625882,2019-07-01,19/20,39822,28870,Real Madrid U18,Real Madrid U19,,,Javi Domínguez
626291,2019-07-01,19/20,55899,6943,Newcastle Yth.,Newcastle U18,,,Lucas De Bolle
626888,2019-07-01,19/20,53183,6933,A. Villa Yth.,Aston Villa U18,,,Kaine Kesler-Hayden
627248,2019-07-01,19/20,50769,6920,Everton Youth,Everton U18,,,Lewis Dobbin
627290,2019-07-01,19/20,28868,12853,Villarreal U19,FC Villarreal C,,,John Donald
627442,2019-07-01,19/20,59704,409,NK Domzale U17,Salzburg,2500000.0,,Benjamin Sesko
627626,2019-07-01,19/20,48967,75868,Inter U17,Inter U18,,,Wilfried Gnonto
628451,2019-07-01,19/20,25005,66529,Anderlecht Yth.,Anderlecht U18,,,Roméo Lavia
631002,2019-07-01,19/20,40422,2865,Betis U19,Betis Deportivo,,,Raúl García
631693,2019-07-01,19/20,44202,65711,Alavés U19,San Ignacio,,,Jesús Owono
631821,2019-07-01,19/20,36949,21218,Dynamo Kyiv U19,Dynamo Kyiv II,,,Vladyslav Vanat
632741,2019-07-01,19/20,15509,8733,Celta U19,Celta Vigo B,,,Iker Losada
632913,2019-07-01,19/20,70377,14742,San Franc. U19,Mallorca U19,,,Pere García
633111,2019-07-01,19/20,70618,61119,Europa U19,CF Parets,0.0,,Álex Calatrava
633652,2019-07-01,19/20,67277,6199,Aberdeen U18,Aberdeen FC B,,,Calvin Ramsay
633992,2019-07-01,19/20,16662,1158,Lorient B,FC Lorient,,,Enzo Le Fée
634131,2019-07-01,19/20,28861,8516,Osasuna U19,Osasuna B,,,Aimar Oroz
634431,2019-07-01,19/20,14967,9900,Real Sociedad Y,R. Sociedad U19,,,Beñat Turrientes
635344,2019-07-01,19/20,44204,28868,Córdoba U19,Villarreal U19,,,Abraham del Moral
636686,2019-07-01,19/20,14321,39813,Barça U16,Barça U18,,,Arnau Rafús
636688,2019-07-01,19/20,14321,2470,Barça U16,Barça U19,,,Alejandro Balde
636695,2019-07-01,19/20,14321,39813,Barça U16,Barça U18,,,Marc Casadó
636697,2019-07-01,19/20,14321,39813,Barça U16,Barça U18,,,Arnau Solà
636703,2019-07-01,19/20,14321,39813,Barça U16,Barça U18,,,Fermín López
638124,2019-07-01,19/20,44283,44202,Ferrol U19,Alavés U19,0.0,,Manu Fernández
645686,2019-07-01,19/20,32798,51654,Feyenoord Youth,Feyenoord U17,,,Lamare Bogarde
646658,2019-07-01,19/20,53183,6933,A. Villa Yth.,Aston Villa U18,,,Aaron Ramsey
646738,2019-07-01,19/20,70295,39813,Barça Youth,Barça U18,,,Juan Larios
646740,2019-07-01,19/20,70295,14321,Barça Youth,Barça U16,,,Gavi
646743,2019-07-01,19/20,21349,16200,Elche CF Youth,Valencia CF You,,,Javi Navarro
646750,2019-07-01,19/20,16200,70397,Valencia CF You,Valencia U18,,,Cristhian Mosquera
652330,2019-07-01,19/20,13711,39822,Real Madrid U17,Real Madrid U18,,,Álvaro Carrillo
652331,2019-07-01,19/20,13711,39822,Real Madrid U17,Real Madrid U18,,,Javi Rueda
652979,2019-07-01,19/20,50769,6920,Everton Youth,Everton U18,,,Lewis Warrington
654539,2019-07-01,19/20,7874,8154,Rennes U19,Rennes B,,,Adrien Truffert
655986,2019-07-01,19/20,50769,6920,Everton Youth,Everton U18,,,Reece Welch
655990,2019-07-01,19/20,50906,6922,Liverpool Youth,Liverpool U18,,,Tom Hill
657430,2019-07-01,19/20,12964,68077,Braga U19,Braga U23,,,Samú Costa
658115,2019-07-01,19/20,70128,78694,Langreo U19,UP Langreo B,,,Abel Bretones
659331,2019-07-01,19/20,53100,6950,C. Palace Yth.,Palace U18,,,John-Kymani Gordon
662261,2019-07-01,19/20,13711,39822,Real Madrid U17,Real Madrid U18,,,Rafa Marín
663225,2019-07-01,19/20,50769,6920,Everton Youth,Everton U18,,,Tyler Onyango
667925,2019-07-01,19/20,53183,6933,A. Villa Yth.,Aston Villa U18,,,Sebastian Revan
668177,2019-07-01,19/20,70320,21609,Atlético Yth.,Atl.Madleño U18,,,Javi Serrano
668179,2019-07-01,19/20,102209,8519,Sevilla FC U16,Sevilla Atl.,,,Carlos Álvarez
668183,2019-07-01,19/20,107198,28860,Bilbao U18,Bilbao U19,,,Nico Serrano
668184,2019-07-01,19/20,14743,70827,Real Betis Yth.,Calavera U19,,,Quique Fernández
668210,2019-07-01,19/20,70321,13711,R.Madrid Yth.,Real Madrid U17,,,Ferran Ruiz
668212,2019-07-01,19/20,16200,70397,Valencia CF You,Valencia U18,,,Rubén Iranzo
668276,2019-07-01,19/20,25259,32942,Deportivo Yth.,RB Leipzig U17,,,Hugo Novoa
668313,2019-07-01,19/20,14967,9900,Real Sociedad Y,R. Sociedad U19,,,Aitor Fraga
669366,2019-07-01,19/20,50769,6920,Everton Youth,Everton U18,,,Tom Cannon
669511,2019-07-01,19/20,14740,70473,Villarreal Yth.,Roda U19,,,Jorge Pascual
670717,2019-07-01,19/20,53956,48365,Sporting Sub-15,Sporting U17,,,Dário Essugo
671649,2019-07-01,19/20,68077,10789,Braga U23,Braga B,,,Álvaro Djaló
676042,2019-07-01,19/20,102209,8519,Sevilla FC U16,Sevilla Atl.,,,Juanlu Sánchez
680806,2019-07-01,19/20,14620,6930,Millwall U18,Man City U18,600000.0,,Samuel Edozie
683571,2019-07-01,19/20,97112,5084,Box2Box FC,Valmiera,,,Tolu Arokodare
683840,2019-07-01,19/20,40495,472,Las Palmas U19,UD Las Palmas,,,Pedri
687609,2019-07-01,19/20,42457,12319,CA Antoniano,Sevilla FC C,0.0,,Isaac Romero
692070,2019-07-01,19/20,38971,22589,TSG Wieseck U17,Darmstadt U17,0.0,,Clemens Riedel
693066,2019-07-01,19/20,52975,9955,West Ham Yth.,West Ham U18,,,Kamarai Swyer
693095,2019-07-01,19/20,14482,19715,Hull U18,Hull City U23,,,Jacob Greaves
696181,2019-07-01,19/20,51433,6928,Tottenham Yth.,Spurs U18,,,Romaine Mundle
696506,2019-07-01,19/20,15581,68188,Vitória SC U19,Guimarães U23,,,Gui Guedes
696589,2019-07-01,19/20,52928,6951,West Brom Yth.,West Brom U18,,,Tim Iroegbunam
698678,2019-07-01,19/20,67883,12801,Areosa U19,Wolves U18,,,Hugo Bueno
699771,2019-07-01,19/20,70397,10200,Valencia U18,Valencia U19,,,Pedro Alemañ
702662,2019-07-01,19/20,14734,21609,Atl. Madrid U17,Atl.Madleño U18,,,Adrián Verde
705395,2019-07-01,19/20,44771,70373,Cornellà Youth,Cornellà U19,,,Gerard Martín
705813,2019-07-01,19/20,58956,9478,Espanyol U18,Espanyol U19,,,Rubén Sánchez
706797,2019-07-01,19/20,14920,16996,Hellas Verona Y,Verona U19,,,Victor Aznar
706947,2019-07-01,19/20,40419,6928,Celta Vigo Yth.,Spurs U18,,,Yago Santiago
707274,2019-07-01,19/20,25264,10200,Levante UD Yout,Valencia U19,0.0,,César Tárrega
707276,2019-07-01,19/20,21167,10200,Alzira U19,Valencia U19,0.0,,Miki Bosch
707279,2019-07-01,19/20,70397,10200,Valencia U18,Valencia U19,,,Hugo González
708072,2019-07-01,19/20,5232,49567,Juventus Youth,Juventus U17,,,Nicolò Savona
709187,2019-07-01,19/20,107198,28860,Bilbao U18,Bilbao U19,,,Nico Williams
709215,2019-07-01,19/20,107198,28860,Bilbao U18,Bilbao U19,,,Mikel Goti
709372,2019-07-01,19/20,77511,28868,Torre L. U19,Villarreal U19,,,Carlos Romero
709380,2019-07-01,19/20,70473,28868,Roda U19,Villarreal U19,,,Álex Forés
709726,2019-07-01,19/20,92744,11204,Stade Reims U17,Stade Reims B,,,Hugo Ekitiké
709955,2019-07-01,19/20,70295,14321,Barça Youth,Barça U16,,,Ander Astralaga
709966,2019-07-01,19/20,70295,14321,Barça Youth,Barça U16,,,Aleix Garrido
709969,2019-07-01,19/20,70295,14321,Barça Youth,Barça U16,,,Ilias Akhomach
709971,2019-07-01,19/20,44771,14321,Cornellà Youth,Barça U16,,,Xavi Moreno
710004,2019-07-01,19/20,13711,39822,Real Madrid U17,Real Madrid U18,,,Peter Federico
710007,2019-07-01,19/20,13711,39822,Real Madrid U17,Real Madrid U18,,,Fer Rodríguez
710484,2019-07-01,19/20,14746,11674,Valladolid Yth.,Valladolid U19,,,Mario Maroto
711337,2019-07-01,19/20,14702,2462,Fluminense U20,Fluminense,,,Evanilson
711544,2019-07-01,19/20,34422,27774,Cork Academy,Cork City,,,Jake O'Brien
711625,2019-07-01,19/20,81502,28867,Sevilla FC U18,Sevilla FC U19,,,José Ángel Carmona
712107,2019-07-01,19/20,3876,75337,Mirassol-SP,Famalicão U23,0.0,,Luiz Júnior
715628,2019-07-01,19/20,40419,15509,Celta Vigo Yout,Celta U19,,,Damián Rodríguez
715683,2019-07-01,19/20,44199,21121,Leganés Youth,Leganés U19,,,Naim García
717411,2019-07-01,19/20,70725,75354,SC Dnipro-1 U19,SK Dnipro-1 II,,,Yegor Yarmolyuk
717952,2019-07-01,19/20,40421,20201,Rayo Vallecano ,Rayo U19,,,Mario de Luis
717957,2019-07-01,19/20,20201,15080,Rayo U19,Rayo B,,,Jorge Moreno
718029,2019-07-01,19/20,1534,44202,Aurrera,Alavés U19,,,Unai Ropero
718178,2019-07-01,19/20,84446,12798,Patacona U19,Levante U19,,,Miguel Peña
718581,2019-07-01,19/20,14743,70827,Real Betis Yth.,Calavera U19,,,Lulo Dasilva
719720,2019-07-01,19/20,25261,16157,Sporting Yth.,Sporting U19,,,David Argüelles
720038,2019-07-01,19/20,14741,28869,Racing Yth.,Racing U19,,,Pablo Torre
720518,2019-07-01,19/20,25260,70825,Málaga CF Youth,San Félix U19,,,Roberto Fernández
725912,2019-07-01,19/20,124613,78512,Dukla Yth.,Dukla Prag U17,,,Antonín Kinský
732117,2019-07-01,19/20,54097,62413,Wolves Yth.,Derby Youth,,,Dylan Williams
733576,2019-07-01,19/20,40494,40495,Las Palmas Yth.,Las Palmas U19,,,Alberto Moleiro
741236,2019-07-01,19/20,67853,25136,Wimbledon Yth.,Wimbledon U18,,,Matthew Cox
742770,2019-07-01,19/20,120615,27119,FFSA NTC,Adelaide U21,,,Mohamed Touré
745846,2019-07-01,19/20,83583,50683,QPR Academy,Arsenal Youth,,,Mauro Bandeira
751666,2019-07-01,19/20,53004,54097,Birmingham Aca.,Wolves Yth.,,,Ty Barnett
766552,2019-07-01,18/19,14685,81503,Sevilla FC Yth.,Sevilla U17,,,Alberto Flores
766583,2019-07-01,19/20,81503,81502,Sevilla U17,Sevilla FC U18,,,Kike Salas
766723,2019-07-01,19/20,36759,102209,Altair U16,Sevilla FC U16,,,Manu Bueno
767229,2019-07-01,19/20,102209,81503,Sevilla FC U16,Sevilla U17,,,Diego Hormigo
767255,2019-07-01,19/20,81503,81502,Sevilla U17,Sevilla FC U18,,,Matías Árbol
783396,2019-07-01,19/20,34466,12697,Damm U19,Sant Andreu,0.0,,Ramón Terrats
785353,2019-07-01,19/20,40168,40175,AD San Juan,UD Mutilvera,0.0,,Pablo Ibáñez
785967,2019-07-01,19/20,20277,38006,Girona U19,Girona FC B,,,Ibrahima Kébé
801734,2019-07-01,19/20,108888,108803,ASJA Jugend,Montrouge U17,0.0,,Mathys Tel
801989,2019-07-01,19/20,24143,68471,Vanlöse IF U19,B.93 Youth,0.0,,Tammer Bany
805714,2019-07-01,19/20,61165,48365,Real SC U17,Sporting U17,,,Renato Veiga
811778,2019-07-01,19/20,70321,13711,R.Madrid Yth.,Real Madrid U17,,,Álvaro Carreras
819590,2019-07-01,19/20,44205,12317,Elche U19,Elche Ilicitano,,,José Salinas
822331,2019-07-01,19/20,14737,58956,Espanyol Youth,Espanyol U18,,,Omar El Hilali
825024,2019-07-01,19/20,52975,50677,West Ham Yth.,Chelsea Youth,0.0,,Ronnie Stutter
826224,2019-07-01,19/20,70218,123357,Girona FC Youth,Girona FC U18,,,Arnau Martínez
829299,2019-07-01,19/20,39578,18065,Sandhausen Yth.,Karlsruhe Yth.,0.0,,Max Weiß
834483,2019-07-01,19/20,13807,107198,Zarautz,Bilbao U18,,,Álex Padilla
834487,2019-07-01,19/20,14733,107198,Bilbao Youth,Bilbao U18,,,Hugo Rincón
834491,2019-07-01,19/20,14733,107198,Bilbao Youth,Bilbao U18,,,Alejandro Rego
834737,2019-07-01,19/20,14737,58956,Espanyol Youth,Espanyol U18,,,Adri Miranda
834742,2019-07-01,19/20,14737,58956,Espanyol Youth,Espanyol U18,,,Mateo Joseph
834744,2019-07-01,19/20,45258,58956,CF Damm Youth,Espanyol U18,,,Antoniu Roca
834752,2019-07-01,19/20,70392,107198,Danok Bat Yth.,Bilbao U18,,,Unai Gómez
834764,2019-07-01,19/20,14740,70397,Villarreal Yth.,Valencia U18,800000.0,,Javi Guerra
842341,2019-07-01,19/20,100148,10852,Montpellier For,Montpellier U19,,,Maxime Estève
844637,2019-07-01,19/20,65274,70378,G.Manresa Yth.,G. Manresa U19,,,Marc Pubill
845289,2019-07-01,19/20,58235,50906,Sunderland Yth.,Liverpool Youth,,,James McConnell
848509,2019-07-01,19/20,66537,43618,Charleroi U18,Charleroi U21,,,Jackson Tchatchoua
852727,2019-07-01,19/20,20201,15080,Rayo U19,Rayo B,,,Diego García
860062,2019-07-01,19/20,21268,45258,St. Andreu You.,CF Damm Youth,0.0,,Abde Raihani
864121,2019-07-01,19/20,81747,71863,TUFA,Steadfast FC,0.0,,Abdul Fatawu
871837,2019-07-01,19/20,83583,50683,QPR Academy,Arsenal Youth,,,Bradley Ibrahim
876631,2019-07-01,19/20,37894,33906,Strasbourg Yth.,Strasbourg U17,,,Habib Diarra
878160,2019-07-01,19/20,51433,515,Tottenham Yth.,Without Club,,,Reuell Walters
880245,2019-07-01,19/20,53956,48365,Sporting Sub-15,Sporting U17,,,Mateus Fernandes
891923,2019-07-01,19/20,70218,123357,Girona FC Youth,Girona FC U18,,,Dawda Camara
892221,2019-07-01,19/20,40419,15509,Celta Vigo Yth.,Celta U19,,,Hugo Sotelo
895326,2019-07-01,19/20,70295,70218,Barça Youth,Girona FC Youth,,,Joel Roca
906025,2019-07-01,19/20,70218,123357,Girona FC Youth,Girona FC U18,,,Ricard Artero
930415,2019-07-01,19/20,21564,14734,UD Almería Yout,Atl. Madrid U17,,,Antonio Gomis
935230,2019-07-01,19/20,25625,70321,RCD Mallorca Yo,R.Madrid Yth.,,,Gonzalo García
935232,2019-07-01,19/20,70321,13711,R.Madrid Yth.,Real Madrid U17,,,Aitor Mañas
935245,2019-07-01,19/20,70321,13711,R.Madrid Yth.,Real Madrid U17,,,Raúl Asencio
935342,2019-07-01,19/20,70296,64536,Cádiz CF Youth,Balón de Cádiz ,,,Alberto Collado
938144,2019-07-01,19/20,99002,70295,Tecnofutb. Yth.,Barça Youth,,,Diego Kochen
938146,2019-07-01,19/20,45258,70295,CF Damm Youth,Barça Youth,0.0,,Adam Aznou
940462,2019-07-01,19/20,75,53397,Unknown,Castellón U19,,,Pau Ferrer
940915,2019-07-01,19/20,50677,50683,Chelsea Youth,Arsenal Youth,0.0,,Alexéi Rojas
943549,2019-07-01,19/20,46800,34422,Carrigaline,Cork Academy,0.0,,Mark O'Mahony
945702,2019-07-01,19/20,25625,14740,RCD Mallorca Yo,Villarreal Yth.,,,Sebas Wade
945709,2019-07-01,19/20,39647,14740,Granada Yth.,Villarreal Yth.,,,Dani Requena
946276,2019-07-01,19/20,17419,58956,Gimnàstic de Ta,Espanyol U18,,,Adrián Salguero
948254,2019-07-01,19/20,44199,16620,Leganés Youth,CF Fuenlabrada ,0.0,,Marco de las Sías
961948,2019-07-01,19/20,17419,14743,Gimnàstic de Ta,Real Betis Yth.,,,Marcos Fernández
967346,2019-07-01,19/20,70344,107781,Bretigny Yth.,Sochaux Jugend,0.0,,Eliezer Mayenda
982848,2019-07-01,19/20,63969,21349,CD Roda Youth,Elche CF Youth,,,Raúl Jiménez
1041934,2019-07-01,19/20,70321,13711,R.Madrid Yth.,Real Madrid U17,,,Jeremy Jorge
1045767,2019-07-01,19/20,40421,20201,Rayo Vallecano ,Rayo U19,,,Pablo Muñoz
1061665,2019-07-01,19/20,40777,70218,Lleida Youth,Girona FC Youth,0.0,,Jastin Garcia
1086619,2019-07-01,19/20,29447,19919,Cittadella Youth,Padova Youth,,,Giovanni Leoni
1186235,2019-07-01,19/20,14745,70321,Zaragoza Youth,R.Madrid Yth.,,,Jorge Cestero
46413,2019-06-30,18/19,237,4083,RCD Mallorca,Crotone,0.0,1400000.0,Ante Budimir
51471,2019-06-30,18/19,631,418,Chelsea,Real Madrid,0.0,35000000.0,Mateo Kovacic
74294,2019-06-30,18/19,336,10948,Sporting,GZ Evergrande,0.0,6500000.0,Nemanja Gudelj
95641,2019-06-30,18/19,1108,150,Alavés,Real Betis,0.0,2000000.0,Darko Brasanac
99559,2019-06-30,18/19,29095,2687,Extremadura,Cádiz CF,0.0,400000.0,Alberto Perea
111508,2019-06-30,18/19,1244,984,CD Leganés,West Brom,0.0,3000000.0,Allan Nyom
129674,2019-06-30,18/19,371,16,Celtic,Dortmund,0.0,3000000.0,Jeremy Toljan
134294,2019-06-30,18/19,180,31,Southampton,Liverpool,0.0,15000000.0,Danny Ings
162038,2019-06-30,18/19,367,418,Rayo Vallecano,Real Madrid,0.0,20000000.0,Raúl de Tomás
165007,2019-06-30,18/19,11,131,Arsenal,Barcelona,0.0,12000000.0,Denis Suárez
167721,2019-06-30,18/19,5358,1775,SD Huesca,San Lorenzo,0.0,5000000.0,Chimy Ávila
168157,2019-06-30,18/19,543,58,Wolves,RSC Anderlecht,0.0,18000000.0,Leander Dendoncker
170472,2019-06-30,18/19,3709,1010,Getafe,Watford,0.0,3500000.0,Dimitri Foulquier
175449,2019-06-30,18/19,5358,2448,SD Huesca,Sporting Gijón,0.0,5000000.0,Moi Gómez
184528,2019-06-30,18/19,1416,1025,Amiens SC,Bologna,0.0,2500000.0,Emil Krafth
198008,2019-06-30,18/19,368,5,Sevilla FC,AC Milan,0.0,22000000.0,André Silva
199369,2019-06-30,18/19,681,29,Real Sociedad,Everton,0.0,4000000.0,Sandro Ramírez
203043,2019-06-30,18/19,1533,472,SD Eibar,UD Las Palmas,0.0,3000000.0,Pedro Bigas
206040,2019-06-30,18/19,543,294,Wolves,Benfica,0.0,35000000.0,Raúl Jiménez
213260,2019-06-30,18/19,331,3368,CA Osasuna,Levante,0.0,3500000.0,Rubén García
216464,2019-06-30,18/19,897,368,Dep. La Coruña,Sevilla FC,0.0,2000000.0,Carlos Fernández
217144,2019-06-30,18/19,1532,6767,Albacete,RM Castilla,0.0,4000000.0,Aleix Febas
233124,2019-06-30,18/19,405,543,Aston Villa,Wolves,0.0,1000000.0,Kortney Hause
236490,2019-06-30,18/19,416,631,Torino,Chelsea,0.0,10000000.0,Ola Aina
238407,2019-06-30,18/19,157,873,KAA Gent,Crystal Palace,0.0,6000000.0,Alexander Sørloth
240692,2019-06-30,18/19,1082,2457,Lille,B SAD,0.0,600000.0,Reinildo Mandava
243879,2019-06-30,18/19,625,504,Neuchâtel Xamax,Grasshoppers,0.0,750000.0,Charles Pickel
245744,2019-06-30,18/19,42,11,Hannover 96,Arsenal,0.0,1500000.0,Takuma Asano
249565,2019-06-30,18/19,1003,162,Leicester,Monaco,0.0,38000000.0,Youri Tielemans
249994,2019-06-30,18/19,683,720,Olympiacos,Porto,0.0,2500000.0,José Sá
252667,2019-06-30,18/19,2687,5648,Cádiz CF,Gimnàstic,0.0,800000.0,Fali
255495,2019-06-30,18/19,11596,1533,AD Alcorcón,SD Eibar,0.0,400000.0,Unai Elgezabal
257376,2019-06-30,18/19,897,336,Dep. La Coruña,Sporting,0.0,2500000.0,Domingos Duarte
277384,2019-06-30,18/19,237,862,RCD Mallorca,Chievo Verona,0.0,1500000.0,Martin Valjent
281755,2019-06-30,18/19,1084,3709,Málaga CF,Getafe,0.0,1200000.0,Iván Alejo
282421,2019-06-30,18/19,2497,1108,Real Oviedo,Alavés,0.0,500000.0,Javi Muñoz
282672,2019-06-30,18/19,13702,472,R. Majadahonda,UD Las Palmas,0.0,700000.0,Benito Ramírez
284857,2019-06-30,18/19,1533,131,SD Eibar,Barcelona,0.0,10000000.0,Marc Cucurella
289257,2019-06-30,18/19,13222,681,CD Mirandés,Real Sociedad,0.0,250000.0,Jon Guridi
292246,2019-06-30,18/19,41,409,Hamburg,Salzburg,0.0,3000000.0,Hee-chan Hwang
293388,2019-06-30,18/19,16602,20116,UB Conquense,Leeds United U23,0.0,300000.0,Oriol Rey
295313,2019-06-30,18/19,29228,31,Mouscron,Liverpool,0.0,4500000.0,Taiwo Awoniyi
298976,2019-06-30,18/19,3368,418,Levante,Real Madrid,0.0,4000000.0,Borja Mayoral
300168,2019-06-30,18/19,1244,621,CD Leganés,Athletic Club,0.0,4000000.0,Mikel Vesga
302371,2019-06-30,18/19,11000,9267,CD Lugo,West Ham U23,0.0,1200000.0,Toni Martínez
303657,2019-06-30,18/19,252,46,Genoa,Inter,0.0,15000000.0,Ionuț Radu
307519,2019-06-30,18/19,16795,366,Granada CF,Real Valladolid,0.0,5000000.0,Fede San Emeterio
314367,2019-06-30,18/19,798,9254,Excelsior,Tottenham U23,0.0,1250000.0,Marcus Edwards
316264,2019-06-30,18/19,499,418,Vitesse,Real Madrid,0.0,15000000.0,Martin Ødegaard
322702,2019-06-30,18/19,29228,1184,Mouscron,KRC Genk,0.0,4000000.0,Benson Manuel
326416,2019-06-30,18/19,1531,2296,Elche CF,CD Numancia,0.0,800000.0,Dani Calvo
334222,2019-06-30,18/19,2441,416,AEK Athens,Torino,0.0,1500000.0,Lucas Boyé
337715,2019-06-30,18/19,839,12,Perugia,Roma,0.0,1400000.0,Umar Sadiq
339816,2019-06-30,18/19,11000,5648,CD Lugo,Gimnàstic,0.0,500000.0,Tete Morente
340325,2019-06-30,18/19,533,9249,Hoffenheim,Arsenal U23,0.0,17000000.0,Reiss Nelson
341713,2019-06-30,18/19,20921,3679,Navalcarnero,Atl. Madrileño,0.0,150000.0,Diego Conde
343273,2019-06-30,18/19,11603,367,Depor Fabril,Rayo Vallecano,0.0,200000.0,Joni Montiel
348795,2019-06-30,18/19,150,583,Real Betis,PSG,0.0,50000000.0,Giovani Lo Celso
349066,2019-06-30,18/19,403,16,Willem II,Dortmund,0.0,8000000.0,Alexander Isak
352041,2019-06-30,18/19,873,585,Crystal Palace,São Paulo,0.0,250000.0,Lucas Perri
356141,2019-06-30,18/19,475,24,Sint-Truiden,Frankfurt,0.0,4500000.0,Daichi Kamada
357072,2019-06-30,18/19,1160,273,Nîmes Olympique,Stade Rennais,0.0,8000000.0,Faitout Maouassa
357628,2019-06-30,18/19,50260,1532,Inter de Madrid,Albacete,0.0,200000.0,Alfon González
361254,2019-06-30,18/19,472,543,UD Las Palmas,Wolves,0.0,3000000.0,Rafa Mir
378139,2019-06-30,18/19,13702,2865,R. Majadahonda,Betis Deportivo,0.0,1500000.0,Aitor Ruibal
378293,2019-06-30,18/19,5358,281,SD Huesca,Man City,0.0,2000000.0,Yangel Herrera
380350,2019-06-30,18/19,14,409,Austria Vienna,Salzburg,0.0,1500000.0,Igor Julio
391005,2019-06-30,18/19,19657,190,Vendsyssel FF,Copenhagen,0.0,250000.0,Mads Roerslev
392765,2019-06-30,18/19,23826,9249,Leipzig,Arsenal U23,0.0,4000000.0,Emile Smith Rowe
395122,2019-06-30,18/19,276,1390,Hellas Verona,Cagliari,0.0,1400000.0,Santiago Colombatto
399776,2019-06-30,18/19,1084,1050,Málaga CF,Villarreal,0.0,4000000.0,Pau Torres
404839,2019-06-30,18/19,1244,418,CD Leganés,Real Madrid,0.0,7500000.0,Andriy Lunin
419648,2019-06-30,18/19,6621,669,Cukaricki,Partizan,0.0,450000.0,Veljko Birmancevic
433818,2019-06-30,18/19,7609,352,Waterford FC,Swindon Town,0.0,,Scott Twine
438001,2019-06-30,18/19,18446,2464,CF Peralada,Barcelona B,0.0,250000.0,Santiago Bueno
443222,2019-06-30,18/19,1533,131,SD Eibar,Barcelona,0.0,1500000.0,Marc Cardona
447661,2019-06-30,18/19,12321,281,Girona,Man City,0.0,2500000.0,Douglas Luiz
459463,2019-06-30,18/19,5358,1010,SD Huesca,Watford,0.0,10000000.0,Cucho Hernández
465555,2019-06-30,18/19,32113,6621,IMT Belgrad,Cukaricki,0.0,100000.0,Djordje Petrovic
474701,2019-06-30,18/19,1455,2862,FC Dordrecht,Feyenoord U19,0.0,25000.0,Crysencio Summerville
487465,2019-06-30,18/19,398,1075,Lazio,Braga,0.0,2500000.0,Pedro Neto
490421,2019-06-30,18/19,918,37993,Inter Zapresic,Watford U23,0.0,50000.0,Momo Mbaye
513031,2019-06-30,18/19,3708,237,Barakaldo CF ,RCD Mallorca,0.0,250000.0,Antonio Sánchez
525578,2019-06-30,18/19,3329,976,Famalicão,União Madeira,0.0,450000.0,Pathé Ciss
534033,2019-06-30,18/19,1030,1237,Argentinos Jrs.,Brighton,0.0,5000000.0,Alexis Mac Allister
537860,2019-06-30,18/19,9007,8963,Arsenal Kyiv,Shakhtar II,0.0,200000.0,Mykhaylo Mudryk
538006,2019-06-30,18/19,12469,1010,KF Skënderbeu,Watford,0.0,200000.0,Kwasi Sibo
562742,2019-06-30,18/19,27689,18669,Sant Rafel,Penya Deportiva,0.0,,Leo Román
568835,2019-06-30,18/19,11245,11596,UD Sanse,AD Alcorcón,0.0,250000.0,Pablo Martínez
572265,2019-06-30,18/19,14829,12130,Brescia U19,Torino U19,0.0,125000.0,Lorenzo Lucca
599231,2019-06-30,18/19,12697,10773,Sant Andreu,RCD Espanyol B,0.0,,Ferran Jutglà
606576,2019-06-30,18/19,49869,52211,Udinese U17,Prata Falchi,0.0,,Denis Franchi
623570,2019-06-30,18/19,91008,43750,AFC Hillgate,Boreham W. U19,0.0,,Iliman Ndiaye
711394,2019-06-30,18/19,16596,44822,Peña Sport FC,Real Sociedad C,0.0,,Javi Martón
607034,2019-06-03,18/19,95865,2038,Jamba F.A.,Sogndal,,50000.0,Akor Adams
607034,2019-06-02,18/19,2038,95865,Sogndal,Jamba F.A.,0.0,50000.0,Akor Adams
673492,2019-06-01,18/19,14708,585,São Paulo U20,São Paulo,,50000.0,Morato
55742,2019-05-31,18/19,603,989,Cardiff,Bournemouth,0.0,7000000.0,Harry Arter
85177,2019-05-31,18/19,989,31,Bournemouth,Liverpool,0.0,15000000.0,Nathaniel Clyne
108354,2019-05-31,18/19,873,2288,Crystal Palace,Swansea,0.0,8000000.0,Jordan Ayew
111873,2019-05-31,18/19,1032,11,Reading,Arsenal,0.0,1000000.0,Emiliano Martínez
199527,2019-05-31,18/19,984,762,West Brom,Newcastle,0.0,7000000.0,Jacob Murphy
215118,2019-05-31,18/19,931,11,Fulham,Arsenal,0.0,14000000.0,Calum Chambers
226973,2019-05-31,18/19,164,180,Blackburn,Southampton,0.0,1500000.0,Harrison Reed
236953,2019-05-31,18/19,703,379,Nott'm Forest,West Ham,0.0,4000000.0,Sam Byram
242606,2019-05-31,18/19,358,379,Charlton,West Ham,0.0,1000000.0,Josh Cullen
253677,2019-05-31,18/19,405,989,Aston Villa,Bournemouth,0.0,3500000.0,Tyrone Mings
258878,2019-05-31,18/19,984,9265,West Brom,Man City U23,0.0,3500000.0,Tosin Adarabioyo
258919,2019-05-31,18/19,350,9251,Sheff Utd,Man Utd U23,0.0,2500000.0,Dean Henderson
260841,2019-05-31,18/19,1078,39341,Oldham Athletic,Leicester U23,0.0,50000.0,Daniel Iversen
279455,2019-05-31,18/19,22,31,Derby,Liverpool,0.0,8000000.0,Harry Wilson
298091,2019-05-31,18/19,11177,512,Fleetwood,Stoke City,0.0,200000.0,Harry Souttar
314288,2019-05-31,18/19,466,9265,Preston,Man City U23,0.0,1000000.0,Lukas Nmecha
319900,2019-05-31,18/19,3684,9262,Stevenage,Fulham U21,0.0,,Elijah Adebayo
324223,2019-05-31,18/19,677,405,Ipswich,Aston Villa,0.0,1000000.0,James Bree
331726,2019-05-31,18/19,405,631,Aston Villa,Chelsea,0.0,15000000.0,Tammy Abraham
335721,2019-05-31,18/19,1072,1237,Peterborough,Brighton,0.0,,Ben White
337284,2019-05-31,18/19,1032,31,Reading,Liverpool,0.0,900000.0,Ovie Ejaria
342046,2019-05-31,18/19,405,985,Aston Villa,Man Utd,0.0,5000000.0,Axel Tuanzebe
346314,2019-05-31,18/19,677,9250,Ipswich,Chelsea U23,0.0,1000000.0,Trevoh Chalobah
346483,2019-05-31,18/19,22,9250,Derby,Chelsea U23,0.0,10000000.0,Mason Mount
349701,2019-05-31,18/19,1071,9261,Wigan,Everton U23,0.0,1000000.0,Antonee Robinson
376856,2019-05-31,18/19,1302,2964,Northampton,Scunthorpe Utd.,0.0,100000.0,Charlie Goode
401320,2019-05-31,18/19,6699,29990,Exeter City,West Brom U23,0.0,,Dara O'Shea
427568,2019-05-31,18/19,3884,989,AFC Wimbledon,Bournemouth,0.0,500000.0,Aaron Ramsdale
472423,2019-05-31,18/19,1071,9250,Wigan,Chelsea U23,0.0,1000000.0,Reece James
504855,2019-05-31,18/19,13556,3054,Curzon Ashton,Shrewsbury,0.0,,John McAtee
527425,2019-05-31,18/19,352,677,Swindon Town,Ipswich,0.0,,Luke Woolfenden
543164,2019-05-31,18/19,6168,8824,Barrow,Sheff Utd U21,0.0,,Rhys Norrington-Davies
560694,2019-05-31,18/19,1027,130650,Bradford,Huddersf. U23,0.0,,Lewis O'Brien
644401,2019-05-31,18/19,7048,3008,Bradford PA,Hull City,0.0,,Keane Lewis-Potter
258885,2019-05-20,18/19,370,22,Aberdeen FC,Derby,0.0,350000.0,Max Lowe
415970,2019-05-20,18/19,124,703,Rangers,Nott'm Forest,0.0,8000000.0,Joe Worrall
252667,2019-05-10,18/19,5648,2687,Gimnàstic,Cádiz CF,0.0,800000.0,Fali
481084,2019-05-09,18/19,24420,15064,UD Logroñés,Guaratinguetá,0.0,400000.0,Marcos André
730861,2019-05-08,18/19,42824,83461,AKA Rapid U16,Hódmez. Jgd,,,Milos Kerkez
972465,2019-05-01,18/19,9762,28705,Red Storm,New York Pancyp,0.0,,Tani Oluwaseyi
406556,2019-04-27,18/19,3055,39336,Basingstoke,Brighton U23,0.0,,Tom McGill
560417,2019-04-22,18/19,7178,4250,Criciúma,Metropolitano,0.0,,Alemão
432914,2019-04-19,18/19,7057,14701,Portuguesa-SP,Santos B,0.0,50000.0,John Victor
504849,2019-04-19,18/19,10711,9598,Tsukuba Univ.,Kawasaki Front.,0.0,50000.0,Kaoru Mitoma
505046,2019-04-01,18/19,6949,6922,Blackburn U18,Liverpool U18,,,Ben Winterbottom
623570,2019-04-01,18/19,43750,91008,Boreham W. U19,AFC Hillgate,0.0,,Iliman Ndiaye
14044,2019-03-29,18/19,1088,641,Rochdale,Middlesbrough,0.0,250000.0,Andy Lonergan
644401,2019-03-29,18/19,3008,7048,Hull City,Bradford PA,0.0,,Keane Lewis-Potter
505674,2019-03-25,18/19,31506,3679,Atl. Madrid U19,Atl. Madrileño,,,Sergio Camello
499604,2019-03-08,18/19,51663,64328,Atlanta,ATL UTD 2,0.0,,Dion Pereira
656316,2019-03-08,18/19,38650,432,Fire Academy,Chicago,,,Gabriel Slonina
435648,2019-03-01,18/19,1462,28,FC Bayern U19,FC Bayern II,,,Joshua Zirkzee
537860,2019-03-01,18/19,8963,9007,Shakhtar II,Arsenal Kyiv,0.0,,Mykhaylo Mudryk
661053,2019-02-26,18/19,15899,1220,Carlisle U18,Carlisle United,,,Jarrad Branthwaite
861410,2019-02-20,18/19,42756,43423,G.Birligi Yth,Fenerbahce Yth.,2500000.0,,Arda Güler
433818,2019-02-13,18/19,352,7609,Swindon Town,Waterford FC,0.0,,Scott Twine
525438,2019-02-13,18/19,7769,34750,CFR Cluj,Ripensia,0.0,100000.0,Horațiu Moldovan
365108,2019-02-11,18/19,15446,527,Team Vaud U21,Lausanne-Sport,,,Dan Ndoye
380744,2019-02-09,18/19,13025,1058,Sandnes Ulf,Odd,,100000.0,Egil Selvik
14044,2019-02-07,18/19,641,1088,Middlesbrough,Rochdale,0.0,250000.0,Andy Lonergan
490421,2019-02-04,18/19,37993,918,Watford U23,Inter Zapresic,0.0,,Momo Mbaye
535927,2019-02-01,18/19,15436,4277,St. Pat's U19,Drogheda United,0.0,,Luke McNally
85383,2019-01-31,18/19,1108,1049,Alavés,Valencia,5000000.0,3000000.0,Rubén Sobrino
99559,2019-01-31,18/19,2687,29095,Cádiz CF,Extremadura,0.0,400000.0,Alberto Perea
129674,2019-01-31,18/19,16,371,Dortmund,Celtic,0.0,3000000.0,Jeremy Toljan
165007,2019-01-31,18/19,131,11,Barcelona,Arsenal,0.0,12000000.0,Denis Suárez
165467,2019-01-31,18/19,5648,367,Gimnàstic,Rayo Vallecano,900000.0,1000000.0,Stole Dimitrievski
175446,2019-01-31,18/19,13,543,Atlético,Wolves,21000000.0,12000000.0,Jonny Otto
199527,2019-01-31,18/19,762,984,Newcastle,West Brom,0.0,7000000.0,Jacob Murphy
221899,2019-01-31,18/19,714,6450,Espanyol,WH Zall,5800000.0,6000000.0,Léo Baptistão
240692,2019-01-31,18/19,2457,1082,B SAD,Lille,0.0,600000.0,Reinildo Mandava
249565,2019-01-31,18/19,162,1003,Monaco,Leicester,0.0,18000000.0,Youri Tielemans
253677,2019-01-31,18/19,989,405,Bournemouth,Aston Villa,0.0,3500000.0,Tyrone Mings
281755,2019-01-31,18/19,3709,1084,Getafe,Málaga CF,0.0,2000000.0,Iván Alejo
319900,2019-01-31,18/19,9262,3684,Fulham U21,Stevenage,0.0,,Elijah Adebayo
324223,2019-01-31,18/19,405,677,Aston Villa,Ipswich,0.0,1000000.0,James Bree
376856,2019-01-31,18/19,2964,1302,Scunthorpe Utd.,Northampton,0.0,100000.0,Charlie Goode
392765,2019-01-31,18/19,9249,23826,Arsenal U23,Leipzig,0.0,,Emile Smith Rowe
405398,2019-01-31,18/19,3828,6631,Yokohama F. M.,FC Tokyo,0.0,500000.0,Takefusa Kubo
449796,2019-01-31,18/19,13225,367,Reus Deportiu,Rayo Vallecano,0.0,300000.0,Alejandro Catena
504849,2019-01-31,18/19,9598,10711,Kawasaki Front.,Tsukuba Univ.,0.0,50000.0,Kaoru Mitoma
601883,2019-01-31,18/19,1465,67909,Estoril,Sporting CP U23,950000.0,,Matheus Nunes
605184,2019-01-31,18/19,415,131,Toulouse,Barcelona,1000000.0,8000000.0,Jean-Clair Todibo
165467,2019-01-30,18/19,367,5648,Rayo Vallecano,Gimnàstic,0.0,1000000.0,Stole Dimitrievski
175446,2019-01-30,18/19,543,13,Wolves,Atlético,0.0,12000000.0,Jonny Otto
289257,2019-01-30,18/19,681,13222,Real Sociedad,CD Mirandés,0.0,300000.0,Jon Guridi
298091,2019-01-30,18/19,512,11177,Stoke City,Fleetwood,0.0,200000.0,Harry Souttar
538006,2019-01-30,18/19,1010,12469,Watford,KF Skënderbeu,0.0,200000.0,Kwasi Sibo
289257,2019-01-29,18/19,9899,681,Real Sociedad B,Real Sociedad,,300000.0,Jon Guridi
448628,2019-01-29,18/19,993,5358,Córdoba CF,SD Huesca,1000000.0,400000.0,Javi Galán
311044,2019-01-28,18/19,866,2687,Nacional,Cádiz CF,0.0,1250000.0,Alfonso Espino
560417,2019-01-28,18/19,4250,7178,Metropolitano,Criciúma,0.0,,Alemão
583255,2019-01-27,18/19,3716,698,Newport County,Bristol City,0.0,,Antoine Semenyo
475959,2019-01-26,18/19,36342,9641,Din. Zagreb U17,Din. Zagreb U19,,,Josko Gvardiol
256429,2019-01-25,18/19,993,366,Córdoba CF,Real Valladolid,3000000.0,3000000.0,Sergi Guardiola
339816,2019-01-25,18/19,5648,11000,Gimnàstic,CD Lugo,0.0,500000.0,Tete Morente
349066,2019-01-25,18/19,16,403,Dortmund,Willem II,0.0,3000000.0,Alexander Isak
352041,2019-01-25,18/19,585,873,São Paulo,Crystal Palace,0.0,50000.0,Lucas Perri
424042,2019-01-25,18/19,14831,1418,Boca Juniors II,Rosario Central,0.0,750000.0,Nahuel Molina
534033,2019-01-25,18/19,1237,1030,Brighton,Argentinos Jrs.,0.0,5000000.0,Alexis Mac Allister
256429,2019-01-24,18/19,3709,993,Getafe,Córdoba CF,0.0,3000000.0,Sergi Guardiola
534033,2019-01-24,18/19,1030,1237,Argentinos Jrs.,Brighton,8000000.0,5000000.0,Alexis Mac Allister
578539,2019-01-24,18/19,8816,1462,Dallas,FC Bayern U19,5300000.0,50000.0,Chris Richards
111873,2019-01-23,18/19,11,1032,Arsenal,Reading,0.0,1000000.0,Emiliano Martínez
480987,2019-01-22,18/19,1148,989,Brentford,Bournemouth,13600000.0,8000000.0,Chris Mepham
257388,2019-01-21,18/19,7378,720,Portimonense,FC Porto,7000000.0,1250000.0,Wilson Manafá
196722,2019-01-18,18/19,1123,355,Norwich,Bolton,,200000.0,Remi Matthews
302371,2019-01-18,18/19,9267,11000,West Ham U23,CD Lugo,0.0,1500000.0,Toni Martínez
258885,2019-01-17,18/19,22,370,Derby,Aberdeen FC,0.0,350000.0,Max Lowe
302371,2019-01-17,18/19,13702,9267,R. Majadahonda,West Ham U23,0.0,1500000.0,Toni Martínez
378293,2019-01-16,18/19,281,5358,Man City,SD Huesca,0.0,1000000.0,Yangel Herrera
46413,2019-01-15,18/19,4083,237,Crotone,RCD Mallorca,0.0,1500000.0,Ante Budimir
439022,2019-01-15,18/19,3325,141,Chaves,Galatasaray,4000000.0,2000000.0,Marcão
499604,2019-01-15,18/19,37993,51663,Watford U23,Atlanta,,,Dion Pereira
603696,2019-01-15,18/19,8568,11610,AD Ceuta ,Las Palmas Atl.,0.0,,Alberto Reina
271455,2019-01-12,18/19,16704,969,Krasnodar,Montpellier,600000.0,800000.0,Mihailo Ristic
295313,2019-01-12,18/19,31,29228,Liverpool,Mouscron,0.0,1500000.0,Taiwo Awoniyi
95795,2019-01-11,18/19,697,465,Slovan Liberec,St. Mirren,,300000.0,Václav Hladký
223725,2019-01-11,18/19,131,368,Barcelona,Sevilla FC,1050000.0,12000000.0,Munir El Haddadi
295313,2019-01-11,18/19,157,31,KAA Gent,Liverpool,0.0,1500000.0,Taiwo Awoniyi
398065,2019-01-11,18/19,984,1003,West Brom,Leicester,0.0,1500000.0,Harvey Barnes
406556,2019-01-11,18/19,39336,3055,Brighton U23,Basingstoke,0.0,,Tom McGill
432914,2019-01-11,18/19,14701,7057,Santos B,Portuguesa-SP,0.0,50000.0,John Victor
638793,2019-01-11,18/19,36097,626,Syracuse,New England,0.0,,Tajon Buchanan
215810,2019-01-10,18/19,3884,1028,AFC Wimbledon,Millwall,0.0,50000.0,Tom King
275218,2019-01-10,18/19,209,20514,River Plate,La Calera,0.0,2000000.0,Augusto Batalla
319900,2019-01-09,18/19,352,9262,Swindon Town,Fulham U21,0.0,,Elijah Adebayo
337715,2019-01-09,18/19,12,839,Roma,Perugia,0.0,1800000.0,Umar Sadiq
238407,2019-01-08,18/19,873,157,Crystal Palace,KAA Gent,0.0,6000000.0,Alexander Sørloth
77757,2019-01-07,18/19,601,157,KV Kortrijk,KAA Gent,2200000.0,1500000.0,Thomas Kaminski
233124,2019-01-07,18/19,543,405,Wolves,Aston Villa,0.0,1000000.0,Kortney Hause
337284,2019-01-07,18/19,31,1032,Liverpool,Reading,0.0,900000.0,Ovie Ejaria
314678,2019-01-06,18/19,281,418,Man City,Real Madrid,17000000.0,5000000.0,Brahim Díaz
196722,2019-01-05,18/19,355,1123,Bolton,Norwich,0.0,200000.0,Remi Matthews
73547,2019-01-04,18/19,1237,350,Brighton,Sheff Utd,2200000.0,3000000.0,Oliver Norwood
85177,2019-01-04,18/19,31,989,Liverpool,Bournemouth,0.0,15000000.0,Nathaniel Clyne
258889,2019-01-04,18/19,31,989,Liverpool,Bournemouth,21200000.0,10000000.0,Dominic Solanke
349503,2019-01-04,18/19,1020,990,Portsmouth,Coventry,550000.0,200000.0,Conor Chaplin
403151,2019-01-04,18/19,3455,39336,Forest Green,Brighton U23,0.0,,Robert Sánchez
406556,2019-01-04,18/19,44734,39336,Greenwich,Brighton U23,0.0,,Tom McGill
427568,2019-01-04,18/19,989,3884,Bournemouth,AFC Wimbledon,0.0,500000.0,Aaron Ramsdale
73547,2019-01-03,18/19,350,1237,Sheff Utd,Brighton,0.0,3000000.0,Oliver Norwood
169801,2019-01-03,18/19,931,349,Fulham,Barnsley FC,850000.0,750000.0,Cauley Woodrow
335721,2019-01-03,18/19,1237,1072,Brighton,Peterborough,0.0,,Ben White
349503,2019-01-03,18/19,990,1020,Coventry,Portsmouth,0.0,200000.0,Conor Chaplin
646353,2019-01-03,18/19,15890,9606,Halifax U18,Brighton U18,,,Carl Rushworth
169801,2019-01-02,18/19,349,931,Barnsley FC,Fulham,0.0,750000.0,Cauley Woodrow
390823,2019-01-02,18/19,11610,472,Las Palmas Atl.,UD Las Palmas,,100000.0,Eric Curbelo
467623,2019-01-02,18/19,2557,162,Orlando Pirates,Monaco,1200000.0,175000.0,Lyle Foster
134270,2019-01-01,18/19,1071,1237,Wigan,Brighton,0.0,3000000.0,Dan Burn
144128,2019-01-01,18/19,6878,3277,Bolívar,U. Católica,875000.0,525000.0,Matías Dituro
305274,2019-01-01,18/19,2805,1028,Wycombe,Millwall,0.0,500000.0,Fred Onyedinma
326416,2019-01-01,18/19,2296,1531,CD Numancia,Elche CF,0.0,800000.0,Dani Calvo
331496,2019-01-01,18/19,18446,12321,CF Peralada,Girona,,100000.0,Valery Fernández
332705,2019-01-01,18/19,623,23826,New York,Leipzig,2630000.0,4500000.0,Tyler Adams
335225,2019-01-01,18/19,11972,1050,Villarreal CF B,Villarreal,,1000000.0,Manu Morlanes
340324,2019-01-01,18/19,9249,11,Arsenal U23,Arsenal,,,Eddie Nketiah
346707,2019-01-01,18/19,9253,762,Newcastle U23,Newcastle,,150000.0,Sean Longstaff
357162,2019-01-01,18/19,10330,294,Benfica B,Benfica,,1000000.0,Florentino
391005,2019-01-01,18/19,190,19657,Copenhagen,Vendsyssel FF,0.0,300000.0,Mads Roerslev
392591,2019-01-01,18/19,6699,1148,Exeter City,Brentford,0.0,100000.0,Chiedozie Ogbene
392768,2019-01-01,18/19,9250,631,Chelsea U23,Chelsea,,,Callum Hudson-Odoi
393323,2019-01-01,18/19,29826,25467,Ph. Union Acad.,Philadelphia,,150000.0,Brenden Aaronson
418560,2019-01-01,18/19,687,409,Molde FK,Salzburg,8000000.0,5000000.0,Erling Haaland
420243,2019-01-01,18/19,2824,8817,Ajax U19,Ajax U21,,,Jurriën Timber
431755,2019-01-01,18/19,11998,800,Atalanta U19,Atalanta,,,Dejan Kulusevski
432164,2019-01-01,18/19,15539,776,Coritiba U20,Coritiba FC,,,Igor Jesus
433183,2019-01-01,18/19,6930,9265,Man City U18,Man City U23,,,Tommy Doyle
444208,2019-01-01,18/19,36546,180,Southampton U23,Southampton,,1000000.0,Michael Obafemi
456292,2019-01-01,18/19,3867,1148,Boreham Wood,Brentford,0.0,,Ellery Balcombe
474701,2019-01-01,18/19,2862,1455,Feyenoord U19,FC Dordrecht,0.0,,Crysencio Summerville
484988,2019-01-01,18/19,12774,11204,Stade Reims U19,Stade Reims B,,,Logan Costa
490606,2019-01-01,18/19,15697,6918,TPS U19,Chelsea U18,,,Lucas Bergström
502676,2019-01-01,18/19,663,1799,Dinamo Tbilisi,Rustavi,0.0,25000.0,Giorgi Mamardashvili
503749,2019-01-01,18/19,6933,12124,Aston Villa U18,Aston Villa U23,,,Jacob Ramsey
503987,2019-01-01,18/19,39212,4575,PSV U17,PSV U19,,,Noni Madueke
505673,2019-01-01,18/19,3679,13,Atl. Madrileño,Atlético,,300000.0,Víctor Mollejo
522784,2019-01-01,18/19,37535,40058,CA Torque,New York City,425000.0,400000.0,Taty Castellanos
537382,2019-01-01,18/19,8519,368,Sevilla Atl.,Sevilla FC,,300000.0,Bryan Gil
546712,2019-01-01,18/19,15627,362,Akademisk U19,Akademisk BK,,25000.0,Anis Ben Slimane
566832,2019-01-01,18/19,53035,50677,Reading Yth.,Chelsea Youth,,,Josh Brooking
576024,2019-01-01,18/19,14837,209,River Plate II,River Plate,,1000000.0,Julián Alvarez
581326,2019-01-01,18/19,20957,23075,Pallokerho,FC Honka II,0.0,,Ville Koski
602105,2019-01-01,18/19,14708,585,São Paulo U20,São Paulo,,,Antony
612496,2019-01-01,18/19,15029,2462,Fluminense U17,Fluminense,,,Marcos Paulo
616369,2019-01-01,18/19,9900,9899,R. Sociedad U19,Real Sociedad B,,,Ander Barrenetxea
626724,2019-01-01,18/19,15029,2462,Fluminense U17,Fluminense,,,João Pedro
631821,2019-01-01,18/19,14281,36949,Dynamo Kyiv U17,Dynamo Kyiv U19,,,Vladyslav Vanat
640428,2019-01-01,18/19,8154,273,Rennes B,Stade Rennais,,,Eduardo Camavinga
648032,2019-01-01,18/19,6142,15436,Cherry Orchard FC,Pat's Academy,,,James Abankwah
659813,2019-01-01,18/19,39908,39950,IDV U20,Independiente B,,,Piero Hincapié
660438,2019-01-01,18/19,59082,25873,Grótta U19,Grótta,,,Orri Óskarsson
667121,2019-01-01,18/19,61507,48758,Palmeiras U17,Braga U17,,,Rodrigo Gomes
667287,2019-01-01,18/19,102514,42331,AIK Yth.,AIK U17,,,Yasin Ayari
673492,2019-01-01,18/19,14679,14708,São Paulo U17,São Paulo U20,,,Morato
687626,2019-01-01,18/19,39908,39950,IDV U20,Independiente B,,,Moisés Caicedo
696506,2019-01-01,18/19,47988,15581,Vitória SC U17,Vitória SC U19,,,Gui Guedes
735570,2019-01-01,18/19,97588,15002,Flamengo U17,Flamengo U20,,,João Gomes
739443,2019-01-01,18/19,81474,16658,Vere FC,Cruzeiro U20,,,Igor Thiago
844516,2019-01-01,18/19,22638,86651,Patronato U20,Patronato II,,,Luis Vázquez
144128,2018-12-31,18/19,3277,6878,U. Católica,Bolívar,0.0,525000.0,Matías Dituro
258885,2018-12-31,18/19,370,22,Aberdeen FC,Derby,0.0,200000.0,Max Lowe
262300,2018-12-31,18/19,1194,1039,Rotherham,QPR,0.0,250000.0,Ryan Manning
271455,2018-12-31,18/19,197,16704,Sparta Prague,Krasnodar,0.0,800000.0,Mihailo Ristic
275218,2018-12-31,18/19,11831,209,Tigre,River Plate,0.0,2000000.0,Augusto Batalla
378293,2018-12-31,18/19,40058,281,New York City,Man City,0.0,1000000.0,Yangel Herrera
380744,2018-12-31,18/19,13274,13025,Nest-Sotra FK,Sandnes Ulf,0.0,100000.0,Egil Selvik
424042,2018-12-31,18/19,2402,14831,Defensa,Boca Juniors II,0.0,750000.0,Nahuel Molina
522784,2018-12-31,18/19,40058,37535,New York City,CA Torque,0.0,400000.0,Taty Castellanos
525438,2018-12-31,18/19,62129,7769,Energeticianul,CFR Cluj,0.0,100000.0,Horațiu Moldovan
578539,2018-12-31,18/19,1462,8816,FC Bayern U19,Dallas,0.0,50000.0,Chris Richards
504855,2018-12-21,18/19,3054,13556,Shrewsbury,Curzon Ashton,0.0,,John McAtee
337715,2018-12-16,18/19,124,12,Rangers,Roma,0.0,1800000.0,Umar Sadiq
337284,2018-12-15,18/19,124,31,Rangers,Liverpool,0.0,900000.0,Ovie Ejaria
284854,2018-12-04,18/19,2464,131,Barcelona B,Barcelona,,10000000.0,Carles Aleñá
392179,2018-11-30,18/19,4380,6012,Assyriska FF,IK Frej Täby,0.0,,Hjalmar Ekdal
393323,2018-11-30,18/19,51762,29826,Bethlehem Steel,Ph. Union Acad.,0.0,150000.0,Brenden Aaronson
608175,2018-11-17,18/19,3454,9260,Kingstonian FC,Charlton U21,0.0,,Alfie Doughty
401922,2018-11-01,18/19,11972,1050,Villarreal CF B,Villarreal,,500000.0,Samuel Chukwueze
434602,2018-11-01,18/19,44822,9899,Real Sociedad C,Real Sociedad B,,,Aritz Arambarri
724520,2018-11-01,18/19,21557,15066,Hércules U19,Hércules CF B,,,Abde Ezzalzouli
537860,2018-10-29,18/19,31606,8963,Shakhtar U17,Shakhtar II,,,Mykhaylo Mudryk
504855,2018-10-27,18/19,3694,3054,Telford Utd,Shrewsbury,0.0,,John McAtee
463605,2018-10-26,18/19,107748,415,Toulouse FC U17,Toulouse,,,Bafodé Diakité
608175,2018-10-19,18/19,9260,3454,Charlton U21,Kingstonian FC,0.0,,Alfie Doughty
1141628,2018-10-12,18/19,96797,44829,1955 Batman Jgd,Sivasspor Yth,0.0,,Yunus Konak
568005,2018-10-04,18/19,6932,45618,Charlton U18,Benfica U17,,,Jeremy Sarmiento
504855,2018-09-26,18/19,3054,3694,Shrewsbury,Telford Utd,0.0,,John McAtee
504855,2018-09-25,18/19,10373,3054,Ashton United,Shrewsbury,0.0,,John McAtee
536794,2018-09-20,18/19,20428,11177,FC United,Fleetwood,0.0,,Billy Crellin
555074,2018-09-20,18/19,51484,15535,Lubin Youth,Lubin U19,,,Oliwier Zych
18644,2018-09-18,18/19,114,5432,Besiktas,Al-Nasr,0.0,2000000.0,Álvaro Negredo
725912,2018-09-18,18/19,125074,124613,Bohemians Yth.,Dukla Yth.,,,Antonín Kinský
543164,2018-09-14,18/19,8824,6168,Sheff Utd U21,Barrow,0.0,,Rhys Norrington-Davies
381963,2018-09-11,18/19,515,467,Without Club,NEC Nijmegen,,,Mike Tresor
243879,2018-09-07,18/19,504,625,Grasshoppers,Neuchâtel Xamax,0.0,750000.0,Charles Pickel
501743,2018-09-01,18/19,31368,943,Yokohama FC U18,Yokohama FC,,,Koki Saito
95641,2018-08-31,18/19,150,1108,Real Betis,Alavés,0.0,2000000.0,Darko Brasanac
126719,2018-08-31,18/19,27,583,Bayern Munich,PSG,5000000.0,12000000.0,Juan Bernat
153427,2018-08-31,18/19,1533,367,SD Eibar,Rayo Vallecano,750000.0,1000000.0,Bebé
165467,2018-08-31,18/19,5648,367,Gimnàstic,Rayo Vallecano,0.0,700000.0,Stole Dimitrievski
249994,2018-08-31,18/19,720,683,Porto,Olympiacos,0.0,2500000.0,José Sá
282672,2018-08-31,18/19,472,13702,UD Las Palmas,R. Majadahonda,0.0,300000.0,Benito Ramírez
284857,2018-08-31,18/19,131,1533,Barcelona,SD Eibar,0.0,5000000.0,Marc Cucurella
292246,2018-08-31,18/19,409,41,Salzburg,Hamburg,0.0,10000000.0,Hee-chan Hwang
298976,2018-08-31,18/19,418,3368,Real Madrid,Levante,0.0,7500000.0,Borja Mayoral
331726,2018-08-31,18/19,631,405,Chelsea,Aston Villa,0.0,10000000.0,Tammy Abraham
340325,2018-08-31,18/19,9249,533,Arsenal U23,Hoffenheim,0.0,,Reiss Nelson
343273,2018-08-31,18/19,367,11603,Rayo Vallecano,Depor Fabril,0.0,50000.0,Joni Montiel
348795,2018-08-31,18/19,583,150,PSG,Real Betis,0.0,30000000.0,Giovani Lo Celso
356141,2018-08-31,18/19,24,475,Frankfurt,Sint-Truiden,0.0,1000000.0,Daichi Kamada
357072,2018-08-31,18/19,273,1160,Stade Rennais,Nîmes Olympique,0.0,4500000.0,Faitout Maouassa
366948,2018-08-31,18/19,210,36,Grêmio,Fenerbahce,4900000.0,2500000.0,Jailson
392591,2018-08-31,18/19,1148,6699,Brentford,Exeter City,0.0,100000.0,Chiedozie Ogbene
406556,2018-08-31,18/19,39336,44734,Brighton U23,Greenwich,0.0,,Tom McGill
415970,2018-08-31,18/19,703,124,Nott'm Forest,Rangers,0.0,8000000.0,Joe Worrall
469669,2018-08-31,18/19,1080,10789,Stade Lavallois,Braga B,,200000.0,Yvan Neyou
527425,2018-08-31,18/19,677,352,Ipswich,Swindon Town,0.0,,Luke Woolfenden
560694,2018-08-31,18/19,130650,1027,Huddersf. U23,Bradford,0.0,,Lewis O'Brien
562742,2018-08-31,18/19,18669,27689,Penya Deportiva,Sant Rafel,0.0,,Leo Román
199369,2018-08-30,18/19,29,681,Everton,Real Sociedad,0.0,10000000.0,Sandro Ramírez
216464,2018-08-30,18/19,368,897,Sevilla FC,Dep. La Coruña,0.0,1000000.0,Carlos Fernández
242606,2018-08-30,18/19,379,358,West Ham,Charlton,0.0,1000000.0,Josh Cullen
258885,2018-08-30,18/19,22,370,Derby,Aberdeen FC,0.0,200000.0,Max Lowe
305274,2018-08-30,18/19,1028,2805,Millwall,Wycombe,0.0,500000.0,Fred Onyedinma
314367,2018-08-30,18/19,9254,798,Tottenham U23,Excelsior,0.0,500000.0,Marcus Edwards
349503,2018-08-30,18/19,1020,990,Portsmouth,Coventry,0.0,200000.0,Conor Chaplin
525578,2018-08-30,18/19,976,3329,União Madeira,Famalicão,0.0,275000.0,Pathé Ciss
614700,2018-08-30,18/19,67403,42394,Galway U19,Galway United,,,Dara Costelloe
998101,2018-08-30,18/19,55668,29108,Honvéd Yth.,Ferencváros Yth,0.0,,Alex Tóth
225020,2018-08-29,18/19,1041,418,Lyon,Real Madrid,21500000.0,22000000.0,Mariano Díaz
357628,2018-08-29,18/19,1532,50260,Albacete,Inter de Madrid,0.0,,Alfon González
480267,2018-08-29,18/19,18074,2464,Boston River,Barcelona B,4700000.0,175000.0,Ronald Araujo
85864,2018-08-28,18/19,31,114,Liverpool,Besiktas,0.0,12000000.0,Loris Karius
225122,2018-08-27,18/19,583,1049,PSG,Valencia,40000000.0,40000000.0,Gonçalo Guedes
226973,2018-08-27,18/19,180,164,Southampton,Blackburn,0.0,1000000.0,Harrison Reed
293388,2018-08-27,18/19,20116,16602,Leeds United U23,UB Conquense,0.0,,Oriol Rey
404839,2018-08-27,18/19,418,1244,Real Madrid,CD Leganés,0.0,8500000.0,Andriy Lunin
162038,2018-08-24,18/19,418,367,Real Madrid,Rayo Vallecano,0.0,6000000.0,Raúl de Tomás
169801,2018-08-24,18/19,931,349,Fulham,Barnsley FC,0.0,750000.0,Cauley Woodrow
287579,2018-08-24,18/19,234,2282,Feyenoord,Club Brugge,2500000.0,4500000.0,Sofyan Amrabat
74294,2018-08-23,18/19,10948,336,GZ Evergrande,Sporting,0.0,5000000.0,Nemanja Gudelj
170472,2018-08-23,18/19,1010,3709,Watford,Getafe,0.0,2000000.0,Dimitri Foulquier
257062,2018-08-23,18/19,2687,367,Cádiz CF,Rayo Vallecano,4500000.0,5000000.0,Álvaro García
316264,2018-08-21,18/19,418,499,Real Madrid,Vitesse,0.0,4000000.0,Martin Ødegaard
340321,2018-08-21,18/19,9249,1148,Arsenal U23,Brentford,0.0,,Josh Dasilva
213260,2018-08-20,18/19,3368,331,Levante,CA Osasuna,0.0,1500000.0,Rubén García
277384,2018-08-20,18/19,862,237,Chievo Verona,RCD Mallorca,0.0,700000.0,Martin Valjent
251106,2018-08-19,18/19,1050,366,Villarreal,Real Valladolid,0.0,8000000.0,Enes Ünal
322702,2018-08-18,18/19,1184,29228,KRC Genk,Mouscron,0.0,700000.0,Benson Manuel
111508,2018-08-17,18/19,984,1244,West Brom,CD Leganés,0.0,4500000.0,Allan Nyom
340328,2018-08-17,18/19,9249,41101,Arsenal U23,Juventus U23,1500000.0,800000.0,Stephy Mavididi
262300,2018-08-16,18/19,1039,1194,QPR,Rotherham,0.0,250000.0,Ryan Manning
307519,2018-08-16,18/19,366,16795,Real Valladolid,Granada CF,0.0,1000000.0,Fede San Emeterio
395122,2018-08-16,18/19,1390,276,Cagliari,Hellas Verona,0.0,1300000.0,Santiago Colombatto
568835,2018-08-16,18/19,11596,11245,AD Alcorcón,UD Sanse,0.0,,Pablo Martínez
255495,2018-08-15,18/19,1533,11596,SD Eibar,AD Alcorcón,0.0,300000.0,Unai Elgezabal
307519,2018-08-15,18/19,8519,366,Sevilla Atl.,Real Valladolid,500000.0,1000000.0,Fede San Emeterio
405398,2018-08-15,18/19,6631,3828,FC Tokyo,Yokohama F. M.,0.0,300000.0,Takefusa Kubo
607034,2018-08-15,18/19,95865,2038,Jamba F.A.,Sogndal,0.0,,Akor Adams
236490,2018-08-14,18/19,631,416,Chelsea,Torino,0.0,4000000.0,Ola Aina
289272,2018-08-14,18/19,9899,681,Real Sociedad B,Real Sociedad,,300000.0,Martín Merquelanz
465555,2018-08-14,18/19,6621,32113,Cukaricki,IMT Belgrad,0.0,100000.0,Djordje Petrovic
606576,2018-08-14,18/19,52211,49869,Prata Falchi,Udinese U17,0.0,,Denis Franchi
73547,2018-08-13,18/19,1237,350,Brighton,Sheff Utd,0.0,3000000.0,Oliver Norwood
284884,2018-08-13,18/19,418,1244,Real Madrid,CD Leganés,0.0,1000000.0,Óscar Rodríguez
302371,2018-08-13,18/19,9267,13702,West Ham U23,R. Majadahonda,0.0,1500000.0,Toni Martínez
364603,2018-08-13,18/19,2464,1244,Barcelona B,CD Leganés,5000000.0,5000000.0,José Manuel Arnáiz
196722,2018-08-12,18/19,1123,355,Norwich,Bolton,0.0,200000.0,Remi Matthews
198008,2018-08-11,18/19,5,368,AC Milan,Sevilla FC,0.0,22000000.0,André Silva
134270,2018-08-10,18/19,1237,1071,Brighton,Wigan,0.0,750000.0,Dan Burn
236953,2018-08-10,18/19,379,703,West Ham,Nott'm Forest,0.0,4000000.0,Sam Byram
447995,2018-08-10,18/19,465,2759,St. Mirren,Ross County,45000.0,100000.0,Ross Stewart
504849,2018-08-10,18/19,10711,9598,Tsukuba Univ.,Kawasaki Front.,0.0,,Kaoru Mitoma
51471,2018-08-09,18/19,418,631,Real Madrid,Chelsea,0.0,30000000.0,Mateo Kovacic
55742,2018-08-09,18/19,989,603,Bournemouth,Cardiff,0.0,7000000.0,Harry Arter
108354,2018-08-09,18/19,2288,873,Swansea,Crystal Palace,0.0,8000000.0,Jordan Ayew
108390,2018-08-09,18/19,631,418,Chelsea,Real Madrid,35000000.0,65000000.0,Thibaut Courtois
134270,2018-08-09,18/19,1071,1237,Wigan,Brighton,3550000.0,750000.0,Dan Burn
134294,2018-08-09,18/19,31,180,Liverpool,Southampton,0.0,8000000.0,Danny Ings
168157,2018-08-09,18/19,58,543,RSC Anderlecht,Wolves,0.0,17000000.0,Leander Dendoncker
314288,2018-08-09,18/19,9265,466,Man City U23,Preston,0.0,,Lukas Nmecha
491616,2018-08-09,18/19,18099,9540,Manta FC,Santos U20,350000.0,,Jackson Porozo
525247,2018-08-09,18/19,7123,543,Maidenhead Utd.,Wolves,4750000.0,,Maximilian Kilman
538006,2018-08-09,18/19,11411,1010,Banants,Watford,0.0,200000.0,Kwasi Sibo
192279,2018-08-08,18/19,621,631,Athletic Club,Chelsea,80000000.0,20000000.0,Kepa Arrizabalaga
193116,2018-08-08,18/19,903,405,Hibernian FC,Aston Villa,3100000.0,1750000.0,John McGinn
204103,2018-08-08,18/19,641,543,Middlesbrough,Wolves,20000000.0,8000000.0,Adama Traoré
275218,2018-08-08,18/19,209,11831,River Plate,Tigre,0.0,2000000.0,Augusto Batalla
319859,2018-08-08,18/19,2778,940,Nordsjaelland,Celta de Vigo,5000000.0,1500000.0,Mathias Jensen
538977,2018-08-08,18/19,107721,8154,Rennes U17,Rennes B,,,Georginio Rutter
73517,2018-08-07,18/19,4795,405,FC Ingolstadt,Aston Villa,3000000.0,800000.0,Ørjan Nyland
126751,2018-08-07,18/19,2464,472,Barcelona B,UD Las Palmas,500000.0,800000.0,Iñigo Ruiz de Galarreta
184528,2018-08-07,18/19,1025,1416,Bologna,Amiens SC,0.0,1500000.0,Emil Krafth
215118,2018-08-07,18/19,11,931,Arsenal,Fulham,0.0,14000000.0,Calum Chambers
257455,2018-08-07,18/19,336,1075,Sporting,Braga,0.0,1500000.0,João Palhinha
262980,2018-08-07,18/19,3368,989,Levante,Bournemouth,30500000.0,2000000.0,Jefferson Lerma
401320,2018-08-07,18/19,29990,6699,West Brom U23,Exeter City,0.0,,Dara O'Shea
401530,2018-08-07,18/19,585,720,São Paulo,Porto,7000000.0,8000000.0,Éder Militão
15799,2018-08-06,18/19,11,1050,Arsenal,Villarreal,0.0,2500000.0,Santi Cazorla
35047,2018-08-06,18/19,33714,16,TJ Tianhai,Dortmund,20000000.0,20000000.0,Axel Witsel
250426,2018-08-06,18/19,762,164,Newcastle,Blackburn,1900000.0,1500000.0,Adam Armstrong
342046,2018-08-06,18/19,985,405,Man Utd,Aston Villa,0.0,1000000.0,Axel Tuanzebe
399776,2018-08-06,18/19,1050,1084,Villarreal,Málaga CF,0.0,500000.0,Pau Torres
406556,2018-08-06,18/19,8123,39336,Worthing,Brighton U23,0.0,,Tom McGill
456292,2018-08-06,18/19,1148,3867,Brentford,Boreham Wood,0.0,,Ellery Balcombe
568559,2018-08-06,18/19,124917,49567,CP Rapid Buc.,Juventus U17,260000.0,,Radu Drăgușin
70245,2018-08-04,18/19,1084,3709,Málaga CF,Getafe,5000000.0,1500000.0,Ignasi Miquel
572265,2018-08-04,18/19,12130,14829,Torino U19,Brescia U19,0.0,,Lorenzo Lucca
247250,2018-08-03,18/19,12321,366,Girona,Real Valladolid,1000000.0,800000.0,Rubén Alcaraz
257376,2018-08-03,18/19,336,897,Sporting,Dep. La Coruña,0.0,2000000.0,Domingos Duarte
258878,2018-08-03,18/19,9265,984,Man City U23,West Brom,0.0,1000000.0,Tosin Adarabioyo
349701,2018-08-03,18/19,9261,1071,Everton U23,Wigan,0.0,500000.0,Antonee Robinson
429790,2018-08-03,18/19,281,132,Man City,NAC Breda,0.0,2000000.0,Luka Ilic
504855,2018-08-03,18/19,3054,10373,Shrewsbury,Ashton United,0.0,,John McAtee
14044,2018-08-02,18/19,399,641,Leeds,Middlesbrough,0.0,350000.0,Andy Lonergan
66934,2018-08-02,18/19,379,873,West Ham,Crystal Palace,10700000.0,12000000.0,Cheikhou Kouyaté
543499,2018-08-02,17/18,40902,2778,Right to Dream,Nordsjaelland,0.0,,Mohammed Kudus
126664,2018-08-01,18/19,131,29,Barcelona,Everton,20200000.0,15000000.0,Lucas Digne
423444,2018-08-01,18/19,367,940,Rayo Vallecano,Celta de Vigo,8000000.0,2000000.0,Fran Beltrán
505673,2018-08-01,18/19,31506,3679,Atl. Madrid U19,Atl. Madrileño,,,Víctor Mollejo
536794,2018-08-01,18/19,11177,20428,Fleetwood,FC United,0.0,,Billy Crellin
553875,2018-08-01,18/19,18446,12321,CF Peralada,Girona,,1000000.0,Pedro Porro
638793,2018-08-01,18/19,49426,36097,Sigma FC,Syracuse,0.0,,Tajon Buchanan
711394,2018-08-01,18/19,44822,16596,Real Sociedad C,Peña Sport FC,0.0,,Javi Martón
203043,2018-07-31,18/19,472,1533,UD Las Palmas,SD Eibar,0.0,1500000.0,Pedro Bigas
654412,2018-07-31,18/19,108280,67605,Le Havre Youth,Le Havre U17,,,Abdoullah Ba
155025,2018-07-30,18/19,124,2423,Rangers,Santa Clara,0.0,900000.0,Fábio Cardoso
282939,2018-07-30,18/19,2805,289,Wycombe,Sunderland,,150000.0,Luke O'Nien
146509,2018-07-28,18/19,2964,984,Scunthorpe Utd.,West Brom,840000.0,200000.0,Conor Townsend
406556,2018-07-28,18/19,39336,8123,Brighton U23,Worthing,0.0,,Tom McGill
490421,2018-07-27,18/19,11669,37993,Cádiz CF B,Watford U23,0.0,,Momo Mbaye
522784,2018-07-27,18/19,37535,40058,CA Torque,New York City,0.0,200000.0,Taty Castellanos
127202,2018-07-26,18/19,762,667,Newcastle,R. Strasbourg,4000000.0,4500000.0,Matz Sels
135343,2018-07-26,18/19,897,762,Dep. La Coruña,Newcastle,4000000.0,3000000.0,Fabian Schär
175446,2018-07-26,18/19,13,543,Atlético,Wolves,0.0,12000000.0,Jonny Otto
260841,2018-07-26,18/19,39341,1078,Leicester U23,Oldham Athletic,0.0,50000.0,Daniel Iversen
281755,2018-07-26,18/19,1533,3709,SD Eibar,Getafe,4000000.0,4000000.0,Iván Alejo
617081,2018-07-26,18/19,13711,39813,Real Madrid U17,Barça U18,0.0,,Diego López
175446,2018-07-25,18/19,940,13,Celta de Vigo,Atlético,7000000.0,12000000.0,Jonny Otto
586736,2018-07-25,18/19,14321,5679,Barça U16,Arsenal U18,0.0,,Joel López
33027,2018-07-24,18/19,1237,1123,Brighton,Norwich,0.0,2500000.0,Tim Krul
249513,2018-07-24,18/19,1244,989,CD Leganés,Bournemouth,15000000.0,2500000.0,Diego Rico
378710,2018-07-24,18/19,1010,29,Watford,Everton,39200000.0,25000000.0,Richarlison
398065,2018-07-24,18/19,1003,984,Leicester,West Brom,0.0,250000.0,Harvey Barnes
560705,2018-07-24,18/19,29198,17686,Trival Valderas,CD Leganés B,0.0,,Álex Sancris
54217,2018-07-23,18/19,3368,472,Levante,UD Las Palmas,0.0,1000000.0,Raúl Fernández
118997,2018-07-23,18/19,2296,3368,CD Numancia,Levante,1200000.0,800000.0,Aitor Fernández
243760,2018-07-23,18/19,8519,142,Sevilla Atl.,Real Zaragoza,0.0,700000.0,Álex Muñoz
278837,2018-07-23,18/19,12361,3302,Marbella FC,UD Almería,150000.0,300000.0,Luis Rioja
295313,2018-07-23,18/19,31,157,Liverpool,KAA Gent,0.0,1500000.0,Taiwo Awoniyi
314241,2018-07-23,18/19,1071,3054,Wigan,Shrewsbury,,100000.0,Josh Laurent
361254,2018-07-23,18/19,543,472,Wolves,UD Las Palmas,0.0,1500000.0,Rafa Mir
431190,2018-07-23,18/19,2619,1234,Defensor SC,Independiente,2150000.0,2000000.0,Carlos Protesoni
581640,2018-07-23,18/19,70370,39813,Pontevedra U19,Barça U18,,,Coke Carrillo
146310,2018-07-21,18/19,828,475,Urawa Reds,Sint-Truiden,,1450000.0,Wataru Endo
254037,2018-07-21,18/19,4542,13702,CyD Leonesa,R. Majadahonda,70000.0,600000.0,Iza Carcelén
238266,2018-07-20,18/19,409,244,Salzburg,Marseille,19000000.0,10000000.0,Duje Caleta-Car
353032,2018-07-20,18/19,1214,2063,Cerro Porteño,Huracán,1380000.0,900000.0,Omar Alderete
560417,2018-07-20,18/19,593,4250,Kyoto Sanga,Metropolitano,0.0,,Alemão
599231,2018-07-20,18/19,10773,12697,RCD Espanyol B,Sant Andreu,0.0,,Ferran Jutglà
105470,2018-07-19,18/19,12,31,Roma,Liverpool,72500000.0,60000000.0,Alisson
121324,2018-07-19,18/19,1148,350,Brentford,Sheff Utd,4500000.0,1500000.0,John Egan
148367,2018-07-19,18/19,206,430,Bröndby IF,Fiorentina,3500000.0,2000000.0,Christian Nørgaard
443222,2018-07-19,18/19,131,1533,Barcelona,SD Eibar,0.0,1000000.0,Marc Cardona
334222,2018-07-18,18/19,416,2441,Torino,AEK Athens,0.0,1500000.0,Lucas Boyé
583255,2018-07-18,18/19,698,3716,Bristol City,Newport County,0.0,,Antoine Semenyo
593482,2018-07-18,18/19,37546,7968,AM Football,R. Strasbourg B,,,Azzedine Ounahi
12282,2018-07-17,18/19,985,610,Man Utd,Ajax,16000000.0,18000000.0,Daley Blind
279455,2018-07-17,18/19,31,22,Liverpool,Derby,0.0,1000000.0,Harry Wilson
346483,2018-07-17,18/19,9250,22,Chelsea U23,Derby,0.0,4000000.0,Mason Mount
410425,2018-07-17,18/19,1082,1237,Lille,Brighton,16800000.0,8000000.0,Yves Bissouma
513031,2018-07-17,18/19,237,3708,RCD Mallorca,Barakaldo CF ,0.0,,Antonio Sánchez
341713,2018-07-16,18/19,3679,20921,Atl. Madrileño,Navalcarnero,0.0,50000.0,Diego Conde
369316,2018-07-14,18/19,467,36,NEC Nijmegen,Fenerbahçe,4400000.0,1500000.0,Ferdi Kadıoğlu
216870,2018-07-13,18/19,1049,331,Valencia,CA Osasuna,0.0,1000000.0,Nacho Vidal
226012,2018-07-13,18/19,368,3709,Sevilla FC,Getafe,3000000.0,4000000.0,David Soria
282421,2018-07-13,18/19,1108,2497,Alavés,Real Oviedo,0.0,300000.0,Javi Muñoz
378139,2018-07-13,18/19,2865,13702,Betis Deportivo,R. Majadahonda,0.0,300000.0,Aitor Ruibal
182904,2018-07-12,18/19,368,131,Sevilla FC,Barcelona,35900000.0,36000000.0,Clément Lenglet
282421,2018-07-12,18/19,6767,1108,RM Castilla,Alavés,0.0,300000.0,Javi Muñoz
338424,2018-07-12,18/19,762,681,Newcastle,Real Sociedad,12000000.0,12000000.0,Mikel Merino
371998,2018-07-12,18/19,614,418,Flamengo,Real Madrid,45000000.0,35000000.0,Vinicius Junior
169497,2018-07-11,18/19,13702,1531,R. Majadahonda,Elche CF,0.0,300000.0,Juan Cruz
242359,2018-07-11,18/19,1444,410,Racing Club,Udinese,4000000.0,1000000.0,Juan Musso
201574,2018-07-10,18/19,281,180,Man City,Southampton,11300000.0,2000000.0,Angus Gunn
217144,2018-07-10,18/19,6767,1532,RM Castilla,Albacete,0.0,500000.0,Aleix Febas
264220,2018-07-10,18/19,379,3008,West Ham,Hull City,1700000.0,1000000.0,Reece Burke
337715,2018-07-10,18/19,12,124,Roma,Rangers,0.0,1800000.0,Umar Sadiq
417913,2018-07-10,18/19,2865,11610,Betis Deportivo,Las Palmas Atl.,0.0,50000.0,Álvaro Valles
486031,2018-07-10,18/19,1030,79,Argentinos Jrs.,Stuttgart,11260000.0,5000000.0,Nico González
540941,2018-07-10,18/19,14355,2778,Nordsjaell. U19,Nordsjaelland,,400000.0,Mikkel Damsgaard
278359,2018-07-09,18/19,940,714,Celta de Vigo,Espanyol,10000000.0,1000000.0,Borja Iglesias
398163,2018-07-09,18/19,6182,1531,Valencia B,Elche CF,4000000.0,200000.0,Gonzalo Villar
578539,2018-07-09,18/19,8816,1462,Dallas,FC Bayern U19,0.0,50000.0,Chris Richards
596122,2018-07-09,18/19,42903,38456,UE Figueres,UE Olot,0.0,,Pep Chavarría
240692,2018-07-08,18/19,10330,2457,Benfica B,B SAD,,425000.0,Reinildo Mandava
278359,2018-07-08,18/19,8733,940,Celta Vigo B,Celta de Vigo,,1000000.0,Borja Iglesias
319900,2018-07-07,18/19,9262,352,Fulham U21,Swindon Town,0.0,,Elijah Adebayo
401624,2018-07-06,18/19,10773,2865,RCD Espanyol B,Betis Deportivo,0.0,300000.0,Edgar González
102423,2018-07-05,18/19,4083,3709,Crotone,Getafe,600000.0,600000.0,Leandro Cabrera
213670,2018-07-05,18/19,418,24,Real Madrid,Frankfurt,3500000.0,800000.0,Lucas Torró
280730,2018-07-05,18/19,681,418,Real Sociedad,Real Madrid,32000000.0,25000000.0,Álvaro Odriozola
226261,2018-07-04,18/19,2865,3302,Betis Deportivo,UD Almería,0.0,500000.0,César de la Hoz
286415,2018-07-04,18/19,714,150,Espanyol,Real Betis,0.0,5000000.0,Pau López
300168,2018-07-04,18/19,621,1244,Athletic Club,CD Leganés,0.0,2500000.0,Mikel Vesga
439022,2018-07-04,18/19,679,3325,Athletico-PR,Chaves,900000.0,900000.0,Marcão
596446,2018-07-04,18/19,18197,399,Morecambe U18,Leeds,,,Leif Davis
110864,2018-07-03,18/19,985,984,Man Utd,West Brom,7350000.0,2500000.0,Sam Johnstone
34322,2018-07-02,18/19,16,11,Bor. Dortmund,Arsenal,16000000.0,20000000.0,Sokratis Papastathopoulos
61812,2018-07-02,18/19,583,621,PSG,Athletic Club,24750000.0,17000000.0,Yuri Berchiche
142031,2018-07-02,18/19,418,33,Real Madrid,FC Schalke 04,10000000.0,8000000.0,Omar Mascarell
268642,2018-07-02,18/19,2417,1444,Belgrano,Racing Club,1150000.0,2500000.0,Renzo Saravia
380350,2018-07-02,18/19,409,14,Salzburg,Austria Vienna,0.0,700000.0,Igor Julio
563137,2018-07-02,18/19,14321,9669,Barça U16,Monaco U19,0.0,,Robert Navarro
29692,2018-07-01,18/19,2288,379,Swansea,West Ham,8000000.0,5000000.0,Lukasz Fabianski
42412,2018-07-01,18/19,984,1003,West Brom,Leicester,4000000.0,15000000.0,Jonny Evans
46413,2018-07-01,18/19,1038,4083,Sampdoria,Crotone,1700000.0,1500000.0,Ante Budimir
64399,2018-07-01,18/19,3709,873,Getafe,Crystal Palace,0.0,5000000.0,Vicente Guaita
72476,2018-07-01,18/19,15,11,Leverkusen,Arsenal,25000000.0,20000000.0,Bernd Leno
73564,2018-07-01,18/19,289,1237,Sunderland,Brighton,0.0,750000.0,Jason Steele
74960,2018-07-01,18/19,197,762,Sparta Prague,Newcastle,4000000.0,4000000.0,Martin Dúbravka
124419,2018-07-01,18/19,265,294,Panathinaikos,Benfica,2400000.0,2500000.0,Odysseas Vlachodimos
128909,2018-07-01,18/19,1039,703,QPR,Nottm Forest,0.0,1000000.0,Jack Robinson
139435,2018-07-01,18/19,1532,237,Albacete,RCD Mallorca,0.0,600000.0,Dani Rodríguez
140191,2018-07-01,18/19,931,379,Fulham,West Ham,0.0,4000000.0,Ryan Fredericks
142021,2018-07-01,18/19,1041,714,Lyon,Espanyol,8000000.0,11000000.0,Sergi Darder
142031,2018-07-01,18/19,24,418,Frankfurt,Real Madrid,4000000.0,8000000.0,Omar Mascarell
142310,2018-07-01,18/19,720,543,Porto,Wolves,12000000.0,5000000.0,Willy Boly
142389,2018-07-01,18/19,899,987,Walsall,Motherwell FC,,75000.0,Mark Gillespie
162027,2018-07-01,18/19,11669,2687,Cádiz CF B,Cádiz CF,,,David Gil
162038,2018-07-01,18/19,6767,418,RM Castilla,Real Madrid,,3000000.0,Raúl de Tomás
177467,2018-07-01,18/19,714,1050,Espanyol,Villarreal,20000000.0,20000000.0,Gerard Moreno
182712,2018-07-01,18/19,1049,506,Valencia,Juventus,40400000.0,35000000.0,João Cancelo
183293,2018-07-01,18/19,988,164,Oxford United,Blackburn,,200000.0,Joe Rothwell
186186,2018-07-01,18/19,698,603,Bristol City,Cardiff,11350000.0,3000000.0,Bobby De Cordova-Reid
205562,2018-07-01,18/19,162,13,Monaco,Atlético,72000000.0,65000000.0,Thomas Lemar
206040,2018-07-01,18/19,294,543,Benfica,Wolves,0.0,15000000.0,Raúl Jiménez
212847,2018-07-01,18/19,677,698,Ipswich,Bristol City,4000000.0,750000.0,Adam Webster
213670,2018-07-01,18/19,331,418,CA Osasuna,Real Madrid,1750000.0,800000.0,Lucas Torró
215810,2018-07-01,18/19,1028,3884,Millwall,AFC Wimbledon,0.0,50000.0,Tom King
215876,2018-07-01,18/19,720,1003,Porto,Leicester,22000000.0,20000000.0,Ricardo Pereira
216464,2018-07-01,18/19,8519,368,Sevilla Atl.,Sevilla FC,,1000000.0,Carlos Fernández
221311,2018-07-01,18/19,1532,1531,Albacete,Elche CF,150000.0,300000.0,Iván Sánchez
221315,2018-07-01,18/19,8733,940,Celta Vigo B,Celta de Vigo,,300000.0,Kevin Vázquez
227961,2018-07-01,18/19,366,3709,Real Valladolid,Getafe,0.0,2000000.0,Jaime Mata
230222,2018-07-01,18/19,940,472,Celta de Vigo,UD Las Palmas,300000.0,300000.0,Álvaro Lemos
245744,2018-07-01,18/19,11,42,Arsenal,Hannover 96,0.0,2000000.0,Takuma Asano
251876,2018-07-01,18/19,281,79,Man City,Stuttgart,9000000.0,10000000.0,Pablo Maffeo
251892,2018-07-01,18/19,8519,368,Sevilla Atl.,Sevilla FC,,600000.0,Juan Soriano
256429,2018-07-01,18/19,993,3709,Córdoba CF,Getafe,0.0,2000000.0,Sergi Guardiola
258919,2018-07-01,18/19,9251,350,Man Utd U23,Sheff Utd,0.0,250000.0,Dean Henderson
262396,2018-07-01,18/19,6688,621,Bilbao Athletic,Athletic Club,,500000.0,Unai Simón
262939,2018-07-01,18/19,367,12321,Rayo Vallecano,Girona,5000000.0,4000000.0,Johan Mojica
270171,2018-07-01,18/19,23826,80,Leipzig,VfL Bochum,150000.0,600000.0,Vitaly Janelt
272622,2018-07-01,18/19,415,379,Toulouse,West Ham,25000000.0,22000000.0,Issa Diop
277033,2018-07-01,18/19,350,989,Sheff Utd,Bournemouth,11300000.0,5000000.0,David Brooks
278404,2018-07-01,18/19,28870,6767,Real Madrid U19,RM Castilla,,,Martín Calderón
279455,2018-07-01,18/19,9252,31,Liverpool U23,Liverpool,,1000000.0,Harry Wilson
282672,2018-07-01,18/19,11610,472,Las Palmas Atl.,UD Las Palmas,,300000.0,Benito Ramírez
283170,2018-07-01,18/19,2470,2464,Barça U19,Barcelona B,,,Iñaki Peña
284430,2018-07-01,18/19,21550,16795,Recre Granada,Granada CF,,250000.0,Aarón Escandell
284857,2018-07-01,18/19,2464,131,Barcelona B,Barcelona,,5000000.0,Marc Cucurella
284884,2018-07-01,18/19,6767,418,RM Castilla,Real Madrid,,800000.0,Óscar Rodríguez
289255,2018-07-01,18/19,9899,681,Real Sociedad B,Real Sociedad,,1000000.0,Andoni Gorosabel
289257,2018-07-01,18/19,681,9899,Real Sociedad,Real Sociedad B,,300000.0,Jon Guridi
290249,2018-07-01,18/19,18074,3709,Boston River,Getafe,2150000.0,3000000.0,Mauro Arambarri
293194,2018-07-01,18/19,419,79,Dinamo Zagreb,Stuttgart,6000000.0,1750000.0,Borna Sosa
294057,2018-07-01,18/19,1123,1003,Norwich,Leicester,25000000.0,10000000.0,James Maddison
297194,2018-07-01,18/19,940,8733,Celta de Vigo,Celta Vigo B,,300000.0,Iván Villar
297212,2018-07-01,18/19,33616,2288,Swansea U23,Swansea,,,Joe Rodon
297257,2018-07-01,18/19,8924,9043,Celtic U20,Celtic B,,,Mikey Johnston
303657,2018-07-01,18/19,46,252,Inter,Genoa,0.0,3000000.0,Ionuț Radu
309110,2018-07-01,18/19,8733,940,Celta Vigo B,Celta de Vigo,,3500000.0,Brais Méndez
319301,2018-07-01,18/19,33616,2288,Swansea U23,Swansea,,,Daniel James
321247,2018-07-01,18/19,3709,1123,Getafe,Norwich,1500000.0,2500000.0,Emiliano Buendía
322985,2018-07-01,18/19,234,1269,Feyenoord,PEC Zwolle,765000.0,500000.0,Gustavo Hamer
330659,2018-07-01,18/19,610,12,Ajax,Roma,17250000.0,15000000.0,Justin Kluivert
331496,2018-07-01,18/19,20277,18446,Girona U19,CF Peralada,,,Valery Fernández
331505,2018-07-01,18/19,2470,2464,Barça U19,Barcelona B,,,Óscar Mingueza
333361,2018-07-01,18/19,2470,2464,Barça U19,Barcelona B,,,Chumi
335721,2018-07-01,18/19,39336,1237,Brighton U23,Brighton,,,Ben White
337284,2018-07-01,18/19,31,124,Liverpool,Rangers,0.0,1000000.0,Ovie Ejaria
337917,2018-07-01,18/19,70321,39822,R.Madrid Yth.,Real Madrid U18,,,Théo Zidane
338424,2018-07-01,18/19,16,762,Dortmund,Newcastle,7000000.0,10000000.0,Mikel Merino
338629,2018-07-01,18/19,30857,58,Anderlecht U21,RSC Anderlecht,,,Sebastiaan Bornauw
339079,2018-07-01,18/19,73526,1496,Pardubice U19,Pardubice,,25000.0,Jiri Letacek
339501,2018-07-01,18/19,448,826,Vojvodina,Lens,650000.0,400000.0,Aleksandar Radovanovic
341263,2018-07-01,18/19,28870,6767,Real Madrid U19,RM Castilla,,,Adrián Dela
341264,2018-07-01,18/19,28870,6767,Real Madrid U19,RM Castilla,,,Fran García
341278,2018-07-01,18/19,12853,11972,FC Villarreal C,Villarreal CF B,,,Iván Martín
342048,2018-07-01,18/19,9267,379,West Ham U23,West Ham,,,Grady Diangana
342229,2018-07-01,18/19,162,583,Monaco,PSG,180000000.0,120000000.0,Kylian Mbappé
344069,2018-07-01,18/19,6776,143,SSV Jeddeloh II,Wolfsburg II,0.0,75000.0,Anton Stach
344830,2018-07-01,18/19,5242,9251,Man Utd U18,Man Utd U23,,,Tahith Chong
346289,2018-07-01,18/19,1041,1049,Lyon,Valencia,15000000.0,10000000.0,Mouctar Diakhaby
346314,2018-07-01,18/19,9250,677,Chelsea U23,Ipswich,0.0,,Trevoh Chalobah
348026,2018-07-01,18/19,969,23826,Montpellier,Leipzig,16000000.0,14000000.0,Nordi Mukiele
355861,2018-07-01,18/19,467,2282,NEC Nijmegen,Club Brugge,2800000.0,1500000.0,Arnaut Danjuma
355915,2018-07-01,18/19,2417,252,Belgrano,Genoa,4250000.0,750000.0,Cristian Romero
357147,2018-07-01,18/19,720,985,Porto,Man Utd,22000000.0,15000000.0,Diogo Dalot
357565,2018-07-01,18/19,1050,13,Villarreal,Atlético,20000000.0,25000000.0,Rodri
357628,2018-07-01,18/19,8506,1532,Atl. Albacete,Albacete,,,Alfon González
361093,2018-07-01,18/19,2824,8817,Ajax U19,Ajax U21,,,Sven Botman
367466,2018-07-01,18/19,10283,67909,Sporting U19,Sporting CP U23,,,Thierry Correia
369081,2018-07-01,18/19,6767,418,RM Castilla,Real Madrid,,6000000.0,Federico Valverde
369962,2018-07-01,18/19,4575,9715,PSV U19,PSV U21,,200000.0,Joël Piroe
371371,2018-07-01,18/19,16996,276,Verona U19,Hellas Verona,,75000.0,Marash Kumbulla
371851,2018-07-01,18/19,789,2410,Rudar Velenje,CSKA Moscow,400000.0,500000.0,Jaka Bijol
381963,2018-07-01,18/19,30857,515,Anderlecht U21,Without Club,,,Mike Tresor
388125,2018-07-01,18/19,18894,447,Hajduk Split II,Hajduk Split,,,Stanko Juric
390688,2018-07-01,18/19,52109,24420,Logroñés Prom.,UD Logroñés,,50000.0,Juan Iglesias
392757,2018-07-01,18/19,6918,9250,Chelsea U18,Chelsea U23,,,Marc Guéhi
392765,2018-07-01,18/19,5679,9249,Arsenal U18,Arsenal U23,,,Emile Smith Rowe
392770,2018-07-01,18/19,5242,9251,Man Utd U18,Man Utd U23,,,Angel Gomes
395234,2018-07-01,18/19,10851,10850,FC Nantes U19,FC Nantes B,,,Batista Mendy
398065,2018-07-01,18/19,39341,1003,Leicester U23,Leicester,,250000.0,Harvey Barnes
399434,2018-07-01,18/19,9256,641,Boro U23,Middlesbrough,,,Marcus Tavernier
399776,2018-07-01,18/19,11972,1050,Villarreal CF B,Villarreal,,500000.0,Pau Torres
401922,2018-07-01,18/19,28868,11972,Villarreal U19,Villarreal CF B,,500000.0,Samuel Chukwueze
403151,2018-07-01,18/19,39336,3455,Brighton U23,Forest Green,0.0,,Robert Sánchez
403898,2018-07-01,18/19,4121,18,M'gladbach U19,Mönchengladbach,,,Jordan Beyer
404418,2018-07-01,18/19,1443,430,MSK Zilina,Fiorentina,3800000.0,600000.0,Dávid Hancko
404839,2018-07-01,18/19,10690,418,Zorya Lugansk,Real Madrid,8500000.0,3500000.0,Andriy Lunin
406556,2018-07-01,18/19,9606,39336,Brighton U18,Brighton U23,,,Tom McGill
406638,2018-07-01,18/19,9254,148,Tottenham U23,Tottenham,,,Oliver Skipp
408471,2018-07-01,18/19,10773,714,RCD Espanyol B,Espanyol,,,Javi Puado
411295,2018-07-01,18/19,2420,336,Vit. Guimarães,Sporting,6500000.0,6500000.0,Raphinha
411537,2018-07-01,18/19,8817,1269,Ajax U21,PEC Zwolle,125000.0,250000.0,Zian Flemming
412042,2018-07-01,18/19,9478,10773,Espanyol U19,RCD Espanyol B,,,Adri López
413039,2018-07-01,18/19,10846,1095,ESTAC Troyes B,Troyes,,300000.0,Bryan Mbeumo
413112,2018-07-01,18/19,10872,40,G. Bordeaux B,G. Bordeaux,,,Aurélien Tchouaméni
413262,2018-07-01,18/19,11972,1050,Villarreal CF B,Villarreal,,2000000.0,Dani Raba
413403,2018-07-01,18/19,358,1148,Charlton,Brentford,2850000.0,500000.0,Ezri Konsa
415381,2018-07-01,18/19,6200,18026,FC Twente U19,FC Twente U21,,,Mats Wieffer
419648,2018-07-01,18/19,669,6621,Partizan,Cukaricki,0.0,150000.0,Veljko Birmancevic
420002,2018-07-01,18/19,1041,39,Lyon,Mainz,8000000.0,2500000.0,Jean-Philippe Mateta
420210,2018-07-01,18/19,2862,234,Feyenoord U19,Feyenoord,,500000.0,Lutsharel Geertruida
420243,2018-07-01,18/19,51645,2824,Ajax U17,Ajax U19,,,Jurriën Timber
420808,2018-07-01,18/19,37758,2727,Sheff Wed U21,OH Leuven,,,George Hirst
423440,2018-07-01,18/19,44822,9899,Real Sociedad C,Real Sociedad B,,,Martín Zubimendi
424015,2018-07-01,18/19,31029,67281,Rangers FC U17,Rangers FC U18,,,Nathan Patterson
429915,2018-07-01,18/19,6640,43560,Club Bruges U19,FC Brügge U21,,,Maxim De Cuyper
433177,2018-07-01,18/19,5679,9249,Arsenal U18,Arsenal U23,,,Bukayo Saka
433188,2018-07-01,18/19,6922,9252,Liverpool U18,Liverpool U23,,,Curtis Jones
434223,2018-07-01,18/19,6898,33614,Norwich U18,Norwich City U23,,,Adam Idah
434224,2018-07-01,18/19,10826,750,FC Sochaux U19,FC Sochaux,,,Maxence Lacroix
434675,2018-07-01,18/19,4575,383,PSV U19,PSV,,400000.0,Cody Gakpo
435648,2018-07-01,18/19,21058,1462,FC Bayern U17,FC Bayern U19,,,Joshua Zirkzee
442805,2018-07-01,18/19,8494,237,RCD Mallorca B ,RCD Mallorca,,250000.0,Iddrisu Baba
443222,2018-07-01,18/19,2464,131,Barcelona B,Barcelona,,1000000.0,Marc Cardona
444208,2018-07-01,18/19,6893,36546,Southampton U18,Southampton U23,,,Michael Obafemi
444641,2018-07-01,18/19,50678,6930,Man City Youth,Man City U18,,,Louie Moulden
449796,2018-07-01,18/19,12361,13225,Marbella FC,Reus Deportiu,0.0,250000.0,Alejandro Catena
455181,2018-07-01,18/19,13702,6767,R. Majadahonda,RM Castilla,100000.0,300000.0,Jorge de Frutos
456292,2018-07-01,18/19,54704,1148,Brentford B,Brentford,,,Ellery Balcombe
461833,2018-07-01,18/19,49568,11998,Atalanta U17,Atalanta U19,,,Caleb Okoli
461883,2018-07-01,18/19,14389,39341,Leicester U18,Leicester U23,,,Calvin Bassey
462070,2018-07-01,18/19,27018,6692,Novara U19,Novara,,50000.0,Nicolás Fonseca
463603,2018-07-01,18/19,9669,162,Monaco U19,Monaco,,,Benoît Badiashile
465717,2018-07-01,18/19,10002,22,Derby U18,Derby,,,Jayden Bogle
466783,2018-07-01,18/19,39813,2470,Barça U18,Barça U19,,,Arnau Tenas
466794,2018-07-01,18/19,6930,9265,Man City U18,Man City U23,,,Eric García
466805,2018-07-01,18/19,14321,2470,Barça U16,Barça U19,,,Nico González
468066,2018-07-01,18/19,1118,865,Örgryte,Midtjylland,200000.0,50000.0,Jens Cajuste
469050,2018-07-01,18/19,14494,24219,Stoke U18,Stoke City U23,,,Nathan Collins
469064,2018-07-01,18/19,14648,38967,Bournemouth U18,Bournemouth U21,,,Gavin Kilkenny
472423,2018-07-01,18/19,9250,1071,Chelsea U23,Wigan,0.0,,Reece James
473050,2018-07-01,18/19,21059,4042,E. Cottbus U17,SC Freiburg U19,250000.0,,Kevin Schade
473169,2018-07-01,18/19,51645,2824,Ajax U17,Ajax U19,,,Brian Brobbey
474701,2018-07-01,18/19,51654,2862,Feyenoord U17,Feyenoord U19,,,Crysencio Summerville
475411,2018-07-01,18/19,12745,8515,St-Étienne U19,Saint-Étienne B,,,Wesley Fofana
478573,2018-07-01,18/19,2824,8817,Ajax U19,Ajax U21,,,Ryan Gravenberch
480762,2018-07-01,18/19,14836,2402,Newell's II,Defensa,725000.0,2000000.0,Lisandro Martínez
483348,2018-07-01,18/19,6942,9256,Fulham U18,Boro U23,0.0,,Djed Spence
484389,2018-07-01,18/19,6943,9253,Newcastle U18,Newcastle U23,,,Kell Watts
484547,2018-07-01,18/19,6930,9265,Man City U18,Man City U23,,,Jeremie Frimpong
484988,2018-07-01,18/19,92744,12774,Stade Reims U17,Stade Reims U19,,,Logan Costa
485585,2018-07-01,18/19,32801,6918,PSV Yth.,Chelsea U18,110000.0,,Ian Maatsen
485706,2018-07-01,18/19,21082,8925,Hoffenheim U17,Hoffenheim U19,,,Amadou Onana
485963,2018-07-01,18/19,15439,738,Le Havre B,Le Havre AC,,200000.0,Pape Gueye
486049,2018-07-01,18/19,49390,30857,Anderlecht U17,Anderlecht U21,,,Jérémy Doku
488362,2018-07-01,18/19,6918,9250,Chelsea U18,Chelsea U23,,,Conor Gallagher
494237,2018-07-01,18/19,7874,9668,Rennes U19,Monaco B,0.0,,Wilson Isidor
495666,2018-07-01,18/19,8515,618,Saint-Étienne B,Saint-Étienne,,,William Saliba
498237,2018-07-01,18/19,12964,10789,Braga U19,Braga B,,,David Carmo
500689,2018-07-01,18/19,107728,8158,OGC Nice U17,OGC Nice B,,,Evann Guessand
502722,2018-07-01,18/19,42826,11263,AKA Salzb. U16,AKA Salzb. U18,,,Luka Sucic
502821,2018-07-01,18/19,49576,11997,Roma U17,Roma U19,,,Riccardo Calafiori
503686,2018-07-01,18/19,5679,9249,Arsenal U18,Arsenal U23,,,Dan Ballard
503733,2018-07-01,18/19,6920,9261,Everton U18,Everton U23,,,Anthony Gordon
503769,2018-07-01,18/19,50683,5679,Arsenal Youth,Arsenal U18,,,Arthur Okonkwo
503883,2018-07-01,18/19,49391,43560,FC Brügge U17,FC Brügge U21,,,Senne Lammens
503977,2018-07-01,18/19,50678,6930,Man City Youth,Man City U18,,,Taylor Harwood-Bellis
503987,2018-07-01,18/19,51433,39212,Tottenham Yth.,PSV U17,0.0,,Noni Madueke
503990,2018-07-01,18/19,6924,9256,Boro U18,Boro U23,,,Nathan Wood
504581,2018-07-01,18/19,12801,543,Wolves U18,Wolves,,,Ryan Giles
505673,2018-07-01,18/19,21609,31506,Atl.Madleño U18,Atl. Madrid U19,,,Víctor Mollejo
505674,2018-07-01,18/19,21609,31506,Atl.Madleño U18,Atl. Madrid U19,,,Sergio Camello
506248,2018-07-01,18/19,11603,897,Depor Fabril,Dep. La Coruña,,300000.0,Edu Expósito
513031,2018-07-01,18/19,8494,237,RCD Mallorca B ,RCD Mallorca,,,Antonio Sánchez
514285,2018-07-01,18/19,51654,2862,Feyenoord U17,Feyenoord U19,,,Quilindschy Hartman
517894,2018-07-01,18/19,321,23826,FC Sion,Leipzig,15000000.0,1500000.0,Matheus Cunha
520840,2018-07-01,18/19,12834,12853,Córdoba CF B,FC Villarreal C,0.0,50000.0,José Copete
521964,2018-07-01,18/19,21061,1463,Schalke 04 U17,Schalke 04 U19,,,Malick Thiaw
522784,2018-07-01,18/19,1037,37535,U. de Chile,CA Torque,150000.0,200000.0,Taty Castellanos
524285,2018-07-01,18/19,11844,21066,Hertha BSC Yth.,Hertha BSC U17,,,Luca Netz
525438,2018-07-01,18/19,7769,62129,CFR Cluj,Energeticianul,0.0,50000.0,Horațiu Moldovan
527350,2018-07-01,18/19,11669,2687,Cádiz CF B,Cádiz CF,,,Manu Vallejo
527966,2018-07-01,18/19,12853,11972,FC Villarreal C,Villarreal CF B,,,Andrei Rațiu
527972,2018-07-01,18/19,12853,4054,FC Villarreal C,Orihuela CF,0.0,,Mourad El Ghezouani
528888,2018-07-01,18/19,6942,9262,Fulham U18,Fulham U21,,,Tyrese Francois
533662,2018-07-01,18/19,53183,6933,A. Villa Yth.,Aston Villa U18,,,Cameron Archer
534379,2018-07-01,18/19,12319,8519,Sevilla FC C,Sevilla Atl.,,,Pejiño
536794,2018-07-01,18/19,33383,11177,Fleetwood U18,Fleetwood,,,Billy Crellin
536835,2018-07-01,18/19,49568,11998,Atalanta U17,Atalanta U19,,,Amad Diallo
537382,2018-07-01,18/19,28867,8519,Sevilla FC U19,Sevilla Atl.,,,Bryan Gil
537763,2018-07-01,18/19,39822,28870,Real Madrid U18,Real Madrid U19,,,Jordi Martín
538996,2018-07-01,18/19,54295,6326,Paris SG U17,Paris SG U19,,,Tanguy Nianzou
540536,2018-07-01,18/19,28871,8384,Zaragoza Juv. A,Dep. Aragón,,,Carlos Vicente
540664,2018-07-01,18/19,62344,10873,Bordeaux U17,Bordeaux U19,,,Dilane Bakwa
541231,2018-07-01,18/19,15587,1269,PEC Zwolle U19,PEC Zwolle,,500000.0,Sepp van den Berg
541555,2018-07-01,18/19,53243,6949,Blackburn Acad.,Blackburn U18,,,Enzo Boyomo
541621,2018-07-01,18/19,28868,12853,Villarreal U19,FC Villarreal C,,,Marc Vidal
542586,2018-07-01,18/19,16662,1158,Lorient B,FC Lorient,,,Illan Meslier
543387,2018-07-01,18/19,8152,826,RC Lens B,Lens,,,Cheick Doucouré
547039,2018-07-01,18/19,55579,14460,Cardiff City Yo,Cardiff U18,,,Isaak Davies
548111,2018-07-01,18/19,70473,28868,Roda U19,Villarreal U19,,,Álex Baena
548188,2018-07-01,18/19,14740,70320,Villarreal Yth.,Atlético Yth.,0.0,,Germán Valera
548470,2018-07-01,18/19,50672,5242,Man Utd Youth,Man Utd U18,,,Teden Mengi
548729,2018-07-01,18/19,14253,1292,Meyrin FC Yth.,Etoile Carouge,0.0,,Zeki Amdouni
549027,2018-07-01,18/19,53954,45618,Benfica U15,Benfica U17,,,Martim Neto
551182,2018-07-01,18/19,15509,8733,Celta U19,Celta Vigo B,,,Fran Vieites
555074,2018-07-01,18/19,63617,51484,Gdynia Youth,Lubin Youth,0.0,,Oliwier Zych
555500,2018-07-01,18/19,28861,8516,Osasuna U19,Osasuna B,,,Jorge Herrando
556385,2018-07-01,18/19,14920,49755,Hellas Verona Y,Hellas U17,,,Destiny Udogie
557147,2018-07-01,18/19,16157,12331,Sporting U19,Sporting B,,,José Gragera
557459,2018-07-01,18/19,46137,15586,Volendam U17,Volendam U19,,,Micky van de Ven
559130,2018-07-01,18/19,52975,9955,West Ham Yth.,West Ham U18,,,Harrison Ashby
559263,2018-07-01,18/19,32580,6942,Fulham Youth,Fulham U18,,,Fábio Carvalho
559330,2018-07-01,18/19,32798,51654,Feyenoord Youth,Feyenoord U17,,,Salah Oulad
559794,2018-07-01,18/19,10161,399,Leeds U18,Leeds,,,Jack Clarke
561452,2018-07-01,18/19,52975,9955,West Ham Yth.,West Ham U18,,,Dan Chesters
561613,2018-07-01,18/19,58956,9478,Espanyol U18,Espanyol U19,,,Joan García
561702,2018-07-01,18/19,14967,9900,Real Sociedad Y,R. Sociedad U19,,,Gaizka Ayesa
562742,2018-07-01,18/19,63918,18669,Penya Dep. U19,Penya Deportiva,,,Leo Román
565822,2018-07-01,18/19,32580,6942,Fulham Youth,Fulham U18,,,Harvey Elliott
566931,2018-07-01,18/19,70295,14321,Barça Youth,Barça U16,,,Xavi Simons
567504,2018-07-01,18/19,48365,15173,Sporting U17,Belenenses U19,,,Guilherme Fernandes
567576,2018-07-01,18/19,55899,6943,Newcastle Yth.,Newcastle U18,,,Elliot Anderson
568006,2018-07-01,18/19,51433,6928,Tottenham Yth.,Spurs U18,,,Dennis Cirkin
568157,2018-07-01,18/19,63969,70473,CD Roda Youth,Roda U19,,,Yéremy Pino
568158,2018-07-01,18/19,8881,44202,Alavés Youth,Alavés U19,,,Javi López
568177,2018-07-01,18/19,50678,6930,Man City Youth,Man City U18,,,Cole Palmer
568835,2018-07-01,18/19,17676,11596,AD Alcorcón B,AD Alcorcón,,,Pablo Martínez
569384,2018-07-01,18/19,10826,750,FC Sochaux U19,FC Sochaux,,,Lucien Agoumé
569663,2018-07-01,18/19,9712,19982,Lyngby BK Youth,Bröndby IF U17,0.0,,Mathias Kvistgaarden
569866,2018-07-01,18/19,9900,9899,R. Sociedad U19,Real Sociedad B,,,Roberto López
569876,2018-07-01,18/19,70377,14742,San Franc. U19,Mallorca U19,,,Xavi Sintes
571020,2018-07-01,18/19,28860,6688,Bilbao U19,Bilbao Athletic,,,Oihan Sancet
571743,2018-07-01,18/19,50677,6918,Chelsea Youth,Chelsea U18,,,Armando Broja
572265,2018-07-01,18/19,14925,12130,Vicenza U19,Torino U19,0.0,,Lorenzo Lucca
576028,2018-07-01,18/19,15113,1029,Vélez U20,Vélez Sarsfield,,,Thiago Almada
576314,2018-07-01,18/19,33429,7462,GOES,NAC Breda U19,0.0,,Jan Paul van Hecke
578391,2018-07-01,18/19,12769,1420,Angers SCO U19,Angers SCO,,,Rayan Aït-Nouri
580560,2018-07-01,18/19,14967,9900,Real Sociedad Y,R. Sociedad U19,,,Jon Pacheco
581330,2018-07-01,18/19,62413,10002,Derby Youth,Derby U18,,,Eiran Cashin
581781,2018-07-01,18/19,16664,2969,Dijon FCO B,Dijon,,500000.0,Enzo Loiodice
583189,2018-07-01,18/19,50672,5242,Man Utd Youth,Man Utd U18,,,Anthony Elanga
583255,2018-07-01,18/19,14650,698,Bristol U18,Bristol City,,,Antoine Semenyo
584769,2018-07-01,18/19,24214,1132,FC Burnley U23,Burnley,,,Dwight McNeil
585700,2018-07-01,18/19,12318,5649,Málaga U19,Atl. Malagueño,,,Juan Cruz
590690,2018-07-01,18/19,32624,11603,Torre Levante,Depor Fabril,0.0,,Víctor García
591916,2018-07-01,18/19,28860,6665,Bilbao U19,CD Basconia,,,Aitor Paredes
591949,2018-07-01,18/19,31025,67276,Celtic U17,Hearts FC U18,0.0,,Aaron Hickey
591957,2018-07-01,18/19,40421,11263,Rayo Youth,AKA Salzb. U18,,,Victor Parada
593412,2018-07-01,18/19,123357,20277,Girona FC U18,Girona U19,,,Ilyas Chaira
595809,2018-07-01,18/19,7044,34591,URD Tires,CO Montijo,0.0,,Beto
598577,2018-07-01,18/19,11880,21048,1.FC Köln Yth.,1.FC Köln U17,,,Florian Wirtz
598765,2018-07-01,18/19,16560,866,Nacional U19,Nacional,,,Brian Ocampo
599231,2018-07-01,18/19,9478,10773,Espanyol U19,RCD Espanyol B,,,Ferran Jutglà
601883,2018-07-01,18/19,34589,1465,Ericeirense,Estoril,,,Matheus Nunes
603940,2018-07-01,18/19,39822,28870,Real Madrid U18,Real Madrid U19,,,Marvin Park
605184,2018-07-01,18/19,9371,415,Toulouse B,Toulouse,,,Jean-Clair Todibo
605528,2018-07-01,18/19,14321,2470,Barça U16,Barça U19,,,Pol Tristán
606718,2018-07-01,18/19,15605,68403,Estoril U19,Estoril U23,,,Toti
607223,2018-07-01,18/19,69570,7813,Ol. Lyon Yth.,Olymp. Lyon U19,,,Rayan Cherki
607224,2018-07-01,18/19,83012,107690,ACBB Youth,AS Monaco U17,1100000.0,,Hannibal
607226,2018-07-01,18/19,99634,107721,Rennes Jugend,Rennes U17,,,Loum Tchaouna
608175,2018-07-01,18/19,6932,9260,Charlton U18,Charlton U21,,,Alfie Doughty
608382,2018-07-01,18/19,39822,28870,Real Madrid U18,Real Madrid U19,,,Adrián Rodríguez
608832,2018-07-01,18/19,36867,38224,Babelsberg U17,Ingolstadt U17,0.0,,Merlin Röhl
609556,2018-07-01,18/19,52880,12806,FCK Youth,Sheff Utd U18,,,William Osula
610083,2018-07-01,18/19,28860,6688,Bilbao U19,Bilbao Athletic,,,Unai Vencedor
610238,2018-07-01,18/19,21164,18687,Baleares U19,Atl. Baleares,,,Pedro Ortiz
610581,2018-07-01,18/19,12807,14626,Tranmere U18,Swansea U18,,,Ali Al-Hamadi
610622,2018-07-01,18/19,21269,50186,Eibar U19,SD Eibar B,,,Urko Izeta
616369,2018-07-01,18/19,14967,9900,Real Sociedad Y,R. Sociedad U19,,,Ander Barrenetxea
617059,2018-07-01,18/19,14321,39813,Barça U16,Barça U18,,,Pablo Campos
617060,2018-07-01,18/19,69043,39813,Jabac U19,Barça U18,,,Mika Mármol
617074,2018-07-01,18/19,14321,2470,Barça U16,Barça U19,,,Ilaix Moriba
618809,2018-07-01,18/19,14734,31506,Atl. Madrid U17,Atl. Madrid U19,,,Manu Sánchez
620164,2018-07-01,18/19,107943,12761,Châteauroux U17,Châteauroux B,,,Haissem Hassan
620322,2018-07-01,18/19,69570,106295,Ol. Lyon Yth.,Olymp. Lyon U17,,,Malo Gusto
620696,2018-07-01,18/19,3891,8494,ASEC Mimosas,RCD Mallorca B ,,,Ibrahim Diabate
622988,2018-07-01,18/19,70397,10200,Valencia U18,Valencia U19,,,Fran Pérez
623024,2018-07-01,18/19,16200,10200,Valencia CF You,Valencia U19,,,Jesús Vázquez
623025,2018-07-01,18/19,70397,10200,Valencia U18,Valencia U19,,,Sergio Gimeno
623521,2018-07-01,18/19,13711,39822,Real Madrid U17,Real Madrid U18,,,Juanmi Latasa
623526,2018-07-01,18/19,13711,39822,Real Madrid U17,Real Madrid U18,,,Toni Fuidias
624942,2018-07-01,18/19,14737,39813,Espanyol Youth,Barça U18,,,Raúl Moro
625014,2018-07-01,18/19,52348,28860,Antiguoko U19,Bilbao U19,,,Julen Agirrezabala
625047,2018-07-01,18/19,107198,28860,Bilbao U18,Bilbao U19,,,Beñat Prados
625651,2018-07-01,18/19,14967,9900,Real Sociedad Y,R. Sociedad U19,,,Urko González de Zárate
625657,2018-07-01,18/19,14967,9900,Real Sociedad Y,R. Sociedad U19,,,Unai Marrero
625660,2018-07-01,18/19,9900,44822,R. Sociedad U19,Real Sociedad C,,,Jon Ander Olasagasti
626953,2018-07-01,18/19,28860,6665,Bilbao U19,CD Basconia,,,Álvaro Núñez
627290,2018-07-01,18/19,70473,28868,Roda U19,Villarreal U19,,,John Donald
627442,2018-07-01,18/19,77850,59704,NK Krsko U17,NK Domzale U17,0.0,,Benjamin Sesko
628487,2018-07-01,18/19,58956,9478,Espanyol U18,Espanyol U19,,,Ángel Fortuño
628498,2018-07-01,18/19,58956,9478,Espanyol U18,Espanyol U19,,,Jofre Carreras
628886,2018-07-01,18/19,81502,28867,Sevilla FC U18,Sevilla FC U19,,,Iván Romero
628926,2018-07-01,18/19,81502,28867,Sevilla FC U18,Sevilla FC U19,,,Miguel Capitas
630995,2018-07-01,18/19,40422,2865,Betis U19,Betis Deportivo,,,Rodri Sánchez
631002,2018-07-01,18/19,28873,40422,Almería U19,Betis U19,,,Raúl García
631693,2018-07-01,18/19,8881,44202,Alavés Youth,Alavés U19,,,Jesús Owono
632498,2018-07-01,18/19,25625,14742,RCD Mallorca Yo,Mallorca U19,,,Miguelito
632741,2018-07-01,18/19,40419,15509,Celta Vigo Yth.,Celta U19,,,Iker Losada
632896,2018-07-01,18/19,14745,28871,Zaragoza Youth,Zaragoza U19,,,Alejandro Francés
632913,2018-07-01,18/19,25625,70377,RCD Mallorca Yo,San Franc. U19,,,Pere García
633111,2018-07-01,18/19,106694,70618,UA Horta Yth.,Europa U19,,,Álex Calatrava
634131,2018-07-01,18/19,13314,28861,CA Osasuna Yout,Osasuna U19,,,Aimar Oroz
636093,2018-07-01,18/19,40419,15509,Celta Vigo Yth.,Celta U19,,,Carlos Domínguez
636119,2018-07-01,18/19,14741,28869,Racing Yth.,Racing U19,,,Marco Camus
636686,2018-07-01,18/19,70295,14321,Barça Youth,Barça U16,,,Arnau Rafús
636688,2018-07-01,18/19,70295,14321,Barça Youth,Barça U16,,,Alejandro Balde
636695,2018-07-01,18/19,70295,14321,Barça Youth,Barça U16,,,Marc Casadó
636697,2018-07-01,18/19,70295,14321,Barça Youth,Barça U16,,,Arnau Solà
636703,2018-07-01,18/19,70295,14321,Barça Youth,Barça U16,,,Fermín López
638124,2018-07-01,18/19,40419,44283,Celta Vigo Yth.,Ferrol U19,0.0,,Manu Fernández
638588,2018-07-01,18/19,20201,15080,Rayo U19,Rayo B,,,Martín Pascual
639733,2018-07-01,18/19,44771,70373,Cornellà Youth,Cornellà U19,,,Peque Fernández
640428,2018-07-01,18/19,99634,8154,Rennes Jugend,Rennes B,,,Eduardo Camavinga
644401,2018-07-01,18/19,14482,3008,Hull U18,Hull City,,,Keane Lewis-Potter
646824,2018-07-01,18/19,14685,70321,Sevilla FC Yth.,R.Madrid Yth.,0.0,,Manuel Ángel
646991,2018-07-01,18/19,32800,43843,NEC Youth,NEC U17,,,Robin Roefs
647435,2018-07-01,18/19,72118,6697,PNE Academy,Preston U19,,,Tyrhys Dolan
648195,2018-07-01,18/19,15108,14837,River Plate U20,River Plate II,,,Enzo Fernández
652330,2018-07-01,18/19,70321,13711,R.Madrid Yth.,Real Madrid U17,,,Álvaro Carrillo
652331,2018-07-01,18/19,25260,13711,Málaga CF Youth,Real Madrid U17,,,Javi Rueda
654539,2018-07-01,18/19,99634,7874,Rennes Jugend,Rennes U19,,,Adrien Truffert
658269,2018-07-01,18/19,14744,11646,Murcia U19,Murcia Imperial,,,Víctor Meseguer
660735,2018-07-01,18/19,15110,15879,San Lorenzo U20,San Lorenzo II,,,Federico Gattoni
662261,2018-07-01,18/19,70321,13711,R.Madrid Yth.,Real Madrid U17,,,Rafa Marín
667121,2018-07-01,18/19,53958,61507,Braga U15,Palmeiras U17,,,Rodrigo Gomes
668179,2018-07-01,18/19,36759,102209,Altair U16,Sevilla FC U16,,,Carlos Álvarez
668183,2018-07-01,18/19,63969,107198,CD Roda Youth,Bilbao U18,300000.0,,Nico Serrano
668210,2018-07-01,18/19,70218,70321,Girona FC Youth,R.Madrid Yth.,0.0,,Ferran Ruiz
670717,2018-07-01,18/19,53957,53956,Sporting Yth.,Sporting Sub-15,,,Dário Essugo
670882,2018-07-01,18/19,53035,50678,Reading Yth.,Man City Youth,,,Jamie Gittens
671649,2018-07-01,18/19,12964,68077,Braga U19,Braga U23,,,Álvaro Djaló
676042,2018-07-01,18/19,36759,102209,Altair U16,Sevilla FC U16,,,Juanlu Sánchez
678406,2018-07-01,18/19,15062,29791,Nàstic U19,Pobla de Mafumet CF,,,Sergi Cardona
680806,2018-07-01,18/19,73627,14620,Millwall Yth.,Millwall U18,,,Samuel Edozie
684210,2018-07-01,18/19,14648,38967,Bournemouth U18,Bournemouth U23,,,Jaidon Anthony
687609,2018-07-01,18/19,81640,42457,Antoniano U19,CA Antoniano,,,Isaac Romero
692070,2018-07-01,18/19,30791,38971,Wieseck Youth,TSG Wieseck U17,,,Clemens Riedel
699771,2018-07-01,18/19,16200,70397,Valencia CF You,Valencia U18,,,Pedro Alemañ
705813,2018-07-01,18/19,40771,58956,CF Badalona You,Espanyol U18,,,Rubén Sánchez
706138,2018-07-01,18/19,25625,14742,RCD Mallorca Yo,Mallorca U19,,,Javi Llabrés
707274,2018-07-01,18/19,51592,25264,Patacona CF You,Levante UD Yout,,,César Tárrega
707279,2018-07-01,18/19,16200,70397,Valencia CF You,Valencia U18,,,Hugo González
709187,2018-07-01,18/19,14733,107198,Bilbao Youth,Bilbao U18,,,Nico Williams
709215,2018-07-01,18/19,14733,107198,Bilbao Youth,Bilbao U18,,,Mikel Goti
709347,2018-07-01,18/19,50187,70473,Torre Pacheco,Roda U19,,,Antonio Alemán
709380,2018-07-01,18/19,13711,70473,Real Madrid U17,Roda U19,0.0,,Álex Forés
709726,2018-07-01,18/19,100155,92744,Reims Yth.,Stade Reims U17,,,Hugo Ekitiké
709955,2018-07-01,18/19,14733,70295,Bilbao Youth,Barça Youth,,,Ander Astralaga
710004,2018-07-01,18/19,70321,13711,R.Madrid Yth.,Real Madrid U17,,,Peter Federico
710007,2018-07-01,18/19,14743,13711,Real Betis Yth.,Real Madrid U17,,,Fer Rodríguez
710677,2018-07-01,18/19,13314,28861,CA Osasuna Yout,Osasuna U19,,,Iker Muñoz
710679,2018-07-01,18/19,70391,28861,Pamplona U19,Osasuna U19,,,Iker Benito
711367,2018-07-01,18/19,14967,9900,Real Sociedad Y,R. Sociedad U19,,,Egoitz Arana
711394,2018-07-01,18/19,9900,44822,R. Sociedad U19,Real Sociedad C,,,Javi Martón
711625,2018-07-01,18/19,102209,81502,Sevilla FC U16,Sevilla FC U18,,,José Ángel Carmona
717957,2018-07-01,18/19,77691,20201,Aravaca U19,Rayo U19,0.0,,Jorge Moreno
718034,2018-07-01,18/19,1534,65711,Aurrera,San Ignacio,,,Abde Rebbach
718177,2018-07-01,18/19,65273,12798,EF Gava,Levante U19,,,Joseda Álvarez
719999,2018-07-01,18/19,37059,16637,Villalbés Youth,CD Lugo Youth,0.0,,Andrés Castrín
720518,2018-07-01,18/19,21562,25260,Córdoba CF Yout,Málaga CF Youth,,,Roberto Fernández
729814,2018-07-01,18/19,10849,8179,FC Metz U19,FC Metz B,,,Georges Mikautadze
730861,2018-07-01,18/19,42823,42824,AKA Rapid U15,AKA Rapid U16,,,Milos Kerkez
730893,2018-07-01,18/19,6950,6945,Palace U18,Palace U23,,,Tyrick Mitchell
733576,2018-07-01,18/19,77801,40494,Sobradillo U19,Las Palmas Yth.,,,Alberto Moleiro
734425,2018-07-01,18/19,83583,32580,QPR Academy,Fulham Youth,0.0,,Michael Olakigbe
747153,2018-07-01,18/19,78412,50672,Burnley Youth,Man Utd Youth,,,Dan Gore
747197,2018-07-01,18/19,21564,70321,UD Almería Yout,R.Madrid Yth.,,,Bruno Iribarne
748319,2018-07-01,18/19,15119,14857,Racing Club U20,Racing Club II,,,Carlos Alcaraz
766583,2018-07-01,18/19,102209,81503,Sevilla FC U16,Sevilla U17,,,Kike Salas
766723,2018-07-01,18/19,14685,36759,Sevilla FC Yth.,Altair U16,,,Manu Bueno
767229,2018-07-01,18/19,36759,102209,Altair U16,Sevilla FC U16,,,Diego Hormigo
767255,2018-07-01,18/19,102209,81503,Sevilla FC U16,Sevilla U17,,,Matías Árbol
783396,2018-07-01,18/19,45258,34466,CF Damm Youth,Damm U19,,,Ramón Terrats
785967,2018-07-01,18/19,51062,20277,FC Danaya,Girona U19,0.0,,Ibrahima Kébé
805714,2018-07-01,18/19,61166,61165,Real SC U155,Real SC U17,,,Renato Veiga
819590,2018-07-01,18/19,27068,44205,Kelme U19,Elche U19,0.0,,José Salinas
823486,2018-07-01,18/19,5232,53785,Juventus Youth,Gozzano Youth,0.0,,Michael Kayode
826224,2018-07-01,18/19,102830,70218,Hospitalet Yth.,Girona FC Youth,0.0,,Arnau Martínez
829299,2018-07-01,18/19,17474,39578,Hoffenheim Yth.,Sandhausen Yth.,0.0,,Max Weiß
834485,2018-07-01,18/19,70577,107198,Durango U19,Bilbao U18,,,Unai Egiluz
834487,2018-07-01,18/19,13314,14733,CA Osasuna Yout,Bilbao Youth,0.0,,Hugo Rincón
848509,2018-07-01,18/19,49397,66537,Charleroi U17,Charleroi U18,,,Jackson Tchatchoua
876631,2018-07-01,18/19,108054,37894,Mulhouse Jgd.,Strasbourg Yth.,0.0,,Habib Diarra
882710,2018-07-01,18/19,25264,59027,Levante UD Yout,UCAM Murcia U19,0.0,,Ramón Martínez
904802,2018-07-01,18/19,32804,32791,Sparta Youth,Ajax Youth ,0.0,,Jorrel Hato
910905,2018-07-01,18/19,100154,69570,Lens Yth.,Ol. Lyon Yth.,0.0,,Mamadou Sarr
913214,2018-07-01,18/19,11844,39962,Hertha BSC Yth.,RB Leipzig Yth.,0.0,,Noel Atom
919438,2018-07-01,18/19,62413,50678,Derby Youth,Man City Youth,0.0,,True Grant
930415,2018-07-01,18/19,70321,21564,R.Madrid Yth.,UD Almería Yout,0.0,,Antonio Gomis
934420,2018-07-01,18/19,25260,14685,Málaga CF Youth,Sevilla FC Yth.,0.0,,Ibrahima Sow
935230,2018-07-01,18/19,70321,25625,R.Madrid Yth.,RCD Mallorca Yo,,,Gonzalo García
935457,2018-07-01,18/19,40421,70320,Rayo Vallecano ,Atléti Youth,,,Salim El Jebari
938144,2018-07-01,18/19,61067,99002,Weston Academy,Tecnofutb. Yth.,,,Diego Kochen
938145,2018-07-01,18/19,102734,70295,Sant Just Yth.,Barça Youth,,,Áron Yaakobishvili
941867,2018-07-01,18/19,39647,16200,Granada Yth.,Valencia CF You,0.0,,Mario Dominguez
949489,2018-07-01,18/19,77530,77529,CA Pinto Youth,CA Pinto U19,,,Abdoulaye Keita
962110,2018-07-01,18/19,70218,70295,Girona FC Youth,Barça Youth,,,Pau Cubarsí
982848,2018-07-01,18/19,14740,63969,Villarreal Yth.,CD Roda Youth,,,Raúl Jiménez
1000136,2018-07-01,18/19,70321,44199,R.Madrid Yth.,Leganés Youth,0.0,,Gorka Rivera
1041934,2018-07-01,18/19,40494,70321,Las Palmas Yth.,R.Madrid Yth.,0.0,,Jeremy Jorge
1060087,2018-07-01,18/19,90402,62555,AS Agia Anna,Olympiacos U17,1000000.0,,Charalampos Kostoulas
1375227,2018-07-01,18/19,70320,14738,Atlético Yth.,Getafe CF Youth,,,Thiago Pitarch
46413,2018-06-30,17/18,4083,1038,Crotone,Sampdoria,0.0,1500000.0,Ante Budimir
74960,2018-06-30,17/18,762,197,Newcastle,Sparta Prague,0.0,4000000.0,Martin Dúbravka
95641,2018-06-30,17/18,1244,150,CD Leganés,Real Betis,0.0,2000000.0,Darko Brasanac
102423,2018-06-30,17/18,3709,4083,Getafe,Crotone,0.0,600000.0,Leandro Cabrera
111051,2018-06-30,17/18,417,1003,OGC Nice,Leicester,0.0,5000000.0,Nampalys Mendy
111873,2018-06-30,17/18,3709,11,Getafe,Arsenal,0.0,1000000.0,Emiliano Martínez
127202,2018-06-30,17/18,58,762,RSC Anderlecht,Newcastle,0.0,4500000.0,Matz Sels
142021,2018-06-30,17/18,714,1041,Espanyol,Lyon,0.0,11000000.0,Sergi Darder
142310,2018-06-30,17/18,543,720,Wolves,Porto,0.0,5000000.0,Willy Boly
148368,2018-06-30,17/18,82,31,VfL Wolfsburg,Liverpool,0.0,10000000.0,Divock Origi
153427,2018-06-30,17/18,367,1533,Rayo Vallecano,SD Eibar,0.0,1000000.0,Bebé
162038,2018-06-30,17/18,367,6767,Rayo Vallecano,RM Castilla,0.0,3000000.0,Raúl de Tomás
170472,2018-06-30,17/18,667,1010,R. Strasbourg,Watford,0.0,2000000.0,Dimitri Foulquier
182712,2018-06-30,17/18,46,1049,Inter,Valencia,0.0,35000000.0,João Cancelo
192009,2018-06-30,17/18,367,621,Rayo Vallecano,Athletic Club,0.0,2000000.0,Unai López
197135,2018-06-30,17/18,1244,681,CD Leganés,Real Sociedad,0.0,4000000.0,Joseba Zaldua
199369,2018-06-30,17/18,368,29,Sevilla FC,Everton,0.0,10000000.0,Sandro Ramírez
212862,2018-06-30,17/18,5358,621,SD Huesca,Athletic Club,0.0,1500000.0,Álex Remiro
213260,2018-06-30,17/18,2448,3368,Sporting Gijón,Levante,0.0,1500000.0,Rubén García
217144,2018-06-30,17/18,142,6767,Real Zaragoza,RM Castilla,0.0,500000.0,Aleix Febas
221311,2018-06-30,17/18,1531,1532,Elche CF,Albacete,0.0,300000.0,Iván Sánchez
223725,2018-06-30,17/18,1108,131,Alavés,Barcelona,0.0,12000000.0,Munir El Haddadi
225122,2018-06-30,17/18,1049,583,Valencia,PSG,0.0,40000000.0,Gonçalo Guedes
225593,2018-06-30,17/18,2296,1533,CD Numancia,SD Eibar,0.0,800000.0,Pere Milla
226261,2018-06-30,17/18,1532,2865,Albacete,Betis Deportivo,0.0,500000.0,César de la Hoz
230222,2018-06-30,17/18,11000,940,CD Lugo,Celta de Vigo,0.0,300000.0,Álvaro Lemos
240692,2018-06-30,17/18,10140,10330,SC Covilhã,Benfica B,0.0,425000.0,Reinildo Mandava
243879,2018-06-30,17/18,1277,504,FC Schaffhausen,Grasshoppers,0.0,1000000.0,Charles Pickel
245056,2018-06-30,17/18,3368,416,Levante,Torino,0.0,1500000.0,Saša Lukić
245744,2018-06-30,17/18,79,11,Stuttgart,Arsenal,0.0,2000000.0,Takuma Asano
247250,2018-06-30,17/18,3302,12321,UD Almería,Girona,0.0,800000.0,Rubén Alcaraz
251876,2018-06-30,17/18,12321,281,Girona,Man City,0.0,10000000.0,Pablo Maffeo
251897,2018-06-30,17/18,34559,6688,Lorca FC,Bilbao Athletic,0.0,600000.0,Asier Villalibre
255495,2018-06-30,17/18,2296,1533,CD Numancia,SD Eibar,0.0,300000.0,Unai Elgezabal
257376,2018-06-30,17/18,3325,336,Chaves,Sporting,0.0,2000000.0,Domingos Duarte
262939,2018-06-30,17/18,12321,367,Girona,Rayo Vallecano,0.0,4000000.0,Johan Mojica
268642,2018-06-30,17/18,1444,2417,Racing Club,Belgrano,0.0,2500000.0,Renzo Saravia
270171,2018-06-30,17/18,80,23826,VfL Bochum,Leipzig,0.0,600000.0,Vitaly Janelt
275218,2018-06-30,17/18,14554,209,Atl. Tucumán,River Plate,0.0,2000000.0,Augusto Batalla
276111,2018-06-30,17/18,2464,940,Barcelona B,Celta de Vigo,0.0,3500000.0,David Costas
277384,2018-06-30,17/18,1103,862,Ternana U.,Chievo Verona,0.0,700000.0,Martin Valjent
278359,2018-06-30,17/18,142,8733,Real Zaragoza,Celta Vigo B,0.0,1000000.0,Borja Iglesias
282421,2018-06-30,17/18,34559,6767,Lorca FC,RM Castilla,0.0,300000.0,Javi Muñoz
290249,2018-06-30,17/18,3709,18074,Getafe,Boston River,0.0,3000000.0,Mauro Arambarri
293281,2018-06-30,17/18,79,16,Stuttgart,Dortmund,0.0,500000.0,Jacob Bruun Larsen
295313,2018-06-30,17/18,29228,31,Mouscron,Liverpool,0.0,1500000.0,Taiwo Awoniyi
297194,2018-06-30,17/18,3368,940,Levante,Celta de Vigo,0.0,300000.0,Iván Villar
298583,2018-06-30,17/18,321,26,FC Sion,Basel,0.0,900000.0,Eray Cömert
298589,2018-06-30,17/18,4542,331,CyD Leonesa,CA Osasuna,0.0,1000000.0,David García
302371,2018-06-30,17/18,366,9267,Real Valladolid,West Ham U23,0.0,1500000.0,Toni Martínez
303657,2018-06-30,17/18,2331,46,Avellino,Inter,0.0,3000000.0,Ionuț Radu
316264,2018-06-30,17/18,306,418,Heerenveen,Real Madrid,0.0,4000000.0,Martin Ødegaard
318508,2018-06-30,17/18,1160,417,Nîmes Olympique,Nice,0.0,2000000.0,Olivier Boscagli
321247,2018-06-30,17/18,4542,3709,CyD Leonesa,Getafe,0.0,2500000.0,Emiliano Buendía
322985,2018-06-30,17/18,1455,234,FC Dordrecht,Feyenoord,0.0,500000.0,Gustavo Hamer
328480,2018-06-30,17/18,7971,11516,Hércules CF,Atl. Levante,0.0,300000.0,Pepelu
333241,2018-06-30,17/18,170,533,Rapid Vienna,Hoffenheim,0.0,1250000.0,Joelinton
334222,2018-06-30,17/18,940,416,Celta de Vigo,Torino,0.0,1500000.0,Lucas Boyé
337715,2018-06-30,17/18,132,12,NAC Breda,Roma,0.0,1800000.0,Umar Sadiq
338424,2018-06-30,17/18,762,16,Newcastle,Dortmund,0.0,10000000.0,Mikel Merino
342229,2018-06-30,17/18,583,162,PSG,Monaco,0.0,120000000.0,Kylian Mbappé
343273,2018-06-30,17/18,2929,367,CD Toledo,Rayo Vallecano,0.0,50000.0,Joni Montiel
346483,2018-06-30,17/18,499,9250,Vitesse,Chelsea U23,0.0,4000000.0,Mason Mount
353032,2018-06-30,17/18,1106,1214,Gimnasia,Cerro Porteño,0.0,900000.0,Omar Alderete
356197,2018-06-30,17/18,1108,1050,Alavés,Villarreal,0.0,5000000.0,Alfonso Pedraza
369081,2018-06-30,17/18,897,6767,Dep. La Coruña,RM Castilla,0.0,6000000.0,Federico Valverde
378139,2018-06-30,17/18,7077,2865,FC Cartagena,Betis Deportivo,0.0,300000.0,Aitor Ruibal
380350,2018-06-30,17/18,4441,409,Wolfsberger AC,Salzburg,0.0,700000.0,Igor Julio
395122,2018-06-30,17/18,839,1390,Perugia,Cagliari,0.0,1300000.0,Santiago Colombatto
401624,2018-06-30,17/18,16196,10773,UE Cornellà,RCD Espanyol B,0.0,300000.0,Edgar González
406040,2018-06-30,17/18,23826,29,Leipzig,Everton,0.0,12000000.0,Ademola Lookman
417913,2018-06-30,17/18,50213,2865,CD Gerena,Betis Deportivo,0.0,50000.0,Álvaro Valles
419648,2018-06-30,17/18,902,669,Rad,Partizan,0.0,150000.0,Veljko Birmancevic
420002,2018-06-30,17/18,738,1041,Le Havre AC,Lyon,0.0,2500000.0,Jean-Philippe Mateta
429790,2018-06-30,17/18,159,281,Red Star,Man City,0.0,2000000.0,Luka Ilic
429983,2018-06-30,17/18,10958,10217,Milan U19,Sarpsborg 08,0.0,75000.0,Jørgen Strand Larsen
435338,2018-06-30,17/18,44796,1082,Din. Zagreb II,Lille,0.0,600000.0,Gabriel
439022,2018-06-30,17/18,2425,679,Rio Ave,Atlético-PR,0.0,900000.0,Marcão
442805,2018-06-30,17/18,3708,8494,Barakaldo CF ,RCD Mallorca B ,0.0,250000.0,Iddrisu Baba
451801,2018-06-30,17/18,23297,2778,HB Köge,Nordsjaelland,0.0,200000.0,Abdul Mumin
480762,2018-06-30,17/18,2402,14836,Defensa,Newell's II,0.0,2000000.0,Lisandro Martínez
504581,2018-06-30,17/18,3694,12801,Telford Utd,Wolves U18,0.0,,Ryan Giles
522784,2018-06-30,17/18,37535,1037,CA Torque,U. de Chile,0.0,200000.0,Taty Castellanos
548729,2018-06-30,17/18,1292,14253,Etoile Carouge,Meyrin FC Yth.,0.0,,Zeki Amdouni
599231,2018-06-30,17/18,10200,9478,Valencia U19,Espanyol U19,0.0,,Ferran Jutglà
711337,2018-06-30,17/18,34775,14702,STK Samorin,Fluminense U20,0.0,,Evanilson
488935,2018-06-11,17/18,59082,25873,Grótta U19,Grótta,,,Hákon Valdimarsson
392179,2018-06-09,17/18,6012,4380,IK Frej Täby,Assyriska FF,0.0,,Hjalmar Ekdal
243591,2018-06-02,17/18,7609,352,Waterford FC,Swindon Town,0.0,250000.0,Lawrence Vigouroux
73547,2018-05-31,17/18,931,1237,Fulham,Brighton,0.0,3000000.0,Oliver Norwood
110864,2018-05-31,17/18,405,985,Aston Villa,Man Utd,0.0,2500000.0,Sam Johnstone
169801,2018-05-31,17/18,698,931,Bristol City,Fulham,0.0,1000000.0,Cauley Woodrow
196722,2018-05-31,17/18,2262,1123,Plymouth,Norwich,0.0,200000.0,Remi Matthews
201574,2018-05-31,17/18,1123,281,Norwich,Man City,0.0,2000000.0,Angus Gunn
215810,2018-05-31,17/18,3684,1028,Stevenage,Millwall,0.0,50000.0,Tom King
226973,2018-05-31,17/18,1123,180,Norwich,Southampton,0.0,1000000.0,Harrison Reed
236490,2018-05-31,17/18,3008,631,Hull City,Chelsea,0.0,1500000.0,Ola Aina
246963,2018-05-31,17/18,3054,1123,Shrewsbury,Norwich,0.0,150000.0,Carlton Morris
250426,2018-05-31,17/18,164,762,Blackburn,Newcastle,0.0,1500000.0,Adam Armstrong
250478,2018-05-31,17/18,931,180,Fulham,Southampton,0.0,3000000.0,Matt Targett
258885,2018-05-31,17/18,3054,22,Shrewsbury,Derby,0.0,200000.0,Max Lowe
258919,2018-05-31,17/18,3054,9251,Shrewsbury,Man Utd U23,0.0,250000.0,Dean Henderson
264220,2018-05-31,17/18,355,379,Bolton,West Ham,0.0,1000000.0,Reece Burke
279455,2018-05-31,17/18,3008,9252,Hull City,Liverpool U23,0.0,1000000.0,Harry Wilson
288323,2018-05-31,17/18,1211,2963,Port Vale,Burton Albion,0.0,100000.0,Marcus Harness
297212,2018-05-31,17/18,3371,33616,Cheltenham,Swansea U23,0.0,,Joe Rodon
298477,2018-05-31,17/18,349,2288,Barnsley,Swansea,0.0,1000000.0,Oli McBurnie
314241,2018-05-31,17/18,2413,1071,Bury,Wigan,0.0,100000.0,Josh Laurent
319900,2018-05-31,17/18,3371,9262,Cheltenham,Fulham U21,0.0,,Elijah Adebayo
331726,2018-05-31,17/18,2288,631,Swansea,Chelsea,0.0,10000000.0,Tammy Abraham
335721,2018-05-31,17/18,3716,39336,Newport County,Brighton U23,0.0,,Ben White
337284,2018-05-31,17/18,289,31,Sunderland,Liverpool,0.0,1000000.0,Ovie Ejaria
340328,2018-05-31,17/18,358,9249,Charlton,Arsenal U23,0.0,250000.0,Stephy Mavididi
342046,2018-05-31,17/18,405,985,Aston Villa,Man Utd,0.0,1000000.0,Axel Tuanzebe
346707,2018-05-31,17/18,1181,9253,Blackpool,Newcastle U23,0.0,150000.0,Sean Longstaff
349701,2018-05-31,17/18,355,9261,Bolton,Everton U23,0.0,500000.0,Antonee Robinson
399434,2018-05-31,17/18,991,9256,MK Dons,Boro U23,0.0,,Marcus Tavernier
401320,2018-05-31,17/18,46842,29990,Hereford,West Brom U23,0.0,,Dara O'Shea
425902,2018-05-31,17/18,2964,703,Scunthorpe Utd.,Nott'm Forest,0.0,,Ryan Yates
427568,2018-05-31,17/18,1219,989,Chesterfield,Bournemouth,0.0,500000.0,Aaron Ramsdale
469958,2018-05-31,17/18,1219,349,Chesterfield FC,Barnsley FC,0.0,,Jacob Brown
504855,2018-05-31,17/18,3694,3054,Telford Utd,Shrewsbury,0.0,,John McAtee
506189,2018-05-31,17/18,1031,677,Luton,Ipswich,0.0,100000.0,Flynn Downes
533916,2018-05-31,17/18,8820,988,Hampton & Rich.,Oxford United,0.0,,Shandon Baptiste
582078,2018-05-31,17/18,3822,14648,Weymouth FC,Bournemouth U18,0.0,,Will Dennis
583255,2018-05-31,17/18,1099,14650,Bath City,Bristol U18,0.0,,Antoine Semenyo
683840,2018-05-20,18/19,77532,40495,J.Laguna Yth.,Las Palmas U19,,,Pedri
188077,2018-05-14,17/18,370,371,Aberdeen FC,Celtic,0.0,700000.0,Ryan Christie
226049,2018-05-14,17/18,370,762,Aberdeen FC,Newcastle,0.0,500000.0,Freddie Woodman
298091,2018-05-14,17/18,2759,512,Ross County,Stoke City,0.0,200000.0,Harry Souttar
447995,2018-05-14,17/18,3020,465,Alloa Athletic,St. Mirren,0.0,,Ross Stewart
495666,2018-05-11,17/18,12745,8515,St-Étienne U19,Saint-Étienne B,,,William Saliba
378139,2018-05-10,17/18,2865,7077,Betis Deportivo,FC Cartagena,0.0,300000.0,Aitor Ruibal
666547,2018-05-02,18/19,65327,14503,1º Agosto U20,1º de Agosto,,,Zito Luvumbo
392179,2018-05-01,17/18,39623,6012,UNC Wilmington,IK Frej Täby,0.0,,Hjalmar Ekdal
638793,2018-05-01,17/18,36097,49426,Syracuse,Sigma FC,0.0,,Tajon Buchanan
527425,2018-04-27,17/18,8981,677,Bromley,Ipswich,0.0,,Luke Woolfenden
336367,2018-04-25,17/18,1181,1039,Blackpool,QPR,0.0,150000.0,Joe Lumley
578539,2018-04-12,17/18,1196,8816,Dallas Academy,Dallas,,,Chris Richards
314367,2018-04-11,17/18,1123,9254,Norwich,Tottenham U23,0.0,500000.0,Marcus Edwards
504581,2018-03-23,17/18,12801,3694,Wolves U18,Telford Utd,0.0,,Ryan Giles
393323,2018-03-16,17/18,29826,51762,Ph. Union Acad.,Bethlehem Steel,0.0,,Brenden Aaronson
340456,2018-03-12,17/18,8817,610,Ajax U21,Ajax,,600000.0,Noussair Mazraoui
433818,2018-03-07,17/18,21652,352,Chippenham,Swindon Town,0.0,,Scott Twine
627626,2018-03-01,18/19,24432,48967,Inter Youth,Inter U17,,,Wilfried Gnonto
711337,2018-02-28,17/18,14702,34775,Fluminense U20,STK Samorin,0.0,,Evanilson
243591,2018-02-23,17/18,352,7609,Swindon Town,Waterford FC,0.0,250000.0,Lawrence Vigouroux
357147,2018-02-21,17/18,10331,720,FC Porto B,Porto,,600000.0,Diogo Dalot
153238,2018-02-19,17/18,472,3176,UD Las Palmas,BJ Guoan,11000000.0,8000000.0,Jonathan Viera
525438,2018-02-18,17/18,58049,7769,FC Hermannstadt,CFR Cluj,0.0,50000.0,Horațiu Moldovan
388125,2018-02-15,17/18,11148,18894,NK Dugopolje,Hajduk Split II,,,Stanko Juric
435338,2018-02-15,17/18,1082,44796,Lille,Din. Zagreb II,0.0,600000.0,Gabriel
435338,2018-02-14,17/18,1095,1082,Troyes,Lille,0.0,600000.0,Gabriel
599231,2018-02-14,17/18,9478,10200,Espanyol U19,Valencia U19,0.0,,Ferran Jutglà
504855,2018-02-12,17/18,3054,3694,Shrewsbury,Telford Utd,0.0,,John McAtee
475416,2018-02-11,17/18,23085,3867,Cheshunt,Boreham Wood,0.0,,Sorba Thomas
543387,2018-02-09,17/18,1956,8152,Real,RC Lens B,,,Cheick Doucouré
302371,2018-02-01,17/18,9267,366,West Ham U23,Real Valladolid,0.0,1500000.0,Toni Martínez
566574,2018-02-01,17/18,11614,11610,UD Las Palmas C,Las Palmas Atl.,,,Kirian Rodríguez
578419,2018-02-01,17/18,36598,17428,Juventud U19,Juventud,,,Federico Viñas
73782,2018-01-31,17/18,1326,16795,CQ Dangdai Lif.,Granada CF,,1000000.0,Adrián Ramos
74960,2018-01-31,17/18,197,762,Sparta Prague,Newcastle,0.0,900000.0,Martin Dúbravka
153427,2018-01-31,17/18,1533,367,SD Eibar,Rayo Vallecano,0.0,1500000.0,Bebé
226049,2018-01-31,17/18,762,370,Newcastle,Aberdeen FC,0.0,500000.0,Freddie Woodman
238407,2018-01-31,17/18,865,873,Midtjylland,Crystal Palace,16000000.0,2000000.0,Alexander Sørloth
251897,2018-01-31,17/18,6688,34559,Bilbao Athletic,Lorca FC,0.0,600000.0,Asier Villalibre
252667,2018-01-31,17/18,2464,5648,Barcelona B,Gimnàstic,0.0,800000.0,Fali
264220,2018-01-31,17/18,379,355,West Ham,Bolton,0.0,1000000.0,Reece Burke
271455,2018-01-31,17/18,16704,197,Krasnodar,Sparta Prague,0.0,2000000.0,Mihailo Ristic
279455,2018-01-31,17/18,9252,3008,Liverpool U23,Hull City,0.0,1000000.0,Harry Wilson
298477,2018-01-31,17/18,2288,349,Swansea,Barnsley,0.0,1000000.0,Oli McBurnie
334222,2018-01-31,17/18,416,940,Torino,Celta de Vigo,0.0,2000000.0,Lucas Boyé
337284,2018-01-31,17/18,31,289,Liverpool,Sunderland,0.0,500000.0,Ovie Ejaria
346890,2018-01-31,17/18,5299,26,FC Basel U21,Basel,,400000.0,Noah Okafor
406040,2018-01-31,17/18,29,23826,Everton,Leipzig,0.0,7000000.0,Ademola Lookman
469958,2018-01-31,17/18,349,1219,Barnsley FC,Chesterfield FC,0.0,,Jacob Brown
504849,2018-01-31,17/18,9598,10711,Kawasaki Front.,Tsukuba Univ.,0.0,,Kaoru Mitoma
506189,2018-01-31,17/18,677,1031,Ipswich,Luton,0.0,100000.0,Flynn Downes
599231,2018-01-31,17/18,58957,9478,St. Andreu U19,Espanyol U19,0.0,,Ferran Jutglà
73782,2018-01-30,17/18,16795,1326,Granada CF,CQ Dangdai Lif.,0.0,1000000.0,Adrián Ramos
99922,2018-01-30,17/18,16,150,Dortmund,Real Betis,10500000.0,15000000.0,Marc Bartra
176553,2018-01-30,17/18,621,281,Athletic Club,Man City,65000000.0,25000000.0,Aymeric Laporte
199369,2018-01-30,17/18,29,368,Everton,Sevilla FC,0.0,10000000.0,Sandro Ramírez
243879,2018-01-30,17/18,504,1277,Grasshoppers,FC Schaffhausen,0.0,1000000.0,Charles Pickel
251897,2018-01-30,17/18,366,6688,Real Valladolid,Bilbao Athletic,0.0,600000.0,Asier Villalibre
297212,2018-01-30,17/18,33616,3371,Swansea U23,Cheltenham,0.0,,Joe Rodon
343273,2018-01-30,17/18,367,2929,Rayo Vallecano,CD Toledo,0.0,,Joni Montiel
366930,2018-01-30,17/18,2470,16,Barça U19,Dortmund,3000000.0,,Sergio Gómez
392591,2018-01-30,17/18,4286,1148,Limerick FC,Brentford,,,Chiedozie Ogbene
410708,2018-01-29,17/18,2824,20116,Ajax U19,Leeds United U23,,,Pascal Struijk
433818,2018-01-29,17/18,352,21652,Swindon Town,Chippenham,0.0,,Scott Twine
74294,2018-01-28,17/18,3187,10948,TJ Teda,GZ Evergrande,4300000.0,5000000.0,Nemanja Gudelj
337715,2018-01-27,17/18,12,132,Roma,NAC Breda,0.0,1800000.0,Umar Sadiq
175449,2018-01-26,17/18,2448,5358,Sporting Gijón,SD Huesca,0.0,2000000.0,Moi Gómez
337715,2018-01-26,17/18,416,12,Torino,Roma,0.0,1800000.0,Umar Sadiq
297194,2018-01-25,17/18,940,3368,Celta de Vigo,Levante,0.0,300000.0,Iván Villar
342046,2018-01-25,17/18,985,405,Man Utd,Aston Villa,0.0,1000000.0,Axel Tuanzebe
419648,2018-01-25,17/18,669,902,Partizan,Rad,0.0,150000.0,Veljko Birmancevic
298091,2018-01-24,17/18,512,2759,Stoke City,Ross County,0.0,,Harry Souttar
438001,2018-01-24,17/18,2464,18446,Barcelona B,CF Peralada,0.0,200000.0,Santiago Bueno
293281,2018-01-23,17/18,16,79,Dortmund,Stuttgart,0.0,500000.0,Jacob Bruun Larsen
451801,2018-01-23,17/18,2778,23297,Nordsjaelland,HB Köge,0.0,100000.0,Abdul Mumin
40433,2018-01-22,17/18,11,985,Arsenal,Man Utd,34000000.0,70000000.0,Alexis Sánchez
250478,2018-01-22,17/18,180,931,Southampton,Fulham,0.0,3000000.0,Matt Targett
339501,2018-01-22,17/18,15276,448,Spartak,Vojvodina,100000.0,400000.0,Aleksandar Radovanovic
388165,2018-01-22,17/18,1420,1158,Angers SCO,FC Lorient,2000000.0,300000.0,Yoane Wissa
388165,2018-01-21,17/18,1147,1420,AC Ajaccio,Angers SCO,0.0,300000.0,Yoane Wissa
583255,2018-01-20,17/18,14650,1099,Bristol U18,Bath City,0.0,,Antoine Semenyo
281989,2018-01-19,17/18,16486,648,CF Fuenlabrada,CD Tenerife,500000.0,300000.0,Luis Milla
127048,2018-01-17,17/18,1050,3176,Villarreal,BJ Guoan,40000000.0,25000000.0,Cédric Bakambu
298589,2018-01-17,17/18,331,4542,CA Osasuna,CyD Leonesa,0.0,1000000.0,David García
399434,2018-01-17,17/18,9256,991,Boro U23,MK Dons,0.0,,Marcus Tavernier
1141628,2018-01-17,17/18,96798,96797,Batman Tüp. Jgd,1955 Batman Jgd,0.0,,Yunus Konak
451276,2018-01-16,17/18,37024,409,FC Liefering,Salzburg,,500000.0,Dominik Szoboszlai
102423,2018-01-15,17/18,4083,3709,Crotone,Getafe,0.0,600000.0,Leandro Cabrera
144128,2018-01-15,17/18,6878,3277,Bolívar,U. Católica,0.0,400000.0,Matías Dituro
314367,2018-01-15,17/18,9254,1123,Tottenham U23,Norwich,0.0,,Marcus Edwards
343463,2018-01-15,17/18,45604,114,Orlando,Besiktas,1850000.0,3500000.0,Cyle Larin
380744,2018-01-12,17/18,13025,13274,Sandnes Ulf,Nest-Sotra FK,0.0,50000.0,Egil Selvik
256267,2018-01-11,17/18,820,126,Genclerbirligi,C. Rizespor,500000.0,900000.0,Vedat Muriqi
425902,2018-01-11,17/18,703,2964,Nott'm Forest,Scunthorpe Utd.,0.0,,Ryan Yates
475416,2018-01-11,17/18,3867,23085,Boreham Wood,Cheshunt,0.0,,Sorba Thomas
230222,2018-01-10,17/18,940,11000,Celta de Vigo,CD Lugo,0.0,500000.0,Álvaro Lemos
424042,2018-01-10,17/18,14831,2402,Boca Juniors II,Defensa,0.0,300000.0,Nahuel Molina
425902,2018-01-10,17/18,1045,703,Notts County,Nott'm Forest,0.0,,Ryan Yates
230222,2018-01-09,17/18,826,940,Lens,Celta de Vigo,0.0,500000.0,Álvaro Lemos
250426,2018-01-09,17/18,762,164,Newcastle,Blackburn,0.0,1500000.0,Adam Armstrong
319900,2018-01-09,17/18,9262,3371,Fulham U21,Cheltenham,0.0,,Elijah Adebayo
336367,2018-01-08,17/18,1039,1181,QPR,Blackpool,0.0,150000.0,Joe Lumley
380350,2018-01-07,17/18,409,4441,Salzburg,Wolfsberger AC,0.0,400000.0,Igor Julio
131978,2018-01-05,17/18,29,631,Everton,Chelsea,16800000.0,25000000.0,Ross Barkley
258885,2018-01-05,17/18,22,3054,Derby,Shrewsbury,0.0,200000.0,Max Lowe
275218,2018-01-05,17/18,209,14554,River Plate,Atl. Tucumán,0.0,2500000.0,Augusto Batalla
427568,2018-01-05,17/18,989,1219,Bournemouth,Chesterfield,0.0,500000.0,Aaron Ramsdale
582078,2018-01-05,17/18,14648,3822,Bournemouth U18,Weymouth FC,0.0,,Will Dennis
215810,2018-01-04,17/18,1028,3684,Millwall,Stevenage,0.0,50000.0,Tom King
415912,2018-01-04,17/18,2671,11,PAS Giannina,Arsenal,2100000.0,450000.0,Konstantinos Mavropanos
520840,2018-01-04,17/18,4050,12834,Écija Balompié,Córdoba CF B,0.0,50000.0,José Copete
214666,2018-01-03,17/18,641,2288,Middlesbrough,Swansea,0.0,250000.0,Connor Roberts
340328,2018-01-03,17/18,9249,358,Arsenal U23,Charlton,0.0,250000.0,Stephy Mavididi
361254,2018-01-03,17/18,6182,543,Valencia B,Wolves,2000000.0,1000000.0,Rafa Mir
340328,2018-01-02,17/18,466,9249,Preston,Arsenal U23,0.0,250000.0,Stephy Mavididi
385848,2018-01-02,17/18,22672,1078,Fylde,Oldham Athletic,0.0,50000.0,George Edmundson
479999,2018-01-02,17/18,2805,1039,Wycombe,QPR,0.0,,Eberechi Eze
139208,2018-01-01,17/18,180,31,Southampton,Liverpool,84650000.0,30000000.0,Virgil van Dijk
232964,2018-01-01,17/18,2778,1148,Nordsjaelland,Brentford,0.0,2500000.0,Emiliano Marcondes
242606,2018-01-01,17/18,355,379,Bolton,West Ham,0.0,500000.0,Josh Cullen
250426,2018-01-01,17/18,355,762,Bolton,Newcastle,0.0,1500000.0,Adam Armstrong
258987,2018-01-01,17/18,1092,801,Brommapojkarna,IFK Göteborg,0.0,300000.0,Carl Starfelt
264220,2018-01-01,17/18,355,379,Bolton,West Ham,0.0,1000000.0,Reece Burke
277533,2018-01-01,17/18,1532,1531,Albacete,Elche CF,0.0,300000.0,Josan
298575,2018-01-01,17/18,8516,331,Osasuna B,CA Osasuna,,400000.0,Kike Barja
314678,2018-01-01,17/18,9265,281,Man City U23,Man City,,,Brahim Díaz
325443,2018-01-01,17/18,1092,1237,Brommapojkarna,Brighton,1000000.0,500000.0,Viktor Gyökeres
341501,2018-01-01,17/18,39341,1003,Leicester U23,Leicester,,250000.0,Hamza Choudhury
352041,2018-01-01,17/18,14708,585,São Paulo U20,São Paulo,,50000.0,Lucas Perri
357658,2018-01-01,17/18,3822,38967,Weymouth FC,Bournemouth U23,0.0,,Mark Travers
365108,2018-01-01,17/18,27999,15446,Team Vaud U18,Team Vaud U21,,,Dan Ndoye
374139,2018-01-01,17/18,2865,150,Betis Deportivo,Real Betis,,100000.0,Junior Firpo
397033,2018-01-01,17/18,14829,19,Brescia U19,Brescia,,,Sandro Tonali
398065,2018-01-01,17/18,349,39341,Barnsley,Leicester U23,0.0,250000.0,Harvey Barnes
398184,2018-01-01,17/18,6182,1049,Valencia B,Valencia,,1000000.0,Ferran Torres
407021,2018-01-01,17/18,206,2414,Bröndby IF,AC Horsens,0.0,250000.0,Mads Andersen
454576,2018-01-01,17/18,20634,1443,MSK Zilina B,MSK Zilina,,50000.0,Róbert Boženík
460939,2018-01-01,17/18,11368,1090,AZ Alkmaar U21,AZ Alkmaar,,150000.0,Tijjani Reijnders
465555,2018-01-01,17/18,15058,6621,Čukarički U19,Cukaricki,,,Djordje Petrovic
477758,2018-01-01,17/18,6945,873,Palace U23,Crystal Palace,,,Aaron Wan-Bissaka
478573,2018-01-01,17/18,51645,2824,Ajax U17,Ajax U19,,,Ryan Gravenberch
502676,2018-01-01,17/18,19692,663,Dinamo Academy,Dinamo Tbilisi,,,Giorgi Mamardashvili
546712,2018-01-01,17/18,6566,15627,AB Youth,Akademisk U19,,,Anis Ben Slimane
560417,2018-01-01,17/18,4250,593,Metropolitano,Kyoto Sanga,0.0,,Alemão
560483,2018-01-01,17/18,53792,16486,Madrid 2021,CF Fuenlabrada,,,Randy Nteka
576024,2018-01-01,17/18,15108,14837,River Plate U20,River Plate II,,,Julián Alvarez
581326,2018-01-01,17/18,40235,20957,PKKU U19,Pallokerho,,,Ville Koski
582078,2018-01-01,17/18,46453,14648,FC Guernsey,Bournemouth U18,0.0,,Will Dennis
602105,2018-01-01,17/18,14679,14708,São Paulo U17,São Paulo U20,,,Antony
628366,2018-01-01,17/18,15108,14837,River Plate U20,River Plate II,,,Lucas Beltrán
628926,2018-01-01,17/18,81503,81502,Sevilla U17,Sevilla FC U18,,,Miguel Capitas
655488,2018-01-01,17/18,18027,4773,Ituano U20,Ituano,,,Gabriel Martinelli
687609,2018-01-01,17/18,64536,81640,Balón de Cádiz ,Antoniano U19,,,Isaac Romero
798114,2018-01-01,17/18,14679,14708,São Paulo U17,São Paulo U20,,,Calebe
800176,2018-01-01,17/18,15029,14702,Fluminense U17,Fluminense U20,,,André
890817,2018-01-01,17/18,46021,75,Atromitos U17,Unknown,0.0,,Dimitrios Stamatakis
903611,2018-01-01,17/18,39908,25953,IDV U20,CSNA U20,,,Nilson Angulo
1108475,2018-01-01,17/18,52906,51433,Luton Academy,Tottenham Yth.,,,Lucá Williams-Barnett
67082,2017-12-31,17/18,472,13,UD Las Palmas,Atlético Madrid,0.0,30000000.0,Vitolo
251106,2017-12-31,17/18,3368,1050,Levante,Villarreal,0.0,14000000.0,Enes Ünal
419648,2017-12-31,17/18,4646,669,Teleoptik,Partizan,0.0,150000.0,Veljko Birmancevic
661145,2017-12-31,17/18,14967,59386,Real Sociedad Y,La Guaira U20,,,Jon Aramburu
504855,2017-12-30,17/18,11179,3054,Halesowen,Shrewsbury,0.0,,John McAtee
527425,2017-12-22,17/18,677,8981,Ipswich,Bromley,0.0,,Luke Woolfenden
533916,2017-12-22,17/18,988,8820,Oxford United,Hampton & Rich.,0.0,,Shandon Baptiste
447995,2017-12-21,17/18,465,3020,St. Mirren,Alloa Athletic,0.0,,Ross Stewart
433818,2017-12-08,17/18,21652,352,Chippenham,Swindon Town,0.0,,Scott Twine
70245,2017-12-07,17/18,11000,1084,CD Lugo,Málaga CF,500000.0,700000.0,Ignasi Miquel
553875,2017-12-01,17/18,20277,18446,Girona U19,CF Peralada,,,Pedro Porro
1108471,2017-12-01,17/18,50677,45617,Chelsea Youth,Monaco Youth,0.0,,Landon Emenalo
393323,2017-11-30,17/18,51762,29826,Bethlehem Steel,Ph. Union Acad.,0.0,,Brenden Aaronson
923915,2017-11-06,17/18,55667,102734,MTK Yth.,Sant Just Yth.,0.0,,Antal Yaakobishvili
405398,2017-11-01,17/18,24109,6631,FC Tokyo U18,FC Tokyo,,,Takefusa Kubo
552425,2017-11-01,17/18,40170,8516,CD Iruña,Osasuna B,,,Jon Moncayola
251106,2017-10-30,17/18,1050,3368,Villarreal,Levante,0.0,14000000.0,Enes Ünal
196722,2017-10-20,17/18,1123,2262,Norwich,Plymouth,0.0,200000.0,Remi Matthews
346890,2017-10-17,17/18,14322,5299,FC Basel U18,FC Basel U21,,,Noah Okafor
404842,2017-10-14,17/18,21218,338,Dynamo Kyiv II,Dynamo Kyiv,,,Vitaliy Mykolenko
385848,2017-10-13,17/18,1078,22672,Oldham Athletic,Fylde,0.0,50000.0,George Edmundson
582078,2017-10-13,17/18,14648,46453,Bournemouth U18,FC Guernsey,0.0,,Will Dennis
411975,2017-10-10,17/18,10872,40,G. Bordeaux B,G. Bordeaux,,,Jules Koundé
541231,2017-10-01,17/18,56053,15587,PEC Zwolle U17,PEC Zwolle U19,,,Sepp van den Berg
504855,2017-09-30,17/18,3054,11179,Shrewsbury,Halesowen,0.0,,John McAtee
33027,2017-09-20,17/18,762,1237,Newcastle,Brighton,0.0,4000000.0,Tim Krul
33027,2017-09-19,17/18,1237,762,Brighton,Newcastle,0.0,4000000.0,Tim Krul
504849,2017-09-15,17/18,10711,9598,Tsukuba Univ.,Kawasaki Front.,0.0,,Kaoru Mitoma
567597,2017-09-13,17/18,43748,54168,Bromley FC Yth.,Brighton Yth.,,,Odeluga Offiah
538006,2017-09-12,17/18,45972,11411,Cheetah FC,Banants,0.0,,Kwasi Sibo
433818,2017-09-08,17/18,352,21652,Swindon Town,Chippenham,0.0,,Scott Twine
467623,2017-09-07,17/18,26907,2557,O. Pirates YD,Orlando Pirates,,25000.0,Lyle Foster
417913,2017-09-06,17/18,2865,50213,Betis Deportivo,CD Gerena,0.0,50000.0,Álvaro Valles
390688,2017-09-02,17/18,11674,52109,Valladolid U19,Logroñés Prom.,0.0,50000.0,Juan Iglesias
162038,2017-09-01,17/18,6767,367,RM Castilla,Rayo Vallecano,0.0,1000000.0,Raúl de Tomás
223725,2017-09-01,17/18,131,1108,Barcelona,Alavés,0.0,9000000.0,Munir El Haddadi
225122,2017-09-01,17/18,583,1049,PSG,Valencia,0.0,17000000.0,Gonçalo Guedes
33027,2017-08-31,17/18,762,1237,Newcastle,Brighton,0.0,4000000.0,Tim Krul
111051,2017-08-31,17/18,1003,417,Leicester,OGC Nice,0.0,10000000.0,Nampalys Mendy
127032,2017-08-31,17/18,583,148,Paris SG,Tottenham,25000000.0,15000000.0,Serge Aurier
142021,2017-08-31,17/18,1041,714,Lyon,Espanyol,0.0,11000000.0,Sergi Darder
148368,2017-08-31,17/18,31,82,Liverpool,VfL Wolfsburg,0.0,12000000.0,Divock Origi
258475,2017-08-31,17/18,902,3325,Rad,Chaves,400000.0,900000.0,Nikola Maras
276111,2017-08-31,17/18,940,2464,Celta de Vigo,Barcelona B,0.0,1000000.0,David Costas
277384,2017-08-31,17/18,862,1103,Chievo Verona,Ternana U.,0.0,1200000.0,Martin Valjent
314241,2017-08-31,17/18,1071,2413,Wigan,Bury,0.0,100000.0,Josh Laurent
319301,2017-08-31,17/18,3054,33616,Shrewsbury,Swansea U23,0.0,,Daniel James
342229,2017-08-31,17/18,162,583,Monaco,PSG,0.0,35000000.0,Kylian Mbappé
401173,2017-08-31,17/18,6930,16,Man City U18,Dortmund,20590000.0,5000000.0,Jadon Sancho
445939,2017-08-31,17/18,18234,143,Wadi Degla ,Wolfsburg II,,100000.0,Omar Marmoush
487465,2017-08-31,17/18,1075,398,Braga,Lazio,0.0,250000.0,Pedro Neto
95641,2017-08-30,17/18,150,1244,Real Betis,CD Leganés,0.0,4000000.0,Darko Brasanac
129674,2017-08-30,17/18,533,16,Hoffenheim,Dortmund,7000000.0,3500000.0,Jeremy Toljan
226261,2017-08-30,17/18,2865,1532,Betis Deportivo,Albacete,0.0,150000.0,César de la Hoz
277384,2017-08-30,17/18,1103,862,Ternana U.,Chievo Verona,500000.0,1200000.0,Martin Valjent
460939,2017-08-30,17/18,1269,11368,PEC Zwolle,AZ Alkmaar U21,0.0,50000.0,Tijjani Reijnders
479999,2017-08-30,17/18,1039,2805,QPR,Wycombe,0.0,,Eberechi Eze
480763,2017-08-30,17/18,288,148,Estudiantes LP,Tottenham,10500000.0,5000000.0,Juan Foyth
429983,2017-08-28,17/18,10217,10958,Sarpsborg 08,Milan U19,0.0,50000.0,Jørgen Strand Larsen
14044,2017-08-27,17/18,543,399,Wolves,Leeds,0.0,500000.0,Andy Lonergan
170472,2017-08-26,17/18,1010,667,Watford,R. Strasbourg,0.0,2000000.0,Dimitri Foulquier
125685,2017-08-25,17/18,986,1031,Cambridge Utd.,Luton,,150000.0,Luke Berry
170472,2017-08-25,17/18,16795,1010,Granada CF,Watford,2000000.0,2000000.0,Dimitri Foulquier
260827,2017-08-25,17/18,317,1038,FC Twente,Sampdoria,1750000.0,1500000.0,Joachim Andersen
364603,2017-08-25,17/18,366,2464,Real Valladolid,Barcelona B,3400000.0,1000000.0,José Manuel Arnáiz
401320,2017-08-25,17/18,29990,46842,West Brom U23,Hereford,0.0,,Dara O'Shea
435648,2017-08-25,17/18,32798,21058,Feyenoord Youth,FC Bayern U17,150000.0,,Joshua Zirkzee
442805,2017-08-25,17/18,8494,3708,RCD Mallorca B ,Barakaldo CF ,0.0,200000.0,Iddrisu Baba
587018,2017-08-24,17/18,50769,50683,Everton Youth,Arsenal Youth,,,Hubert Graczyk
195488,2017-08-23,17/18,180,148,Southampton,Tottenham,,1000000.0,Paulo Gazzaniga
318508,2017-08-23,17/18,417,1160,Nice,Nîmes Olympique,0.0,800000.0,Olivier Boscagli
182712,2017-08-22,17/18,1049,46,Valencia,Inter,0.0,20000000.0,João Cancelo
108725,2017-08-21,17/18,399,1132,Leeds,Burnley,16400000.0,6000000.0,Chris Wood
251897,2017-08-20,17/18,6688,366,Bilbao Athletic,Real Valladolid,0.0,700000.0,Asier Villalibre
262939,2017-08-18,17/18,367,12321,Rayo Vallecano,Girona,0.0,1000000.0,Johan Mojica
362086,2017-08-18,17/18,171,4032,Real Murcia,Ponferradina,0.0,200000.0,Isi Palazón
169801,2017-08-17,17/18,931,698,Fulham,Bristol City,0.0,750000.0,Cauley Woodrow
81999,2017-08-16,17/18,512,762,Stoke City,Newcastle,5500000.0,3500000.0,Joselu
255495,2017-08-16,17/18,1533,2296,SD Eibar,CD Numancia,0.0,300000.0,Unai Elgezabal
337715,2017-08-16,17/18,12,416,Roma,Torino,0.0,2000000.0,Umar Sadiq
245056,2017-08-15,17/18,416,3368,Torino,Levante,0.0,2200000.0,Saša Lukić
328480,2017-08-15,17/18,11516,7971,Atl. Levante,Hércules CF,0.0,300000.0,Pepelu
398065,2017-08-11,17/18,39341,349,Leicester U23,Barnsley,0.0,100000.0,Harvey Barnes
480762,2017-08-11,17/18,14836,2402,Newell's II,Defensa,0.0,,Lisandro Martínez
339820,2017-08-10,17/18,13,3709,Atlético Madrid,Getafe,3000000.0,1000000.0,Amath Ndiaye
401922,2017-08-10,17/18,54158,28868,Diamond Academy,Villarreal U19,500000.0,,Samuel Chukwueze
290249,2017-08-09,17/18,18074,3709,Boston River,Getafe,0.0,1250000.0,Mauro Arambarri
290249,2017-08-08,17/18,40,18074,G. Bordeaux,Boston River,1000000.0,1250000.0,Mauro Arambarri
357884,2017-08-08,17/18,7078,366,R. Valladolid B,Real Valladolid,,300000.0,Fernando Calero
378710,2017-08-08,17/18,2462,1010,Fluminense,Watford,12400000.0,2000000.0,Richarlison
89733,2017-08-07,17/18,1531,2687,Elche CF,Cádiz CF,0.0,500000.0,Álex Fernández
322985,2017-08-07,17/18,234,1455,Feyenoord,FC Dordrecht,0.0,350000.0,Gustavo Hamer
395122,2017-08-07,17/18,1390,839,Cagliari,Perugia,0.0,700000.0,Santiago Colombatto
203516,2017-08-06,17/18,1421,1154,Stade Reims,Red Star FC,,300000.0,Nuke Mfulu
18644,2017-08-04,17/18,1049,114,Valencia,Besiktas,2500000.0,7500000.0,Álvaro Negredo
221311,2017-08-04,17/18,1532,1531,Albacete,Elche CF,0.0,300000.0,Iván Sánchez
340328,2017-08-04,17/18,9249,466,Arsenal U23,Preston,0.0,,Stephy Mavididi
349701,2017-08-04,17/18,9261,355,Everton U23,Bolton,0.0,,Antonee Robinson
425902,2017-08-04,17/18,703,1045,Nott'm Forest,Notts County,0.0,,Ryan Yates
511021,2017-08-04,17/18,26007,11615,Olímpic Xàtiva,CD Guijuelo,0.0,,Manu Fuster
111873,2017-08-02,17/18,11,3709,Arsenal,Getafe,0.0,1000000.0,Emiliano Martínez
143812,2017-08-02,17/18,430,46,Fiorentina,Inter,24000000.0,13000000.0,Matías Vecino
15956,2017-08-01,17/18,281,368,Man City,Sevilla FC,0.0,12000000.0,Jesús Navas
167721,2017-08-01,17/18,1775,5358,San Lorenzo,SD Huesca,0.0,400000.0,Chimy Ávila
192009,2017-08-01,17/18,621,367,Athletic Club,Rayo Vallecano,0.0,2000000.0,Unai López
242606,2017-08-01,17/18,379,355,West Ham,Bolton,0.0,500000.0,Josh Cullen
264220,2017-08-01,17/18,379,355,West Ham,Bolton,0.0,1000000.0,Reece Burke
335721,2017-08-01,17/18,39336,3716,Brighton U23,Newport County,0.0,,Ben White
447661,2017-08-01,17/18,281,12321,Man City,Girona,0.0,,Douglas Luiz
599231,2017-08-01,17/18,9478,58957,Espanyol U19,St. Andreu U19,0.0,,Ferran Jutglà
638793,2017-08-01,17/18,32994,36097,Real Colorado,Syracuse,0.0,,Tajon Buchanan
971774,2017-08-01,17/18,45258,25260,CF Damm Youth,Málaga CF Youth,0.0,,Xavi Pleguezuelo
251876,2017-07-31,17/18,281,12321,Man City,Girona,0.0,500000.0,Pablo Maffeo
295313,2017-07-31,17/18,31,29228,Liverpool,Mouscron,0.0,400000.0,Taiwo Awoniyi
353032,2017-07-31,17/18,1214,1106,Cerro Porteño,Gimnasia,0.0,,Omar Alderete
525578,2017-07-31,17/18,28578,976,Diambars FC,União Madeira,,,Pathé Ciss
725912,2017-07-31,17/18,101608,125074,Tempo Prag Yth.,Bohemians Yth.,,,Antonín Kinský
213260,2017-07-28,17/18,3368,2448,Levante,Sporting Gijón,0.0,1500000.0,Rubén García
338424,2017-07-28,17/18,16,762,Dortmund,Newcastle,0.0,2500000.0,Mikel Merino
480267,2017-07-28,17/18,10632,18074,Rentistas,Boston River,395000.0,100000.0,Ronald Araujo
481675,2017-07-28,17/18,3996,3060,Atromitos U20,Atromitos,,,Christos Mandas
293388,2017-07-27,17/18,2470,20116,Barça U19,Leeds United U23,0.0,,Oriol Rey
321247,2017-07-27,17/18,3709,4542,Getafe,CyD Leonesa,0.0,500000.0,Emiliano Buendía
73564,2017-07-26,17/18,164,289,Blackburn,Sunderland,560000.0,1000000.0,Jason Steele
410225,2017-07-26,17/18,347,273,FC Metz,Stade Rennais,17000000.0,2500000.0,Ismaïla Sarr
534379,2017-07-26,17/18,11669,12319,Cádiz CF B,Sevilla FC C,0.0,,Pejiño
73547,2017-07-25,17/18,1237,931,Brighton,Fulham,0.0,2500000.0,Oliver Norwood
129374,2017-07-24,17/18,11259,2867,CD Alcoyano,Recr. Huelva,0.0,300000.0,Marc Martínez
221150,2017-07-24,17/18,475,3709,Sint-Truiden,Getafe,2500000.0,800000.0,Dakonam Djené
346483,2017-07-24,17/18,9250,499,Chelsea U23,Vitesse,0.0,400000.0,Mason Mount
357885,2017-07-24,17/18,1084,1050,Málaga CF,Villarreal,12000000.0,10000000.0,Pablo Fornals
358250,2017-07-24,17/18,1059,1184,Hammarby,Genk,1250000.0,500000.0,Joseph Aidoo
51321,2017-07-22,17/18,379,641,West Ham,Middlesbrough,5600000.0,2500000.0,Darren Randolph
59323,2017-07-21,17/18,641,12321,Middlesbrough,Girona,2500000.0,3500000.0,Cristhian Stuani
135343,2017-07-21,17/18,533,897,Hoffenheim,Dep. La Coruña,3000000.0,2500000.0,Fabian Schär
162029,2017-07-21,17/18,13,762,Atlético Madrid,Newcastle,5000000.0,4000000.0,Javier Manquillo
169497,2017-07-21,17/18,11245,13702,UD Sanse,R. Majadahonda,0.0,200000.0,Juan Cruz
212862,2017-07-21,17/18,621,5358,Athletic Club,SD Huesca,0.0,600000.0,Álex Remiro
234803,2017-07-21,17/18,3008,31,Hull City,Liverpool,9000000.0,7000000.0,Andrew Robertson
346707,2017-07-21,17/18,9253,1181,Newcastle U23,Blackpool,0.0,75000.0,Sean Longstaff
412363,2017-07-21,17/18,9540,221,Santos U20,Santos,,,Rodrygo
434223,2017-07-21,17/18,39458,6898,Corinthians,Norwich U18,,,Adam Idah
286779,2017-07-20,17/18,2448,3,Sporting Gijón,1.FC Köln,7000000.0,6000000.0,Jorge Meré
44058,2017-07-19,17/18,11,506,Arsenal,Juventus,18400000.0,17000000.0,Wojciech Szczęsny
199527,2017-07-19,17/18,1123,762,Norwich,Newcastle,11300000.0,1000000.0,Jacob Murphy
282421,2017-07-19,17/18,6767,34559,RM Castilla,Lorca FC,0.0,150000.0,Javi Muñoz
298197,2017-07-19,17/18,6182,1108,Valencia B,Alavés,2000000.0,300000.0,Antonio Sivera
288323,2017-07-18,17/18,2963,1211,Burton Albion,Port Vale,0.0,100000.0,Marcus Harness
324358,2017-07-18,17/18,6699,1148,Exeter City,Brentford,7220000.0,150000.0,Ollie Watkins
481084,2017-07-18,17/18,52109,24420,Logroñés Prom.,UD Logroñés,,100000.0,Marcos André
494880,2017-07-18,17/18,17676,2464,AD Alcorcón B,Barcelona B,400000.0,,Jorge Cuenca
522784,2017-07-18,17/18,1037,37535,U. de Chile,CA Torque,0.0,75000.0,Taty Castellanos
82503,2017-07-17,17/18,2687,331,Cádiz CF,CA Osasuna,2000000.0,600000.0,Aridane Hernández
99559,2017-07-17,17/18,2464,2687,Barcelona B,Cádiz CF,0.0,400000.0,Alberto Perea
126751,2017-07-17,17/18,2296,2464,CD Numancia,Barcelona B,700000.0,800000.0,Iñigo Ruiz de Galarreta
250426,2017-07-17,17/18,762,355,Newcastle,Bolton,0.0,1500000.0,Adam Armstrong
338425,2017-07-17,17/18,331,416,CA Osasuna,Torino,7000000.0,6000000.0,Álex Berenguer
481084,2017-07-17,17/18,8733,52109,Celta Vigo B,Logroñés Prom.,0.0,100000.0,Marcos André
617081,2017-07-17,17/18,25261,13711,Sporting Yth.,Real Madrid U17,0.0,,Diego López
257376,2017-07-15,17/18,336,3325,Sporting,Chaves,0.0,1000000.0,Domingos Duarte
303657,2017-07-15,17/18,46,2331,Inter,Avellino,0.0,300000.0,Ionuț Radu
447661,2017-07-15,17/18,978,281,Vasco da Gama,Man City,12000000.0,,Douglas Luiz
95424,2017-07-14,17/18,148,281,Tottenham,Man City,52700000.0,30000000.0,Kyle Walker
102423,2017-07-14,17/18,142,4083,Real Zaragoza,Crotone,0.0,800000.0,Leandro Cabrera
110864,2017-07-14,17/18,985,405,Man Utd,Aston Villa,0.0,1000000.0,Sam Johnstone
214666,2017-07-14,17/18,2288,641,Swansea,Middlesbrough,0.0,250000.0,Connor Roberts
217115,2017-07-14,17/18,618,1148,Saint-Étienne,Brentford,2000000.0,2000000.0,Neal Maupay
237617,2017-07-14,17/18,12321,11000,Girona,CD Lugo,0.0,700000.0,Cristian Herrera
268642,2017-07-14,17/18,2417,1444,Belgrano,Racing Club,0.0,1000000.0,Renzo Saravia
319745,2017-07-14,17/18,150,418,Real Betis,Real Madrid,16500000.0,10000000.0,Dani Ceballos
67082,2017-07-13,17/18,13,472,Atlético Madrid,UD Las Palmas,0.0,25000000.0,Vitolo
263727,2017-07-13,17/18,714,1533,Espanyol,SD Eibar,3800000.0,1000000.0,Joan Jordán
393323,2017-07-13,17/18,29826,51762,Ph. Union Acad.,Bethlehem Steel,0.0,,Brenden Aaronson
67082,2017-07-12,17/18,368,13,Sevilla FC,Atlético Madrid,35600000.0,25000000.0,Vitolo
177847,2017-07-12,17/18,985,681,Man Utd,Real Sociedad,8500000.0,7000000.0,Adnan Januzaj
248738,2017-07-12,17/18,5358,331,SD Huesca,CA Osasuna,300000.0,700000.0,Sergio Herrera
268670,2017-07-12,17/18,2464,1244,Barcelona B,CD Leganés,0.0,700000.0,Gerard Gumbau
344605,2017-07-12,17/18,8512,1082,Paris SG B,LOSC Lille,0.0,,Boubakary Soumaré
548729,2017-07-12,17/18,14253,1292,Meyrin FC Yth.,Etoile Carouge,0.0,,Zeki Amdouni
40613,2017-07-11,17/18,2288,1132,Swansea,Burnley,9100000.0,5000000.0,Jack Cork
217144,2017-07-11,17/18,6767,142,RM Castilla,Real Zaragoza,0.0,400000.0,Aleix Febas
236490,2017-07-11,17/18,631,3008,Chelsea,Hull City,0.0,1000000.0,Ola Aina
246963,2017-07-11,17/18,1123,3054,Norwich,Shrewsbury,0.0,100000.0,Carlton Morris
247250,2017-07-11,17/18,12321,3302,Girona,UD Almería,0.0,500000.0,Rubén Alcaraz
281989,2017-07-11,17/18,11596,16486,AD Alcorcón,CF Fuenlabrada,0.0,300000.0,Luis Milla
429790,2017-07-11,17/18,281,159,Man City,Red Star,0.0,,Luka Ilic
439022,2017-07-11,17/18,679,2425,Atlético-PR,Rio Ave,0.0,500000.0,Marcão
29712,2017-07-10,17/18,1123,543,Norwich,Wolves,0.0,3000000.0,John Ruddy
206746,2017-07-10,17/18,610,1041,Ajax,Lyon,4000000.0,5500000.0,Kenny Tete
258889,2017-07-10,17/18,9250,31,Chelsea U23,Liverpool,0.0,2000000.0,Dominic Solanke
258919,2017-07-10,17/18,9251,3054,Man Utd U23,Shrewsbury,0.0,100000.0,Dean Henderson
86202,2017-07-09,17/18,12,631,Roma,Chelsea,35000000.0,25000000.0,Antonio Rüdiger
254037,2017-07-09,17/18,142,4542,Real Zaragoza,CyD Leonesa,,400000.0,Iza Carcelén
284430,2017-07-09,17/18,5649,21550,Atl. Malagueño,Granada B,0.0,200000.0,Aarón Escandell
339816,2017-07-09,17/18,18687,5648,Atl. Baleares,Gimnàstic,0.0,200000.0,Tete Morente
429790,2017-07-09,17/18,159,281,Red Star,Man City,2500000.0,,Luka Ilic
142310,2017-07-08,17/18,720,543,Porto,Wolves,0.0,3500000.0,Willy Boly
459463,2017-07-08,17/18,1010,5358,Watford,SD Huesca,0.0,450000.0,Cucho Hernández
61812,2017-07-07,17/18,681,583,Real Sociedad,PSG,16000000.0,10000000.0,Yuri Berchiche
64598,2017-07-07,17/18,641,12321,Middlesbrough,Girona,4500000.0,2500000.0,Bernardo Espinosa
262226,2017-07-07,17/18,1184,800,Genk,Atalanta,6500000.0,3000000.0,Timothy Castagne
357658,2017-07-07,17/18,38967,3822,Bournemouth U23,Weymouth FC,0.0,,Mark Travers
488626,2017-07-07,17/18,28861,6688,Osasuna U19,Bilbao Athletic,450000.0,,Jesús Areso
506470,2017-07-07,17/18,33727,9261,Queens Park U23,Everton U23,1700000.0,,Josh Bowler
85383,2017-07-06,17/18,281,1108,Man City,Alavés,2000000.0,500000.0,Rubén Sobrino
195633,2017-07-06,17/18,399,1132,Leeds,Burnley,0.0,5000000.0,Charlie Taylor
213670,2017-07-06,17/18,6767,331,RM Castilla,CA Osasuna,0.0,700000.0,Lucas Torró
225593,2017-07-06,17/18,1533,2296,SD Eibar,CD Numancia,0.0,300000.0,Pere Milla
298583,2017-07-06,17/18,26,321,Basel,FC Sion,0.0,250000.0,Eray Cömert
371851,2017-07-06,17/18,30051,789,NK Bravo U19,Rudar Velenje,0.0,,Jaka Bijol
404839,2017-07-06,17/18,339,10690,Dnipro,Zorya Lugansk,,700000.0,Andriy Lunin
729814,2017-07-06,17/18,108376,10849,ASSP U17,FC Metz U19,0.0,,Georges Mikautadze
27493,2017-07-05,17/18,2448,1244,Sporting Gijón,CD Leganés,0.0,800000.0,Iván Cuéllar
46413,2017-07-05,17/18,1038,4083,Sampdoria,Crotone,0.0,1500000.0,Ante Budimir
81997,2017-07-05,17/18,34148,3302,UCAM Murcia,UD Almería,0.0,300000.0,Fernando Martínez
226973,2017-07-05,17/18,180,1123,Southampton,Norwich,0.0,1000000.0,Harrison Reed
356197,2017-07-05,17/18,1050,1108,Villarreal,Alavés,0.0,1000000.0,Alfonso Pedraza
58330,2017-07-04,17/18,1244,16795,CD Leganés,Granada CF,0.0,1200000.0,Víctor Díaz
127108,2017-07-04,17/18,1533,762,SD Eibar,Newcastle,10000000.0,5000000.0,Florian Lejeune
177452,2017-07-04,17/18,630,237,Racing,RCD Mallorca,0.0,400000.0,Abdón Prats
197135,2017-07-04,17/18,681,1244,Real Sociedad,CD Leganés,0.0,1500000.0,Joseba Zaldua
230222,2017-07-04,17/18,940,826,Celta de Vigo,Lens,0.0,500000.0,Álvaro Lemos
331726,2017-07-04,17/18,631,2288,Chelsea,Swansea,0.0,8000000.0,Tammy Abraham
91340,2017-07-03,17/18,3884,1031,AFC Wimbledon,Luton,0.0,100000.0,James Shea
118534,2017-07-03,17/18,1132,29,Burnley,Everton,28500000.0,18000000.0,Michael Keane
199369,2017-07-03,17/18,1084,29,Málaga CF,Everton,6000000.0,10000000.0,Sandro Ramírez
377219,2017-07-03,17/18,3772,29228,AFC Tubize,Mouscron,0.0,300000.0,Selim Amallah
401624,2017-07-03,17/18,10773,16196,RCD Espanyol B,UE Cornellà,0.0,150000.0,Edgar González
518644,2017-07-03,17/18,37567,5242,Charlton Athleti,Man Utd U18,,,Largie Ramazani
53360,2017-07-02,17/18,180,984,Southampton,West Brom,13700000.0,10000000.0,Jay Rodríguez
73782,2017-07-02,17/18,1326,16795,CQ Dangdai Lif.,Granada CF,0.0,5000000.0,Adrián Ramos
240306,2017-07-02,17/18,1038,336,Sampdoria,Sporting,9700000.0,7500000.0,Bruno Fernandes
30321,2017-07-01,17/18,415,367,Toulouse,Rayo Vallecano,0.0,2500000.0,Óscar Trejo
33873,2017-07-01,17/18,631,989,Chelsea,Bournemouth,11500000.0,8000000.0,Asmir Begovic
73782,2017-07-01,17/18,16,1326,Dortmund,CQ Dangdai Lif.,12000000.0,5000000.0,Adrián Ramos
74960,2017-07-01,17/18,697,197,Slovan Liberec,Sparta Prague,0.0,600000.0,Martin Dúbravka
76467,2017-07-01,17/18,1108,1010,Alavés,Watford,0.0,4000000.0,Kiko Femenía
82873,2017-07-01,17/18,4795,1237,FC Ingolstadt,Brighton,3000000.0,4000000.0,Pascal Groß
85941,2017-07-01,17/18,72,10,1860 Munich,Arm. Bielefeld,0.0,450000.0,Stefan Ortega
86784,2017-07-01,17/18,82,5,Wolfsburg,AC Milan,15000000.0,17000000.0,Ricardo Rodríguez
94308,2017-07-01,17/18,11596,1533,AD Alcorcón,SD Eibar,1000000.0,1000000.0,Marko Dmitrovic
120705,2017-07-01,17/18,1531,11000,Elche CF,CD Lugo,0.0,800000.0,Juan Carlos
124884,2017-07-01,17/18,1184,1090,Genk,AZ Alkmaar,0.0,1200000.0,Marco Bizot
127181,2017-07-01,17/18,1158,969,FC Lorient,Montpellier,2500000.0,2500000.0,Benjamin Lecomte
127202,2017-07-01,17/18,762,58,Newcastle,RSC Anderlecht,0.0,5000000.0,Matz Sels
128969,2017-07-01,17/18,1049,1237,Valencia,Brighton,6000000.0,3500000.0,Mathew Ryan
130164,2017-07-01,17/18,289,29,Sunderland,Everton,28500000.0,15000000.0,Jordan Pickford
131996,2017-07-01,17/18,631,1041,Chelsea,Lyon,10000000.0,8000000.0,Bertrand Traoré
135492,2017-07-01,17/18,583,40,Paris SG,G. Bordeaux,4000000.0,4500000.0,Youssouf Sabaly
142389,2017-07-01,17/18,1220,899,Carlisle United,Walsall,0.0,75000.0,Mark Gillespie
148455,2017-07-01,17/18,12,31,Roma,Liverpool,42000000.0,35000000.0,Mohamed Salah
155025,2017-07-01,17/18,1085,124,Vitória Setúbal,Rangers,1500000.0,1500000.0,Fábio Cardoso
162027,2017-07-01,17/18,8510,11669,Getafe CF B,Cádiz CF B,0.0,200000.0,David Gil
177476,2017-07-01,17/18,631,989,Chelsea,Bournemouth,22800000.0,8000000.0,Nathan Aké
177907,2017-07-01,17/18,3008,1003,Hull City,Leicester,13700000.0,8000000.0,Harry Maguire
184573,2017-07-01,17/18,294,985,Benfica,Man Utd,35000000.0,22000000.0,Victor Lindelöf
188077,2017-07-01,17/18,371,370,Celtic,Aberdeen FC,0.0,600000.0,Ryan Christie
198008,2017-07-01,17/18,720,5,Porto,AC Milan,38000000.0,22000000.0,André Silva
201574,2017-07-01,17/18,281,1123,Man City,Norwich,0.0,250000.0,Angus Gunn
207014,2017-07-01,17/18,22,1010,Derby,Watford,9100000.0,8000000.0,Will Hughes
212723,2017-07-01,17/18,18,452,Mönchengladbach,Young Boys,2000000.0,1000000.0,Djibril Sow
214666,2017-07-01,17/18,33616,2288,Swansea U23,Swansea,,250000.0,Connor Roberts
216870,2017-07-01,17/18,6182,1049,Valencia B,Valencia,,300000.0,Nacho Vidal
221311,2017-07-01,17/18,3302,1532,UD Almería,Albacete,0.0,300000.0,Iván Sánchez
225020,2017-07-01,17/18,418,1041,Real Madrid,Lyon,8000000.0,5000000.0,Mariano Díaz
237125,2017-07-01,17/18,1420,698,Angers SCO,Bristol City,6000000.0,4000000.0,Famara Diédhiou
238407,2017-07-01,17/18,202,865,FC Groningen,Midtjylland,450000.0,850000.0,Alexander Sørloth
240306,2017-07-01,17/18,410,1038,Udinese,Sampdoria,6000000.0,7500000.0,Bruno Fernandes
240692,2017-07-01,17/18,10330,10140,Benfica B,SC Covilhã,0.0,200000.0,Reinildo Mandava
241641,2017-07-01,17/18,162,281,Monaco,Man City,50000000.0,40000000.0,Bernardo Silva
246291,2017-07-01,17/18,418,681,Real Madrid,Real Sociedad,11000000.0,7500000.0,Diego Llorente
249565,2017-07-01,17/18,58,162,RSC Anderlecht,Monaco,25000000.0,22000000.0,Youri Tielemans
251106,2017-07-01,17/18,281,1050,Man City,Villarreal,14000000.0,10000000.0,Enes Ünal
256429,2017-07-01,17/18,21550,993,Granada B,Córdoba CF,0.0,250000.0,Sergi Guardiola
257376,2017-07-01,17/18,10949,336,Sporting B,Sporting,,1000000.0,Domingos Duarte
258004,2017-07-01,17/18,10330,294,Benfica B,Benfica,,1000000.0,Rúben Dias
262365,2017-07-01,17/18,3302,16795,UD Almería,Granada CF,0.0,700000.0,Antonio Puertas
271455,2017-07-01,17/18,159,16704,Red Star,Krasnodar,2000000.0,1750000.0,Mihailo Ristic
278359,2017-07-01,17/18,8733,142,Celta Vigo B,Real Zaragoza,0.0,500000.0,Borja Iglesias
281755,2017-07-01,17/18,11596,1533,Alcorcón,SD Eibar,300000.0,300000.0,Iván Alejo
282823,2017-07-01,17/18,6928,9254,Spurs U18,Tottenham U23,,,Alfie Whiteman
284857,2017-07-01,17/18,2470,2464,Barça U19,Barcelona B,,700000.0,Marc Cucurella
284884,2017-07-01,17/18,28870,6767,Real Madrid U19,RM Castilla,,,Óscar Rodríguez
287579,2017-07-01,17/18,200,234,Utrecht,Feyenoord,4000000.0,3000000.0,Sofyan Amrabat
289257,2017-07-01,17/18,9899,681,Real Sociedad B,Real Sociedad,,300000.0,Jon Guridi
291417,2017-07-01,17/18,738,1041,Le Havre AC,Lyon,5000000.0,1250000.0,Ferland Mendy
293281,2017-07-01,17/18,1464,16,B. Dortmund U19,Dortmund,,,Jacob Bruun Larsen
297194,2017-07-01,17/18,8733,940,Celta Vigo B,Celta de Vigo,,300000.0,Iván Villar
319301,2017-07-01,17/18,33616,3054,Swansea U23,Shrewsbury,0.0,,Daniel James
320271,2017-07-01,17/18,6182,1049,Valencia B,Valencia,,3000000.0,Toni Lato
322702,2017-07-01,17/18,204,1184,Lierse SK,KRC Genk,1250000.0,900000.0,Benson Manuel
324882,2017-07-01,17/18,499,2282,Vitesse,Club Brugge,3000000.0,3000000.0,Marvelous Nakamba
327126,2017-07-01,17/18,7078,366,R. Valladolid B,Real Valladolid,,250000.0,Anuar
331496,2017-07-01,17/18,123357,20277,Girona FC U18,Girona U19,,,Valery Fernández
331726,2017-07-01,17/18,9250,631,Chelsea U23,Chelsea,,8000000.0,Tammy Abraham
335225,2017-07-01,17/18,28868,11972,Villarreal U19,Villarreal CF B,,50000.0,Manu Morlanes
337066,2017-07-01,17/18,4542,366,CyD Leonesa,Real Valladolid,50000.0,400000.0,Toni Villa
338285,2017-07-01,17/18,6688,621,Bilbao Athletic,Athletic Club,,300000.0,Unai Núñez
339340,2017-07-01,17/18,2862,234,Feyenoord U19,Feyenoord,,200000.0,Tyrell Malacia
340321,2017-07-01,17/18,5679,9249,Arsenal U18,Arsenal U23,,,Josh Dasilva
340324,2017-07-01,17/18,5679,9249,Arsenal U18,Arsenal U23,,,Eddie Nketiah
340325,2017-07-01,17/18,5679,9249,Arsenal U18,Arsenal U23,,,Reiss Nelson
340329,2017-07-01,17/18,5679,9249,Arsenal U18,Arsenal U23,,,Joe Willock
340376,2017-07-01,17/18,2470,2464,Barça U19,Barcelona B,,,Abel Ruiz
340918,2017-07-01,17/18,6922,9252,Liverpool U18,Liverpool U23,,,Caoimhín Kelleher
341051,2017-07-01,17/18,9254,148,Tottenham U23,Tottenham,,250000.0,Kyle Walker-Peters
341263,2017-07-01,17/18,39822,28870,Real Madrid U18,Real Madrid U19,,,Adrián Dela
341278,2017-07-01,17/18,28868,12853,Villarreal U19,FC Villarreal C,,,Iván Martín
341713,2017-07-01,17/18,31506,3679,Atl. Madrid U19,Atl. Madrileño,,,Diego Conde
342385,2017-07-01,17/18,13353,3631,Club Tijuana,América,6280000.0,2500000.0,Guido Rodríguez
343052,2017-07-01,17/18,1420,1082,Angers SCO,Lille,18000000.0,3000000.0,Nicolas Pépé
343273,2017-07-01,17/18,15080,367,Rayo B,Rayo Vallecano,,500000.0,Joni Montiel
344069,2017-07-01,17/18,4270,6776,Osnabrück U19,SSV Jeddeloh II,0.0,,Anton Stach
345886,2017-07-01,17/18,5494,434,Luzern U21,FC Luzern,,,Rubén Vargas
346478,2017-07-01,17/18,6928,9254,Spurs U18,Tottenham U23,,,Japhet Tanganga
354362,2017-07-01,17/18,189,506,Boca Juniors,Juventus,23500000.0,6000000.0,Rodrigo Bentancur
355628,2017-07-01,17/18,9899,681,Real Sociedad B,Real Sociedad,,350000.0,Igor Zubeldia
356141,2017-07-01,17/18,22177,24,Sagan Tosu,Frankfurt,1600000.0,750000.0,Daichi Kamada
357072,2017-07-01,17/18,1159,273,AS Nancy,Stade Rennais,7000000.0,800000.0,Faitout Maouassa
357119,2017-07-01,17/18,750,23826,FC Sochaux,Leipzig,0.0,300000.0,Ibrahima Konaté
357162,2017-07-01,17/18,8889,10330,Benfica U19,Benfica B,,350000.0,Florentino
357662,2017-07-01,17/18,9267,379,West Ham U23,West Ham,,,Declan Rice
358032,2017-07-01,17/18,6640,43560,Club Bruges U19,FC Brügge U21,,,Cyril Ngonge
361093,2017-07-01,17/18,51645,2824,Ajax U17,Ajax U19,,,Sven Botman
365108,2017-07-01,17/18,69744,27999,Team Vaud U17,Team Vaud U18,,,Dan Ndoye
366930,2017-07-01,17/18,39813,2470,Barça U18,Barça U19,,,Sergio Gómez
369081,2017-07-01,17/18,6767,897,RM Castilla,Dep. La Coruña,0.0,3000000.0,Federico Valverde
380350,2017-07-01,17/18,37024,409,FC Liefering,Salzburg,,400000.0,Igor Julio
381753,2017-07-01,17/18,21079,2491,W. Bremen U17,W. Bremen U19,,,Ilia Gruev
381963,2017-07-01,17/18,3038,30857,Anderlecht U19,Anderlecht U21,,,Mike Tresor
386047,2017-07-01,17/18,11204,1421,Stade Reims B,Stade Reims,,100000.0,Axel Disasi
388165,2017-07-01,17/18,1420,1147,Angers SCO,AC Ajaccio,0.0,300000.0,Yoane Wissa
388513,2017-07-01,17/18,39813,2470,Barça U18,Barça U19,,,Mateu Morey
391005,2017-07-01,17/18,16104,190,Copenhagen U19,Copenhagen,,150000.0,Mads Roerslev
392768,2017-07-01,17/18,6918,9250,Chelsea U18,Chelsea U23,,,Callum Hudson-Odoi
392771,2017-07-01,17/18,6699,631,Exeter City,Chelsea,2800000.0,,Ethan Ampadu
394236,2017-07-01,17/18,5494,434,Luzern U21,FC Luzern,,300000.0,Filip Ugrinic
394327,2017-07-01,17/18,8524,244,Marseille B,Marseille,,,Boubacar Kamara
395234,2017-07-01,17/18,69157,10851,FC Nantes U17,FC Nantes U19,,,Batista Mendy
396894,2017-07-01,17/18,2619,940,Defensor SC,Celta de Vigo,4300000.0,1100000.0,Maxi Gómez
397033,2017-07-01,17/18,50454,14829,Brescia U17,Brescia U19,,,Sandro Tonali
398131,2017-07-01,17/18,10200,6182,Valencia U19,Valencia B,,,Cristian Rivero
398163,2017-07-01,17/18,10200,6182,Valencia U19,Valencia B,,,Gonzalo Villar
398184,2017-07-01,17/18,10200,6182,Valencia U19,Valencia B,,,Ferran Torres
400536,2017-07-01,17/18,19982,8815,Bröndby IF U17,Bröndby IF U19,,,Mads Hermansen
403898,2017-07-01,17/18,21056,4121,M'gladbach U17,M'gladbach U19,,,Jordan Beyer
404842,2017-07-01,17/18,36949,21218,Dynamo Kyiv U19,Dynamo Kyiv II,,,Vitaliy Mykolenko
406560,2017-07-01,17/18,6922,9252,Liverpool U18,Liverpool U23,,,Rhian Brewster
406634,2017-07-01,17/18,6942,9262,Fulham U18,Fulham U23,,,Matt O'Riley
406635,2017-07-01,17/18,6930,281,Man City U18,Man City,,,Phil Foden
406638,2017-07-01,17/18,6928,9254,Spurs U18,Tottenham U23,,,Oliver Skipp
408471,2017-07-01,17/18,9478,10773,Espanyol U19,RCD Espanyol B,,,Javi Puado
411537,2017-07-01,17/18,2824,8817,Ajax U19,Ajax U21,,50000.0,Zian Flemming
412045,2017-07-01,17/18,9478,10773,Espanyol U19,RCD Espanyol B,,,Pol Lozano
413112,2017-07-01,17/18,10873,10872,Bordeaux U19,G. Bordeaux B,,,Aurélien Tchouaméni
413507,2017-07-01,17/18,669,430,Partizan,Fiorentina,5500000.0,5000000.0,Nikola Milenković
420002,2017-07-01,17/18,1041,738,Lyon,Le Havre AC,0.0,2000000.0,Jean-Philippe Mateta
420210,2017-07-01,17/18,51654,2862,Feyenoord U17,Feyenoord U19,,,Lutsharel Geertruida
420808,2017-07-01,17/18,14488,37758,Sheff Wed U18,Sheff Wed U21,,,George Hirst
423440,2017-07-01,17/18,9900,44822,R. Sociedad U19,Real Sociedad C,,,Martín Zubimendi
423443,2017-07-01,17/18,10200,6182,Valencia U19,Valencia B,,,Álex Centelles
428016,2017-07-01,17/18,6928,9254,Spurs U18,Tottenham U23,,,Brandon Austin
429790,2017-07-01,17/18,11137,159,Red Star U19,Red Star,,,Luka Ilic
429915,2017-07-01,17/18,49391,6640,FC Brügge U17,Club Bruges U19,,,Maxim De Cuyper
431755,2017-07-01,17/18,49568,11998,Atalanta U17,Atalanta U19,,,Dejan Kulusevski
433177,2017-07-01,17/18,50683,5679,Arsenal Youth,Arsenal U18,,,Bukayo Saka
433183,2017-07-01,17/18,50678,6930,Man City Youth,Man City U18,,,Tommy Doyle
433188,2017-07-01,17/18,50906,6922,Liverpool Youth,Liverpool U18,,,Curtis Jones
433818,2017-07-01,17/18,15910,352,Swindon U18,Swindon Town,,,Scott Twine
434224,2017-07-01,17/18,107780,10826,FC Sochaux U17,FC Sochaux U19,,,Maxence Lacroix
434602,2017-07-01,17/18,9900,44822,R. Sociedad U19,Real Sociedad C,,,Aritz Arambarri
434990,2017-07-01,17/18,9900,9899,R. Sociedad U19,Real Sociedad B,,,Álex Sola
435338,2017-07-01,17/18,1082,1095,Lille,Troyes,0.0,600000.0,Gabriel
438001,2017-07-01,17/18,2470,2464,Barça U19,Barcelona B,,200000.0,Santiago Bueno
442248,2017-07-01,17/18,3455,349,Forest Green,Barnsley,570000.0,,Ethan Pinnock
447995,2017-07-01,17/18,3014,465,Albion Rovers,St. Mirren,0.0,,Ross Stewart
448344,2017-07-01,17/18,10773,714,RCD Espanyol B,Espanyol,,500000.0,Óscar Melendo
448628,2017-07-01,17/18,12834,993,Córdoba CF B,Córdoba CF,,400000.0,Javi Galán
448844,2017-07-01,17/18,12361,21550,Marbella FC,Granada B,0.0,100000.0,Carlos Neva
449796,2017-07-01,17/18,20921,12361,Navalcarnero,Marbella FC,0.0,200000.0,Alejandro Catena
451276,2017-07-01,17/18,11263,37024,AKA Salzb. U18,FC Liefering,,,Dominik Szoboszlai
451801,2017-07-01,17/18,14355,2778,Nordsjaell. U19,Nordsjaelland,,100000.0,Abdul Mumin
452483,2017-07-01,17/18,42826,11263,AKA Salzb. U16,AKA Salzb. U18,,,David Affengruber
455661,2017-07-01,17/18,12012,21079,W. Bremen Yth.,W. Bremen U17,,,Nick Woltemade
460939,2017-07-01,17/18,15587,1269,PEC Zwolle U19,PEC Zwolle,,,Tijjani Reijnders
461617,2017-07-01,17/18,14734,31506,Atl. Madrid U17,Atl. Madrid U19,,,Rodrigo Riquelme
461833,2017-07-01,17/18,29344,49568,Atalanta Youth,Atalanta U17,,,Caleb Okoli
463603,2017-07-01,17/18,107690,9669,AS Monaco U17,Monaco U19,,,Benoît Badiashile
465967,2017-07-01,17/18,44822,9899,Real Sociedad C,Real Sociedad B,,,Ander Guevara
466783,2017-07-01,17/18,14321,39813,Barça U16,Barça U18,,,Arnau Tenas
466794,2017-07-01,17/18,14321,6930,Barça U16,Man City U18,1700000.0,,Eric García
466801,2017-07-01,17/18,14321,39813,Barça U16,Barça U18,,,Sergi Altimira
466807,2017-07-01,17/18,14321,39813,Barça U16,Barça U18,,,Adrià Altimira
468002,2017-07-01,17/18,9955,9267,West Ham U18,West Ham U23,,,Ben Johnson
469958,2017-07-01,17/18,14465,349,Barnsley U18,Barnsley FC,,,Jacob Brown
470596,2017-07-01,17/18,51433,6928,Tottenham Yth.,Spurs U18,,,Paris Maghoma
471474,2017-07-01,17/18,28861,8516,Osasuna U19,Osasuna B,,,Javi Martínez
472423,2017-07-01,17/18,6918,9250,Chelsea U18,Chelsea U23,,,Reece James
473169,2017-07-01,17/18,32791,51645,Ajax Youth ,Ajax U17,,,Brian Brobbey
474701,2017-07-01,17/18,32798,51654,Feyenoord Youth,Feyenoord U17,,,Crysencio Summerville
475188,2017-07-01,17/18,14389,39341,Leicester U18,Leicester U23,,,Kiernan Dewsbury-Hall
475416,2017-07-01,17/18,43750,3867,Boreham W. U19,Boreham Wood,,,Sorba Thomas
475959,2017-07-01,17/18,36341,36342,D. Zagreb Yth.,Din. Zagreb U17,,,Josko Gvardiol
479999,2017-07-01,17/18,33727,1039,Queens Park U23,QPR,,,Eberechi Eze
480883,2017-07-01,17/18,11674,7078,Valladolid U19,R. Valladolid B,,,Miguel de la Fuente
480987,2017-07-01,17/18,54704,1148,Brentford B,Brentford,,,Chris Mepham
485706,2017-07-01,17/18,49082,21082,Zulte W. Youth,Hoffenheim U17,,,Amadou Onana
485963,2017-07-01,17/18,12278,15439,Le Havre U19,Le Havre B,,,Pape Gueye
486049,2017-07-01,17/18,25005,49390,Anderlecht Yth.,Anderlecht U17,,,Jérémy Doku
487465,2017-07-01,17/18,48758,1075,Braga U17,Braga,,,Pedro Neto
487969,2017-07-01,17/18,10850,995,FC Nantes B,FC Nantes,,,Randal Kolo Muani
490421,2017-07-01,17/18,31624,11669,Sacré-Cœur,Cádiz CF B,0.0,,Momo Mbaye
494237,2017-07-01,17/18,107721,7874,Rennes U17,Rennes U19,,,Wilson Isidor
495621,2017-07-01,17/18,39822,28870,Real Madrid U18,Real Madrid U19,,,Antonio Blanco
495625,2017-07-01,17/18,39822,28870,Real Madrid U18,Real Madrid U19,,,Víctor Chust
495666,2017-07-01,17/18,60860,12745,St-Étienne U17,St-Étienne U19,,,William Saliba
496661,2017-07-01,17/18,51433,6928,Tottenham Yth.,Spurs U18,,,Elliot Thorpe
499604,2017-07-01,17/18,10732,37993,Watford U18,Watford U23,,,Dion Pereira
501418,2017-07-01,17/18,9478,10773,Espanyol U19,RCD Espanyol B,,,Adrià Pedrosa
502821,2017-07-01,17/18,25545,49576,AS Rom Youth,Roma U17,,,Riccardo Calafiori
503679,2017-07-01,17/18,50906,6922,Liverpool Youth,Liverpool U18,,,Rhys Williams
503680,2017-07-01,17/18,50906,6922,Liverpool Youth,Liverpool U18,,,Neco Williams
503733,2017-07-01,17/18,50769,6920,Everton Youth,Everton U18,,,Anthony Gordon
503743,2017-07-01,17/18,52928,6951,West Brom Yth.,West Brom U18,,,Morgan Rogers
503749,2017-07-01,17/18,53183,6933,A. Villa Yth.,Aston Villa U18,,,Jacob Ramsey
503883,2017-07-01,17/18,25003,49391,Club Brugge Yth,FC Brügge U17,,,Senne Lammens
503990,2017-07-01,17/18,55947,6924,Boro Yth.,Boro U18,,,Nathan Wood
504855,2017-07-01,17/18,16282,3054,Shrewsbury U18,Shrewsbury,,,John McAtee
505046,2017-07-01,17/18,53243,6949,Blackburn Acad.,Blackburn U18,,,Ben Winterbottom
505194,2017-07-01,17/18,55415,14389,Leicester Yth.,Leicester U18,,,Luke Thomas
505219,2017-07-01,17/18,50672,5242,Man Utd Youth,Man Utd U18,,,James Garner
505493,2017-07-01,17/18,15509,8733,Celta U19,Celta Vigo B,,,Diego Pampín
505548,2017-07-01,17/18,52975,9955,West Ham Yth.,West Ham U18,,,Louie Watson
505673,2017-07-01,17/18,14734,21609,Atl. Madrid U17,Atl.Madleño U18,,,Víctor Mollejo
505674,2017-07-01,17/18,14734,21609,Atl. Madrid U17,Atl.Madleño U18,,,Sergio Camello
506189,2017-07-01,17/18,10006,677,Ipswich U18,Ipswich,,,Flynn Downes
507254,2017-07-01,17/18,52928,29990,West Brom Yth.,West Brom U21,,,Nathan Ferguson
507700,2017-07-01,17/18,50672,5242,Man Utd Youth,Man Utd U18,,,Brandon Williams
514285,2017-07-01,17/18,32798,51654,Feyenoord Youth,Feyenoord U17,,,Quilindschy Hartman
517753,2017-07-01,17/18,20379,13702,Alcobendas,R. Majadahonda,0.0,,Óscar Valentín
517842,2017-07-01,17/18,44822,9899,Real Sociedad C,Real Sociedad B,,,Aihen Muñoz
517894,2017-07-01,17/18,15539,321,Coritiba U20,FC Sion,,,Matheus Cunha
520651,2017-07-01,17/18,63021,12808,Wigan Youth,Wigan U18,,,Jensen Weir
520840,2017-07-01,17/18,21348,4050,Écija U19,Écija Balompié,,,José Copete
521964,2017-07-01,17/18,11884,21061,Schalke 04 Yth.,Schalke 04 U17,,,Malick Thiaw
524000,2017-07-01,17/18,6665,6688,CD Basconia,Bilbao Athletic,,,Dani Vivian
526050,2017-07-01,17/18,51045,11090,Platense Res.,Platense FC,,,Kervin Arriaga
527425,2017-07-01,17/18,10006,677,Ipswich U18,Ipswich,,,Luke Woolfenden
527972,2017-07-01,17/18,28868,12853,Villarreal U19,FC Villarreal C,,,Mourad El Ghezouani
528892,2017-07-01,17/18,50683,5679,Arsenal Youth,Arsenal U18,,,Harry Clarke
531404,2017-07-01,17/18,14745,28871,Zaragoza Youth,Zaragoza U19,,,Marc Aguado
532776,2017-07-01,17/18,9372,9371,Toulouse U19,Toulouse B,,,Amine Adli
533354,2017-07-01,17/18,15104,15944,CA Colón U20,CA Colón II,,,Facundo Garcés
533568,2017-07-01,17/18,8057,3938,Atlanta,CA Talleres,,,Nahuel Tenaglia
533916,2017-07-01,17/18,15791,988,Oxford Utd U18,Oxford United,,,Shandon Baptiste
534033,2017-07-01,17/18,16179,1030,Argentinos II,Argentinos Jrs.,,,Alexis Mac Allister
536030,2017-07-01,17/18,14737,5242,Espanyol Youth,Man Utd U18,,,Arnau Puigmal
536835,2017-07-01,17/18,29344,49568,Atalanta Youth,Atalanta U17,,,Amad Diallo
537382,2017-07-01,17/18,102209,28867,Sevilla FC U16,Sevilla FC U19,,,Bryan Gil
537762,2017-07-01,17/18,13711,39822,Real Madrid U17,Real Madrid U18,,,Sergio Arribas
537763,2017-07-01,17/18,13711,39822,Real Madrid U17,Real Madrid U18,,,Jordi Martín
538977,2017-07-01,17/18,108388,107721,Vannes Jugend,Rennes U17,0.0,,Georginio Rutter
538996,2017-07-01,17/18,82891,54295,PSG Youth,Paris SG U17,,,Tanguy Nianzou
540664,2017-07-01,17/18,62343,62344,Bordeaux Yth.,Bordeaux U17,,,Dilane Bakwa
540941,2017-07-01,17/18,52882,14355,FCN Youth,Nordsjaell. U19,,,Mikkel Damsgaard
541231,2017-07-01,17/18,41044,56053,PEC Youth,PEC Zwolle U17,,,Sepp van den Berg
541621,2017-07-01,17/18,70473,28868,Roda U19,Villarreal U19,,,Marc Vidal
542586,2017-07-01,17/18,11605,16662,FC Lorient U19,Lorient B,,,Illan Meslier
543164,2017-07-01,17/18,92719,8824,Kinetic Academy,Sheff Utd U21,,,Rhys Norrington-Davies
545647,2017-07-01,17/18,40419,15509,Celta Vigo Yth.,Celta U19,,,Sergio Carreira
547248,2017-07-01,17/18,65274,70473,G.Manresa Yth.,Roda U19,,,Iker Álvarez
548111,2017-07-01,17/18,14740,70473,Villarreal Yth.,Roda U19,,,Álex Baena
551182,2017-07-01,17/18,40419,15509,Celta Vigo Yout,Celta U19,,,Fran Vieites
552425,2017-07-01,17/18,28861,40170,Osasuna U19,CD Iruña,,,Jon Moncayola
553875,2017-07-01,17/18,20201,20277,Rayo U19,Girona U19,100000.0,,Pedro Porro
557147,2017-07-01,17/18,25261,16157,Sporting Yth.,Sporting U19,,,José Gragera
559979,2017-07-01,17/18,12318,5649,Málaga U19,Atl. Malagueño,,,Abdel Abqar
560483,2017-07-01,17/18,15080,53792,Rayo B,Madrid 2021,0.0,,Randy Nteka
560694,2017-07-01,17/18,14629,130650,Huddersf. U18,Huddersf. U23,,,Lewis O'Brien
561613,2017-07-01,17/18,14737,58956,Espanyol Youth,Espanyol U18,,,Joan García
563137,2017-07-01,17/18,70295,14321,Barça Youth,Barça U16,,,Robert Navarro
565093,2017-07-01,17/18,32799,56768,NAC Breda Youth,NAC Breda U17,,,Bart Verbruggen
568005,2017-07-01,17/18,37567,6932,Charlton Athleti,Charlton U18,,,Jeremy Sarmiento
568158,2017-07-01,17/18,28862,8881,CD Tenerife You,Alavés Youth,,,Javi López
568835,2017-07-01,17/18,70300,17676,Alcorcón U19,AD Alcorcón B,,,Pablo Martínez
569866,2017-07-01,17/18,14967,9900,Real Sociedad Y,R. Sociedad U19,,,Roberto López
569876,2017-07-01,17/18,25625,70377,RCD Mallorca Yo,San Franc. U19,,,Xavi Sintes
571020,2017-07-01,17/18,107198,28860,Bilbao U18,Bilbao U19,,,Oihan Sancet
572265,2017-07-01,17/18,27350,14925,Chieri G.,Vicenza U19,0.0,,Lorenzo Lucca
573775,2017-07-01,17/18,28866,8510,Getafe U19,Getafe CF B,,,Hugo Duro
576314,2017-07-01,17/18,66211,33429,JVOZ U19,GOES,0.0,,Jan Paul van Hecke
577869,2017-07-01,17/18,70370,15509,Pontevedra U19,Celta U19,0.0,,Ruly García
578539,2017-07-01,17/18,86116,1196,Texans SC,Dallas Academy,0.0,,Chris Richards
581640,2017-07-01,17/18,16680,70370,Pontevedra You.,Pontevedra U19,,,Coke Carrillo
581781,2017-07-01,17/18,7995,16664,Dijon U19,Dijon FCO B,,,Enzo Loiodice
583510,2017-07-01,17/18,28866,8510,Getafe U19,Getafe CF B,,,Miguel Rubio
584769,2017-07-01,17/18,14466,24214,Burnley U18,FC Burnley U23,,,Dwight McNeil
585700,2017-07-01,17/18,70825,12318,San Félix U19,Málaga U19,,,Juan Cruz
586736,2017-07-01,17/18,70295,14321,Barça Youth,Barça U16,,,Joel López
587520,2017-07-01,17/18,36360,36344,Hajduk Yth.,Hajduk U17,,,Stipe Biuk
591949,2017-07-01,17/18,64634,31025,Hearts Youth,Celtic U17,0.0,,Aaron Hickey
595809,2017-07-01,17/18,93576,7044,Tires U19,URD Tires,,,Beto
596122,2017-07-01,17/18,72083,42903,UE Figueres U19,UE Figueres,,,Pep Chavarría
603696,2017-07-01,17/18,9666,8568,CD Alcalá,AD Ceuta ,,,Alberto Reina
603940,2017-07-01,17/18,13711,39822,Real Madrid U17,Real Madrid U18,,,Marvin Park
605184,2017-07-01,17/18,9372,9371,Toulouse U19,Toulouse B,,,Jean-Clair Todibo
605528,2017-07-01,17/18,70295,14321,Barça Youth,Barça U16,,,Pol Tristán
606718,2017-07-01,17/18,84799,15605,GDS Cascais U19,Estoril U19,0.0,,Toti
607224,2017-07-01,17/18,83018,83012,Paris FC Yth.,ACBB Youth,0.0,,Hannibal
608382,2017-07-01,17/18,13711,39822,Real Madrid U17,Real Madrid U18,,,Adrián Rodríguez
608832,2017-07-01,17/18,36866,36867,Babelsberg Yth.,Babelsberg U17,,,Merlin Röhl
610083,2017-07-01,17/18,70393,28860,Santutxu U19,Bilbao U19,,,Unai Vencedor
611075,2017-07-01,17/18,58956,9478,Espanyol U18,Espanyol U19,,,Iván Gil
617059,2017-07-01,17/18,25264,14321,Levante UD Yout,Barça U16,,,Pablo Campos
617060,2017-07-01,17/18,45258,69043,CF Damm Youth,Jabac U19,,,Mika Mármol
617074,2017-07-01,17/18,70295,14321,Barça Youth,Barça U16,,,Ilaix Moriba
620164,2017-07-01,17/18,83018,107943,Paris FC Yth.,Châteauroux U17,0.0,,Haissem Hassan
622988,2017-07-01,17/18,16200,70397,Valencia CF You,Valencia U18,,,Fran Pérez
623521,2017-07-01,17/18,70321,13711,R.Madrid Yth.,Real Madrid U17,,,Juanmi Latasa
623526,2017-07-01,17/18,70321,13711,R.Madrid Yth.,Real Madrid U17,,,Toni Fuidias
624942,2017-07-01,17/18,65274,14737,G.Manresa Yth.,Espanyol Youth,,,Raúl Moro
625014,2017-07-01,17/18,70389,52348,Antiguoko Yth,Antiguoko U19,,,Julen Agirrezabala
625047,2017-07-01,17/18,14733,107198,Bilbao Youth,Bilbao U18,,,Beñat Prados
625655,2017-07-01,17/18,14967,9900,Real Sociedad Y,R. Sociedad U19,,,Jon Magunazelaia
625660,2017-07-01,17/18,52348,9900,Antiguoko U19,R. Sociedad U19,,,Jon Ander Olasagasti
626953,2017-07-01,17/18,107198,28860,Bilbao U18,Bilbao U19,,,Álvaro Núñez
627290,2017-07-01,17/18,14740,70473,Villarreal Yth.,Roda U19,,,John Donald
628487,2017-07-01,17/18,14737,58956,Espanyol Youth,Espanyol U18,,,Ángel Fortuño
628498,2017-07-01,17/18,14737,58956,Espanyol Youth,Espanyol U18,,,Jofre Carreras
628886,2017-07-01,17/18,14716,81502,Albacete Balomp,Sevilla FC U18,,,Iván Romero
628926,2017-07-01,17/18,9666,81503,CD Alcalá,Sevilla U17,,,Miguel Capitas
630995,2017-07-01,17/18,14743,40422,Real Betis Yth.,Betis U19,,,Rodri Sánchez
631002,2017-07-01,17/18,21564,28873,UD Almería Yout,Almería U19,,,Raúl García
631693,2017-07-01,17/18,14967,8881,Real Sociedad Y,Alavés Youth,0.0,,Jesús Owono
633992,2017-07-01,17/18,11605,16662,FC Lorient U19,Lorient B,,,Enzo Le Fée
646353,2017-07-01,17/18,53325,15890,Huddersf. Yth.,Halifax U18,0.0,,Carl Rushworth
646710,2017-07-01,17/18,44872,32805,Brabant Youth,Vitesse Youth ,0.0,,Sil Swinkels
647435,2017-07-01,17/18,50678,72118,Man City Youth,PNE Academy,,,Tyrhys Dolan
657430,2017-07-01,17/18,48758,12964,Braga U17,Braga U19,,,Samú Costa
666547,2017-07-01,17/18,124168,65327,1° Agosto U17,1º Agosto U20,,,Zito Luvumbo
667121,2017-07-01,17/18,61508,53958,Palmeiras U15,Braga U15,,,Rodrigo Gomes
668179,2017-07-01,17/18,14685,36759,Sevilla FC Yth.,Altair U16,,,Carlos Álvarez
668183,2017-07-01,17/18,14740,63969,Villarreal Yth.,CD Roda Youth,,,Nico Serrano
670850,2017-07-01,17/18,52906,53101,Luton Academy,Norwich Yth.,,,Alex Matos
676042,2017-07-01,17/18,14685,36759,Sevilla FC Yth.,Altair U16,,,Juanlu Sánchez
678406,2017-07-01,17/18,17419,15062,Gimnàstic de Ta,Nàstic U19,,,Sergi Cardona
692070,2017-07-01,17/18,12016,30791,Frankfurt Yth.,Wieseck Youth,0.0,,Clemens Riedel
696506,2017-07-01,17/18,54529,47988,Vitória SC U15,Vitória SC U17,,,Gui Guedes
707274,2017-07-01,17/18,25264,51592,Levante UD Yout,Patacona CF You,,,César Tárrega
709380,2017-07-01,17/18,70321,13711,R.Madrid Yth.,Real Madrid U17,,,Álex Forés
709969,2017-07-01,17/18,65274,70295,G.Manresa Yth.,Barça Youth,0.0,,Ilias Akhomach
711394,2017-07-01,17/18,20917,9900,Peña Sport U19,R. Sociedad U19,,,Javi Martón
718034,2017-07-01,17/18,12604,1534,Own Youth,Aurrera,,,Abde Rebbach
719999,2017-07-01,17/18,16637,37059,CD Lugo Youth,Villalbés Youth,0.0,,Andrés Castrín
720518,2017-07-01,17/18,14685,21562,Sevilla FC Yth.,Córdoba CF Yout,,,Roberto Fernández
724520,2017-07-01,17/18,44098,21557,Hércules Alican,Hércules U19,,,Abde Ezzalzouli
730861,2017-07-01,17/18,20134,42823,Rapid Youth,AKA Rapid U15,,,Milos Kerkez
741289,2017-07-01,17/18,14738,70321,Getafe CF Youth,R.Madrid Yth.,0.0,,Youssef Enríquez
765467,2017-07-01,17/18,32793,52797,AZ Alkmaar Yth.,Hollandia Yth.,0.0,,Jozhua Vertrouwd
766583,2017-07-01,17/18,36759,102209,Altair U16,Sevilla FC U16,,,Kike Salas
767229,2017-07-01,17/18,14685,36759,Sevilla FC Yth.,Altair U16,,,Diego Hormigo
767255,2017-07-01,17/18,36759,102209,Altair U16,Sevilla FC U16,,,Matías Árbol
775605,2017-07-01,17/18,70321,70320,R.Madrid Yth.,Atlético Yth.,,,Pablo Barrios
777308,2017-07-01,17/18,53101,50677,Norwich Yth.,Chelsea Youth,,,Zain Silcott-Duberry
785353,2017-07-01,17/18,70388,40168,San Juan U19,AD San Juan,,,Pablo Ibáñez
801734,2017-07-01,17/18,83018,108888,Paris FC Yth.,ASJA Jugend,0.0,,Mathys Tel
811778,2017-07-01,17/18,25259,70321,Deportivo Yth.,R.Madrid Yth.,0.0,,Álvaro Carreras
844637,2017-07-01,17/18,14737,65274,Espanyol Youth,G.Manresa Yth.,0.0,,Marc Pubill
848509,2017-07-01,17/18,41622,49397,Charleroi Youth,Charleroi U17,,,Jackson Tchatchoua
880245,2017-07-01,17/18,53957,53956,Sporting Yth.,Sporting Sub-15,,,Mateus Fernandes
882710,2017-07-01,17/18,14740,25264,Villarreal Yth.,Levante UD Yout,0.0,,Ramón Martínez
895480,2017-07-01,17/18,34474,70393,SD Indautxu,Santutxu U19,0.0,,Adu Ares
897402,2017-07-01,17/18,63271,12786,Einigkeit Yth.,HSV Yth.,0.0,,Farid Alfa-Ruprecht
922563,2017-07-01,17/18,50677,52975,Chelsea Youth,West Ham Yth.,0.0,,Oliver Scarles
930415,2017-07-01,17/18,21349,70321,Elche CF Youth,R.Madrid Yth.,,,Antonio Gomis
935231,2017-07-01,17/18,70295,45258,Barça Youth,CF Damm Youth,,,Víctor Muñoz
935245,2017-07-01,17/18,40494,70321,Las Palmas Yth.,R.Madrid Yth.,,,Raúl Asencio
937942,2017-07-01,17/18,44105,14740,Real Murcia You,Villarreal Yth.,,,Daniel Budesca
938145,2017-07-01,17/18,55667,102734,MTK Yth.,Sant Just Yth.,0.0,,Áron Yaakobishvili
940462,2017-07-01,17/18,14740,75,Villarreal Yth.,Unknown,,,Pau Ferrer
941080,2017-07-01,17/18,13314,14740,CA Osasuna Yout,Villarreal Yth.,0.0,,Jon García
948254,2017-07-01,17/18,14738,44199,Getafe CF Youth,Leganés Youth,0.0,,Marco de las Sías
1007720,2017-07-01,17/18,26003,60852,East Coast Yth.,LAFC Academy,0.0,,Tyler Bindon
1011936,2017-07-01,17/18,64252,25003,Antwerp Yth.,Club Brugge Yth,0.0,,Kaye Furo
1063340,2017-07-01,17/18,14737,70295,Espanyol Youth,Barça Youth,0.0,,Kareem Tunde
18644,2017-06-30,16/17,641,1049,Middlesbrough,Valencia,0.0,7500000.0,Álvaro Negredo
33027,2017-06-30,16/17,1090,762,AZ Alkmaar,Newcastle,0.0,4000000.0,Tim Krul
44058,2017-06-30,16/17,12,11,Roma,Arsenal,0.0,17000000.0,Wojciech Szczęsny
73782,2017-06-30,16/17,16795,16,Granada CF,Dortmund,0.0,5000000.0,Adrián Ramos
81999,2017-06-30,16/17,897,512,Dep. La Coruña,Stoke City,0.0,3500000.0,Joselu
85383,2017-06-30,16/17,1108,281,Alavés,Man City,0.0,500000.0,Rubén Sobrino
128969,2017-06-30,16/17,1184,1049,Genk,Valencia,0.0,3500000.0,Mathew Ryan
131996,2017-06-30,16/17,610,631,Ajax,Chelsea,0.0,8000000.0,Bertrand Traoré
135492,2017-06-30,16/17,40,583,G. Bordeaux,Paris SG,0.0,4500000.0,Youssouf Sabaly
162029,2017-06-30,16/17,289,13,Sunderland,Atlético Madrid,0.0,4000000.0,Javier Manquillo
162038,2017-06-30,16/17,366,6767,Real Valladolid,RM Castilla,0.0,1000000.0,Raúl de Tomás
192009,2017-06-30,16/17,1244,621,CD Leganés,Athletic Club,0.0,2000000.0,Unai López
195488,2017-06-30,16/17,367,180,Rayo Vallecano,Southampton,0.0,1000000.0,Paulo Gazzaniga
196948,2017-06-30,16/17,18,631,Mönchengladbach,Chelsea,0.0,18000000.0,Andreas Christensen
213670,2017-06-30,16/17,2497,6767,Real Oviedo,RM Castilla,0.0,700000.0,Lucas Torró
215876,2017-06-30,16/17,417,720,Nice,Porto,0.0,9000000.0,Ricardo Pereira
217115,2017-06-30,16/17,3911,618,Stade Brestois,Saint-Étienne,0.0,2000000.0,Neal Maupay
221311,2017-06-30,16/17,1532,3302,Albacete,UD Almería,0.0,300000.0,Iván Sánchez
223725,2017-06-30,16/17,1049,131,Valencia,Barcelona,0.0,9000000.0,Munir El Haddadi
225593,2017-06-30,16/17,34148,1533,UCAM Murcia,SD Eibar,0.0,300000.0,Pere Milla
240306,2017-06-30,16/17,1038,410,Sampdoria,Udinese,0.0,7500000.0,Bruno Fernandes
240692,2017-06-30,16/17,3326,10330,Fafe,Benfica B,0.0,200000.0,Reinildo Mandava
246291,2017-06-30,16/17,1084,418,Málaga CF,Real Madrid,0.0,7500000.0,Diego Llorente
251106,2017-06-30,16/17,317,281,FC Twente,Man City,0.0,10000000.0,Enes Ünal
251876,2017-06-30,16/17,12321,281,Girona,Man City,0.0,500000.0,Pablo Maffeo
251896,2017-06-30,16/17,24,418,E. Frankfurt,Real Madrid,0.0,8000000.0,Jesús Vallejo
251897,2017-06-30,16/17,2296,6688,CD Numancia,Bilbao Athletic,0.0,700000.0,Asier Villalibre
255495,2017-06-30,16/17,11596,1533,AD Alcorcón,SD Eibar,0.0,300000.0,Unai Elgezabal
256429,2017-06-30,16/17,171,21550,Real Murcia,Granada B,0.0,250000.0,Sergi Guardiola
257376,2017-06-30,16/17,68608,10949,Belenenses,Sporting B,0.0,1000000.0,Domingos Duarte
261503,2017-06-30,16/17,13702,6767,R. Majadahonda,RM Castilla,0.0,250000.0,Álvaro Fidalgo
262939,2017-06-30,16/17,12321,367,Girona,Rayo Vallecano,0.0,1000000.0,Johan Mojica
263727,2017-06-30,16/17,366,714,Real Valladolid,Espanyol,0.0,1000000.0,Joan Jordán
276111,2017-06-30,16/17,2497,940,Real Oviedo,Celta de Vigo,0.0,1000000.0,David Costas
281989,2017-06-30,16/17,16486,11596,CF Fuenlabrada,AD Alcorcón,0.0,300000.0,Luis Milla
282411,2017-06-30,16/17,1108,418,Alavés,Real Madrid,0.0,15000000.0,Marcos Llorente
283628,2017-06-30,16/17,697,62,Slovan Liberec,Slavia Praha,0.0,1250000.0,Tomáš Souček
286415,2017-06-30,16/17,148,714,Tottenham,Espanyol,0.0,1500000.0,Pau López
289255,2017-06-30,16/17,12405,9899,Real Unión,Real Sociedad B,0.0,200000.0,Andoni Gorosabel
295313,2017-06-30,16/17,467,31,NEC Nijmegen,Liverpool,0.0,400000.0,Taiwo Awoniyi
298583,2017-06-30,16/17,2790,26,FC Lugano,Basel,0.0,250000.0,Eray Cömert
298976,2017-06-30,16/17,82,418,Wolfsburg,Real Madrid,0.0,2500000.0,Borja Mayoral
300168,2017-06-30,16/17,2448,621,Sporting Gijón,Athletic Club,0.0,1500000.0,Mikel Vesga
337715,2017-06-30,16/17,1025,12,Bologna,Roma,0.0,2000000.0,Umar Sadiq
339820,2017-06-30,16/17,648,13,CD Tenerife,Atlético Madrid,0.0,1000000.0,Amath Ndiaye
356197,2017-06-30,16/17,399,1050,Leeds,Villarreal,0.0,1000000.0,Alfonso Pedraza
388165,2017-06-30,16/17,1080,1420,Stade Lavallois,Angers SCO,0.0,300000.0,Yoane Wissa
395122,2017-06-30,16/17,4331,1390,Trapani,Cagliari,0.0,700000.0,Santiago Colombatto
401624,2017-06-30,16/17,16196,10773,UE Cornellà,RCD Espanyol B,0.0,150000.0,Edgar González
407021,2017-06-30,16/17,23297,206,HB Köge,Bröndby IF,0.0,200000.0,Mads Andersen
439022,2017-06-30,16/17,15172,679,Atlético-GO,Atlético-PR,0.0,500000.0,Marcão
457931,2017-06-30,16/17,380,398,Salernitana,Lazio,0.0,200000.0,Luiz Felipe
459463,2017-06-30,16/17,2352,1010,CD América,Watford,0.0,450000.0,Cucho Hernández
481084,2017-06-30,16/17,52109,8733,UD Logroñés B,Celta Vigo B,0.0,100000.0,Marcos André
513031,2017-06-30,16/17,28014,8494,UD Poblense,RCD Mallorca B ,0.0,,Antonio Sánchez
572265,2017-06-30,16/17,60075,27350,Atletico Torino,Chieri G.,0.0,,Lorenzo Lucca
599231,2017-06-30,16/17,61963,9478,Bellvitge U19,Espanyol U19,0.0,,Ferran Jutglà
631693,2017-06-30,16/17,70389,14967,Antiguoko Yth,Real Sociedad Y,0.0,,Jesús Owono
392179,2017-06-28,16/17,1092,39623,Brommapojkarna,UNC Wilmington,0.0,,Hjalmar Ekdal
110864,2017-05-31,16/17,405,985,Aston Villa,Man Utd,0.0,500000.0,Sam Johnstone
169801,2017-05-31,16/17,2963,931,Burton Albion,Fulham,0.0,750000.0,Cauley Woodrow
177847,2017-05-31,16/17,289,985,Sunderland,Man Utd,0.0,7000000.0,Adnan Januzaj
188077,2017-05-31,16/17,370,371,Aberdeen FC,Celtic,0.0,600000.0,Ryan Christie
196722,2017-05-31,16/17,2999,1123,Hamilton Acad.,Norwich,0.0,200000.0,Remi Matthews
215118,2017-05-31,16/17,641,11,Middlesbrough,Arsenal,0.0,12000000.0,Calum Chambers
226049,2017-05-31,16/17,2553,762,Kilmarnock FC,Newcastle,0.0,250000.0,Freddie Woodman
242606,2017-05-31,16/17,1027,379,Bradford,West Ham,0.0,250000.0,Josh Cullen
246963,2017-05-31,16/17,1194,1123,Rotherham,Norwich,0.0,100000.0,Carlton Morris
250426,2017-05-31,16/17,349,762,Barnsley,Newcastle,0.0,1500000.0,Adam Armstrong
264220,2017-05-31,16/17,1071,379,Wigan,West Ham,0.0,1000000.0,Reece Burke
302371,2017-05-31,16/17,988,9267,Oxford United,West Ham U23,0.0,1500000.0,Toni Martínez
328658,2017-05-31,16/17,2553,371,Kilmarnock FC,Celtic,0.0,800000.0,Kristoffer Ajer
331726,2017-05-31,16/17,698,9250,Bristol City,Chelsea U23,0.0,5000000.0,Tammy Abraham
336367,2017-05-31,16/17,2455,1039,Bristol Rovers,QPR,0.0,150000.0,Joe Lumley
346707,2017-05-31,16/17,2553,9253,Kilmarnock FC,Newcastle U23,0.0,75000.0,Sean Longstaff
425902,2017-05-31,16/17,3054,703,Shrewsbury,Nott'm Forest,0.0,,Ryan Yates
391005,2017-05-11,16/17,1011,16104,Halmstads BK,Copenhagen U19,0.0,,Mads Roerslev
520624,2017-05-11,16/17,16083,679,GO Audax,Atlético-PR,,,Bruno Guimarães
371998,2017-05-08,16/17,15002,614,Flamengo U20,Flamengo,,,Vinicius Junior
251897,2017-05-02,16/17,6688,2296,Bilbao Athletic,CD Numancia,0.0,500000.0,Asier Villalibre
398065,2017-05-01,16/17,991,39341,MK Dons,Leicester U23,0.0,100000.0,Harvey Barnes
525247,2017-05-01,16/17,43407,7123,Marlow,Maidenhead Utd.,0.0,,Maximilian Kilman
451276,2017-03-29,16/17,104133,11263,Főnix U19,AKA Salzb. U18,500000.0,,Dominik Szoboszlai
391005,2017-03-21,16/17,16104,1011,Copenhagen U19,Halmstads BK,0.0,,Mads Roerslev
500067,2017-03-10,16/17,16994,76,Gombe United,Vålerenga,,,Chidera Ejuke
298583,2017-03-03,16/17,26,2790,Basel,FC Lugano,0.0,100000.0,Eray Cömert
263236,2017-03-01,16/17,4780,167,FC Augsburg U19,Augsburg,,,Kevin Danso
340328,2017-03-01,16/17,358,9249,Charlton,Arsenal U23,0.0,,Stephy Mavididi
243879,2017-02-28,16/17,5299,504,FC Basel U21,Grasshoppers,,200000.0,Charles Pickel
283628,2017-02-17,16/17,62,697,Slavia Praha,Slovan Liberec,0.0,1250000.0,Tomáš Souček
378293,2017-02-09,16/17,281,40058,Man City,New York City,0.0,900000.0,Yangel Herrera
319900,2017-02-08,16/17,8140,9262,Bognor Regis,Fulham U21,0.0,,Elijah Adebayo
258919,2017-02-03,16/17,1034,9251,Grimsby Town,Man Utd U23,0.0,,Dean Henderson
378293,2017-02-01,16/17,30504,281,Atl. Venezuela,Man City,1000000.0,900000.0,Yangel Herrera
418560,2017-02-01,16/17,1057,687,Bryne,Molde FK,100000.0,200000.0,Erling Haaland
489359,2017-02-01,16/17,24120,9598,Frontale U18,Kawasaki Front.,,,Ao Tanaka
494880,2017-02-01,16/17,70300,17676,Alcorcón U19,AD Alcorcón B,,,Jorge Cuenca
543387,2017-02-01,16/17,45714,1956,JMG Bamako,Real,,,Cheick Doucouré
33027,2017-01-31,16/17,762,1090,Newcastle,AZ Alkmaar,0.0,6500000.0,Tim Krul
108354,2017-01-31,16/17,405,2288,Aston Villa,Swansea,5800000.0,7500000.0,Jordan Ayew
246963,2017-01-31,16/17,1123,1194,Norwich,Rotherham,0.0,100000.0,Carlton Morris
251845,2017-01-31,16/17,1123,1148,Norwich,Brentford,2900000.0,2500000.0,Sergi Canós
262939,2017-01-31,16/17,367,12321,Rayo Vallecano,Girona,0.0,1000000.0,Johan Mojica
314241,2017-01-31,16/17,2577,1071,Hartlepool,Wigan,,50000.0,Josh Laurent
340328,2017-01-31,16/17,9249,358,Arsenal U23,Charlton,0.0,,Stephy Mavididi
356197,2017-01-31,16/17,1050,399,Villarreal,Leeds,0.0,1000000.0,Alfonso Pedraza
387626,2017-01-31,16/17,1184,15,Genk,Leverkusen,16700000.0,12500000.0,Leon Bailey
425902,2017-01-31,16/17,703,3054,Nott'm Forest,Shrewsbury,0.0,,Ryan Yates
427568,2017-01-31,16/17,350,989,Sheff Utd,Bournemouth,940000.0,50000.0,Aaron Ramsdale
435338,2017-01-31,16/17,2035,1082,Avaí FC,Lille,3000000.0,350000.0,Gabriel
438001,2017-01-31,16/17,20054,2470,CA Peñarol U19,Barça U19,1000000.0,100000.0,Santiago Bueno
469669,2017-01-31,16/17,1081,1080,CS Sedan,Stade Lavallois,,,Yvan Neyou
33027,2017-01-30,16/17,610,762,Ajax,Newcastle,0.0,6500000.0,Tim Krul
128969,2017-01-30,16/17,1049,1184,Valencia,Genk,0.0,3000000.0,Mathew Ryan
212862,2017-01-30,16/17,3368,621,Levante,Athletic Club,0.0,800000.0,Álex Remiro
356197,2017-01-30,16/17,11000,1050,CD Lugo,Villarreal,0.0,1000000.0,Alfonso Pedraza
169801,2017-01-27,16/17,931,2963,Fulham,Burton Albion,0.0,750000.0,Cauley Woodrow
256429,2017-01-27,16/17,21550,171,Granada B,Real Murcia,0.0,250000.0,Sergi Guardiola
73782,2017-01-26,16/17,16,16795,Dortmund,Granada CF,0.0,5000000.0,Adrián Ramos
74294,2017-01-25,16/17,610,3187,Ajax,TJ Teda,5500000.0,6500000.0,Nemanja Gudelj
177452,2017-01-25,16/17,13222,630,CD Mirandés,Racing,0.0,300000.0,Abdón Prats
225122,2017-01-25,16/17,294,583,Benfica,PSG,30000000.0,9000000.0,Gonçalo Guedes
256429,2017-01-25,16/17,875,21550,Adelaide United,Granada B,0.0,250000.0,Sergi Guardiola
300168,2017-01-25,16/17,621,2448,Athletic Club,Sporting Gijón,0.0,800000.0,Mikel Vesga
324223,2017-01-25,16/17,349,405,Barnsley,Aston Villa,3500000.0,250000.0,James Bree
62945,2017-01-24,16/17,1003,1084,Leicester,Málaga CF,2000000.0,3000000.0,Luis Hernández
188077,2017-01-24,16/17,371,370,Celtic,Aberdeen FC,0.0,600000.0,Ryan Christie
302371,2017-01-23,16/17,9267,988,West Ham U23,Oxford United,0.0,1500000.0,Toni Martínez
349066,2017-01-23,16/17,272,16,AIK,Dortmund,8600000.0,1750000.0,Alexander Isak
388165,2017-01-23,16/17,1420,1080,Angers SCO,Stade Lavallois,0.0,300000.0,Yoane Wissa
328658,2017-01-20,16/17,371,2553,Celtic,Kilmarnock FC,0.0,800000.0,Kristoffer Ajer
398065,2017-01-20,16/17,39341,991,Leicester U23,MK Dons,0.0,,Harvey Barnes
336367,2017-01-19,16/17,1039,2455,QPR,Bristol Rovers,0.0,150000.0,Joe Lumley
392591,2017-01-19,16/17,27774,4286,Cork City,Limerick FC,0.0,,Chiedozie Ogbene
221311,2017-01-18,16/17,3302,1532,UD Almería,Albacete,0.0,300000.0,Iván Sánchez
276111,2017-01-14,16/17,940,2497,Celta de Vigo,Real Oviedo,0.0,1000000.0,David Costas
239949,2017-01-13,16/17,8820,1020,Hampton & Rich.,Portsmouth,,,Jamal Lowe
144128,2017-01-11,16/17,17222,6878,Antofagasta,Bolívar,,400000.0,Matías Dituro
226049,2017-01-09,16/17,762,2553,Newcastle,Kilmarnock FC,0.0,250000.0,Freddie Woodman
270171,2017-01-09,16/17,23826,80,Leipzig,VfL Bochum,0.0,125000.0,Vitaly Janelt
280730,2017-01-09,16/17,9899,681,Real Sociedad B,Real Sociedad,,300000.0,Álvaro Odriozola
316264,2017-01-09,16/17,418,306,Real Madrid,Heerenveen,0.0,2000000.0,Martin Ødegaard
319900,2017-01-09,16/17,9262,8140,Fulham U21,Bognor Regis,0.0,,Elijah Adebayo
346707,2017-01-09,16/17,9253,2553,Newcastle U23,Kilmarnock FC,0.0,,Sean Longstaff
177476,2017-01-08,16/17,989,631,Bournemouth,Chelsea,0.0,5000000.0,Nathan Aké
316264,2017-01-08,16/17,6767,418,RM Castilla,Real Madrid,,2000000.0,Martin Ødegaard
348026,2017-01-06,16/17,1080,969,Stade Lavallois,Montpellier,1500000.0,800000.0,Nordi Mukiele
110864,2017-01-05,16/17,985,405,Man Utd,Aston Villa,0.0,250000.0,Sam Johnstone
240692,2017-01-05,16/17,10330,3326,Benfica B,Fafe,0.0,150000.0,Reinildo Mandava
406040,2017-01-05,16/17,358,29,Charlton,Everton,8800000.0,1500000.0,Ademola Lookman
182904,2017-01-04,16/17,1159,368,AS Nancy,Sevilla FC,5400000.0,2500000.0,Clément Lenglet
257455,2017-01-04,16/17,68608,336,Belenenses,Sporting,0.0,1250000.0,João Palhinha
278837,2017-01-04,16/17,8733,12361,Celta Vigo B,Marbella FC,0.0,300000.0,Luis Rioja
35047,2017-01-03,16/17,964,33714,Zenit S-Pb,TJ Quanjian,20000000.0,20000000.0,Axel Witsel
123551,2017-01-03,16/17,349,1071,Barnsley,Wigan,0.0,400000.0,Sam Morsy
341501,2017-01-03,16/17,2963,39341,Burton Albion,Leicester U23,0.0,250000.0,Hamza Choudhury
294057,2017-01-02,16/17,370,1123,Aberdeen FC,Norwich,0.0,1500000.0,James Maddison
333014,2017-01-02,16/17,76,1184,Vålerenga,Genk,2000000.0,800000.0,Sander Berge
459463,2017-01-02,16/17,1010,2352,Watford,CD América,0.0,300000.0,Cucho Hernández
251876,2017-01-01,16/17,281,12321,Man City,Girona,0.0,200000.0,Pablo Maffeo
314210,2017-01-01,16/17,9261,29,Everton U23,Everton,,,Tom Davies
326031,2017-01-01,16/17,8817,610,Ajax U21,Ajax,,100000.0,Matthijs de Ligt
330659,2017-01-01,16/17,2824,610,Ajax U19,Ajax,,,Justin Kluivert
342046,2017-01-01,16/17,5242,985,Man Utd U18,Man Utd,,,Axel Tuanzebe
357119,2017-01-01,16/17,10825,750,FC Sochaux B,FC Sochaux,,,Ibrahima Konaté
357147,2017-01-01,16/17,9844,10331,FC Porto U19,FC Porto B,,50000.0,Diogo Dalot
363205,2017-01-01,16/17,1023,281,Palmeiras,Man City,32000000.0,16000000.0,Gabriel Jesus
372246,2017-01-01,16/17,6182,1049,Valencia B,Valencia,,400000.0,Carlos Soler
392179,2017-01-01,16/17,8955,1092,IF Bromma U19,Brommapojkarna,,,Hjalmar Ekdal
401530,2017-01-01,16/17,14708,585,São Paulo U20,São Paulo,,,Éder Militão
429014,2017-01-01,16/17,12801,543,Wolves U18,Wolves,,,Morgan Gibbs-White
432914,2017-01-01,16/17,9540,14701,Santos U20,Santos B,,100000.0,John Victor
439022,2017-01-01,16/17,679,15172,Atlético-PR,Atlético-GO,0.0,500000.0,Marcão
459463,2017-01-01,16/17,9811,1010,Pereira,Watford,,300000.0,Cucho Hernández
478573,2017-01-01,16/17,32791,51645,Ajax Youth ,Ajax U17,,,Ryan Gravenberch
480763,2017-01-01,16/17,15887,288,Estudiantes II,Estudiantes LP,,,Juan Foyth
491616,2017-01-01,16/17,25563,18099,Manta FC U20,Manta FC,,,Jackson Porozo
497291,2017-01-01,16/17,14842,1029,Vélez II,Vélez Sarsfield,,,Nicolás Domínguez
502722,2017-01-01,16/17,42825,42826,AKA Salzb. U15,AKA Salzb. U16,,,Luka Sucic
522784,2017-01-01,16/17,20062,1037,U. de Chile U21,U. de Chile,,,Taty Castellanos
525438,2017-01-01,16/17,7769,58049,CFR Cluj,FC Hermannstadt,0.0,50000.0,Horațiu Moldovan
533568,2017-01-01,16/17,22594,8057,Atlanta U20,Atlanta,,,Nahuel Tenaglia
535927,2017-01-01,16/17,21690,15436,Drogheda U19,St. Pat's U19,0.0,,Luke McNally
555143,2017-01-01,16/17,76087,14282,Academia Akron,Dynamo U17,0.0,,Arsen Zakharyan
617018,2017-01-01,16/17,98475,3474,Western Sub Yth,Western Suburbs,,,Marko Stamenić
348795,2016-12-31,16/17,1418,583,Rosario Central,PSG,0.0,10000000.0,Giovani Lo Celso
319900,2016-12-21,16/17,11310,9262,Slough,Fulham U21,0.0,,Elijah Adebayo
214666,2016-12-15,16/17,2455,33616,Bristol Rovers,Swansea U23,0.0,250000.0,Connor Roberts
458178,2016-12-10,16/17,8820,2804,Hampton & Rich.,Barnet,0.0,,Jack Taylor
385848,2016-12-09,16/17,3721,1078,Alfreton,Oldham Athletic,0.0,,George Edmundson
468066,2016-12-06,16/17,40115,1118,Örgryte U17,Örgryte,,,Jens Cajuste
332705,2016-11-30,16/17,39815,623,NY Red Bulls II,New York,0.0,50000.0,Tyler Adams
425902,2016-11-25,16/17,6168,703,Barrow,Nott'm Forest,0.0,,Ryan Yates
538996,2016-11-01,16/17,127126,82891,RCPF Jugend,PSG Youth,0.0,,Tanguy Nianzou
319900,2016-10-28,16/17,9262,11310,Fulham U21,Slough,0.0,,Elijah Adebayo
458178,2016-10-28,16/17,2804,8820,Barnet,Hampton & Rich.,0.0,,Jack Taylor
404839,2016-10-01,16/17,14280,339,Dnipro U19,Dnipro,,,Andriy Lunin
298091,2016-09-29,16/17,1519,512,Dundee United,Stoke City,3620000.0,,Harry Souttar
491616,2016-09-20,16/17,39908,25563,IDV U20,Manta FC U20,,,Jackson Porozo
420002,2016-09-16,16/17,1175,1041,LB Châteauroux,Lyon,4100000.0,,Jean-Philippe Mateta
256429,2016-09-13,16/17,21550,875,Granada B,Adelaide United,0.0,250000.0,Sergi Guardiola
385848,2016-09-09,16/17,1078,3721,Oldham Athletic,Alfreton,0.0,,George Edmundson
81999,2016-08-31,16/17,512,897,Stoke City,Dep. La Coruña,0.0,6000000.0,Joselu
89733,2016-08-31,16/17,714,1531,Espanyol,Elche CF,0.0,400000.0,Álex Fernández
111508,2016-08-31,16/17,1010,984,Watford,West Brom,4700000.0,4000000.0,Allan Nyom
112515,2016-08-31,16/17,430,631,Fiorentina,Chelsea,23000000.0,9000000.0,Marcos Alonso
123551,2016-08-31,16/17,1071,349,Wigan,Barnsley,0.0,400000.0,Sam Morsy
142310,2016-08-31,16/17,1075,720,Braga,Porto,6500000.0,2750000.0,Willy Boly
148262,2016-08-31,16/17,22,1132,Derby,Burnley,11800000.0,1500000.0,Jeff Hendrick
162038,2016-08-31,16/17,6767,366,RM Castilla,Real Valladolid,0.0,500000.0,Raúl de Tomás
204103,2016-08-31,16/17,405,641,Aston Villa,Middlesbrough,8250000.0,8000000.0,Adama Traoré
258919,2016-08-31,16/17,9251,1034,Man Utd U23,Grimsby Town,0.0,,Dean Henderson
286415,2016-08-31,16/17,714,148,Espanyol,Tottenham,0.0,1500000.0,Pau López
294057,2016-08-31,16/17,1123,370,Norwich,Aberdeen FC,0.0,1500000.0,James Maddison
306024,2016-08-31,16/17,350,29,Sheff Utd,Everton,1800000.0,100000.0,Dominic Calvert-Lewin
337715,2016-08-31,16/17,12,1025,Roma,Bologna,0.0,2500000.0,Umar Sadiq
339556,2016-08-31,16/17,899,1148,Walsall,Brentford,1800000.0,500000.0,Rico Henry
339816,2016-08-31,16/17,3679,18687,Atl. Madrileño,Atl. Baleares,,,Tete Morente
395122,2016-08-31,16/17,1390,4331,Cagliari,Trapani,0.0,150000.0,Santiago Colombatto
457931,2016-08-31,16/17,398,380,Lazio,Salernitana,0.0,50000.0,Luiz Felipe
215118,2016-08-30,16/17,11,641,Arsenal,Middlesbrough,0.0,12000000.0,Calum Chambers
223725,2016-08-30,16/17,131,1049,Barcelona,Valencia,0.0,10000000.0,Munir El Haddadi
250426,2016-08-30,16/17,762,349,Newcastle,Barnsley,0.0,1000000.0,Adam Armstrong
264220,2016-08-30,16/17,379,1071,West Ham,Wigan,0.0,1000000.0,Reece Burke
395122,2016-08-30,16/17,4172,1390,AC Pisa,Cagliari,0.0,150000.0,Santiago Colombatto
457931,2016-08-30,16/17,4773,398,Ituano,Lazio,750000.0,50000.0,Luiz Felipe
339820,2016-08-28,16/17,13,648,Atlético Madrid,CD Tenerife,0.0,,Amath Ndiaye
129444,2016-08-26,16/17,6195,714,Napoli,Espanyol,4000000.0,6500000.0,David López
245744,2016-08-26,16/17,11,79,Arsenal,Stuttgart,0.0,1500000.0,Takuma Asano
295313,2016-08-26,16/17,31,467,Liverpool,NEC Nijmegen,0.0,300000.0,Taiwo Awoniyi
425902,2016-08-26,16/17,703,6168,Nott'm Forest,Barrow,0.0,,Ryan Yates
33027,2016-08-25,16/17,762,610,Newcastle,Ajax,0.0,8000000.0,Tim Krul
40423,2016-08-25,16/17,131,281,Barcelona,Man City,18000000.0,15000000.0,Claudio Bravo
162029,2016-08-25,16/17,13,289,Atlético Madrid,Sunderland,0.0,5000000.0,Javier Manquillo
214666,2016-08-25,16/17,33616,2455,Swansea U23,Bristol Rovers,0.0,250000.0,Connor Roberts
95641,2016-08-24,16/17,669,150,Partizan,Real Betis,1500000.0,2500000.0,Darko Brasanac
123536,2016-08-19,16/17,603,350,Cardiff,Sheff Utd,580000.0,250000.0,Simon Moore
169497,2016-08-19,16/17,515,11245,Without Club,UD Sanse,,125000.0,Juan Cruz
255495,2016-08-18,16/17,1533,11596,SD Eibar,AD Alcorcón,0.0,300000.0,Unai Elgezabal
249513,2016-08-17,16/17,142,1244,Real Zaragoza,CD Leganés,1000000.0,800000.0,Diego Rico
998101,2016-08-17,16/17,29108,55668,Ferencváros Yth,Honvéd Yth.,0.0,,Alex Tóth
165467,2016-08-16,16/17,21550,5648,Granada B,Gimnàstic,0.0,,Stole Dimitrievski
225462,2016-08-16,16/17,3368,2687,Levante,Cádiz CF,0.0,500000.0,José Mari
240306,2016-08-16,16/17,410,1038,Udinese,Sampdoria,0.0,6500000.0,Bruno Fernandes
307519,2016-08-16,16/17,630,8519,Racing,Sevilla Atl.,400000.0,300000.0,Fede San Emeterio
394694,2016-08-13,16/17,10980,630,Rayo Cantabria,Racing,,,Sergio Ruiz
131996,2016-08-12,16/17,631,610,Chelsea,Ajax,0.0,4000000.0,Bertrand Traoré
177847,2016-08-12,16/17,985,289,Man Utd,Sunderland,0.0,7000000.0,Adnan Januzaj
120095,2016-08-11,16/17,1038,3368,Sampdoria,Levante,500000.0,1200000.0,José Campaña
282411,2016-08-10,16/17,418,1108,Real Madrid,Alavés,0.0,800000.0,Marcos Llorente
186590,2016-08-09,16/17,29,281,Everton,Man City,55600000.0,28000000.0,John Stones
257455,2016-08-09,16/17,336,68608,Sporting,Belenenses,0.0,1250000.0,João Palhinha
242606,2016-08-08,16/17,379,1027,West Ham,Bradford,0.0,250000.0,Josh Cullen
341501,2016-08-06,16/17,39341,2963,Leicester U23,Burton Albion,0.0,,Hamza Choudhury
277533,2016-08-05,16/17,34148,1532,UCAM Murcia,Albacete,0.0,200000.0,Josan
331726,2016-08-05,16/17,9250,698,Chelsea U23,Bristol City,0.0,,Tammy Abraham
337066,2016-08-04,16/17,7078,4542,R. Valladolid B,CyD Leonesa,0.0,300000.0,Toni Villa
73547,2016-08-03,16/17,1032,1237,Reading,Brighton,,2000000.0,Oliver Norwood
135492,2016-08-03,16/17,583,40,Paris SG,G. Bordeaux,0.0,2500000.0,Youssouf Sabaly
479999,2016-08-03,16/17,14620,33727,Millwall U18,Queens Park U23,0.0,,Eberechi Eze
126665,2016-08-02,16/17,405,29,Aston Villa,Everton,8500000.0,9000000.0,Idrissa Gueye
184129,2016-08-02,16/17,3054,3688,Shrewsbury,Accrington,0.0,100000.0,Jordan Clark
225593,2016-08-02,16/17,1533,34148,SD Eibar,UCAM Murcia,0.0,400000.0,Pere Milla
95976,2016-08-01,16/17,873,180,Crystal Palace,Southampton,4700000.0,3000000.0,Alex McCarthy
264372,2016-08-01,16/17,21218,338,Dynamo Kyiv II,Dynamo Kyiv,,,Viktor Tsygankov
371814,2016-08-01,16/17,9259,9252,Bolton U23,Liverpool U23,0.0,,Nathaniel Phillips
404842,2016-08-01,16/17,14281,36949,Dynamo Kyiv U17,Dynamo Kyiv U19,,,Vitaliy Mykolenko
423444,2016-08-01,16/17,15080,367,Rayo B,Rayo Vallecano,,,Fran Beltrán
469064,2016-08-01,16/17,15294,14648,St. Kevins Boys,Bournemouth U18,0.0,,Gavin Kilkenny
481084,2016-08-01,16/17,8733,52109,Celta Vigo B,UD Logroñés B,0.0,,Marcos André
513031,2016-08-01,16/17,8494,28014,RCD Mallorca B ,UD Poblense,0.0,,Antonio Sánchez
525247,2016-08-01,16/17,7123,43407,Maidenhead Utd.,Marlow,0.0,,Maximilian Kilman
261503,2016-07-30,16/17,6767,13702,RM Castilla,R. Majadahonda,0.0,,Álvaro Fidalgo
195488,2016-07-29,16/17,180,367,Southampton,Rayo Vallecano,0.0,1000000.0,Paulo Gazzaniga
245056,2016-07-29,16/17,669,416,Partizan,Torino,1700000.0,700000.0,Saša Lukić
451276,2016-07-29,16/17,62567,104133,MTK U17,Főnix U19,0.0,,Dominik Szoboszlai
356197,2016-07-28,16/17,1050,11000,Villarreal,CD Lugo,0.0,500000.0,Alfonso Pedraza
450050,2016-07-28,16/17,8152,826,RC Lens B,Lens,,,Jean-Ricner Bellegarde
74960,2016-07-27,16/17,3426,697,Esbjerg fB,Slovan Liberec,,300000.0,Martin Dúbravka
162056,2016-07-27,16/17,4032,5358,Ponferradina,SD Huesca,,400000.0,Gonzalo Melero
348795,2016-07-27,16/17,583,1418,PSG,Rosario Central,0.0,7500000.0,Giovani Lo Celso
449796,2016-07-27,16/17,21122,20921,CD Móstoles,Navalcarnero,0.0,,Alejandro Catena
192009,2016-07-26,16/17,621,1244,Athletic Club,CD Leganés,0.0,1500000.0,Unai López
263727,2016-07-26,16/17,714,366,Espanyol,Real Valladolid,0.0,600000.0,Joan Jordán
348795,2016-07-26,16/17,1418,583,Rosario Central,PSG,10000000.0,7500000.0,Giovani Lo Celso
139435,2016-07-24,16/17,630,1532,Racing,Albacete,0.0,,Dani Rodríguez
448844,2016-07-24,16/17,12319,12361,Sevilla FC C,Marbella FC,0.0,,Carlos Neva
120705,2016-07-23,16/17,367,1531,Rayo Vallecano,Elche CF,0.0,1000000.0,Juan Carlos
251106,2016-07-23,16/17,281,317,Man City,FC Twente,0.0,3000000.0,Enes Ünal
298976,2016-07-22,16/17,418,82,Real Madrid,Wolfsburg,0.0,2500000.0,Borja Mayoral
369081,2016-07-22,16/17,861,6767,Peñarol,RM Castilla,5000000.0,450000.0,Federico Valverde
407021,2016-07-22,16/17,206,23297,Bröndby IF,HB Köge,0.0,,Mads Andersen
730893,2016-07-22,16/17,54705,6950,Brentford Yth.,Palace U18,0.0,,Tyrick Mitchell
243760,2016-07-21,16/17,7971,8519,Hércules CF,Sevilla Atl.,300000.0,,Álex Muñoz
18644,2016-07-20,16/17,1049,641,Valencia,Middlesbrough,0.0,7500000.0,Álvaro Negredo
217115,2016-07-20,16/17,618,3911,Saint-Étienne,Stade Brestois,0.0,1500000.0,Neal Maupay
192080,2016-07-19,16/17,358,1132,Charlton,Burnley,1300000.0,200000.0,Nick Pope
257062,2016-07-19,16/17,16795,2687,Granada CF,Cádiz CF,0.0,300000.0,Álvaro García
281755,2016-07-19,16/17,11972,11596,Villarreal CF B,Alcorcón,0.0,300000.0,Iván Alejo
447995,2016-07-19,16/17,9027,3014,Kilwinning Rangers FC,Albion Rovers,2000.0,,Ross Stewart
82503,2016-07-18,16/17,16795,2687,Granada CF,Cádiz CF,0.0,300000.0,Aridane Hernández
213670,2016-07-18,16/17,6767,2497,RM Castilla,Real Oviedo,0.0,300000.0,Lucas Torró
245744,2016-07-18,16/17,2697,11,Sanf. Hiroshima,Arsenal,4000000.0,1200000.0,Takuma Asano
196722,2016-07-16,16/17,1123,2999,Norwich,Hamilton Acad.,0.0,100000.0,Remi Matthews
281989,2016-07-16,16/17,11596,16486,AD Alcorcón,CF Fuenlabrada,0.0,200000.0,Luis Milla
380598,2016-07-16,16/17,13227,367,Coruxo FC,Rayo Vallecano,0.0,500000.0,Santi Comesaña
447661,2016-07-16,16/17,15036,978,Vasco U17,Vasco da Gama,,,Douglas Luiz
270171,2016-07-15,16/17,26621,23826,RB Leipzig U19,Leipzig,,,Vitaly Janelt
85383,2016-07-14,16/17,281,1108,Man City,Alavés,0.0,400000.0,Rubén Sobrino
126664,2016-07-13,16/17,583,131,PSG,Barcelona,16500000.0,12000000.0,Lucas Digne
251845,2016-07-13,16/17,9252,1123,Liverpool U23,Norwich,3000000.0,750000.0,Sergi Canós
410225,2016-07-13,16/17,30031,347,Génération Foot,FC Metz,0.0,,Ismaïla Sarr
126751,2016-07-12,15/16,621,2296,Athletic Club,CD Numancia,0.0,500000.0,Iñigo Ruiz de Galarreta
153427,2016-07-12,16/17,294,1533,Benfica,SD Eibar,1500000.0,2000000.0,Bebé
183293,2016-07-12,16/17,9251,988,Man Utd U23,Oxford United,0.0,100000.0,Joe Rothwell
251896,2016-07-12,16/17,418,24,Real Madrid,E. Frankfurt,0.0,3000000.0,Jesús Vallejo
206225,2016-07-11,16/17,9249,762,Arsenal U23,Newcastle,2900000.0,500000.0,Isaac Hayden
395122,2016-07-11,16/17,11676,4172,Cagliari U19,AC Pisa,0.0,150000.0,Santiago Colombatto
339501,2016-07-10,16/17,53,15276,OFK Beograd,Spartak,0.0,200000.0,Aleksandar Radovanovic
221899,2016-07-09,16/17,13,714,Atlético Madrid,Espanyol,7000000.0,4000000.0,Léo Baptistão
289255,2016-07-09,16/17,9899,12405,Real Sociedad B,Real Unión,0.0,,Andoni Gorosabel
54383,2016-07-08,16/17,990,350,Coventry,Sheff Utd,0.0,400000.0,John Fleck
249089,2016-07-08,16/17,399,989,Leeds,Bournemouth,7000000.0,4000000.0,Lewis Cook
94308,2016-07-07,16/17,358,11596,Charlton,AD Alcorcón,0.0,800000.0,Marko Dmitrovic
115333,2016-07-07,16/17,16795,12321,Granada CF,Girona,0.0,500000.0,Juanpe
155025,2016-07-07,16/17,10330,1085,Benfica B,Vitória Setúbal,0.0,1500000.0,Fábio Cardoso
199369,2016-07-07,16/17,131,1084,Barcelona,Málaga CF,0.0,5000000.0,Sandro Ramírez
431755,2016-07-07,16/17,42543,49568,IF Bromma U17,Atalanta U17,3500000.0,,Dejan Kulusevski
105470,2016-07-06,16/17,6600,12,Internacional,Roma,8000000.0,7000000.0,Alisson
142031,2016-07-06,16/17,418,24,Real Madrid,Frankfurt,1000000.0,1500000.0,Omar Mascarell
246291,2016-07-06,16/17,418,1084,Real Madrid,Málaga CF,0.0,3000000.0,Diego Llorente
357658,2016-07-06,16/17,73151,38967,Rovers Academy,Bournemouth U23,,,Mark Travers
46413,2016-07-05,16/17,4083,1038,Crotone,Sampdoria,1800000.0,3000000.0,Ante Budimir
61592,2016-07-05,16/17,379,873,West Ham,Crystal Palace,11700000.0,6000000.0,James Tomkins
81997,2016-07-05,16/17,171,34148,Real Murcia,UCAM Murcia,0.0,,Fernando Martínez
175449,2016-07-05,16/17,1050,2448,Villarreal,Sporting Gijón,0.0,3000000.0,Moi Gómez
230222,2016-07-05,16/17,11000,940,CD Lugo,Celta de Vigo,200000.0,200000.0,Álvaro Lemos
286047,2016-07-05,16/17,410,607,Udinese,Venezia,500.0,75000.0,Guglielmo Vicario
375885,2016-07-05,16/17,17830,415,AS Denguélé,Toulouse,,,Ibrahim Sangaré
165007,2016-07-04,16/17,1050,131,Villarreal,Barcelona,3250000.0,12000000.0,Denis Suárez
351809,2016-07-04,16/17,16674,9899,Brest B,Real Sociedad B,0.0,,Robin Le Normand
111051,2016-07-03,16/17,417,1003,OGC Nice,Leicester,15500000.0,7500000.0,Nampalys Mendy
212862,2016-07-02,16/17,621,3368,Athletic Club,Levante,0.0,1000000.0,Álex Remiro
237125,2016-07-02,16/17,3524,1420,Clermont Foot,Angers SCO,1600000.0,1750000.0,Famara Diédhiou
386047,2016-07-02,16/17,38673,11204,Paris FC B,Stade Reims B,0.0,100000.0,Axel Disasi
401624,2016-07-02,16/17,10773,16196,RCD Espanyol B,UE Cornellà,0.0,,Edgar González
14044,2016-07-01,16/17,931,543,Fulham,Wolves,300000.0,500000.0,Andy Lonergan
46413,2016-07-01,16/17,35,4083,St. Pauli,Crotone,1000000.0,3000000.0,Ante Budimir
54217,2016-07-01,16/17,13222,3368,CD Mirandés,Levante,0.0,600000.0,Raúl Fernández
59349,2016-07-01,16/17,3368,2448,Levante,Sporting Gijón,200000.0,1500000.0,Diego Mariño
62945,2016-07-01,16/17,2448,1003,Sporting Gijón,Leicester,0.0,2500000.0,Luis Hernández
64598,2016-07-01,16/17,2448,641,Sporting Gijón,Middlesbrough,0.0,2500000.0,Bernardo Espinosa
70245,2016-07-01,16/17,4032,11000,Ponferradina,CD Lugo,0.0,800000.0,Ignasi Miquel
74230,2016-07-01,16/17,3709,368,Getafe,Sevilla FC,1000000.0,5000000.0,Pablo Sarabia
77757,2016-07-01,16/17,58,601,RSC Anderlecht,KV Kortrijk,,1000000.0,Thomas Kaminski
82105,2016-07-01,16/17,33,31,FC Schalke 04,Liverpool,0.0,18000000.0,Joel Matip
85864,2016-07-01,16/17,39,31,1.FSV Mainz 05,Liverpool,6200000.0,7000000.0,Loris Karius
86202,2016-07-01,16/17,79,12,Stuttgart,Roma,9000000.0,12000000.0,Antonio Rüdiger
92469,2016-07-01,16/17,989,762,Bournemouth,Newcastle,12000000.0,6000000.0,Matt Ritchie
99353,2016-07-01,16/17,1532,12321,Albacete,Girona,0.0,700000.0,Portu
99922,2016-07-01,16/17,131,16,Barcelona,Dortmund,8000000.0,8000000.0,Marc Bartra
111455,2016-07-01,16/17,18,11,Mönchengladbach,Arsenal,45000000.0,35000000.0,Granit Xhaka
118997,2016-07-01,16/17,11972,2296,Villarreal CF B,CD Numancia,0.0,,Aitor Fernández
121324,2016-07-01,16/17,2814,1148,Gillingham FC,Brentford,0.0,400000.0,John Egan
126737,2016-07-01,16/17,180,681,Southampton,Real Sociedad,5000000.0,7000000.0,Juanmi
127108,2016-07-01,16/17,281,1533,Man City,SD Eibar,1500000.0,800000.0,Florian Lejeune
127202,2016-07-01,16/17,157,762,KAA Gent,Newcastle,6600000.0,6500000.0,Matz Sels
129078,2016-07-01,16/17,1123,180,Norwich,Southampton,13500000.0,7500000.0,Nathan Redmond
134270,2016-07-01,16/17,931,1071,Fulham,Wigan,0.0,750000.0,Dan Burn
136401,2016-07-01,16/17,2793,1148,Southend United,Brentford,0.0,500000.0,Daniel Bentley
148455,2016-07-01,16/17,631,12,Chelsea,Roma,15000000.0,23000000.0,Mohamed Salah
156501,2016-07-01,16/17,199,720,Corinthians,FC Porto,8200000.0,6000000.0,Felipe
177476,2016-07-01,16/17,631,989,Chelsea,Bournemouth,0.0,4500000.0,Nathan Aké
192009,2016-07-01,16/17,6688,621,Bilbao Athletic,Athletic Club,,1800000.0,Unai López
194386,2016-07-01,16/17,1194,11177,Rotherham,Fleetwood,0.0,100000.0,Alex Cairns
198008,2016-07-01,16/17,10331,720,FC Porto B,Porto,,2000000.0,André Silva
201574,2016-07-01,16/17,9265,281,Man City U23,Man City,,,Angus Gunn
212723,2016-07-01,16/17,1006,18,M'gladbach II,Mönchengladbach,,1000000.0,Djibril Sow
212847,2016-07-01,16/17,1020,677,Portsmouth,Ipswich,950000.0,150000.0,Adam Webster
212862,2016-07-01,16/17,6688,621,Bilbao Athletic,Athletic Club,,1000000.0,Álex Remiro
221150,2016-07-01,16/17,11596,475,AD Alcorcón,Sint-Truiden,,500000.0,Dakonam Djené
225020,2016-07-01,16/17,6767,418,RM Castilla,Real Madrid,,,Mariano Díaz
225593,2016-07-01,16/17,24420,1533,UD Logroñés,SD Eibar,0.0,,Pere Milla
227961,2016-07-01,16/17,12321,366,Girona,Real Valladolid,0.0,400000.0,Jaime Mata
236490,2016-07-01,16/17,9250,631,Chelsea U23,Chelsea,,,Ola Aina
237125,2016-07-01,16/17,750,3524,FC Sochaux,Clermont Foot,380000.0,1750000.0,Famara Diédhiou
237499,2016-07-01,16/17,12135,6112,Metalac,Piast Gliwice,80000.0,400000.0,Aleksandar Sedlar
238868,2016-07-01,16/17,1244,1533,CD Leganés,SD Eibar,200000.0,400000.0,Rubén Peña
243591,2016-07-01,16/17,31,352,Liverpool,Swindon Town,480000.0,100000.0,Lawrence Vigouroux
246963,2016-07-01,16/17,33614,1123,Norwich U21,Norwich,,100000.0,Carlton Morris
248738,2016-07-01,16/17,16575,5358,SD Amorebieta,SD Huesca,0.0,,Sergio Herrera
249126,2016-07-01,16/17,9254,148,Tottenham U23,Tottenham,,,Harry Winks
251876,2016-07-01,16/17,9265,281,Man City U23,Man City,,100000.0,Pablo Maffeo
251892,2016-07-01,16/17,28867,8519,Sevilla FC U19,Sevilla Atl.,,,Juan Soriano
255488,2016-07-01,16/17,6688,621,Bilbao Athletic,Athletic Club,,700000.0,Yeray Álvarez
255495,2016-07-01,16/17,3708,1533,Barakaldo CF ,SD Eibar,0.0,,Unai Elgezabal
255501,2016-07-01,16/17,6688,621,Bilbao Athletic,Athletic Club,,2000000.0,Iñigo Lekue
256267,2016-07-01,16/17,11688,820,Giresunspor,Genclerbirligi,550000.0,800000.0,Vedat Muriqi
257376,2016-07-01,16/17,10949,68608,Sporting B,Belenenses,0.0,400000.0,Domingos Duarte
257388,2016-07-01,16/17,4297,7378,Varzim,Portimonense,,50000.0,Wilson Manafá
257455,2016-07-01,16/17,10949,336,Sporting B,Sporting,,500000.0,João Palhinha
258885,2016-07-01,16/17,39337,22,Derby U23,Derby,,,Max Lowe
261503,2016-07-01,16/17,28870,6767,Real Madrid U19,RM Castilla,,,Álvaro Fidalgo
262396,2016-07-01,16/17,6665,6688,CD Basconia,Bilbao Athletic,,100000.0,Unai Simón
262980,2016-07-01,16/17,14583,3368,Ind. Yumbo,Levante,600000.0,1500000.0,Jefferson Lerma
277533,2016-07-01,16/17,11596,34148,AD Alcorcón,UCAM Murcia,0.0,,Josan
278296,2016-07-01,16/17,714,237,Espanyol,RCD Mallorca,0.0,200000.0,Antonio Raíllo
278404,2016-07-01,16/17,39822,28870,Real Madrid U18,Real Madrid U19,,,Martín Calderón
282411,2016-07-01,16/17,6767,418,RM Castilla,Real Madrid,,,Marcos Llorente
284854,2016-07-01,16/17,2470,2464,Barça U19,Barcelona B,,,Carles Aleñá
285323,2016-07-01,16/17,3161,1420,Tours FC,Angers SCO,500000.0,800000.0,Baptiste Santamaria
286384,2016-07-01,16/17,1050,985,Villarreal,Man Utd,38000000.0,8000000.0,Eric Bailly
289255,2016-07-01,16/17,44822,9899,Real Sociedad C,Real Sociedad B,,,Andoni Gorosabel
293194,2016-07-01,16/17,44796,419,Din. Zagreb II,Dinamo Zagreb,,250000.0,Borna Sosa
293388,2016-07-01,16/17,39813,2470,Barça U18,Barça U19,,,Oriol Rey
296802,2016-07-01,16/17,1826,417,Quilmes,Nice,0.0,3500000.0,Walter Benítez
297257,2016-07-01,16/17,31025,8924,Celtic U17,Celtic U20,,,Mikey Johnston
298091,2016-07-01,16/17,9044,1519,Dundee Utd U20,Dundee United,,,Harry Souttar
298583,2016-07-01,16/17,14322,26,FC Basel U18,Basel,,,Eray Cömert
298976,2016-07-01,16/17,6767,418,RM Castilla,Real Madrid,,,Borja Mayoral
300168,2016-07-01,16/17,6688,621,Bilbao Athletic,Athletic Club,,700000.0,Mikel Vesga
302371,2016-07-01,16/17,10200,9267,Valencia U19,West Ham U23,3000000.0,,Toni Martínez
303657,2016-07-01,16/17,5380,46,Inter U19,Inter,,300000.0,Ionuț Radu
309110,2016-07-01,16/17,15509,8733,Celta U19,Celta Vigo B,,,Brais Méndez
309400,2016-07-01,16/17,21054,15,Leverkusen U17,Leverkusen,,100000.0,Kai Havertz
314288,2016-07-01,16/17,6930,9265,Man City U18,Man City U23,,,Lukas Nmecha
314353,2016-07-01,16/17,6922,31,Liverpool U18,Liverpool,,,Trent Alexander-Arnold
314367,2016-07-01,16/17,6928,9254,Spurs U18,Tottenham U23,,,Marcus Edwards
314378,2016-07-01,16/17,14389,39341,Leicester U18,Leicester U21,,,Admiral Muskwe
314678,2016-07-01,16/17,6930,9265,Man City U18,Man City U23,,,Brahim Díaz
314875,2016-07-01,16/17,19715,3008,Hull City U23,Hull City,,,Jarrod Bowen
319900,2016-07-01,16/17,6942,9262,Fulham U18,Fulham U21,,,Elijah Adebayo
322985,2016-07-01,16/17,2862,234,Feyenoord U19,Feyenoord,,,Gustavo Hamer
326031,2016-07-01,16/17,2824,8817,Ajax U19,Ajax U21,,100000.0,Matthijs de Ligt
326330,2016-07-01,16/17,8817,610,Ajax U21,Ajax,,600000.0,Frenkie de Jong
328658,2016-07-01,16/17,267,371,IK Start,Celtic,600000.0,800000.0,Kristoffer Ajer
330659,2016-07-01,16/17,51645,2824,Ajax U17,Ajax U19,,,Justin Kluivert
331496,2016-07-01,16/17,90399,123357,L'Escala,Girona FC U18,0.0,,Valery Fernández
331505,2016-07-01,16/17,39813,2470,Barça U18,Barça U19,,,Óscar Mingueza
333241,2016-07-01,16/17,533,170,Hoffenheim,Rapid Vienna,0.0,1250000.0,Joelinton
334222,2016-07-01,16/17,209,416,River Plate,Torino,0.0,1750000.0,Lucas Boyé
335225,2016-07-01,16/17,14740,28868,Villarreal Yth.,Villarreal U19,,,Manu Morlanes
336869,2016-07-01,16/17,10773,714,RCD Espanyol B,Espanyol,,,Marc Roca
337284,2016-07-01,16/17,6922,31,Liverpool U18,Liverpool,,,Ovie Ejaria
337715,2016-07-01,16/17,3522,12,Spezia Calcio,Roma,2500000.0,2500000.0,Umar Sadiq
338285,2016-07-01,16/17,6665,6688,CD Basconia,Bilbao Athletic,,,Unai Núñez
338424,2016-07-01,16/17,331,16,CA Osasuna,Dortmund,3750000.0,2000000.0,Mikel Merino
338629,2016-07-01,16/17,49390,30857,Anderlecht U17,Anderlecht U21,,,Sebastiaan Bornauw
339079,2016-07-01,16/17,78355,73526,Pardubice U17,Pardubice U19,,,Jiri Letacek
339340,2016-07-01,16/17,51654,2862,Feyenoord U17,Feyenoord U19,,,Tyrell Malacia
339820,2016-07-01,16/17,3679,13,Atl. Madrid B,Atlético Madrid,,,Amath Ndiaye
340205,2016-07-01,16/17,6665,6688,CD Basconia,Bilbao Athletic,,200000.0,Gorka Guruzeta
340376,2016-07-01,16/17,39813,2470,Barça U18,Barça U19,,,Abel Ruiz
340456,2016-07-01,16/17,2824,8817,Ajax U19,Ajax U21,,25000.0,Noussair Mazraoui
341092,2016-07-01,16/17,8505,430,Fiorentina U19,Fiorentina,,100000.0,Federico Chiesa
341110,2016-07-01,16/17,1418,294,Rosario Central,Benfica,5700000.0,5500000.0,Franco Cervi
341263,2016-07-01,16/17,13711,39822,Real Madrid U17,Real Madrid U18,,,Adrián Dela
341264,2016-07-01,16/17,39822,28870,Real Madrid U18,Real Madrid U19,,,Fran García
341278,2016-07-01,16/17,14740,28868,Villarreal Yth.,Villarreal U19,,,Iván Martín
342048,2016-07-01,16/17,9955,9267,West Ham U18,West Ham U23,,,Grady Diangana
342385,2016-07-01,16/17,209,13353,River Plate,Club Tijuana,1750000.0,1250000.0,Guido Rodríguez
344069,2016-07-01,16/17,39780,4270,Nordwest U19,Osnabrück U19,0.0,,Anton Stach
344605,2016-07-01,16/17,6326,8512,Paris SG U19,Paris SG B,,,Boubakary Soumaré
344830,2016-07-01,16/17,51654,5242,Feyenoord U17,Man Utd U18,0.0,,Tahith Chong
345886,2016-07-01,16/17,14332,5494,Luzern U18,Luzern U21,,,Rubén Vargas
345911,2016-07-01,16/17,32684,5225,Zbroj. Brno U17,Zbrojovka Brno,,,Ladislav Krejčí
346289,2016-07-01,16/17,12764,1041,Olymp. Lyon B,Lyon,,,Mouctar Diakhaby
346314,2016-07-01,16/17,6918,9250,Chelsea U18,Chelsea U23,,,Trevoh Chalobah
346483,2016-07-01,16/17,6918,9250,Chelsea U18,Chelsea U23,,,Mason Mount
346890,2016-07-01,16/17,32336,14322,FC Basel U16,FC Basel U18,,,Noah Okafor
353032,2016-07-01,16/17,20055,1214,Cerro U20,Cerro Porteño,,,Omar Alderete
355861,2016-07-01,16/17,4575,467,PSV U19,NEC Nijmegen,0.0,25000.0,Arnaut Danjuma
355915,2016-07-01,16/17,61444,2417,Belgrano II,Belgrano,,150000.0,Cristian Romero
356197,2016-07-01,16/17,11972,1050,Villarreal CF B,Villarreal,,500000.0,Alfonso Pedraza
357119,2016-07-01,16/17,10826,10825,FC Sochaux U19,FC Sochaux B,,,Ibrahima Konaté
357162,2016-07-01,16/17,45618,8889,Benfica U17,Benfica U19,,,Florentino
357565,2016-07-01,16/17,11972,1050,Villarreal CF B,Villarreal,,,Rodri
357628,2016-07-01,16/17,11655,8506,Albacete U19,Atl. Albacete,,,Alfon González
357662,2016-07-01,16/17,9955,9267,West Ham U18,West Ham U23,,,Declan Rice
357884,2016-07-01,16/17,5649,7078,Atl. Malagueño,R. Valladolid B,0.0,,Fernando Calero
358032,2016-07-01,16/17,25003,6640,Club Brugge Yth,Club Bruges U19,,,Cyril Ngonge
361254,2016-07-01,16/17,10200,6182,Valencia U19,Valencia B,,,Rafa Mir
362108,2016-07-01,16/17,7915,1011,Halmstad U19,Halmstads BK,,,Gabriel Gudmundsson
364603,2016-07-01,16/17,7078,366,R. Valladolid B,Real Valladolid,,,José Manuel Arnáiz
365108,2016-07-01,16/17,74949,69744,Lausanne Yth.,Team Vaud U17,,,Dan Ndoye
366930,2016-07-01,16/17,14321,39813,Barça U16,Barça U18,,,Sergio Gómez
367466,2016-07-01,16/17,48365,10283,Sporting U17,Sporting U19,,,Thierry Correia
369316,2016-07-01,16/17,43843,467,NEC U17,NEC Nijmegen,,50000.0,Ferdi Kadıoğlu
369962,2016-07-01,16/17,39212,4575,PSV U17,PSV U19,,,Joël Piroe
371371,2016-07-01,16/17,49755,16996,Hellas U17,Verona U19,,,Marash Kumbulla
375382,2016-07-01,16/17,15581,15136,Vitória SC U19,Guimarães B,,,André Almeida
377219,2016-07-01,16/17,29228,3772,Mouscron,AFC Tubize,0.0,100000.0,Selim Amallah
380350,2016-07-01,16/17,46485,37024,RB Brasil U20,FC Liefering,0.0,,Igor Julio
381753,2016-07-01,16/17,12012,21079,W. Bremen Yth.,W. Bremen U17,,,Ilia Gruev
381963,2016-07-01,16/17,49390,3038,Anderlecht U17,Anderlecht U19,,,Mike Tresor
388165,2016-07-01,16/17,1175,1420,LB Châteauroux,Angers SCO,0.0,,Yoane Wissa
391005,2016-07-01,16/17,52880,16104,FCK Youth,Copenhagen U19,,,Mads Roerslev
392757,2016-07-01,16/17,50677,6918,Chelsea Youth,Chelsea U18,,,Marc Guéhi
392765,2016-07-01,16/17,50683,5679,Arsenal Youth,Arsenal U18,,,Emile Smith Rowe
392768,2016-07-01,16/17,50677,6918,Chelsea Youth,Chelsea U18,,,Callum Hudson-Odoi
392770,2016-07-01,16/17,50672,5242,Man Utd Youth,Man Utd U18,,,Angel Gomes
392771,2016-07-01,16/17,18258,6699,Exeter U18,Exeter City,,,Ethan Ampadu
392775,2016-07-01,16/17,6942,931,Fulham U18,Fulham,,,Ryan Sessegnon
394327,2016-07-01,16/17,8058,8524,Marseille U19,Marseille B,,,Boubacar Kamara
397676,2016-07-01,16/17,12798,11516,Levante U19,Atl. Levante,,,Dani Cárdenas
398065,2016-07-01,16/17,14389,39341,Leicester U18,Leicester U23,,,Harvey Barnes
398184,2016-07-01,16/17,70397,10200,Valencia U18,Valencia U19,,,Ferran Torres
399434,2016-07-01,16/17,6924,9256,Boro U18,Boro U23,,,Marcus Tavernier
399776,2016-07-01,16/17,28868,11972,Villarreal U19,Villarreal CF B,,,Pau Torres
400536,2016-07-01,16/17,68476,19982,Naesby BK Youth,Bröndby IF U17,,,Mads Hermansen
401173,2016-07-01,16/17,50678,6930,Man City Youth,Man City U18,,,Jadon Sancho
401320,2016-07-01,16/17,6951,29990,West Brom U18,West Brom U23,,,Dara O'Shea
401624,2016-07-01,16/17,9478,10773,Espanyol U19,RCD Espanyol B,,,Edgar González
403151,2016-07-01,16/17,9606,39336,Brighton U18,Brighton U23,,,Robert Sánchez
403898,2016-07-01,16/17,11845,21056,M'gladbach Yth.,M'gladbach U17,,,Jordan Beyer
404418,2016-07-01,16/17,18751,1443,MSK Zilina U19,MSK Zilina,,,Dávid Hancko
406560,2016-07-01,16/17,50906,6922,Liverpool Youth,Liverpool U18,,,Rhian Brewster
406634,2016-07-01,16/17,32580,6942,Fulham Youth,Fulham U18,,,Matt O'Riley
406635,2016-07-01,16/17,50678,6930,Man City Youth,Man City U18,,,Phil Foden
406638,2016-07-01,16/17,51433,6928,Tottenham Yth.,Spurs U18,,,Oliver Skipp
407021,2016-07-01,16/17,8815,206,Bröndby IF U19,Bröndby IF,,,Mads Andersen
410708,2016-07-01,16/17,10709,2824,ADO U19,Ajax U19,,,Pascal Struijk
411295,2016-07-01,16/17,15136,2420,Guimarães B,Vit. Guimarães,,250000.0,Raphinha
411537,2016-07-01,16/17,52068,2824,Ajax U18,Ajax U19,,,Zian Flemming
411975,2016-07-01,16/17,10873,10872,Bordeaux U19,G. Bordeaux B,,,Jules Koundé
412042,2016-07-01,16/17,58956,9478,Espanyol U18,Espanyol U19,,,Adri López
412045,2016-07-01,16/17,14737,9478,Espanyol Youth,Espanyol U19,,,Pol Lozano
413039,2016-07-01,16/17,12750,10846,Troyes U19,ESTAC Troyes B,,,Bryan Mbeumo
413112,2016-07-01,16/17,62344,10873,Bordeaux U17,Bordeaux U19,,,Aurélien Tchouaméni
413220,2016-07-01,16/17,14619,1031,Luton U18,Luton,,,James Justin
413262,2016-07-01,16/17,12853,11972,FC Villarreal C,Villarreal CF B,,,Dani Raba
413403,2016-07-01,16/17,6932,358,Charlton U18,Charlton,,,Ezri Konsa
415381,2016-07-01,16/17,18343,6200,FC Twente U17,FC Twente U19,,,Mats Wieffer
417913,2016-07-01,16/17,40422,2865,Betis U19,Betis B,,,Álvaro Valles
419648,2016-07-01,16/17,669,4646,Partizan,Teleoptik,0.0,150000.0,Veljko Birmancevic
420210,2016-07-01,16/17,32798,51654,Feyenoord Youth,Feyenoord U17,,,Lutsharel Geertruida
420243,2016-07-01,16/17,32791,51645,Ajax Youth ,Ajax U17,,,Jurriën Timber
423440,2016-07-01,16/17,14967,9900,Real Sociedad Y,R. Sociedad U19,,,Martín Zubimendi
423443,2016-07-01,16/17,16200,10200,Valencia CF You,Valencia U19,,,Álex Centelles
423444,2016-07-01,16/17,20201,15080,Rayo U19,Rayo B,,,Fran Beltrán
425334,2016-07-01,16/17,12799,703,Nottingham U18,Nott'm Forest,,,Matty Cash
425902,2016-07-01,16/17,12799,703,Nottingham U18,Nott'm Forest,,,Ryan Yates
427568,2016-07-01,16/17,12806,350,Sheff Utd U18,Sheff Utd,,,Aaron Ramsdale
429014,2016-07-01,16/17,54097,12801,Wolves Yth.,Wolves U18,,,Morgan Gibbs-White
429915,2016-07-01,16/17,25003,49391,Club Brugge Yth,FC Brügge U17,,,Maxim De Cuyper
434675,2016-07-01,16/17,39212,4575,PSV U17,PSV U19,,,Cody Gakpo
434990,2016-07-01,16/17,14967,9900,Real Sociedad Y,R. Sociedad U19,,,Álex Sola
435648,2016-07-01,16/17,32790,32798,ADO Youth,Feyenoord Youth,0.0,,Joshua Zirkzee
441170,2016-07-01,16/17,11273,2969,Rodez AF,Dijon,0.0,,Valentin Rosier
442248,2016-07-01,16/17,6169,3455,Dulwich Hamlet,Forest Green,,,Ethan Pinnock
442805,2016-07-01,16/17,17686,8494,CD Leganés B,RCD Mallorca B ,0.0,,Iddrisu Baba
443222,2016-07-01,16/17,21322,2464,Sanluqueño,Barcelona B,0.0,,Marc Cardona
444208,2016-07-01,16/17,54782,6893,Leyton Orient Y,Southampton U18,0.0,,Michael Obafemi
444641,2016-07-01,16/17,50906,50678,Liverpool Youth,Man City Youth,,,Louie Moulden
445939,2016-07-01,16/17,45941,18234,Wadi Degla U21,Wadi Degla ,,25000.0,Omar Marmoush
447052,2016-07-01,16/17,28860,6688,Bilbao U19,Bilbao Athletic,,,Peru Nolaskoain
448344,2016-07-01,16/17,9478,10773,Espanyol U19,RCD Espanyol B,,,Óscar Melendo
451801,2016-07-01,16/17,40902,14355,Right to Dream,Nordsjaell. U19,,,Abdul Mumin
452483,2016-07-01,16/17,42825,42826,AKA Salzb. U15,AKA Salzb. U16,,,David Affengruber
455181,2016-07-01,16/17,70299,13702,Majad. U19,R. Majadahonda,,,Jorge de Frutos
456292,2016-07-01,16/17,14997,54704,Brentford U18,Brentford B,,,Ellery Balcombe
458178,2016-07-01,16/17,15898,2804,Barnet U18,Barnet,,,Jack Taylor
460939,2016-07-01,16/17,20351,15587,CSV '28,PEC Zwolle U19,0.0,,Tijjani Reijnders
462070,2016-07-01,16/17,515,27018,Without Club,Novara U19,,,Nicolás Fonseca
463603,2016-07-01,16/17,132357,107690,SC Malesh. Jgd.,AS Monaco U17,0.0,,Benoît Badiashile
463605,2016-07-01,16/17,100152,107748,Toulouse For.,Toulouse FC U17,,,Bafodé Diakité
465717,2016-07-01,16/17,62413,10002,Derby Youth,Derby U18,,,Jayden Bogle
465967,2016-07-01,16/17,9900,44822,R. Sociedad U19,Real Sociedad C,,,Ander Guevara
466783,2016-07-01,16/17,70295,14321,Barça Youth,Barça U16,,,Arnau Tenas
466794,2016-07-01,16/17,70295,14321,Barça Youth,Barça U16,,,Eric García
466801,2016-07-01,16/17,70295,14321,Barça Youth,Barça U16,,,Sergi Altimira
466805,2016-07-01,16/17,70295,14321,Barça Youth,Barça U16,,,Nico González
466807,2016-07-01,16/17,70295,14321,Barça Youth,Barça U16,,,Adrià Altimira
468002,2016-07-01,16/17,52975,9955,West Ham Yth.,West Ham U18,,,Ben Johnson
469050,2016-07-01,16/17,6142,14494,Cherry Orchard FC,Stoke U18,,,Nathan Collins
469669,2016-07-01,16/17,10880,1081,CS Sedan B,CS Sedan,,,Yvan Neyou
469781,2016-07-01,16/17,15879,1775,San Lorenzo II,San Lorenzo,,,Marcos Senesi
472423,2016-07-01,16/17,50677,6918,Chelsea Youth,Chelsea U18,,,Reece James
473050,2016-07-01,16/17,17958,21059,E. Cottbus Yth.,E. Cottbus U17,,,Kevin Schade
475416,2016-07-01,16/17,515,43750,Without Club,Boreham W. U19,,,Sorba Thomas
476701,2016-07-01,16/17,27779,3829,CA Fénix U19,CA Fénix,,,Manuel Ugarte
477758,2016-07-01,16/17,6950,6945,Palace U18,Palace U23,,,Aaron Wan-Bissaka
480267,2016-07-01,16/17,20407,10632,Rentistas U19,Rentistas,,,Ronald Araujo
480987,2016-07-01,16/17,14997,54704,Brentford U18,Brentford B,,,Chris Mepham
483348,2016-07-01,16/17,32580,6942,Fulham Youth,Fulham U18,,,Djed Spence
484547,2016-07-01,16/17,50678,6930,Man City Youth,Man City U18,,,Jeremie Frimpong
484988,2016-07-01,16/17,108917,92744,Argenteuil Jgd,Stade Reims U17,0.0,,Logan Costa
485963,2016-07-01,16/17,67605,12278,Le Havre U17,Le Havre U19,,,Pape Gueye
486031,2016-07-01,16/17,15100,1030,Argentinos U20,Argentinos Jrs.,,,Nico González
487969,2016-07-01,16/17,10851,10850,FC Nantes U19,FC Nantes B,,,Randal Kolo Muani
488362,2016-07-01,16/17,50677,6918,Chelsea Youth,Chelsea U18,,,Conor Gallagher
495621,2016-07-01,16/17,13711,39822,Real Madrid U17,Real Madrid U18,,,Antonio Blanco
495625,2016-07-01,16/17,13711,39822,Real Madrid U17,Real Madrid U18,,,Víctor Chust
495666,2016-07-01,16/17,110097,60860,Montfermeil Jgd,St-Étienne U17,0.0,,William Saliba
498237,2016-07-01,16/17,48758,12964,Braga U17,Braga U19,,,David Carmo
500067,2016-07-01,16/17,43499,16994,Supreme Court,Gombe United,,,Chidera Ejuke
500689,2016-07-01,16/17,100146,107728,OGCN Yth,OGC Nice U17,,,Evann Guessand
502722,2016-07-01,16/17,20161,42825,Salzburg Youth,AKA Salzb. U15,,,Luka Sucic
503686,2016-07-01,16/17,50683,5679,Arsenal Youth,Arsenal U18,,,Dan Ballard
505493,2016-07-01,16/17,40419,15509,Celta Vigo Yth.,Celta U19,,,Diego Pampín
506470,2016-07-01,16/17,12805,33727,QPR U18,Queens Park U23,,,Josh Bowler
510396,2016-07-01,16/17,14029,11610,Villa S.Brígida,Las Palmas Atl.,0.0,,Álex Suárez
511021,2016-07-01,16/17,21235,26007,Huracán U19,Olímpic Xàtiva,0.0,,Manu Fuster
513031,2016-07-01,16/17,14742,8494,Mallorca U19,RCD Mallorca B ,,,Antonio Sánchez
517753,2016-07-01,16/17,15080,20379,Rayo B,Alcobendas,,,Óscar Valentín
517842,2016-07-01,16/17,9900,44822,R. Sociedad U19,Real Sociedad C,,,Aihen Muñoz
524000,2016-07-01,16/17,70393,6665,Santutxu U19,CD Basconia,,,Dani Vivian
525247,2016-07-01,16/17,61392,7123,Maidenhead U18,Maidenhead Utd.,,,Maximilian Kilman
525438,2016-07-01,16/17,21636,7769,CFR Cluj U19,CFR Cluj,,,Horațiu Moldovan
527966,2016-07-01,16/17,28868,12853,Villarreal U19,FC Villarreal C,,,Andrei Rațiu
527972,2016-07-01,16/17,50187,28868,Torre Pacheco,Villarreal U19,,,Mourad El Ghezouani
531062,2016-07-01,16/17,40495,11610,Las Palmas U19,Las Palmas Atl.,,,Fabio González
532776,2016-07-01,16/17,107748,9372,Toulouse FC U17,Toulouse U19,,,Amine Adli
534379,2016-07-01,16/17,16075,11669,Cádiz U19,Cádiz CF B,,,Pejiño
537382,2016-07-01,16/17,36759,102209,Altair U16,Sevilla FC U16,,,Bryan Gil
537762,2016-07-01,16/17,70321,13711,R.Madrid Yth.,Real Madrid U17,,,Sergio Arribas
541555,2016-07-01,16/17,100152,53243,Toulouse For.,Blackburn Acad.,0.0,,Enzo Boyomo
541621,2016-07-01,16/17,14740,70473,Villarreal Yth.,Roda U19,,,Marc Vidal
547248,2016-07-01,16/17,115230,65274,FC Andorra Jgd.,G.Manresa Yth.,,,Iker Álvarez
549027,2016-07-01,16/17,53955,53954,Benfica Yth,Benfica U15,,,Martim Neto
557057,2016-07-01,16/17,42903,29791,UE Figueres,Pobla de Mafumet CF,,,Roger Brugué
557459,2016-07-01,16/17,44865,46137,Volendam Youth,Volendam U17,,,Micky van de Ven
559979,2016-07-01,16/17,37546,12318,AM Football,Málaga U19,,,Abdel Abqar
560483,2016-07-01,16/17,67066,15080,Linas-Montlhéry,Rayo B,0.0,,Randy Nteka
560705,2016-07-01,16/17,47353,29198,Trival Vald. B,Trival Valderas,,,Álex Sancris
561613,2016-07-01,16/17,45258,14737,CF Damm Youth,Espanyol Youth,,,Joan García
567504,2016-07-01,16/17,53956,48365,Sporting Sub-15,Sporting U17,,,Guilherme Fernandes
568157,2016-07-01,16/17,40494,63969,Las Palmas Yth.,CD Roda Youth,0.0,,Yéremy Pino
571020,2016-07-01,16/17,14733,107198,Bilbao Youth,Bilbao U18,,,Oihan Sancet
572265,2016-07-01,16/17,27350,60075,Chieri G.,Atletico Torino,0.0,,Lorenzo Lucca
578391,2016-07-01,16/17,83018,12769,Paris FC Yth.,Angers SCO U19,0.0,,Rayan Aït-Nouri
578539,2016-07-01,16/17,90163,86116,Alabama FC,Texans SC,0.0,,Chris Richards
585700,2016-07-01,16/17,25260,70825,Málaga CF Youth,San Félix U19,,,Juan Cruz
590690,2016-07-01,16/17,77511,32624,Torre L. U19,Torre Levante,,,Víctor García
591916,2016-07-01,16/17,14733,28860,Bilbao Youth,Bilbao U19,,,Aitor Paredes
599231,2016-07-01,16/17,58956,61963,Espanyol U18,Bellvitge U19,0.0,,Ferran Jutglà
601883,2016-07-01,16/17,108422,34589,Ericeirense S19,Ericeirense,,,Matheus Nunes
603696,2016-07-01,16/17,40422,9666,Betis U19,CD Alcalá,,,Alberto Reina
603940,2016-07-01,16/17,70375,13711,P. Arrabal Yth.,Real Madrid U17,0.0,,Marvin Park
605184,2016-07-01,16/17,9581,9372,FC Les Lilas 93,Toulouse U19,,,Jean-Clair Todibo
611075,2016-07-01,16/17,14737,58956,Espanyol Youth,Espanyol U18,,,Iván Gil
615302,2016-07-01,16/17,71671,50306,Vojvodina U17,Vojvodina U19,,,Mirko Topić
620322,2016-07-01,16/17,112385,69570,Bourgoin Jugend,Ol. Lyon Yth.,0.0,,Malo Gusto
623521,2016-07-01,16/17,62873,70321,U. Adarve Yth.,R.Madrid Yth.,,,Juanmi Latasa
623570,2016-07-01,16/17,31624,43750,Sacré Cœur,Boreham W. U19,,,Iliman Ndiaye
625655,2016-07-01,16/17,70322,14967,SD Eibar Youth,Real Sociedad Y,,,Jon Magunazelaia
625657,2016-07-01,16/17,24434,14967,CD Lagun Onak,Real Sociedad Y,,,Unai Marrero
626953,2016-07-01,16/17,14733,107198,Bilbao Youth,Bilbao U18,,,Álvaro Núñez
628366,2016-07-01,16/17,19965,15108,Instituto U19,River Plate U20,,,Lucas Beltrán
630995,2016-07-01,16/17,25259,14743,Deportivo Yth.,Real Betis Yth.,,,Rodri Sánchez
631693,2016-07-01,16/17,14967,70389,Real Sociedad Y,Antiguoko Yth,0.0,,Jesús Owono
636695,2016-07-01,16/17,45258,70295,CF Damm Youth,Barça Youth,,,Marc Casadó
636703,2016-07-01,16/17,14743,70295,Real Betis Yth.,Barça Youth,,,Fermín López
638124,2016-07-01,16/17,20384,40419,Racing Ferrol Y,Celta Vigo Yth.,0.0,,Manu Fernández
639733,2016-07-01,16/17,70295,44771,Barça Youth,Cornellà Youth,,,Peque Fernández
646738,2016-07-01,16/17,14685,70295,Sevilla FC Yth.,Barça Youth,0.0,,Juan Larios
646750,2016-07-01,16/17,44098,16200,Hércules Alican,Valencia CF You,0.0,,Cristhian Mosquera
657430,2016-07-01,16/17,61507,48758,Palmeiras U17,Braga U17,,,Samú Costa
662261,2016-07-01,16/17,14685,70321,Sevilla FC Yth.,R.Madrid Yth.,,,Rafa Marín
667121,2016-07-01,16/17,53959,61508,SC Braga Youth,Palmeiras U15,,,Rodrigo Gomes
667508,2016-07-01,16/17,55579,50672,Cardiff City Yo,Man Utd Youth,0.0,,Chris Popov
684210,2016-07-01,16/17,5679,14648,Arsenal U18,Bournemouth U18,0.0,,Jaidon Anthony
687609,2016-07-01,16/17,81640,64536,Antoniano U19,Balón de Cádiz ,,,Isaac Romero
707274,2016-07-01,16/17,87484,25264,Don Bosco Youth,Levante UD Yout,,,César Tárrega
709380,2016-07-01,16/17,25264,70321,Levante UD Yout,R.Madrid Yth.,0.0,,Álex Forés
715683,2016-07-01,16/17,70321,44199,R.Madrid Yth.,Leganés Youth,,,Naim García
717952,2016-07-01,16/17,70321,40421,R.Madrid Yth.,Rayo Vallecano ,0.0,,Mario de Luis
724520,2016-07-01,16/17,21349,44098,Elche CF Youth,Hércules Alican,,,Abde Ezzalzouli
741289,2016-07-01,16/17,122525,14738,Moratalaz Youth,Getafe CF Youth,0.0,,Youssef Enríquez
746833,2016-07-01,16/17,57205,56870,DDYSC Wolves,Atlanta Academy,0.0,,Caleb Wiley
765467,2016-07-01,16/17,68634,32793,Fortuna W. Yth.,AZ Alkmaar Yth.,0.0,,Jozhua Vertrouwd
766583,2016-07-01,16/17,14685,36759,Sevilla FC Yth.,Altair U16,,,Kike Salas
767255,2016-07-01,16/17,14685,36759,Sevilla FC Yth.,Altair U16,,,Matías Árbol
785353,2016-07-01,16/17,55754,70388,Mutilvera U19,San Juan U19,,,Pablo Ibáñez
801734,2016-07-01,16/17,118057,83018,FC Villiers Jgd,Paris FC Yth.,0.0,,Mathys Tel
805714,2016-07-01,16/17,128258,61166,Lakhlej Foot,Real SC U155,0.0,,Renato Veiga
826224,2016-07-01,16/17,70295,102830,Barça Youth,Hospitalet Yth.,0.0,,Arnau Martínez
834752,2016-07-01,16/17,14733,70392,Bilbao Youth,Danok Bat Yth.,,,Unai Gómez
848509,2016-07-01,16/17,54049,41622,OH Leuven Yth.,Charleroi Youth,0.0,,Jackson Tchatchoua
880245,2016-07-01,16/17,55425,53957,Olhanense CJ,Sporting Yth.,,,Mateus Fernandes
949489,2016-07-01,16/17,14738,77530,Getafe CF Youth,CA Pinto Youth,,,Abdoulaye Keita
1230661,2016-07-01,16/17,99103,120959,Barreirense J,Rochdale Youth,0.0,,Mateus Mané
1237073,2016-07-01,16/17,16200,85878,Valencia CF You,San José Youth,,,Lander Emery
46413,2016-06-30,15/16,4083,35,Crotone,St. Pauli,0.0,3000000.0,Ante Budimir
77757,2016-06-30,15/16,190,58,FC Copenhagen,RSC Anderlecht,0.0,1000000.0,Thomas Kaminski
82503,2016-06-30,15/16,2687,16795,Cádiz CF,Granada CF,0.0,,Aridane Hernández
85383,2016-06-30,15/16,12321,281,Girona,Man City,0.0,400000.0,Rubén Sobrino
86202,2016-06-30,15/16,12,79,Roma,Stuttgart,0.0,12000000.0,Antonio Rüdiger
89733,2016-06-30,15/16,1032,714,Reading,Espanyol,0.0,750000.0,Álex Fernández
94308,2016-06-30,15/16,11596,358,AD Alcorcón,Charlton,0.0,800000.0,Marko Dmitrovic
111961,2016-06-30,15/16,252,5,Genoa,AC Milan,0.0,3300000.0,Suso
115333,2016-06-30,15/16,366,16795,Real Valladolid,Granada CF,0.0,500000.0,Juanpe
120095,2016-06-30,15/16,11596,1038,AD Alcorcón,Sampdoria,0.0,1200000.0,José Campaña
120629,2016-06-30,15/16,1050,583,Villarreal,PSG,0.0,7500000.0,Alphonse Areola
126664,2016-06-30,15/16,12,583,Roma,PSG,0.0,12000000.0,Lucas Digne
126751,2016-06-30,15/16,1244,621,CD Leganés,Athletic Club,0.0,500000.0,Iñigo Ruiz de Galarreta
127108,2016-06-30,15/16,12321,281,Girona,Man City,0.0,800000.0,Florian Lejeune
135492,2016-06-30,15/16,995,583,FC Nantes,Paris SG,0.0,2500000.0,Youssouf Sabaly
142031,2016-06-30,15/16,2448,418,Sporting Gijón,Real Madrid,0.0,1500000.0,Omar Mascarell
144028,2016-06-30,15/16,2727,1184,OH Leuven,Genk,0.0,2000000.0,Leandro Trossard
148455,2016-06-30,15/16,12,631,Roma,Chelsea,0.0,23000000.0,Mohamed Salah
153427,2016-06-30,15/16,367,294,Rayo Vallecano,Benfica,0.0,2000000.0,Bebé
155025,2016-06-30,15/16,2995,10330,Paços Ferreira,Benfica B,0.0,1500000.0,Fábio Cardoso
162029,2016-06-30,15/16,244,13,Marseille,Atlético Madrid,0.0,5000000.0,Javier Manquillo
162038,2016-06-30,15/16,993,6767,Córdoba CF,RM Castilla,0.0,500000.0,Raúl de Tomás
175449,2016-06-30,15/16,3709,1050,Getafe,Villarreal,0.0,3000000.0,Moi Gómez
192279,2016-06-30,15/16,366,621,Real Valladolid,Athletic Club,0.0,1500000.0,Kepa Arrizabalaga
193098,2016-06-30,15/16,1531,367,Elche CF,Rayo Vallecano,0.0,800000.0,Álex Moreno
206225,2016-06-30,15/16,3008,9249,Hull City,Arsenal U21,0.0,500000.0,Isaac Hayden
212391,2016-06-30,15/16,366,3368,Real Valladolid,Levante,0.0,1500000.0,Roger Martí
221899,2016-06-30,15/16,1050,13,Villarreal,Atlético Madrid,0.0,4000000.0,Léo Baptistão
237125,2016-06-30,15/16,3524,750,Clermont Foot,FC Sochaux,0.0,1750000.0,Famara Diédhiou
246291,2016-06-30,15/16,367,418,Rayo Vallecano,Real Madrid,0.0,3000000.0,Diego Llorente
251106,2016-06-30,15/16,132,281,NAC Breda,Man City,0.0,3000000.0,Enes Ünal
251876,2016-06-30,15/16,12321,9265,Girona,Man City U21,0.0,100000.0,Pablo Maffeo
251896,2016-06-30,15/16,142,418,Real Zaragoza,Real Madrid,0.0,3000000.0,Jesús Vallejo
257062,2016-06-30,15/16,2687,16795,Cádiz CF,Granada CF,0.0,,Álvaro García
257455,2016-06-30,15/16,979,10949,Moreirense ,Sporting B,0.0,500000.0,João Palhinha
258889,2016-06-30,15/16,499,9250,Vitesse,Chelsea U21,0.0,2000000.0,Dominic Solanke
262939,2016-06-30,15/16,366,367,Real Valladolid,Rayo Vallecano,0.0,1800000.0,Johan Mojica
262980,2016-06-30,15/16,3368,14583,Levante,Ind. Yumbo,0.0,1500000.0,Jefferson Lerma
276111,2016-06-30,15/16,237,940,RCD Mallorca,Celta de Vigo,0.0,1000000.0,David Costas
277533,2016-06-30,15/16,34148,11596,UCAM Murcia,AD Alcorcón,0.0,,Josan
278296,2016-06-30,15/16,4032,714,Ponferradina,Espanyol,0.0,200000.0,Antonio Raíllo
281989,2016-06-30,15/16,11615,11596,CD Guijuelo,AD Alcorcón,0.0,,Luis Milla
286047,2016-06-30,15/16,607,410,Venezia,Udinese,0.0,75000.0,Guglielmo Vicario
295313,2016-06-30,15/16,293,31,FSV Frankfurt,Liverpool,0.0,300000.0,Taiwo Awoniyi
326416,2016-06-30,15/16,11516,2296,Atl. Levante,CD Numancia,0.0,,Dani Calvo
334222,2016-06-30,15/16,1286,209,Newell's,River Plate,0.0,1750000.0,Lucas Boyé
337715,2016-06-30,15/16,12,3522,Roma,Spezia Calcio,0.0,2500000.0,Umar Sadiq
342385,2016-06-30,15/16,2402,209,Defensa,River Plate,0.0,1250000.0,Guido Rodríguez
343052,2016-06-30,15/16,10868,1420,US Orléans,Angers SCO,0.0,,Nicolas Pépé
442805,2016-06-30,15/16,8494,17686,RCD Mallorca B ,CD Leganés B,0.0,,Iddrisu Baba
481084,2016-06-30,15/16,37061,8733,Órdenes,Celta Vigo B,0.0,,Marcos André
487465,2016-06-30,16/17,61507,48758,Palmeiras U17,Braga U17,0.0,,Pedro Neto
534379,2016-06-30,15/16,48087,16075,Conil CF,Cádiz U19,0.0,,Pejiño
599231,2016-06-30,15/16,93936,58956,Vic Riuprimer,Espanyol U18,0.0,,Ferran Jutglà
111873,2016-05-31,15/16,543,11,Wolves,Arsenal,0.0,1500000.0,Emiliano Martínez
163744,2016-05-31,15/16,990,180,Coventry,Southampton,0.0,250000.0,Jack Stephens
177476,2016-05-31,15/16,1010,631,Watford,Chelsea,0.0,4500000.0,Nathan Aké
196722,2016-05-31,15/16,2454,1123,Doncaster,Norwich,0.0,100000.0,Remi Matthews
199527,2016-05-31,15/16,990,1123,Coventry,Norwich,0.0,300000.0,Jacob Murphy
214666,2016-05-31,15/16,972,33616,Yeovil Town,Swansea U21,0.0,,Connor Roberts
215810,2016-05-31,15/16,6340,1028,Braintree,Millwall,0.0,,Tom King
242606,2016-05-31,15/16,1027,379,Bradford,West Ham,0.0,,Josh Cullen
243591,2016-05-31,15/16,352,31,Swindon Town,Liverpool,0.0,100000.0,Lawrence Vigouroux
250426,2016-05-31,15/16,990,762,Coventry,Newcastle,0.0,1000000.0,Adam Armstrong
258919,2016-05-31,15/16,1098,9251,Stockport,Man Utd U21,0.0,,Dean Henderson
264220,2016-05-31,15/16,1027,379,Bradford,West Ham,0.0,1000000.0,Reece Burke
294057,2016-05-31,15/16,990,1123,Coventry,Norwich,0.0,1500000.0,James Maddison
298477,2016-05-31,15/16,2455,2288,Bristol Rovers,Swansea,0.0,250000.0,Oli McBurnie
341501,2016-05-31,15/16,2963,39341,Burton Albion,Leicester U21,0.0,,Hamza Choudhury
425334,2016-05-31,15/16,3696,12799,Dag & Red FC,Nottingham U18,0.0,,Matty Cash
246963,2016-05-16,15/16,2999,33614,Hamilton Acad.,Norwich U21,0.0,100000.0,Carlton Morris
251845,2016-05-11,15/16,1148,9252,Brentford,Liverpool U21,0.0,750000.0,Sergi Canós
349066,2016-05-03,15/16,16574,272,AIK U19,AIK,,,Alexander Isak
415970,2016-04-05,15/16,3696,703,Dag & Red FC,Nott'm Forest,0.0,,Joe Worrall
504849,2016-04-01,15/16,24120,10711,Frontale U18,Tsukuba Univ.,0.0,,Kaoru Mitoma
332705,2016-03-26,15/16,623,39815,New York,NY Red Bulls II,0.0,50000.0,Tyler Adams
196722,2016-03-24,15/16,1123,2454,Norwich,Doncaster,0.0,100000.0,Remi Matthews
258919,2016-03-24,15/16,9251,1098,Man Utd U21,Stockport,0.0,,Dean Henderson
429983,2016-03-18,15/16,19848,10217,S08 Youth,Sarpsborg 08,,,Jørgen Strand Larsen
298477,2016-03-07,15/16,2288,2455,Swansea,Bristol Rovers,0.0,250000.0,Oli McBurnie
425334,2016-03-04,15/16,12799,3696,Nottingham U18,Dag & Red FC,0.0,,Matty Cash
410425,2016-03-01,15/16,1956,1082,Real,Lille,,,Yves Bissouma
341501,2016-02-27,15/16,39341,2963,Leicester U21,Burton Albion,0.0,,Hamza Choudhury
258919,2016-02-20,15/16,1098,9251,Stockport,Man Utd U21,0.0,,Dean Henderson
215810,2016-02-19,15/16,1028,6340,Millwall,Braintree,0.0,,Tom King
419648,2016-02-12,15/16,12373,669,Partizan U19,Partizan,,,Veljko Birmancevic
242606,2016-02-11,15/16,379,1027,West Ham,Bradford,0.0,,Josh Cullen
93936,2016-02-03,15/16,641,1533,Middlesbrough,SD Eibar,2000000.0,3000000.0,Kike García
294057,2016-02-02,15/16,1123,990,Norwich,Coventry,0.0,500000.0,James Maddison
163744,2016-02-01,15/16,180,990,Southampton,Coventry,0.0,250000.0,Jack Stephens
173504,2016-02-01,15/16,1148,1132,Brentford,Burnley,4000000.0,350000.0,James Tarkowski
237617,2016-02-01,15/16,3302,12321,UD Almería,Girona,0.0,1500000.0,Cristian Herrera
251106,2016-02-01,15/16,281,132,Man City,NAC Breda,0.0,3200000.0,Enes Ünal
293213,2016-02-01,15/16,2573,2293,Zeljeznicar,Konyaspor,905000.0,700000.0,Amir Hadziahmetovic
294057,2016-02-01,15/16,990,1123,Coventry,Norwich,2650000.0,500000.0,James Maddison
314241,2016-02-01,15/16,1148,2577,Brentford,Hartlepool,0.0,,Josh Laurent
411295,2016-02-01,15/16,17661,15136,Avaí U20,Guimarães B,600000.0,,Raphinha
502722,2016-02-01,15/16,54424,20161,Edelweiß Jug.,Salzburg Youth,,,Luka Sucic
290249,2016-01-31,15/16,2619,40,Defensor SC,G. Bordeaux,3000000.0,1250000.0,Mauro Arambarri
251106,2016-01-29,15/16,1184,281,Genk,Man City,0.0,3200000.0,Enes Ünal
260841,2016-01-29,15/16,14349,39341,Esbjerg fB U19,Leicester U21,260000.0,50000.0,Daniel Iversen
380744,2016-01-29,15/16,19846,13025,Sandnes Ulf Yth,Sandnes Ulf,,,Egil Selvik
123551,2016-01-28,15/16,1219,1071,Chesterfield,Wigan,330000.0,400000.0,Sam Morsy
212391,2016-01-28,15/16,3368,366,Levante,Real Valladolid,0.0,1500000.0,Roger Martí
278296,2016-01-27,15/16,714,4032,Espanyol,Ponferradina,0.0,200000.0,Antonio Raíllo
124419,2016-01-26,15/16,79,265,Stuttgart,Panathinaikos,0.0,450000.0,Odysseas Vlachodimos
249994,2016-01-25,15/16,1301,720,Marítimo,Porto,1200000.0,1600000.0,José Sá
110864,2016-01-23,15/16,466,985,Preston,Man Utd,0.0,250000.0,Sam Johnstone
236953,2016-01-20,15/16,399,379,Leeds,West Ham,4800000.0,3500000.0,Sam Byram
465717,2016-01-20,15/16,52915,62413,Swindon Yth.,Derby Youth,,,Jayden Bogle
413507,2016-01-18,15/16,12373,669,Partizan U19,Partizan,,,Nikola Milenković
156501,2016-01-15,15/16,27323,199,Coimbra,Corinthians,3250000.0,5000000.0,Felipe
99559,2016-01-14,15/16,38456,2464,UE Olot,Barcelona B,,,Alberto Perea
156501,2016-01-14,15/16,199,27323,Corinthians,Coimbra,0.0,5000000.0,Felipe
251876,2016-01-13,15/16,9265,12321,Man City U21,Girona,0.0,,Pablo Maffeo
258919,2016-01-12,15/16,9251,1098,Man Utd U21,Stockport,0.0,,Dean Henderson
342385,2016-01-12,15/16,209,2402,River Plate,Defensa,0.0,750000.0,Guido Rodríguez
266795,2016-01-11,15/16,1627,1533,Catania,SD Eibar,1000000.0,500000.0,Gonzalo Escalante
266795,2016-01-10,15/16,1533,1627,SD Eibar,Catania,0.0,500000.0,Gonzalo Escalante
194386,2016-01-08,15/16,1219,1194,Chesterfield,Rotherham,0.0,100000.0,Alex Cairns
256429,2016-01-08,15/16,11596,21550,Alcorcón,Granada B,0.0,200000.0,Sergi Guardiola
415970,2016-01-08,15/16,703,3696,Nott'm Forest,Dag & Red FC,0.0,,Joe Worrall
177847,2016-01-07,15/16,16,985,Dortmund,Man Utd,0.0,8000000.0,Adnan Januzaj
252667,2016-01-07,15/16,5648,2464,Gimnàstic,Barcelona B,0.0,400000.0,Fali
146310,2016-01-06,15/16,8457,828,Shonan Bellmare,Urawa Reds,,850000.0,Wataru Endo
146509,2016-01-06,15/16,3008,2964,Hull City,Scunthorpe Utd.,0.0,200000.0,Conor Townsend
257388,2016-01-06,15/16,4747,4297,Anadia FC,Varzim,,,Wilson Manafá
279455,2016-01-05,15/16,1042,9252,Crewe Alexandra,Liverpool U21,0.0,100000.0,Harry Wilson
111961,2016-01-04,15/16,5,252,AC Milan,Genoa,0.0,3300000.0,Suso
163744,2016-01-04,15/16,641,180,Middlesbrough,Southampton,0.0,250000.0,Jack Stephens
169497,2016-01-04,15/16,1307,515,Pistoiese,Without Club,,125000.0,Juan Cruz
229804,2016-01-04,15/16,9899,681,Real Sociedad B,Real Sociedad,,,Aritz Elustondo
415912,2016-01-04,15/16,19241,2671,Apollon U20,PAS Giannina,0.0,,Konstantinos Mavropanos
196722,2016-01-03,15/16,2963,1123,Burton Albion,Norwich,0.0,,Remi Matthews
306024,2016-01-03,15/16,1302,350,Northampton,Sheff Utd,0.0,,Dominic Calvert-Lewin
146509,2016-01-02,15/16,1034,3008,Grimsby Town,Hull City,0.0,200000.0,Conor Townsend
288323,2016-01-02,15/16,3717,2963,Aldershot,Burton Albion,0.0,50000.0,Marcus Harness
110864,2016-01-01,15/16,985,466,Man Utd,Preston,0.0,250000.0,Sam Johnstone
130164,2016-01-01,15/16,466,289,Preston,Sunderland,0.0,500000.0,Jordan Pickford
188077,2016-01-01,15/16,2451,371,Inverness CT,Celtic,0.0,600000.0,Ryan Christie
226012,2016-01-01,15/16,8519,368,Sevilla Atl.,Sevilla FC,,200000.0,David Soria
238407,2016-01-01,15/16,195,202,Rosenborg BK,FC Groningen,550000.0,700000.0,Alexander Sørloth
240692,2016-01-01,15/16,24645,10330,LD Maputo,Benfica B,,,Reinildo Mandava
258878,2016-01-01,15/16,6930,9265,Man City U18,Man City U21,,,Tosin Adarabioyo
258923,2016-01-01,15/16,5242,985,Man Utd U18,Man Utd,,,Marcus Rashford
272622,2016-01-01,15/16,9372,415,Toulouse U19,Toulouse,,,Issa Diop
277533,2016-01-01,15/16,11596,34148,AD Alcorcón,UCAM Murcia,0.0,100000.0,Josan
288255,2016-01-01,15/16,8817,610,Ajax U21,Ajax,,250000.0,Donny van de Beek
292246,2016-01-01,15/16,37024,409,FC Liefering,Salzburg,,400000.0,Hee-chan Hwang
325443,2016-01-01,15/16,8955,1092,IF Bromma U19,Brommapojkarna,,,Viktor Gyökeres
342229,2016-01-01,15/16,9669,162,Monaco U19,Monaco,,50000.0,Kylian Mbappé
343273,2016-01-01,15/16,20201,15080,Rayo U19,Rayo B,,,Joni Montiel
351478,2016-01-01,15/16,9899,681,Real Sociedad B,Real Sociedad,,,Mikel Oyarzabal
357147,2016-01-01,15/16,47962,9844,FC Porto U17,FC Porto U19,,,Diogo Dalot
358250,2016-01-01,15/16,32840,1059,Inter Allies,Hammarby,,75000.0,Joseph Aidoo
378139,2016-01-01,15/16,9477,2865,CE L'Hospitalet,Betis B,20000.0,,Aitor Ruibal
378710,2016-01-01,15/16,2863,2462,América-MG,Fluminense,2380000.0,700000.0,Richarlison
390823,2016-01-01,15/16,29733,11610,SD Leioa,Las Palmas Atl.,0.0,,Eric Curbelo
392591,2016-01-01,15/16,34422,27774,Cork Academy,Cork City,,,Chiedozie Ogbene
394236,2016-01-01,15/16,14332,5494,Luzern U18,Luzern U21,,,Filip Ugrinic
401530,2016-01-01,15/16,14679,14708,São Paulo U17,São Paulo U20,,,Éder Militão
431190,2016-01-01,15/16,16541,2619,Defensor SC U19,Defensor SC,,,Carlos Protesoni
435338,2016-01-01,15/16,17661,2035,Avaí U20,Avaí FC,,,Gabriel
439022,2016-01-01,15/16,15038,679,Atlético-PR U20,Atlético-PR,,,Marcão
454576,2016-01-01,15/16,18751,20634,MSK Zilina U19,MSK Zilina B,,,Róbert Boženík
457931,2016-01-01,15/16,18027,4773,Ituano U20,Ituano,,,Luiz Felipe
475416,2016-01-01,15/16,52975,515,West Ham Yth.,Without Club,,,Sorba Thomas
534379,2016-01-01,15/16,16075,48087,Cádiz U19,Conil CF,0.0,,Pejiño
568835,2016-01-01,15/16,62558,70300,ED Moratalaz,Alcorcón U19,,,Pablo Martínez
576024,2016-01-01,15/16,29751,15108,CA Atalaya,River Plate U20,0.0,,Julián Alvarez
238407,2015-12-31,15/16,501,195,Bodø/Glimt,Rosenborg BK,0.0,700000.0,Alexander Sørloth
326330,2015-12-31,15/16,403,8817,Willem II,Ajax U21,0.0,400000.0,Frenkie de Jong
366948,2015-12-31,15/16,17776,210,Chapecoense,Grêmio,0.0,,Jailson
378293,2015-12-31,15/16,14596,30504,Monagas SC,Atl. Venezuela,0.0,,Yangel Herrera
413507,2015-12-31,15/16,4646,12373,Teleoptik,Partizan U19,0.0,,Nikola Milenković
534379,2015-12-31,15/16,16772,16075,Los Barrios,Cádiz U19,0.0,,Pejiño
427568,2015-12-27,15/16,3835,12806,Worksop,Sheff Utd U18,0.0,,Aaron Ramsdale
298477,2015-12-25,15/16,3716,2288,Newport County,Swansea,0.0,250000.0,Oli McBurnie
427568,2015-12-25,15/16,12806,3835,Sheff Utd U18,Worksop,0.0,,Aaron Ramsdale
215810,2015-12-21,15/16,7454,1028,Welling Utd.,Millwall,0.0,,Tom King
358250,2015-12-01,15/16,1059,32840,Hammarby,Inter Allies,0.0,75000.0,Joseph Aidoo
487969,2015-12-01,15/16,106109,10851,US Torcy U17,FC Nantes U19,0.0,,Randal Kolo Muani
385848,2015-11-30,15/16,23074,1078,Ramsbottom,Oldham Athletic,0.0,,George Edmundson
288323,2015-11-27,15/16,2963,3717,Burton Albion,Aldershot,0.0,50000.0,Marcus Harness
298477,2015-11-26,15/16,2288,3716,Swansea,Newport County,0.0,250000.0,Oli McBurnie
336367,2015-11-07,15/16,3684,1039,Stevenage,QPR,0.0,200000.0,Joe Lumley
332705,2015-11-03,15/16,39815,623,NY Red Bulls II,New York,,,Tyler Adams
239949,2015-11-01,15/16,17980,8820,Hemel,Hampton & Rich.,0.0,,Jamal Lowe
288323,2015-11-01,15/16,36481,2963,Ilkeston,Burton Albion,0.0,50000.0,Marcus Harness
404839,2015-11-01,15/16,36810,14280,Dnipro U17,Dnipro U19,,,Andriy Lunin
420002,2015-11-01,15/16,12761,1175,Châteauroux B,LB Châteauroux,,,Jean-Philippe Mateta
385848,2015-10-30,15/16,1078,23074,Oldham Athletic,Ramsbottom,0.0,,George Edmundson
183293,2015-10-15,15/16,349,9251,Barnsley FC,Man Utd U21,0.0,100000.0,Joe Rothwell
146509,2015-10-12,15/16,3008,1034,Hull City,Grimsby Town,0.0,200000.0,Conor Townsend
226049,2015-10-11,15/16,3537,762,Crawley Town,Newcastle,0.0,250000.0,Freddie Woodman
314241,2015-10-09,15/16,3716,1148,Newport County,Brentford,0.0,,Josh Laurent
336367,2015-10-07,15/16,1039,3684,QPR,Stevenage,0.0,200000.0,Joe Lumley
277033,2015-09-28,15/16,1127,350,Halifax Town,Sheff Utd,0.0,,David Brooks
334222,2015-09-08,15/16,209,1286,River Plate,Newell's,0.0,1500000.0,Lucas Boyé
418560,2015-09-08,15/16,19368,1057,Bryne FK Yth.,Bryne,,,Erling Haaland
468198,2015-09-07,15/16,10956,358,Staines Town FC,Charlton,,,Joe Aribo
188077,2015-09-02,15/16,371,2451,Celtic,Inverness CT,0.0,250000.0,Ryan Christie
99559,2015-09-01,15/16,26132,38456,Llagostera,UE Olot,0.0,200000.0,Alberto Perea
139208,2015-09-01,15/16,371,180,Celtic,Southampton,15700000.0,5000000.0,Virgil van Dijk
188077,2015-09-01,15/16,2451,371,Inverness CT,Celtic,680000.0,250000.0,Ryan Christie
295313,2015-09-01,15/16,31,293,Liverpool,FSV Frankfurt,0.0,,Taiwo Awoniyi
46413,2015-08-31,15/16,35,4083,St. Pauli,Crotone,0.0,600000.0,Ante Budimir
59349,2015-08-31,15/16,366,3368,Real Valladolid,Levante,250000.0,2500000.0,Diego Mariño
135492,2015-08-31,15/16,583,995,Paris SG,FC Nantes,0.0,2500000.0,Youssouf Sabaly
140191,2015-08-31,15/16,698,931,Bristol City,Fulham,250000.0,250000.0,Ryan Fredericks
162038,2015-08-31,15/16,6767,993,RM Castilla,Córdoba CF,0.0,,Raúl de Tomás
177847,2015-08-31,15/16,985,16,Man Utd,Dortmund,0.0,8000000.0,Adnan Januzaj
215876,2015-08-31,15/16,720,417,Porto,Nice,0.0,3750000.0,Ricardo Pereira
251845,2015-08-31,15/16,9252,1148,Liverpool U21,Brentford,0.0,,Sergi Canós
276111,2015-08-31,15/16,940,237,Celta de Vigo,RCD Mallorca,0.0,1000000.0,David Costas
295313,2015-08-31,15/16,42223,31,Imperial Acad.,Liverpool,1100000.0,,Taiwo Awoniyi
326416,2015-08-31,15/16,2296,11516,CD Numancia,Atl. Levante,0.0,200000.0,Dani Calvo
339501,2015-08-31,15/16,4657,53,Macva,OFK Beograd,,,Aleksandar Radovanovic
451276,2015-08-31,15/16,104134,62567,Főnix Jgd,MTK U17,0.0,,Dominik Szoboszlai
34601,2015-08-30,15/16,13,621,Atlético Madrid,Athletic,10000000.0,12000000.0,Raúl García
42412,2015-08-29,15/16,985,984,Man Utd,West Brom,8300000.0,6000000.0,Jonny Evans
85383,2015-08-29,15/16,281,12321,Man City,Girona,0.0,500000.0,Rubén Sobrino
127108,2015-08-29,15/16,281,12321,Man City,Girona,0.0,800000.0,Florian Lejeune
142021,2015-08-29,15/16,1084,1041,Málaga CF,Lyon,13100000.0,7500000.0,Sergi Darder
165007,2015-08-29,15/16,131,1050,Barcelona,Villarreal,4000000.0,12000000.0,Denis Suárez
277033,2015-08-29,15/16,350,1127,Sheff Utd,Halifax Town,0.0,,David Brooks
85383,2015-08-28,15/16,4032,281,Ponferradina,Man City,550000.0,500000.0,Rubén Sobrino
127108,2015-08-28,15/16,12321,281,Girona,Man City,300000.0,800000.0,Florian Lejeune
165007,2015-08-28,15/16,368,131,Sevilla FC,Barcelona,0.0,12000000.0,Denis Suárez
67808,2015-08-26,15/16,6767,12321,RM Castilla,Girona,0.0,,Borja García
126664,2015-08-26,15/16,583,12,PSG,Roma,0.0,10000000.0,Lucas Digne
279455,2015-08-26,15/16,9252,1042,Liverpool U21,Crewe Alexandra,0.0,,Harry Wilson
326330,2015-08-23,15/16,8817,403,Ajax U21,Willem II,0.0,250000.0,Frenkie de Jong
326330,2015-08-22,15/16,403,8817,Willem II,Ajax U21,7740000.0,250000.0,Frenkie de Jong
184528,2015-08-21,15/16,699,1025,Helsingborgs IF,Bologna,500000.0,900000.0,Emil Krafth
390823,2015-08-21,15/16,44795,29733,Telde,SD Leioa,0.0,,Eric Curbelo
264220,2015-08-20,15/16,379,1027,West Ham,Bradford,0.0,750000.0,Reece Burke
86202,2015-08-19,15/16,79,12,Stuttgart,Roma,0.0,10000000.0,Antonio Rüdiger
127048,2015-08-19,15/16,20,1050,Bursaspor,Villarreal,7500000.0,5500000.0,Cédric Bakambu
314241,2015-08-19,15/16,1148,3716,Brentford,Newport County,0.0,,Josh Laurent
51471,2015-08-18,15/16,46,418,Inter,Real Madrid,38000000.0,22000000.0,Mateo Kovacic
58330,2015-08-18,15/16,2867,1244,Recr. Huelva,CD Leganés,0.0,,Víctor Díaz
89733,2015-08-18,15/16,714,1032,Espanyol,Reading,0.0,800000.0,Álex Fernández
237617,2015-08-16,15/16,1531,3302,Elche CF,UD Almería,0.0,1500000.0,Cristian Herrera
177476,2015-08-14,15/16,631,1010,Chelsea,Watford,0.0,2000000.0,Nathan Aké
199527,2015-08-14,15/16,1123,990,Norwich,Coventry,0.0,200000.0,Jacob Murphy
204103,2015-08-14,15/16,2464,405,Barcelona B,Aston Villa,10000000.0,5000000.0,Adama Traoré
177467,2015-08-13,15/16,1050,714,Villarreal,Espanyol,1500000.0,4000000.0,Gerard Moreno
193098,2015-08-13,15/16,367,1531,Rayo Vallecano,Elche CF,0.0,800000.0,Álex Moreno
206040,2015-08-13,15/16,13,294,Atlético,Benfica,22000000.0,5000000.0,Raúl Jiménez
262980,2015-08-13,15/16,14583,3368,Ind. Yumbo,Levante,0.0,,Jefferson Lerma
66100,2015-08-12,15/16,631,180,Chelsea,Southampton,7000000.0,2500000.0,Oriol Romeu
257455,2015-08-12,15/16,10949,979,Sporting B,Moreirense ,0.0,75000.0,João Palhinha
387626,2015-08-12,15/16,16181,1184,Trencin U19,Genk,1400000.0,,Leon Bailey
413507,2015-08-12,15/16,12373,4646,Partizan U19,Teleoptik,0.0,,Nikola Milenković
429983,2015-08-12,15/16,71054,19848,Kvik H. Youth,S08 Youth,,,Jørgen Strand Larsen
111873,2015-08-11,15/16,11,543,Arsenal,Wolves,0.0,1500000.0,Emiliano Martínez
126751,2015-08-11,15/16,621,1244,Athletic Club,CD Leganés,0.0,800000.0,Iñigo Ruiz de Galarreta
217115,2015-08-10,15/16,417,618,Nice,Saint-Étienne,600000.0,2000000.0,Neal Maupay
214666,2015-08-08,15/16,33616,972,Swansea U21,Yeovil Town,0.0,,Connor Roberts
59323,2015-08-07,15/16,714,641,Espanyol,Middlesbrough,3000000.0,4000000.0,Cristhian Stuani
281989,2015-08-07,15/16,11596,11615,AD Alcorcón,CD Guijuelo,0.0,,Luis Milla
286047,2015-08-07,15/16,10959,607,Udinese U19,Venezia,0.0,50000.0,Guglielmo Vicario
288323,2015-08-07,15/16,2963,36481,Burton Albion,Ilkeston,0.0,,Marcus Harness
306024,2015-08-07,15/16,350,1302,Sheff Utd,Northampton,0.0,,Dominic Calvert-Lewin
120705,2015-08-06,15/16,993,367,Córdoba CF,Rayo Vallecano,100000.0,600000.0,Juan Carlos
140191,2015-08-06,15/16,148,698,Tottenham,Bristol City,250000.0,250000.0,Ryan Fredericks
148455,2015-08-06,15/16,631,12,Chelsea,Roma,0.0,18000000.0,Mohamed Salah
194386,2015-08-06,15/16,399,1219,Leeds,Chesterfield,0.0,100000.0,Alex Cairns
281989,2015-08-06,15/16,15080,11596,Rayo B,AD Alcorcón,0.0,,Luis Milla
358250,2015-08-05,15/16,32840,1059,Inter Allies,Hammarby,0.0,,Joseph Aidoo
243591,2015-08-04,15/16,31,352,Liverpool,Swindon Town,0.0,,Lawrence Vigouroux
257062,2015-08-04,15/16,16795,2687,Granada CF,Cádiz CF,0.0,,Álvaro García
258889,2015-08-04,15/16,9250,499,Chelsea U21,Vitesse,0.0,250000.0,Dominic Solanke
77757,2015-08-03,15/16,58,190,RSC Anderlecht,FC Copenhagen,0.0,1500000.0,Thomas Kaminski
142031,2015-08-03,15/16,6767,2448,RM Castilla,Sporting Gijón,0.0,500000.0,Omar Mascarell
251896,2015-08-01,15/16,418,142,Real Madrid,Real Zaragoza,0.0,2000000.0,Jesús Vallejo
349066,2015-08-01,15/16,42331,16574,AIK U17,AIK U19,,,Alexander Isak
481084,2015-08-01,15/16,8733,37061,Celta Vigo B,Órdenes,0.0,,Marcos André
487465,2015-08-01,15/16,53958,61507,Braga U15,Palmeiras U17,0.0,,Pedro Neto
130164,2015-07-31,15/16,289,466,Sunderland,Preston,0.0,250000.0,Jordan Pickford
163744,2015-07-31,15/16,180,641,Southampton,Middlesbrough,0.0,250000.0,Jack Stephens
193116,2015-07-31,15/16,465,903,St. Mirren,Hibernian FC,1160000.0,450000.0,John McGinn
206225,2015-07-31,15/16,9249,3008,Arsenal U21,Hull City,0.0,,Isaac Hayden
251106,2015-07-31,15/16,281,1184,Man City,Genk,0.0,3200000.0,Enes Ünal
251896,2015-07-31,15/16,142,418,Real Zaragoza,Real Madrid,5000000.0,2000000.0,Jesús Vallejo
70245,2015-07-30,15/16,1123,4032,Norwich,Ponferradina,0.0,1000000.0,Ignasi Miquel
44058,2015-07-29,15/16,11,12,Arsenal,Roma,0.0,10000000.0,Wojciech Szczęsny
169497,2015-07-29,15/16,10155,1307,San Marino,Pistoiese,0.0,125000.0,Juan Cruz
226049,2015-07-29,15/16,762,3537,Newcastle,Crawley Town,0.0,250000.0,Freddie Woodman
250426,2015-07-28,15/16,762,990,Newcastle,Coventry,0.0,750000.0,Adam Armstrong
94308,2015-07-27,15/16,358,11596,Charlton,AD Alcorcón,0.0,300000.0,Marko Dmitrovic
108354,2015-07-27,15/16,1158,405,FC Lorient,Aston Villa,12000000.0,6000000.0,Jordan Ayew
282939,2015-07-27,15/16,37993,2805,Watford U21,Wycombe,0.0,,Luke O'Nien
162029,2015-07-24,15/16,13,244,Atlético Madrid,Marseille,0.0,6000000.0,Javier Manquillo
215810,2015-07-24,15/16,1028,7454,Millwall,Welling Utd.,0.0,,Tom King
95976,2015-07-23,15/16,1039,873,QPR,Crystal Palace,4900000.0,2500000.0,Alex McCarthy
115333,2015-07-21,15/16,16795,366,Granada CF,Real Valladolid,0.0,600000.0,Juanpe
128969,2015-07-21,15/16,2282,1049,Club Brugge,Valencia,7000000.0,7000000.0,Mathew Ryan
192279,2015-07-20,15/16,621,366,Athletic Club,Real Valladolid,0.0,1000000.0,Kepa Arrizabalaga
225593,2015-07-20,15/16,8510,24420,Getafe CF B,UD Logroñés,0.0,,Pere Milla
82503,2015-07-19,15/16,16795,2687,Granada CF,Cádiz CF,0.0,,Aridane Hernández
183293,2015-07-18,15/16,9251,349,Man Utd U21,Barnsley FC,0.0,100000.0,Joe Rothwell
630995,2015-07-18,15/16,70295,25259,Barça Youth,Deportivo Yth.,,,Rodri Sánchez
85295,2015-07-17,15/16,8024,347,Arouca,FC Metz,0.0,1500000.0,Iván Balliu
120095,2015-07-17,15/16,1038,11596,Sampdoria,AD Alcorcón,0.0,1100000.0,José Campaña
230222,2015-07-17,15/16,2855,11000,SD Compostela,CD Lugo,0.0,,Álvaro Lemos
266795,2015-07-17,15/16,1627,1533,Catania,SD Eibar,0.0,250000.0,Gonzalo Escalante
95795,2015-07-16,15/16,5225,697,Zbrojovka Brno,Slovan Liberec,,200000.0,Václav Hladký
153238,2015-07-15,15/16,3057,472,Standard Liège,UD Las Palmas,2900000.0,3500000.0,Jonathan Viera
277533,2015-07-15,15/16,16795,11596,Granada CF,AD Alcorcón,0.0,100000.0,Josan
111508,2015-07-14,15/16,410,1010,Udinese,Watford,0.0,4000000.0,Allan Nyom
33873,2015-07-13,15/16,512,631,Stoke City,Chelsea,11000000.0,12000000.0,Asmir Begovic
203043,2015-07-13,15/16,237,472,RCD Mallorca,UD Las Palmas,0.0,1000000.0,Pedro Bigas
246291,2015-07-13,15/16,6767,367,RM Castilla,Rayo Vallecano,0.0,,Diego Llorente
246963,2015-07-13,15/16,33614,2999,Norwich U21,Hamilton Acad.,0.0,,Carlton Morris
298477,2015-07-13,15/16,1027,2288,Bradford,Swansea,350000.0,50000.0,Oli McBurnie
337715,2015-07-13,15/16,14893,12,Spezia U19,Roma,0.0,400000.0,Umar Sadiq
48002,2015-07-10,15/16,506,379,Juventus,West Ham,11000000.0,9000000.0,Angelo Ogbonna
126665,2015-07-10,15/16,1082,405,Lille,Aston Villa,9000000.0,7500000.0,Idrissa Gueye
153427,2015-07-10,15/16,294,367,Benfica,Rayo Vallecano,0.0,2000000.0,Bebé
196948,2015-07-10,15/16,631,18,Chelsea,Mönchengladbach,0.0,1500000.0,Andreas Christensen
162029,2015-07-09,15/16,31,13,Liverpool,Atlético Madrid,0.0,6000000.0,Javier Manquillo
175449,2015-07-09,15/16,1050,3709,Villarreal,Getafe,0.0,5000000.0,Moi Gómez
76746,2015-07-08,15/16,1531,3709,Elche CF,Getafe,0.0,3000000.0,Damián Suárez
72047,2015-07-07,15/16,368,940,Sevilla FC,Celta de Vigo,5300000.0,4000000.0,Iago Aspas
162027,2015-07-07,15/16,3679,8510,Atl. Madrid B,Getafe CF B,0.0,,David Gil
252667,2015-07-07,15/16,33600,5648,Huracán,Gimnàstic,0.0,,Fali
374139,2015-07-07,15/16,40422,2865,Betis U19,Betis B,,,Junior Firpo
63494,2015-07-06,15/16,148,1010,Tottenham,Watford,8900000.0,7500000.0,Étienne Capoue
82503,2015-07-06,15/16,12567,16795,Eldense,Granada CF,0.0,,Aridane Hernández
144028,2015-07-06,15/16,1184,2727,Genk,OH Leuven,0.0,500000.0,Leandro Trossard
196722,2015-07-06,15/16,1123,2963,Norwich,Burton Albion,0.0,,Remi Matthews
251106,2015-07-06,15/16,20,281,Bursaspor,Man City,4400000.0,3200000.0,Enes Ünal
254037,2015-07-06,15/16,2865,142,Betis B,Real Zaragoza,0.0,,Iza Carcelén
246204,2015-07-04,15/16,7052,2687,Villanovense,Cádiz CF,0.0,,Salvi Sánchez
61697,2015-07-03,15/16,352,124,Swindon Town,Rangers,0.0,200000.0,Wes Foderingham
128901,2015-07-03,15/16,1110,543,Huddersfield,Wolves,2800000.0,750000.0,Conor Coady
177452,2015-07-03,15/16,648,13222,CD Tenerife,CD Mirandés,0.0,200000.0,Abdón Prats
16306,2015-07-02,15/16,720,418,Porto,Real Madrid,15000000.0,10000000.0,Casemiro
76467,2015-07-02,15/16,11596,1108,AD Alcorcón,Alavés,0.0,400000.0,Kiko Femenía
248738,2015-07-02,15/16,8880,16575,Alavés B,SD Amorebieta,0.0,100000.0,Sergio Herrera
343052,2015-07-02,15/16,1420,10868,Angers SCO,US Orléans,0.0,,Nicolas Pépé
3333,2015-07-01,15/16,281,31,Man City,Liverpool,0.0,14000000.0,James Milner
14044,2015-07-01,15/16,355,931,Bolton,Fulham,0.0,500000.0,Andy Lonergan
14555,2015-07-01,15/16,1071,22,Wigan,Derby,,2000000.0,Scott Carson
16306,2015-07-01,15/16,418,720,Real Madrid,Porto,7500000.0,10000000.0,Casemiro
18644,2015-07-01,15/16,281,1049,Man City,Valencia,28000000.0,18000000.0,Álvaro Negredo
51321,2015-07-01,15/16,337,379,Birmingham,West Ham,0.0,1000000.0,Darren Randolph
54217,2015-07-01,15/16,366,13222,Real Valladolid,CD Mirandés,0.0,400000.0,Raúl Fernández
72047,2015-07-01,15/16,31,368,Liverpool,Sevilla FC,6000000.0,4000000.0,Iago Aspas
73517,2015-07-01,15/16,687,4795,Molde FK,FC Ingolstadt,1000000.0,1750000.0,Ørjan Nyland
74294,2015-07-01,15/16,1090,610,AZ Alkmaar,Ajax,6000000.0,6000000.0,Nemanja Gudelj
81999,2015-07-01,15/16,42,512,Hannover 96,Stoke City,8000000.0,6000000.0,Joselu
85177,2015-07-01,15/16,180,31,Southampton,Liverpool,17700000.0,17000000.0,Nathaniel Clyne
95810,2015-07-01,15/16,1132,148,Burnley,Tottenham,4900000.0,6000000.0,Kieran Trippier
108725,2015-07-01,15/16,1003,399,Leicester,Leeds,3600000.0,1000000.0,Chris Wood
120629,2015-07-01,15/16,583,1050,PSG,Villarreal,0.0,4000000.0,Alphonse Areola
123275,2015-07-01,15/16,164,931,Blackburn,Fulham,4200000.0,3000000.0,Tom Cairney
125685,2015-07-01,15/16,349,986,Barnsley FC,Cambridge Utd.,,150000.0,Luke Berry
126737,2015-07-01,15/16,1084,180,Málaga CF,Southampton,7000000.0,7000000.0,Juanmi
127032,2015-07-01,15/16,415,583,Toulouse,Paris SG,10000000.0,10000000.0,Serge Aurier
129374,2015-07-01,15/16,37064,11259,Somozas,CD Alcoyano,0.0,,Marc Martínez
134294,2015-07-01,15/16,1132,31,Burnley,Liverpool,8300000.0,12000000.0,Danny Ings
135343,2015-07-01,15/16,26,533,Basel,Hoffenheim,4000000.0,8000000.0,Fabian Schär
139435,2015-07-01,15/16,1176,630,Racing Ferrol,Racing,0.0,,Dani Rodríguez
142310,2015-07-01,15/16,10789,1075,Braga B,Braga,,1000000.0,Willy Boly
143559,2015-07-01,15/16,281,33,Man City,FC Schalke 04,9500000.0,14000000.0,Matija Nastasić
144128,2015-07-01,15/16,4862,17222,Wilstermann ,Antofagasta,0.0,,Matías Dituro
165467,2015-07-01,15/16,10959,21550,Udinese U19,Granada B,0.0,,Stole Dimitrievski
181687,2015-07-01,15/16,352,1039,Swindon Town,QPR,4280000.0,1500000.0,Massimo Luongo
182712,2015-07-01,15/16,294,1049,Benfica,Valencia,15000000.0,5000000.0,João Cancelo
184573,2015-07-01,15/16,10330,294,Benfica B,Benfica,,1500000.0,Victor Lindelöf
192009,2015-07-01,15/16,621,6688,Athletic Club,Bilbao Athletic,,2000000.0,Unai López
196948,2015-07-01,15/16,9250,631,Chelsea U21,Chelsea,,1500000.0,Andreas Christensen
199369,2015-07-01,15/16,2464,131,Barcelona B,Barcelona,,5000000.0,Sandro Ramírez
205562,2015-07-01,15/16,1162,162,SM Caen,Monaco,4000000.0,1250000.0,Thomas Lemar
207037,2015-07-01,15/16,379,1031,West Ham,Luton,0.0,250000.0,Dan Potts
212723,2015-07-01,15/16,5501,1006,FC Zürich U21,M'gladbach II,1500000.0,1250000.0,Djibril Sow
214666,2015-07-01,15/16,14626,33616,Swansea U18,Swansea U21,,,Connor Roberts
217144,2015-07-01,15/16,2868,6767,Real Madrid C,RM Castilla,,,Aleix Febas
221311,2015-07-01,15/16,11986,3302,UD Almería B,UD Almería,,400000.0,Iván Sánchez
221899,2015-07-01,15/16,13,1050,Atlético Madrid,Villarreal,0.0,5000000.0,Léo Baptistão
223725,2015-07-01,15/16,2464,131,Barcelona B,Barcelona,,10000000.0,Munir El Haddadi
227805,2015-07-01,15/16,6182,1049,Valencia B,Valencia,,,Jaume Doménech
230784,2015-07-01,15/16,3679,13,Atl. Madrileño,Atlético,,4000000.0,Thomas Partey
239949,2015-07-01,15/16,3826,17980,St Albans City,Hemel,0.0,,Jamal Lowe
242606,2015-07-01,15/16,9267,379,West Ham U21,West Ham,,,Josh Cullen
242631,2015-07-01,15/16,9249,11,Arsenal U21,Arsenal,,,Alex Iwobi
246291,2015-07-01,15/16,6767,418,RM Castilla,Real Madrid,,,Diego Llorente
247250,2015-07-01,15/16,9477,12321,CE L'Hospitalet,Girona,0.0,400000.0,Rubén Alcaraz
251876,2015-07-01,15/16,6930,9265,Man City U18,Man City U21,,,Pablo Maffeo
251897,2015-07-01,15/16,6665,6688,CD Basconia,Bilbao Athletic,,400000.0,Asier Villalibre
253677,2015-07-01,15/16,677,989,Ipswich,Bournemouth,11300000.0,6000000.0,Tyrone Mings
255495,2015-07-01,15/16,29573,3708,SCD Durango,Barakaldo CF ,0.0,,Unai Elgezabal
255508,2015-07-01,15/16,6688,621,Bilbao Athletic,Athletic Club,,5000000.0,Iñaki Williams
256178,2015-07-01,15/16,358,31,Charlton,Liverpool,4900000.0,2500000.0,Joe Gomez
256429,2015-07-01,15/16,12567,11596,Eldense,Alcorcón,0.0,300000.0,Sergi Guardiola
257388,2015-07-01,15/16,1436,4747,Beira-Mar,Anadia FC,0.0,,Wilson Manafá
258004,2015-07-01,15/16,8889,10330,Benfica U19,Benfica B,,,Rúben Dias
258889,2015-07-01,15/16,6918,9250,Chelsea U18,Chelsea U21,,250000.0,Dominic Solanke
258919,2015-07-01,15/16,5242,9251,Man Utd U18,Man Utd U21,,,Dean Henderson
261503,2015-07-01,15/16,39822,28870,Real Madrid U18,Real Madrid U19,,,Álvaro Fidalgo
262365,2015-07-01,15/16,11986,3302,UD Almería B,UD Almería,,300000.0,Antonio Puertas
263236,2015-07-01,15/16,29176,4780,FC Augsburg U17,FC Augsburg U19,,,Kevin Danso
263727,2015-07-01,15/16,10773,714,RCD Espanyol B,Espanyol,,300000.0,Joan Jordán
270171,2015-07-01,15/16,32942,26621,RB Leipzig U17,RB Leipzig U19,,,Vitaly Janelt
277033,2015-07-01,15/16,12806,350,Sheff Utd U18,Sheff Utd,,,David Brooks
278296,2015-07-01,15/16,10773,714,RCD Espanyol B,Espanyol,,200000.0,Antonio Raíllo
278404,2015-07-01,15/16,13711,39822,Real Madrid U17,Real Madrid U18,,,Martín Calderón
279455,2015-07-01,15/16,6922,9252,Liverpool U18,Liverpool U21,,,Harry Wilson
281755,2015-07-01,15/16,3679,11972,Atl. Madrid B,Villarreal CF B,0.0,,Iván Alejo
282672,2015-07-01,15/16,11614,11610,UD Las Palmas C,Las Palmas Atl.,,,Benito Ramírez
282823,2015-07-01,15/16,51433,6928,Tottenham Yth.,Spurs U18,,,Alfie Whiteman
283170,2015-07-01,15/16,39813,2470,Barça U18,Barça U19,,,Iñaki Peña
284854,2015-07-01,15/16,39813,2470,Barça U18,Barça U19,,,Carles Aleñá
284857,2015-07-01,15/16,39813,2470,Barça U18,Barça U19,,,Marc Cucurella
284884,2015-07-01,15/16,39822,28870,Real Madrid U18,Real Madrid U19,,,Óscar Rodríguez
286779,2015-07-01,15/16,12331,2448,Sporting B,Sporting Gijón,,400000.0,Jorge Meré
287579,2015-07-01,15/16,17596,200,Utrecht U21,Utrecht,,350000.0,Sofyan Amrabat
291417,2015-07-01,15/16,15439,738,Le Havre B,Le Havre AC,,,Ferland Mendy
293281,2015-07-01,15/16,21055,1464,B. Dortmund U17,B. Dortmund U19,,,Jacob Bruun Larsen
297212,2015-07-01,15/16,14626,33616,Swansea U18,Swansea U21,,,Joe Rodon
298197,2015-07-01,15/16,10200,6182,Valencia U19,Valencia B,,,Antonio Sivera
298976,2015-07-01,15/16,28870,6767,Real Madrid U19,RM Castilla,,,Borja Mayoral
314210,2015-07-01,15/16,6920,9261,Everton U18,Everton U21,,,Tom Davies
314288,2015-07-01,15/16,50678,6930,Man City Youth,Man City U18,,,Lukas Nmecha
314353,2015-07-01,15/16,50906,6922,Liverpool Youth,Liverpool U18,,,Trent Alexander-Arnold
314367,2015-07-01,15/16,51433,6928,Tottenham Yth.,Spurs U18,,,Marcus Edwards
314678,2015-07-01,15/16,50678,6930,Man City Youth,Man City U18,,,Brahim Díaz
315858,2015-07-01,15/16,10958,5,Milan U19,AC Milan,,500000.0,Gianluigi Donnarumma
318508,2015-07-01,15/16,8158,417,OGC Nice B,Nice,,,Olivier Boscagli
319301,2015-07-01,15/16,14626,33616,Swansea U18,Swansea U21,,,Daniel James
319745,2015-07-01,15/16,2865,150,Betis B,Real Betis,,2500000.0,Dani Ceballos
319859,2015-07-01,15/16,14355,2778,Nordsjaell. U19,Nordsjaelland,,,Mathias Jensen
320271,2015-07-01,15/16,10200,6182,Valencia U19,Valencia B,,,Toni Lato
321247,2015-07-01,15/16,8510,3709,Getafe CF B,Getafe,,,Emiliano Buendía
326031,2015-07-01,15/16,51645,2824,Ajax U17,Ajax U19,,,Matthijs de Ligt
326416,2015-07-01,15/16,11640,2296,CD Numancia B,CD Numancia,,200000.0,Dani Calvo
328480,2015-07-01,15/16,12798,11516,Levante U19,Atl. Levante,,,Pepelu
331496,2015-07-01,15/16,70218,90399,Girona FC Youth,L'Escala,0.0,,Valery Fernández
331505,2015-07-01,15/16,14321,39813,Barça U16,Barça U18,,,Óscar Mingueza
331726,2015-07-01,15/16,6918,9250,Chelsea U18,Chelsea U21,,,Tammy Abraham
333241,2015-07-01,15/16,8718,533,Sport Recife,Hoffenheim,2200000.0,1250000.0,Joelinton
333361,2015-07-01,15/16,39813,2470,Barça U18,Barça U19,,,Chumi
336869,2015-07-01,15/16,9478,10773,Espanyol U19,RCD Espanyol B,,,Marc Roca
338285,2015-07-01,15/16,28860,6665,Bilbao U19,CD Basconia,,,Unai Núñez
338425,2015-07-01,15/16,8516,331,Osasuna B,CA Osasuna,,,Álex Berenguer
339340,2015-07-01,15/16,32798,51654,Feyenoord Youth,Feyenoord U17,,,Tyrell Malacia
339816,2015-07-01,15/16,31506,3679,Atl. Madrid U19,Atl. Madrileño,,,Tete Morente
339820,2015-07-01,15/16,31506,3679,Atl. Madrid U19,Atl. Madrid B,,,Amath Ndiaye
340205,2015-07-01,15/16,28860,6665,Bilbao U19,CD Basconia,,,Gorka Guruzeta
340321,2015-07-01,15/16,50683,5679,Arsenal Youth,Arsenal U18,,,Josh Dasilva
340324,2015-07-01,15/16,50677,5679,Chelsea Youth,Arsenal U18,0.0,,Eddie Nketiah
340325,2015-07-01,15/16,50683,5679,Arsenal Youth,Arsenal U18,,,Reiss Nelson
340328,2015-07-01,15/16,5679,9249,Arsenal U18,Arsenal U21,,,Stephy Mavididi
340329,2015-07-01,15/16,50683,5679,Arsenal Youth,Arsenal U18,,,Joe Willock
340376,2015-07-01,15/16,14321,39813,Barça U16,Barça U18,,,Abel Ruiz
340918,2015-07-01,15/16,32265,6922,Ringmahon,Liverpool U18,,,Caoimhín Kelleher
341263,2015-07-01,15/16,70321,13711,R.Madrid Yth.,Real Madrid U17,,,Adrián Dela
341264,2015-07-01,15/16,13711,39822,Real Madrid U17,Real Madrid U18,,,Fran García
341501,2015-07-01,15/16,14389,39341,Leicester U18,Leicester U21,,,Hamza Choudhury
342229,2015-07-01,15/16,45617,9669,Monaco Youth,Monaco U19,,,Kylian Mbappé
343052,2015-07-01,15/16,16672,1420,Angers SCO B,Angers SCO,,,Nicolas Pépé
344069,2015-07-01,15/16,21079,39780,W. Bremen U17,Nordwest U19,0.0,,Anton Stach
344605,2015-07-01,15/16,54295,6326,Paris SG U17,Paris SG U19,,,Boubakary Soumaré
345886,2015-07-01,15/16,25022,14332,Luzern U17,Luzern U18,,,Rubén Vargas
345911,2015-07-01,15/16,122826,32684,Zbro. Brno Yth.,Zbroj. Brno U17,,,Ladislav Krejčí
346314,2015-07-01,15/16,50677,6918,Chelsea Youth,Chelsea U18,,,Trevoh Chalobah
346478,2015-07-01,15/16,51433,6928,Tottenham Yth.,Spurs U18,,,Japhet Tanganga
346483,2015-07-01,15/16,50677,6918,Chelsea Youth,Chelsea U18,,,Mason Mount
346707,2015-07-01,15/16,6943,9253,Newcastle U18,Newcastle U21,,,Sean Longstaff
346890,2015-07-01,15/16,42366,32336,FC Basel Yth.,FC Basel U16,,,Noah Okafor
348026,2015-07-01,15/16,24218,1080,Stade Laval B,Stade Lavallois,,,Nordi Mukiele
348795,2015-07-01,15/16,15109,1418,Ro. Central U20,Rosario Central,,,Giovani Lo Celso
349701,2015-07-01,15/16,6920,9261,Everton U18,Everton U21,,,Antonee Robinson
351478,2015-07-01,15/16,9900,9899,R. Sociedad U19,Real Sociedad B,,,Mikel Oyarzabal
351749,2015-07-01,15/16,20116,399,Leeds U21,Leeds,,,Kalvin Phillips
355628,2015-07-01,15/16,9900,9899,R. Sociedad U19,Real Sociedad B,,,Igor Zubeldia
355915,2015-07-01,15/16,19924,61444,Belgrano U20,Belgrano II,,,Cristian Romero
357072,2015-07-01,15/16,10841,1159,AS Nancy U19,AS Nancy,,,Faitout Maouassa
357147,2015-07-01,15/16,57748,47962,Padroense U17,FC Porto U17,,,Diogo Dalot
357565,2015-07-01,15/16,28868,11972,Villarreal U19,Villarreal CF B,,,Rodri
357658,2015-07-01,15/16,6142,73151,Cherry Orchard FC,Rovers Academy,,,Mark Travers
357662,2015-07-01,15/16,52975,9955,West Ham Yth.,West Ham U18,,,Declan Rice
357885,2015-07-01,15/16,5649,1084,Atl. Malagueño,Málaga CF,,,Pablo Fornals
361093,2015-07-01,15/16,32791,51645,Ajax Youth ,Ajax U17,,,Sven Botman
363057,2015-07-01,15/16,16157,12331,Sporting U19,Sporting B,,,Pedro Díaz
366930,2015-07-01,15/16,70295,14321,Barça Youth,Barça U16,,,Sergio Gómez
366948,2015-07-01,15/16,210,17776,Grêmio,Chapecoense,0.0,,Jailson
369267,2015-07-01,15/16,8164,28643,Standard U19,Waasland-Beveren,0.0,,Maximiliano Caufriez
369316,2015-07-01,15/16,32800,43843,NEC Youth,NEC U17,,,Ferdi Kadıoğlu
369962,2015-07-01,15/16,32801,39212,PSV Yth.,PSV U17,,,Joël Piroe
371371,2015-07-01,15/16,14920,49755,Hellas Verona Y,Hellas U17,,,Marash Kumbulla
371814,2015-07-01,15/16,6915,9259,Bolton U18,Bolton U23,,,Nathaniel Phillips
372246,2015-07-01,15/16,10200,6182,Valencia U19,Valencia B,,,Carlos Soler
375382,2015-07-01,15/16,47988,15581,Vitória SC U17,Vitória SC U19,,,André Almeida
376856,2015-07-01,15/16,3683,2964,Hendon,Scunthorpe Utd.,0.0,,Charlie Goode
377219,2015-07-01,15/16,3602,29228,RAEC Mons U19,Mouscron,0.0,,Selim Amallah
378139,2015-07-01,15/16,70373,9477,Cornellà U19,CE L'Hospitalet,,,Aitor Ruibal
380598,2015-07-01,15/16,70386,13227,Val Miñor U19,Coruxo FC,0.0,,Santi Comesaña
381753,2015-07-01,15/16,29516,12012,RW Erfurt Yth.,W. Bremen Yth.,0.0,,Ilia Gruev
381963,2015-07-01,15/16,25005,49390,Anderlecht Yth.,Anderlecht U17,,,Mike Tresor
385105,2015-07-01,15/16,13259,2433,Colo-Colo U21,Colo-Colo,,,Gabriel Suazo
385848,2015-07-01,15/16,14623,1078,Oldham U18,Oldham Athletic,,,George Edmundson
386047,2015-07-01,15/16,20290,38673,Paris FC U19,Paris FC B,,,Axel Disasi
388125,2015-07-01,15/16,36286,11148,Dugopolje U19,NK Dugopolje,,,Stanko Juric
388165,2015-07-01,15/16,12761,1175,Châteauroux B,LB Châteauroux,,,Yoane Wissa
388513,2015-07-01,15/16,25625,39813,RCD Mallorca Yo,Barça U18,,,Mateu Morey
392771,2015-07-01,15/16,116679,18258,Exeter Jugend,Exeter U18,,,Ethan Ampadu
394327,2015-07-01,15/16,49938,8058,Marseille Yth,Marseille U19,,,Boubacar Kamara
394694,2015-07-01,15/16,58955,10980,At. Albericia,Rayo Cantabria,,,Sergio Ruiz
395122,2015-07-01,15/16,15108,11676,River Plate U20,Cagliari U19,15000.0,,Santiago Colombatto
395234,2015-07-01,15/16,110110,69157,Saint-Naz. Jgd,FC Nantes U17,0.0,,Batista Mendy
396894,2015-07-01,15/16,16541,2619,Defensor SC U19,Defensor SC,,,Maxi Gómez
397033,2015-07-01,15/16,29345,50454,Brescia Youth,Brescia U17,,,Sandro Tonali
398131,2015-07-01,15/16,16200,10200,Valencia CF You,Valencia U19,,,Cristian Rivero
398163,2015-07-01,15/16,44205,10200,Elche U19,Valencia U19,175000.0,,Gonzalo Villar
398184,2015-07-01,15/16,16200,70397,Valencia CF You,Valencia U18,,,Ferran Torres
399776,2015-07-01,15/16,70473,28868,Roda U19,Villarreal U19,,,Pau Torres
401320,2015-07-01,15/16,15294,6951,St. Kevins Boys,West Brom U18,0.0,,Dara O'Shea
401624,2015-07-01,15/16,70373,9478,Cornellà U19,Espanyol U19,,,Edgar González
403898,2015-07-01,15/16,11955,11845,Düsseldorf Yth.,M'gladbach Yth.,0.0,,Jordan Beyer
406040,2015-07-01,15/16,6932,358,Charlton U18,Charlton,,,Ademola Lookman
406560,2015-07-01,15/16,50677,50906,Chelsea Youth,Liverpool Youth,0.0,,Rhian Brewster
408471,2015-07-01,15/16,58956,9478,Espanyol U18,Espanyol U19,,,Javi Puado
410425,2015-07-01,15/16,45714,1956,JMG Bamako,Real,,,Yves Bissouma
410708,2015-07-01,15/16,36112,10709,ADO U17,ADO U19,,,Pascal Struijk
411537,2015-07-01,15/16,51645,52068,Ajax U17,Ajax U18,,,Zian Flemming
412042,2015-07-01,15/16,14737,58956,Espanyol Youth,Espanyol U18,,,Adri López
412829,2015-07-01,15/16,12745,8515,St-Étienne U19,Saint-Étienne B,,,Léo Pétrot
413112,2015-07-01,15/16,62343,62344,Bordeaux Yth.,Bordeaux U17,,,Aurélien Tchouaméni
415381,2015-07-01,15/16,32796,18343,FC Twente Youth,FC Twente U17,,,Mats Wieffer
415970,2015-07-01,15/16,12799,703,Nottingham U18,Nott'm Forest,,,Joe Worrall
423444,2015-07-01,15/16,40421,20201,Rayo Youth,Rayo U19,,,Fran Beltrán
424042,2015-07-01,15/16,15098,14831,CABJ U20,Boca Juniors II,,,Nahuel Molina
428016,2015-07-01,15/16,51433,6928,Tottenham Yth.,Spurs U18,,,Brandon Austin
429790,2015-07-01,15/16,54866,11137,Red Star U17,Red Star U19,,,Luka Ilic
434224,2015-07-01,15/16,112641,107780,Trélissac Jgd.,FC Sochaux U17,,,Maxence Lacroix
434602,2015-07-01,15/16,14967,9900,Real Sociedad Y,R. Sociedad U19,,,Aritz Arambarri
434675,2015-07-01,15/16,32801,39212,PSV Yth.,PSV U17,,,Cody Gakpo
441170,2015-07-01,15/16,60456,11273,Rodez AF B,Rodez AF,,,Valentin Rosier
442805,2015-07-01,15/16,14742,8494,Mallorca U19,RCD Mallorca B ,,,Iddrisu Baba
443222,2015-07-01,15/16,38136,21322,Sanluqueño B,Sanluqueño,,,Marc Cardona
447052,2015-07-01,15/16,70389,28860,Antiguoko Yth,Bilbao U19,0.0,,Peru Nolaskoain
447995,2015-07-01,15/16,26039,9027,Ardeer Thistle,Kilwinning Rangers FC,,,Ross Stewart
448628,2015-07-01,15/16,2923,12834,CD Badajoz,Córdoba CF B,,,Javi Galán
448844,2015-07-01,15/16,28867,12319,Sevilla FC U19,Sevilla FC C,,,Carlos Neva
450050,2015-07-01,15/16,88222,8152,RC Lens U17,RC Lens B,,,Jean-Ricner Bellegarde
452483,2015-07-01,15/16,20161,42825,Salzburg Youth,AKA Salzb. U15,,,David Affengruber
459463,2015-07-01,15/16,24483,9811,Pereira U20,Pereira,,,Cucho Hernández
460939,2015-07-01,15/16,18343,20351,FC Twente U17,CSV '28,0.0,,Tijjani Reijnders
461617,2015-07-01,15/16,70320,14734,Atlético Yth.,Atl. Madrid U17,,,Rodrigo Riquelme
461833,2015-07-01,15/16,29471,29344,Vicenza Yth.,Atalanta Youth,3000.0,,Caleb Okoli
480762,2015-07-01,15/16,15107,14836,Newell's U20,Newell's II,,,Lisandro Martínez
485585,2015-07-01,15/16,32804,32801,Sparta Youth,PSV Yth.,26000.0,,Ian Maatsen
494237,2015-07-01,15/16,99634,107721,Rennes Jugend,Rennes U17,,,Wilson Isidor
494880,2015-07-01,15/16,16621,70300,AD Alcorcón You,Alcorcón U19,,,Jorge Cuenca
498237,2015-07-01,15/16,58777,48758,Sanjoanense S17,Braga U17,950000.0,,David Carmo
499604,2015-07-01,15/16,51466,10732,Watford Yth.,Watford U18,,,Dion Pereira
501418,2015-07-01,15/16,58956,9478,Espanyol U18,Espanyol U19,,,Adrià Pedrosa
504855,2015-07-01,15/16,14466,16282,Burnley U18,Shrewsbury U18,,,John McAtee
506248,2015-07-01,15/16,34466,11603,Damm U19,Deportivo B,,,Edu Expósito
510396,2015-07-01,15/16,75,14029,Unknown,Villa S.Brígida,,,Álex Suárez
512354,2015-07-01,15/16,50677,50683,Chelsea Youth,Arsenal Youth,0.0,,Malcolm Ebiowei
513031,2015-07-01,15/16,25625,14742,RCD Mallorca Yo,Mallorca U19,,,Antonio Sánchez
521964,2015-07-01,15/16,11845,11884,M'gladbach Yth.,Schalke 04 Yth.,0.0,,Malick Thiaw
525247,2015-07-01,15/16,7454,61392,Welling Utd.,Maidenhead U18,0.0,,Maximilian Kilman
525438,2015-07-01,15/16,124452,21636,CFR Cluj Youth,CFR Cluj U19,,,Horațiu Moldovan
527350,2015-07-01,15/16,16075,11669,Cádiz U19,Cádiz CF B,,,Manu Vallejo
527966,2015-07-01,15/16,14740,28868,Villarreal Yth.,Villarreal U19,,,Andrei Rațiu
528892,2015-07-01,15/16,53885,50683,Ipswich Town Yo,Arsenal Youth,,,Harry Clarke
532776,2015-07-01,15/16,108370,107748,Béziers Jugend,Toulouse FC U17,,,Amine Adli
534033,2015-07-01,15/16,15100,16179,Argentinos U20,Argentinos II,,,Alexis Mac Allister
534379,2015-07-01,15/16,16075,16772,Cádiz U19,Los Barrios,0.0,,Pejiño
536835,2015-07-01,15/16,85134,29344,Boca Barco,Atalanta Youth,,,Amad Diallo
537382,2015-07-01,15/16,14685,36759,Sevilla FC Yth.,Altair U16,,,Bryan Gil
540664,2015-07-01,15/16,126073,62343,Lusitanos Jgd.,Bordeaux Yth.,0.0,,Dilane Bakwa
543164,2015-07-01,15/16,14626,92719,Swansea U18,Kinetic Academy,0.0,,Rhys Norrington-Davies
557057,2015-07-01,15/16,72083,42903,UE Figueres U19,UE Figueres,,,Roger Brugué
566574,2015-07-01,15/16,40495,11614,Las Palmas U19,UD Las Palmas C,,,Kirian Rodríguez
571020,2015-07-01,15/16,13314,14733,CA Osasuna Yout,Bilbao Youth,300000.0,,Oihan Sancet
572265,2015-07-01,15/16,29351,27350,Torino FC Youth,Chieri G.,,,Lorenzo Lucca
583189,2015-07-01,15/16,75,50672,Unknown,Man Utd Youth,0.0,,Anthony Elanga
585323,2015-07-01,15/16,25625,14740,RCD Mallorca Yo,Villarreal Yth.,,,Filip Jørgensen
593482,2015-07-01,15/16,102645,37546,Raja Youth,AM Football,,,Azzedine Ounahi
595809,2015-07-01,15/16,103687,93576,Tires S17,Tires U19,,,Beto
599231,2015-07-01,15/16,14737,93936,Espanyol Youth,Vic Riuprimer,0.0,,Ferran Jutglà
608382,2015-07-01,15/16,25625,13711,RCD Mallorca Yo,Real Madrid U17,,,Adrián Rodríguez
614603,2015-07-01,15/16,53004,54097,Birmingham Aca.,Wolves Yth.,,,Chem Campbell
620362,2015-07-01,15/16,52907,50672,Walsall Yth.,Man Utd Youth,,,Dermot Mee
625047,2015-07-01,15/16,107090,14733,Txantrea Yth.,Bilbao Youth,,,Beñat Prados
646740,2015-07-01,15/16,14743,70295,Real Betis Yth.,Barça Youth,10000.0,,Gavi
652330,2015-07-01,15/16,44105,70321,Real Murcia You,R.Madrid Yth.,,,Álvaro Carrillo
657430,2015-07-01,15/16,70608,61507,Gafanha Sub-15,Palmeiras U17,,,Samú Costa
661207,2015-07-01,15/16,15679,51888,Lyn FK Yth.,Vålerenga Yth.,,,Oscar Bobb
666547,2015-07-01,15/16,115642,124168,Guelson ,1° Agosto U17,,,Zito Luvumbo
668183,2015-07-01,15/16,13314,14740,CA Osasuna Yout,Villarreal Yth.,0.0,,Nico Serrano
669511,2015-07-01,15/16,21564,14740,UD Almería Yout,Villarreal Yth.,,,Jorge Pascual
696506,2015-07-01,15/16,54530,54529,Vitória SC Y,Vitória SC U15,,,Gui Guedes
720038,2015-07-01,15/16,77519,14741,Marina Yth.,Racing Yth.,,,Pablo Torre
729814,2015-07-01,15/16,69570,108376,Ol. Lyon Yth.,ASSP U17,0.0,,Georges Mikautadze
741289,2015-07-01,15/16,40421,122525,Rayo Youth,Moratalaz Youth,0.0,,Youssef Enríquez
743384,2015-07-01,15/16,66274,25003,Tubize Yth.,Club Brugge Yth,0.0,,Chemsdine Talbi
829299,2015-07-01,15/16,25336,17474,Mannheim Yth.,Hoffenheim Yth.,0.0,,Max Weiß
848509,2015-07-01,15/16,10459,54049,Standard Yth,OH Leuven Yth.,0.0,,Jackson Tchatchoua
895480,2015-07-01,15/16,70392,34474,Danok Bat Yth.,SD Indautxu,0.0,,Adu Ares
897481,2015-07-01,15/16,39386,29107,Victoria Yth.,St. Pauli Yth.,0.0,,Eric da Silva Moreira
908798,2015-07-01,15/16,50906,50678,Liverpool Youth,Man City Youth,0.0,,Matthew Whittingham
935232,2015-07-01,15/16,40421,70321,Rayo Youth,R.Madrid Yth.,,,Aitor Mañas
1164331,2015-07-01,15/16,70321,16621,R.Madrid Yth.,AD Alcorcón You,0.0,,Ismael Bekhoucha
264220,2014-10-01,15/16,9955,379,West Ham U18,West Ham,,,Reece Burke
